Date,Close,High,Low,Open,Volume,RSI,SMA_20,EMA_20,MACD,MACD_SIGNAL,BB_LOWER,BB_MIDDLE,BB_UPPER,ret_1,ret_5,ret_10,log_ret,vol_10,vol_20,vol_ratio,scaled_ret_1,mom_5,mom_10,mom_diff,ma_5,ma_10,ma_20,ma_ratio_5_10,ma_ratio_10_20,trend_strength,volume_chg,volume_ma_10,volume_ratio,ret_lag_1,ret_lag_2,ret_lag_3,ret_lag_5,ret_lag_7,ret_lag_10,ret_lag_14,day_of_week,month,is_month_start,is_month_end,target,stock,pred,position
2022-10-25,149.6873016357422,149.83469868322362,146.75919654145045,147.47648086131204,74732300,58.20792073651195,141.12750396728512,143.50582641036254,-1.1033075333926945,-2.752177395865459,133.15396816242827,141.12750396728512,149.10103977214197,0.0193376736124641,0.0597564632793605,0.0961287182412966,0.0191530767882932,0.0199446136784205,0.024109063279316,0.8272319092389517,0.969520112253346,0.0597564632793605,0.0961287182412966,-0.036372254961936,144.69772644042968,141.70673522949218,141.12750396728515,1.021106909322931,1.0041043116750743,0.0238512047056103,-0.0164460220131373,82018630.0,0.911162500519688,0.0148025618589737,0.0270591893300675,-0.0032672196410991,0.009409444469949,-0.0322400013206172,-0.0102549975266311,0.0020533407283929,1,10,0,0,0,xg_AAPL,0.72626173,4.4453745
2022-10-26,146.74937438964844,149.34340346890698,145.4621728259598,148.33134005875115,88194300,53.29331387246306,141.10343093872066,143.8147357417231,-0.7392210780929815,-2.349586132310964,133.20492694362576,141.10343093872066,149.00193493381556,-0.0196270973822687,0.0381620364773138,0.079586524149172,-0.0198222668189478,0.0216126079946733,0.0243580320542139,0.8872523319716445,-0.9080898194834388,0.0381620364773138,0.079586524149172,-0.0414244876718581,145.77660522460937,142.78856353759767,141.1034309387207,1.0209263376070377,1.011942534548354,0.0318445942636898,0.1801362998328701,83794690.0,1.0525046396137865,0.0193376736124641,0.0148025618589737,0.0270591893300675,0.0007652788946796,0.0291226889685012,-0.0046051251039991,-0.0066253679036247,2,10,0,0,0,xg_AAPL,0.7490884,4.585094
2022-10-27,142.27859497070312,146.45458955551916,141.62026350591435,145.49165853167307,109180200,46.81556830041262,141.2174102783203,143.6684366206736,-0.802187357895491,-2.0401063774278696,133.32021996470883,141.2174102783203,149.11460059193178,-0.0304654070079679,0.0098333548670703,0.0126581591117806,-0.0309391236652007,0.022617052284876,0.0226722170613023,0.9975228580807736,-1.3469509498100851,0.0098333548670703,0.0126581591117806,-0.0028248042447103,146.05369567871094,142.9664108276367,141.2174102783203,1.0215944768648932,1.0123851623243152,0.0339916584176733,0.2379507519193417,83390310.0,1.3092672278109854,-0.0196270973822687,0.0193376736124641,0.0148025618589737,-0.0032672196410991,0.009409444469949,0.0336128454331763,-0.036718864539563,3,10,0,0,1,xg_AAPL,0.6016656,3.6827343
2022-10-28,153.02810668945312,154.75745443354808,145.24601935139384,145.6193922207591,164762400,59.54733062488184,142.0791389465332,144.55983377008116,0.0151327293150131,-1.6290585560792932,133.00100729206247,142.0791389465332,151.15727060100392,0.075552557438197,0.0575133923120187,0.1254516350434229,0.0728345364425724,0.0294193201919314,0.0269430441959328,1.0918672779037466,2.568039944681408,0.0575133923120187,0.1254516350434229,-0.0679382427314041,147.71819763183595,144.67218170166015,142.0791389465332,1.0210546070042492,1.0182506930598922,0.0368498232598953,0.5090868124440147,91006750.0,1.8104415331829584,-0.0304654070079679,-0.0196270973822687,0.0193376736124641,0.0270591893300675,0.0007652788946796,-0.0322400013206172,0.0023558178402542,4,10,0,0,0,xg_AAPL,0.6820249,4.1746054
2022-10-31,150.66990661621094,151.55424402730603,149.27463469355658,150.49304812984573,97943200,56.35983006969969,142.61415786743163,145.14174546971256,0.4671922478758574,-1.209808395288263,132.8260320877328,142.61415786743163,152.40228364713045,-0.0154102414534069,0.0260289978859713,0.0767502898162111,-0.0155302133507762,0.0299504035532833,0.026717282332909,1.1209703969776976,-0.5145081573887604,0.0260289978859713,0.0767502898162111,-0.0507212919302397,148.48265686035157,145.74615020751952,142.61415786743163,1.0187758417559276,1.0219613002448134,0.0389493769838743,-0.4055488388127388,92275980.0,1.061415982794211,0.075552557438197,-0.0304654070079679,-0.0196270973822687,0.0148025618589737,-0.0032672196410991,0.0291226889685012,-0.0102549975266311,0,10,0,1,0,xg_AAPL,0.718476,4.3977184
2022-11-01,148.0267333984375,152.74315424703352,146.5332118743015,152.3796018355527,80379300,52.93928214773663,142.83769683837892,145.41650622482922,0.6051943803974211,-0.8468078401511262,132.75911318310455,142.83769683837892,152.9162804936533,-0.0175428078316008,-0.0110935812133591,0.0479999688875887,-0.0176985064999959,0.0309858572824683,0.0266239908230016,1.1637884680771144,-0.5661370455120728,-0.0110935812133591,0.0479999688875887,-0.0590935501009478,148.15054321289062,146.42413482666015,142.83769683837892,1.0117904632885435,1.02510848373829,0.0358911275857944,-0.1793274060884268,90400250.0,0.8891490897425517,-0.0154102414534069,0.075552557438197,-0.0304654070079679,0.0193376736124641,0.0270591893300675,0.009409444469949,-0.0046051251039991,1,11,1,0,0,xg_AAPL,0.63139576,3.8647094
2022-11-02,142.50462341308594,149.52029556888522,142.47514699591338,146.35636351890798,93604600,46.57894982873515,142.77039184570313,145.13918405228225,0.2659087089786283,-0.6242645303251754,132.70231936536572,142.77039184570313,152.83846432604054,-0.0373048155463102,-0.0289251725550246,0.0081330204321317,-0.0380184443363225,0.0337920314460467,0.0280270008662459,1.2056525760544836,-1.103920363163344,-0.0289251725550246,0.0081330204321317,-0.0370581929871564,147.3015930175781,146.53909912109376,142.77039184570313,1.0052033477826574,1.0263969806811457,0.0317968713109057,0.1645361430119445,93584880.0,1.0002107177997022,-0.0175428078316008,-0.0154102414534069,0.075552557438197,-0.0196270973822687,0.0148025618589737,0.0007652788946796,0.0336128454331763,2,11,0,0,0,xg_AAPL,0.55599487,3.4031882
2022-11-03,136.46168518066406,140.3134243600425,136.33394407491397,139.58630459413143,97918500,40.80185549536318,142.44859313964844,144.3127555883186,-0.485001447670669,-0.5964119137942742,131.99366339219307,142.44859313964844,152.9035228871038,-0.042405208250015,-0.040883941756923,-0.031452613197513,-0.0433305636107403,0.0365365448683301,0.0295650274507942,1.2357610412537412,-1.160592710945142,-0.040883941756923,-0.031452613197513,-0.0094313285594099,146.13821105957032,146.09595336914063,142.44859313964844,1.00028924613896,1.025604747292355,0.0270377572652509,0.0460864102832552,96924530.0,1.010255092286741,-0.0373048155463102,-0.0175428078316008,-0.0154102414534069,-0.0304654070079679,0.0193376736124641,-0.0032672196410991,-0.0322400013206172,3,11,0,0,0,xg_AAPL,0.5490813,3.360871
2022-11-04,136.19595336914062,140.41823769444375,132.25908536615194,139.84739003185524,140814800,40.56360359532007,142.3758598327637,143.53972680553974,-1.0889922682135025,-0.6949279846781198,131.76136585365,142.3758598327637,152.99035381187738,-0.0019472997946026,-0.1099938676917093,-0.0588065958441601,-0.0019491982478196,0.0350410426118606,0.028408958013361,1.233407053800678,-0.0555703848708728,-0.1099938676917093,-0.0588065958441601,-0.0511872718475492,142.77178039550782,145.24498901367187,142.37585983276367,0.9829721587301627,1.020151795285228,0.0029069921165063,0.4380816699602221,102351150.0,1.3758008581241992,-0.042405208250015,-0.0373048155463102,-0.0175428078316008,0.075552557438197,-0.0196270973822687,0.0270591893300675,0.0291226889685012,4,11,0,0,1,xg_AAPL,0.76347625,4.6731606
2022-11-07,136.7274169921875,136.95378268582516,133.52871190234,134.94598671425354,83374600,41.301840282642246,142.31348571777346,142.8909353947443,-1.5073983227180747,-0.8574220522861108,131.5761511098448,142.31348571777346,153.05082032570212,0.0039021983392297,-0.0925366580304453,-0.0689162966207233,0.0038946045119603,0.0345047106999611,0.0284182471984197,1.2141317628526014,0.1130884789813695,-0.0925366580304453,-0.0689162966207233,-0.023620361409722,139.98328247070313,144.23296966552735,142.31348571777343,0.9705359516296508,1.0134877164878142,-0.0170426919364932,-0.4079130886810193,103090420.0,0.8087521614520456,-0.0019472997946026,-0.042405208250015,-0.0373048155463102,-0.0154102414534069,-0.0304654070079679,0.0148025618589737,0.009409444469949,0,11,0,0,1,xg_AAPL,0.71442354,4.372914
2022-11-08,137.2982635498047,139.1977950411925,135.31999290082103,138.1939045722533,89908500,42.13322673949479,142.35040054321288,142.35829998094053,-1.7724933884861969,-1.040436319526128,131.69156278751387,142.35040054321288,153.0092382989119,0.0041750701518028,-0.0724765696190526,-0.0827661261212772,0.0041663787295496,0.0335588966231002,0.0283292358294933,1.184561146087023,0.1244065260001136,-0.0724765696190526,-0.0827661261212772,0.0102895565022245,137.83758850097655,142.9940658569336,142.35040054321288,0.9639392213582058,1.0045216965408208,-0.0328686752880841,0.0783679921702773,104608040.0,0.8594798258336467,0.0039021983392297,-0.0019472997946026,-0.042405208250015,-0.0175428078316008,0.075552557438197,0.0193376736124641,0.0007652788946796,1,11,0,0,0,xg_AAPL,0.6883992,4.2136216
2022-11-09,132.74134826660156,136.36327480735815,132.46576869499577,136.31406095143706,74917800,37.559835146123106,142.19091339111327,141.44239981767015,-2.3235042074661862,-1.2970498971141398,131.0433950219422,142.19091339111327,153.33843176028435,-0.0331898974202985,-0.0685119886825218,-0.0954554401428166,-0.0337531807041964,0.03434115081052,0.0293121295882648,1.1715279566828694,-0.9664478385008866,-0.0685119886825218,-0.0954554401428166,0.0269434514602947,135.8849334716797,141.5932632446289,142.19091339111327,0.9596850186079332,0.9957968471245384,-0.0475057696925638,-0.1667328450591434,103280390.0,0.7253826210377331,0.0041750701518028,0.0039021983392297,-0.0019472997946026,-0.0373048155463102,-0.0154102414534069,-0.0196270973822687,-0.0032672196410991,2,11,0,0,1,xg_AAPL,0.43272743,2.6486807
2022-11-10,144.5519256591797,144.5519256591797,137.29825219484707,139.0107949405163,118854000,52.07855773863544,142.39350357055667,141.73854513590916,-1.786574838228148,-1.3949548853369416,131.22810791649647,142.39350357055667,153.55889922461688,0.0889743666672528,0.0592858022221021,0.0159780231801183,0.0852363052598814,0.0452599892362564,0.0348265524550913,1.299545504801616,1.9658069381298384,0.0592858022221021,0.0159780231801183,0.0433077790419837,137.50298156738282,141.82059631347656,142.39350357055665,0.969555798957789,0.9959765913281556,-0.0338322853941396,0.5864587587996444,104247770.0,1.1401107189151276,-0.0331898974202985,0.0041750701518028,0.0039021983392297,-0.042405208250015,-0.0175428078316008,-0.0304654070079679,0.0270591893300675,3,11,0,0,1,xg_AAPL,0.5038815,3.0842075
2022-11-11,147.33729553222656,147.64240042758996,142.09141663457416,143.51854343102002,93979700,54.750776011007616,142.96184844970708,142.27175945936796,-1.123349105069451,-1.3406337292834436,132.01808540369117,142.96184844970708,153.90561149572298,0.0192689918196879,0.0818037679349314,-0.037188012583696,0.01908569567553,0.0380959773366235,0.0340584697518304,1.118513518096566,0.5057879434745672,0.0818037679349314,-0.037188012583696,0.1189917805186275,139.73125,141.25151519775392,142.96184844970702,0.989237176000374,0.9880364358008789,-0.0219265491336537,-0.2092845003113063,97169500.0,0.9671728268643868,0.0889743666672528,-0.0331898974202985,0.0041750701518028,-0.0019472997946026,-0.0373048155463102,0.075552557438197,0.0148025618589737,4,11,0,0,0,xg_AAPL,0.48566884,2.9727297
2022-11-14,145.93971252441406,147.90814675324938,145.10312196997452,146.61882473623606,73374100,53.149305077006986,143.2623229980469,142.62108832270567,-0.7024142081459104,-1.212989825055937,132.3390549851695,143.2623229980469,154.1855910109243,-0.0094856024251294,0.0673770903808776,-0.0313944184212293,-0.0095308772854973,0.0379297940421605,0.0336851285617345,1.1259766456287483,-0.2500765582335565,0.0673770903808776,-0.0313944184212293,0.098771508802107,141.5737091064453,140.77849578857422,143.26232299804687,1.0056486845765518,0.9826623835388562,-0.0115706264072507,-0.2192558605741452,94712590.0,0.7747027084783472,0.0192689918196879,0.0889743666672528,-0.0331898974202985,0.0039021983392297,-0.042405208250015,-0.0154102414534069,0.0193376736124641,0,11,0,0,1,xg_AAPL,0.56955343,3.4861789
2022-11-15,147.6719207763672,151.16589433590542,146.2152837355369,149.81752177217496,89868300,54.909735009363835,143.5835746765137,143.10211998495916,-0.2264353348090537,-1.0156789270065605,132.53270671626095,143.5835746765137,154.6344426367665,0.011869341264211,0.0755556331038336,-0.0023969496179806,0.0117994531072183,0.0377785546279266,0.0337156619987447,1.1204713749342416,0.3141736683003991,0.0755556331038336,-0.0023969496179806,0.0779525827218142,143.6484405517578,140.74301452636718,143.58357467651368,1.0206434829832802,0.9802166775931987,0.0004392566637116,0.2247959429826056,95661490.0,0.9394407300157992,-0.0094856024251294,0.0192689918196879,0.0889743666672528,0.0041750701518028,-0.0019472997946026,-0.0175428078316008,-0.0196270973822687,1,11,0,0,0,xg_AAPL,0.5031462,3.0797067
2022-11-16,146.44161987304688,147.50457588314197,144.96529458424104,146.77626501882386,64218300,53.37567616121606,143.83790664672853,143.42016759334845,0.0509193837490897,-0.8023592648554305,132.76887837304574,143.83790664672853,154.90693492041132,-0.0083313123906844,0.1032102791281679,0.0276271489700972,-0.0083662117472327,0.0356159090907302,0.033805127646495,1.0535341244392071,-0.2339145255266615,0.1032102791281679,0.0276271489700972,0.0755831301580707,146.38849487304688,141.13671417236327,143.83790664672853,1.0372105920949093,0.9812205799059668,0.0174170992408408,-0.2854176611775231,92722860.0,0.6925832529324409,0.011869341264211,-0.0094856024251294,0.0192689918196879,-0.0331898974202985,0.0039021983392297,-0.0373048155463102,-0.0304654070079679,2,11,0,0,1,xg_AAPL,0.18231957,1.1159595
2022-11-17,148.3411865234375,149.0891860323431,143.8433076526517,144.11888720950952,80389400,55.44540317017189,144.21030883789064,143.88883606288076,0.419172193662007,-0.558052973151943,133.05758611160616,144.21030883789064,155.36303156417512,0.0129714943882579,0.026213838708673,0.0870537493879395,0.0128880850761996,0.0318263103557496,0.033859388252138,0.9399275081773498,0.4075586106167661,0.026213838708673,0.0870537493879395,-0.0608399106792665,147.14634704589844,142.3246643066406,144.21030883789064,1.0338780545364186,0.9869243430206524,0.0197924681392777,0.2518145139313872,90969950.0,0.8836918125161014,-0.0083313123906844,0.011869341264211,-0.0094856024251294,0.0889743666672528,0.0041750701518028,-0.042405208250015,0.075552557438197,3,11,0,0,1,xg_AAPL,0.31123412,1.9050324
2022-11-18,148.9021759033203,150.28992540848853,147.60301733738748,149.90608139833125,74829600,56.06568515114677,144.42013778686524,144.3662970000655,0.7476637508931105,-0.2969096283429323,133.0719818271407,144.42013778686524,155.7682937465898,0.003781750658939,0.0106210743548735,0.0932936861915507,0.0037746178173456,0.0316620783781185,0.033389653019691,0.9482317808952968,0.1194372389752382,0.0106210743548735,0.0932936861915507,-0.0826726118366771,147.45932312011718,143.59528656005858,144.42013778686524,1.0269092158428366,0.9942885303985516,0.0204106173386292,-0.0691608595163043,84371430.0,0.886906859347994,0.0129714943882579,-0.0083313123906844,0.011869341264211,0.0192689918196879,-0.0331898974202985,-0.0019472997946026,-0.0154102414534069,4,11,0,0,0,xg_AAPL,0.65297365,3.9967854
2022-11-21,145.67396545410156,147.99671837716943,145.3885491071394,147.79004119922186,58724100,51.612757940738085,144.36145553588867,144.49083685283082,0.7389874849582156,-0.0897302056827027,133.05408816066185,144.36145553588867,155.66882291111548,-0.0216800757251175,-0.0018209373289538,0.065433463592933,-0.0219185415042444,0.0331534470693295,0.033645898960848,0.9853344020769128,-0.653911545554723,-0.0018209373289538,0.065433463592933,-0.0672544009218868,147.4061737060547,144.48994140625,144.36145553588867,1.02018294333448,1.0008900289200078,0.0209009081387665,-0.2152290002886558,81906380.0,0.7169661264482606,0.003781750658939,0.0129714943882579,-0.0083313123906844,-0.0094856024251294,0.0889743666672528,0.0039021983392297,-0.0175428078316008,0,11,0,0,1,xg_AAPL,0.339403,2.0774512
2022-11-22,147.80972290039062,148.0459404204949,144.6110171948753,145.79208977743497,51804100,54.20424169411024,144.26757659912107,144.8069212383127,0.8941421442863486,0.1070442643111075,133.11628881326163,144.26757659912107,155.4188643849805,0.0146612158159584,0.000933164025354,0.076559302927913,0.0145547792564117,0.0332257084534112,0.033521351218366,0.991150896217796,0.4412479146562366,0.000933164025354,0.076559302927913,-0.0756261389025589,147.43373413085936,145.54108734130858,144.2675765991211,1.0130042094924874,1.0088274217409654,0.0214204956860107,-0.1178391835719917,78095940.0,0.6633392209633349,-0.0216800757251175,0.003781750658939,0.0129714943882579,0.011869341264211,0.0192689918196879,0.0041750701518028,-0.0373048155463102,1,11,0,0,1,xg_AAPL,0.41866708,2.5626187
2022-11-23,148.6856689453125,149.43366845656658,146.98296272757275,147.09122719796105,58301400,55.26251846532696,144.36439132690427,145.17632578183648,1.0753884462689882,0.3007131007026837,133.08944425529907,144.36439132690427,155.63933839850947,0.0059261733784061,0.0153238476480321,0.1201157053692711,0.0059086826808698,0.0299986824217524,0.0332240340553825,0.9028939555561584,0.1975412037731828,0.0153238476480321,0.1201157053692711,-0.104791857721239,147.8825439453125,147.1355194091797,144.3643913269043,1.005077118965784,1.019195371218657,0.0236616793223172,0.1254205748193675,76434300.0,0.7627648843516489,0.0146612158159584,-0.0216800757251175,0.003781750658939,-0.0083313123906844,-0.0094856024251294,-0.0331898974202985,-0.042405208250015,2,11,0,0,0,xg_AAPL,0.030353693,0.18579188
2022-11-25,145.77239990234375,146.5302512983949,144.7980195359923,145.9692403249909,35195900,51.038194357688226,144.53908157348633,145.23309474569433,0.9727378652348476,0.4351180536091165,133.2919752084596,144.53908157348633,155.78618793851305,-0.0195934757104282,-0.0173167458161587,0.0084431545107304,-0.0197879726281966,0.0147169984513617,0.0327650261088267,0.4491542063258372,-1.3312595306473485,-0.0173167458161587,0.0084431545107304,-0.0257599003268891,147.36878662109376,147.2575668334961,144.53908157348633,1.000755273837462,1.018807959967752,0.0194118025737596,-0.3963112378090406,68068490.0,0.5170659728164895,0.0059261733784061,0.0146612158159584,-0.0216800757251175,0.0129714943882579,0.011869341264211,0.0889743666672528,-0.0019472997946026,4,11,0,0,0,xg_AAPL,0.5820879,3.5629008
2022-11-28,141.9438018798828,144.32560563619245,141.1170630589414,142.84927987681326,69246000,46.055627627363485,143.98486633300783,144.91982875847418,0.5758130621743476,0.4632570553221627,133.4278382808421,143.98486633300783,154.54189438517355,-0.0262642175406716,-0.0467311775749701,-0.0366064385318112,-0.0266152827157579,0.0154416315688212,0.0282924719522568,0.5457665851288191,-1.700760483964358,-0.0467311775749701,-0.0366064385318112,-0.0101247390431589,145.97711181640625,146.7182174682617,143.9848663330078,0.9949487823349832,1.018983600185677,0.0140354524608573,0.9674450717271046,65595120.0,1.055657798933807,-0.0195934757104282,0.0059261733784061,0.0146612158159584,0.003781750658939,-0.0083313123906844,0.0192689918196879,0.0039021983392297,0,11,0,0,0,xg_AAPL,0.6320368,3.868633
2022-11-29,138.94190979003906,142.5244590100729,138.13485967272496,142.01266197350824,83763800,42.54827248376538,143.39846649169922,144.35050314243273,0.0188029436388603,0.3743662329855023,133.10533288080154,143.39846649169922,153.6916001025969,-0.0211484548820528,-0.046213169546645,-0.047949955590082,-0.0213752872575394,0.0163481703610462,0.0284495364549654,0.574617297179049,-1.2935491168678164,-0.046213169546645,-0.047949955590082,0.001736786043437,144.63070068359374,146.01843719482423,143.39846649169922,0.9904961555684992,1.018270562909239,0.0088687005508748,0.2096554313606562,66634090.0,1.2570712678750282,-0.0262642175406716,-0.0195934757104282,0.0059261733784061,-0.0216800757251175,0.0129714943882579,-0.0094856024251294,0.0041750701518028,1,11,0,0,1,xg_AAPL,0.69426954,4.249553
2022-11-30,145.69363403320312,146.3727461321645,138.33169544585772,139.16827084330671,111380900,51.49541116661487,143.28181152343754,144.47842037012515,0.1207838109801286,0.3236497485844276,133.15804459785022,143.28181152343754,153.40557844902486,0.0485938638195406,-0.0143163035940033,-0.0133964990281392,0.0474500893554052,0.0231951127973206,0.0305202715036685,0.759965481599699,2.094914102381573,-0.0143163035940033,-0.0133964990281392,-0.0009198045658641,144.20748291015624,145.82060852050782,143.2818115234375,0.9889376019842578,1.0177189063292589,0.0063535472422067,0.3297020908793535,68785350.0,1.6192532276131235,-0.0211484548820528,-0.0262642175406716,-0.0195934757104282,0.0146612158159584,0.003781750658939,0.011869341264211,-0.0331898974202985,2,11,0,1,1,xg_AAPL,0.48028088,2.9397504
2022-12-01,145.96922302246094,146.7762881829984,144.29605710134743,145.87081033178356,71250400,51.82519766199427,143.45504150390627,144.62040157510953,0.2212912040688479,0.3031780396813117,133.2688939824646,143.45504150390627,153.64118902534796,0.0018915650713675,-0.0182697225773028,-0.003225837374617,0.0018897783149807,0.0230663197403867,0.0292553965422345,0.7884197121504098,0.0820019444242483,-0.0182697225773028,-0.003225837374617,-0.0150438852026858,143.66419372558593,145.77336883544922,143.45504150390624,0.9855311355790636,1.0161606542874957,0.0014328515104002,-0.3602996564042847,69488560.0,1.0253543892692405,0.0485938638195406,-0.0211484548820528,-0.0262642175406716,0.0059261733784061,-0.0216800757251175,-0.0083313123906844,0.0889743666672528,3,12,1,0,0,xg_AAPL,0.51924413,3.1782405
2022-12-02,145.4771270751953,145.66413072697534,143.35121453595042,143.6563344518848,65447400,51.15635762153092,143.90581359863282,144.7019944798796,0.2582589583699359,0.2941942234190365,134.23799945416556,143.90581359863282,153.57362774310008,-0.0033712308463127,-0.0020255743017625,-0.0193072437626058,-0.0033769262489702,0.0226128811549651,0.0274090589360952,0.8249847695579785,-0.1490779412525811,-0.0020255743017625,-0.0193072437626058,0.0172816694608433,143.60513916015626,145.486962890625,143.90581359863282,0.9870653445980349,1.0109873899632864,-0.0020668158941656,-0.0814451567991196,67994360.0,0.9625415990384945,0.0018915650713675,0.0485938638195406,-0.0211484548820528,-0.0195934757104282,0.0146612158159584,0.0129714943882579,0.0192689918196879,4,12,0,0,0,xg_AAPL,0.5258905,3.2189226
2022-12-05,144.31576538085938,148.5380503426706,143.46933803189978,145.43777233013495,68826400,49.53168163086992,144.31180419921876,144.6652107561634,0.191634938876831,0.2736823665105954,135.35111763686,144.31180419921876,153.2724907615775,-0.007983122279667,0.0167105817201076,-0.0308015010166058,-0.008015158011017,0.022600862750043,0.0275058342759399,0.8216453599610283,-0.3532063869227686,0.0167105817201076,-0.0308015010166058,0.0475120827367134,144.07953186035155,145.0283218383789,144.31180419921876,0.9934578986642024,1.0049650660466487,-0.0016094730763075,0.0516292473039416,67394040.0,1.0212535114380883,-0.0033712308463127,0.0018915650713675,0.0485938638195406,-0.0262642175406716,0.0059261733784061,0.003781750658939,-0.0094856024251294,0,12,0,0,0,xg_AAPL,0.59397227,3.635644
2022-12-06,140.6544647216797,144.97517704731527,139.68008441838234,144.74881132681773,64727200,44.71074288508044,144.5081565856934,144.2832349433554,-0.1548168091948127,0.1879825313695138,136.09165449964374,144.5081565856934,152.92465867174306,-0.0253700671545985,0.0123256901695718,-0.0344570885866589,-0.0256974360899198,0.0229687368135953,0.028238267501723,0.8133616359628979,-1.1044996884588796,0.0123256901695718,-0.0344570885866589,0.0467827787562308,144.4220428466797,144.52637176513673,144.50815658569337,0.9992781323077384,1.000126049490034,-0.0006122360863843,-0.0595585414898933,67994350.0,0.951949684054617,-0.007983122279667,-0.0033712308463127,0.0018915650713675,-0.0211484548820528,-0.0195934757104282,-0.0216800757251175,0.011869341264211,1,12,0,0,0,xg_AAPL,0.8293348,5.076274
2022-12-07,138.71551513671875,141.10715469937296,137.79034896224212,139.9457861095959,69721100,42.35940932359138,144.57901916503909,143.75297591415193,-0.5791631107954629,0.0345534029365184,136.39752699325393,144.57901916503909,152.76051133682424,-0.0137851975676537,-0.0478958393946992,-0.0615264516110384,-0.0138810957404196,0.0222521590549059,0.0284430907593994,0.7823121942315079,-0.6194714886835205,-0.0478958393946992,-0.0615264516110384,0.0136306122163392,143.02641906738282,143.61695098876953,144.57901916503906,0.9958881460905482,0.993345727604008,-0.011192692440539,0.0771530361270069,69786050.0,0.9990692982336584,-0.0253700671545985,-0.007983122279667,-0.0033712308463127,0.0485938638195406,-0.0262642175406716,0.0146612158159584,-0.0083313123906844,2,12,0,0,1,xg_AAPL,0.6829358,4.1801805
2022-12-08,140.39854431152344,141.25482328488022,138.8730200272998,140.1131279990439,62128300,45.06024929288896,144.96187896728517,143.43350623771113,-0.7707692749050636,-0.1265111326317979,138.5980973642427,144.96187896728517,151.32566057032764,0.0121329555179598,-0.0381633785231583,-0.0557358667622306,0.0120599412061288,0.0227071108639186,0.0273704844775553,0.8295900385870016,0.5343005233094121,-0.0381633785231583,-0.0557358667622306,0.0175724882390723,141.91228332519532,142.78823852539062,144.96187896728514,0.9938653546731754,0.9850054341363425,-0.021720991888087,-0.108902469983979,70168740.0,0.8854127920780552,-0.0137851975676537,-0.0253700671545985,-0.007983122279667,0.0018915650713675,-0.0211484548820528,0.0059261733784061,0.0129714943882579,3,12,0,0,0,xg_AAPL,0.56495893,3.4580562
2022-12-09,139.91629028320312,143.27247380855323,138.67616726979998,140.09344213199822,76097000,44.41800772984288,144.7300971984863,143.09853328966275,-0.9505747758266808,-0.2913238612707745,137.9776379962406,144.7300971984863,151.48255640073202,-0.003434893365064,-0.0382248185937701,-0.0401729656852996,-0.0034408061550301,0.0221603072328445,0.0184744990564624,1.1994429576771422,-0.1549950699647061,-0.0382248185937701,-0.0401729656852996,0.0019481470915294,140.80011596679688,142.20262756347657,144.73009719848633,0.9901372314934642,0.982536668710009,-0.0280880891262541,0.2248363467212204,74258850.0,1.0247532785654367,0.0121329555179598,-0.0137851975676537,-0.0253700671545985,-0.0033712308463127,0.0485938638195406,-0.0195934757104282,0.003781750658939,4,12,0,0,1,xg_AAPL,0.5323017,3.258165
2022-12-12,142.20953369140625,142.21937045590607,138.8336612407948,140.44777667846864,70462700,48.19896872180554,144.47370910644528,143.01386666125737,-0.8976784744604345,-0.4125947839087065,137.74872567484877,144.47370910644528,151.1986925380418,0.0163901101405803,-0.0145946056821625,0.0018720916870207,0.0162572421337507,0.0214659312957166,0.0183149534181649,1.1719800113942036,0.7635050354798816,-0.0145946056821625,0.0018720916870207,-0.0164666973691832,140.37886962890624,142.2292007446289,144.4737091064453,0.9869904976893956,0.9844642435243168,-0.0287944090051293,-0.0740410265844908,74380520.0,0.9473273378567272,-0.003434893365064,0.0121329555179598,-0.0137851975676537,-0.007983122279667,0.0018915650713675,-0.0262642175406716,-0.0216800757251175,0,12,0,0,1,xg_AAPL,0.33614567,2.0575135
2022-12-13,143.17404174804688,147.6030180487257,141.9634590975565,147.14043487810696,93886200,49.74731380014876,144.33542556762694,143.0291214314278,-0.7690647355445037,-0.483888774235866,137.6236420143097,144.33542556762694,151.0472091209442,0.0067823023647177,0.0179132388819138,0.0304597220838778,0.006759406020353,0.0201271869315925,0.0183080852344188,1.09930052069209,0.3369554539496299,0.0179132388819138,0.0304597220838778,-0.0125464832019639,140.88278503417968,142.65241394042968,144.33542556762694,0.9875948197624684,0.9883395803865996,-0.0241149896398336,0.3324241052358199,75392760.0,1.2452946410238697,0.0163901101405803,-0.003434893365064,0.0121329555179598,-0.0253700671545985,-0.0033712308463127,-0.0211484548820528,0.0146612158159584,1,12,0,0,0,xg_AAPL,0.48547563,2.9715471
2022-12-14,140.94973754882812,144.34528354143862,138.93208948952125,143.05596154285573,82291200,46.30957295957592,143.99931640625002,142.8310848711802,-0.836972087208494,-0.5545054368303917,137.3178498412428,143.99931640625002,150.68078297125723,-0.0155356667456032,0.0161065069751376,-0.0325607670908523,-0.015657609843223,0.0130090738662984,0.0183356365454489,0.7094580205074306,-1.1941259446533303,0.0161065069751376,-0.0325607670908523,0.0486672740659899,141.32962951660156,142.1780242919922,143.99931640625,0.9940328698502078,0.9873520780534848,-0.0189407013881355,-0.1235005783597589,72483790.0,1.135304872992967,0.0067823023647177,0.0163901101405803,-0.003434893365064,-0.0137851975676537,-0.007983122279667,0.0485938638195406,0.0059261733784061,2,12,0,0,0,xg_AAPL,0.59613705,3.6488943
2022-12-15,134.3456268310547,139.5619801804679,133.88304361781863,138.88286801559113,98931900,37.928904743563386,143.3945167541504,142.02294601021586,-1.407461356315082,-0.7250966207273297,135.55450195504469,143.3945167541504,151.23453155325612,-0.0468543669014327,-0.0431123948624297,-0.0796304587414133,-0.0479875715795516,0.0187454460989905,0.0208659572403368,0.8983315527553134,-2.49937330275928,-0.0431123948624297,-0.0796304587414133,0.0365180638789836,140.11904602050782,141.01566467285156,143.3945167541504,0.9936417088525318,0.9834104390101792,-0.0243809256088523,0.2022172480167989,75251940.0,1.3146757412499757,-0.0155356667456032,0.0067823023647177,0.0163901101405803,0.0121329555179598,-0.0253700671545985,0.0018915650713675,-0.0195934757104282,3,12,0,0,0,xg_AAPL,0.55547416,3.400001
2022-12-16,132.3870086669922,135.47744910553232,131.6193206930716,134.53260929976452,160156900,35.85640388966606,142.59680786132816,141.1052376918136,-1.994629482163532,-0.9790031930145704,133.7005448355029,142.59680786132816,151.4930708871534,-0.0145789499089951,-0.053812759050222,-0.0899805946912671,-0.0146862671245857,0.0187661473624077,0.0205875553378412,0.9114844171662704,-0.776833560661332,-0.053812759050222,-0.0899805946912671,0.036167835641045,138.61318969726562,139.70665283203124,142.59680786132813,0.9921731491478772,0.9797319794696422,-0.0300907030393212,0.6188600441313672,84722890.0,1.8903616248217936,-0.0468543669014327,-0.0155356667456032,0.0067823023647177,-0.003434893365064,-0.0137851975676537,-0.0033712308463127,-0.0262642175406716,4,12,0,0,0,xg_AAPL,0.6489243,3.9719996
2022-12-19,130.2808074951172,133.06614357854048,129.24739159594094,132.9775676474043,79592600,33.72248114525607,141.66573944091795,140.07433957784252,-2.5999467171839683,-1.30319189784845,131.71300867602105,141.66573944091795,151.6184702058149,-0.0159094248981255,-0.0838813396447408,-0.0972517302506967,-0.0160373382982701,0.0188750040573585,0.0205925670136646,0.9165485534795524,-0.8428386034343669,-0.0838813396447408,-0.0972517302506967,0.0133703906059559,136.22744445800782,138.30315704345702,141.66573944091795,0.9849915748141818,0.9762639688979752,-0.0417428713213492,-0.5030335876880734,85799510.0,0.9276579784662998,-0.0145789499089951,-0.0468543669014327,-0.0155356667456032,0.0163901101405803,0.0121329555179598,-0.007983122279667,-0.0211484548820528,0,12,0,0,0,xg_AAPL,0.7823182,4.7884903
2022-12-20,130.21189880371094,131.14690185461754,127.83993247167396,129.31625782088165,77432800,33.65191756409082,140.89263610839845,139.1350595041157,-3.0500660793528027,-1.6525667341493206,129.90277618603344,140.89263610839845,151.88249603076346,-0.0005289243498803,-0.0905341693653259,-0.0742426906862288,-0.000529064279708,0.0182542442038252,0.0203107890282937,0.8987019399619411,-0.0289738304223591,-0.0905341693653259,-0.0742426906862288,-0.0162914786790971,133.63501586914063,137.25890045166017,140.89263610839845,0.9735981814614943,0.974209186816956,-0.0557369972017563,-0.0271356884936538,87070070.0,0.8893159268161736,-0.0159094248981255,-0.0145789499089951,-0.0468543669014327,0.0067823023647177,-0.003434893365064,-0.0253700671545985,0.0485938638195406,1,12,0,0,1,xg_AAPL,0.9401946,5.7548356
2022-12-21,133.3121795654297,134.65071518492888,130.6547968699711,130.8811625578248,85928000,39.75939822809663,140.1677589416504,138.58049950995513,-3.1206492672470745,-1.9461832407688715,129.1864432898414,140.1677589416504,151.14907459345935,0.0238095042788086,-0.0541863937898615,-0.0389526403442578,0.023530478333682,0.0205502732877454,0.0208813371662721,0.9840983374666008,1.1585415631159974,-0.0541863937898615,-0.0389526403442578,-0.0152337534456037,132.10750427246094,136.71856689453125,140.1677589416504,0.9662733253660608,0.9753924006978312,-0.0604615024333427,0.1097106135901064,88690760.0,0.9688495171311988,-0.0005289243498803,-0.0159094248981255,-0.0145789499089951,-0.0155356667456032,0.0163901101405803,-0.0137851975676537,0.0018915650713675,2,12,0,0,0,xg_AAPL,0.5165154,3.1615381
2022-12-22,130.14305114746094,132.436279289867,128.24351894119835,132.2296020641105,77852100,36.10111109568738,139.24062805175782,137.7769329992414,-3.393194496036415,-2.2355854918223805,128.15675939737923,139.24062805175782,150.32449670613642,-0.0237722346772775,-0.0312818197564306,-0.0730455804535059,-0.0240593536853328,0.0205990676440372,0.0211224008802641,0.975177612771774,-1.1539881852843572,-0.0312818197564306,-0.0730455804535059,0.0417637606970753,131.2669891357422,135.693017578125,139.24062805175782,0.9673820472019902,0.9745217288713024,-0.061268264772592,-0.0939844986500325,90263140.0,0.8625015704084651,0.0238095042788086,-0.0005289243498803,-0.0159094248981255,-0.0468543669014327,0.0067823023647177,0.0121329555179598,-0.0033712308463127,3,12,0,0,0,xg_AAPL,0.39948204,2.445189
2022-12-23,129.7788543701172,130.33001348787815,127.59389142616514,128.8536879861786,63814900,35.69464715415941,138.4409507751465,137.0152112250391,-3.5971109339240286,-2.50789058024271,127.03809676111152,138.4409507751465,149.84380478918146,-0.0027984342931309,-0.0197009836776022,-0.0724535784401291,-0.0028023572308093,0.0206135320829486,0.0209041048294503,0.9860525575508714,-0.1357505609087152,-0.0197009836776022,-0.0724535784401291,0.0527525947625269,130.7453582763672,134.6792739868164,138.4409507751465,0.970790489182216,0.972828294176918,-0.0592977379568491,-0.1803059904614005,89034930.0,0.7167400479789144,-0.0237722346772775,0.0238095042788086,-0.0005289243498803,-0.0145789499089951,-0.0155356667456032,-0.003434893365064,-0.007983122279667,4,12,0,0,0,xg_AAPL,0.5849164,3.580214
2022-12-27,127.9777374267578,129.33596171498522,126.68841553829142,129.3064364059333,69007800,33.67533316766166,137.7426475524902,136.1544994347266,-3.8595606521504062,-2.7782245946242496,125.5591777476394,137.7426475524902,149.926117357341,-0.0138783544676913,-0.017677738668036,-0.1000762459114124,-0.0139755592384736,0.0188994958155401,0.0204375464497598,0.924698625804786,-0.7342852062262009,-0.017677738668036,-0.1000762459114124,0.0823985072433763,130.2847442626953,133.25609436035157,137.7426475524902,0.977701957183128,0.9674280023517848,-0.0582750050106417,0.0813744125588225,88889440.0,0.7763329367357835,-0.0027984342931309,-0.0237722346772775,0.0238095042788086,-0.0159094248981255,-0.0468543669014327,0.0163901101405803,-0.0253700671545985,1,12,0,0,0,xg_AAPL,0.48377916,2.961163
2022-12-28,124.05071258544922,128.96195335269854,123.88339749624971,127.62341762114276,85438400,29.726643084521424,136.99808769226073,135.0017578300335,-4.334466992493134,-3.0894730741980267,123.38680047346126,136.99808769226073,150.60937491106017,-0.030685218540889,-0.0473166144942671,-0.1335670134691754,-0.0311658679773261,0.0188447064297473,0.0209400195789208,0.8998944086140073,-1.6282339245428026,-0.0473166144942671,-0.1335670134691754,0.0862503989749082,129.05250701904296,131.3437614440918,136.99808769226075,0.9825552854596438,0.958726969526244,-0.0640510683704833,0.2380977222864662,88044660.0,0.9703984318867156,-0.0138783544676913,-0.0027984342931309,-0.0237722346772775,-0.0005289243498803,-0.0145789499089951,0.0067823023647177,-0.0137851975676537,2,12,0,0,1,xg_AAPL,0.6501124,3.979272
2022-12-29,127.56437683105467,128.4206408882066,125.71405141675788,125.969942452078,75703700,36.86048798862457,136.0916248321533,134.29343583013076,-4.376856669835917,-3.3469497933256047,122.5039540280333,136.0916248321533,149.67929563627325,0.0283244180736579,-0.0431153609003444,-0.0949654887660679,0.0279306990312298,0.0230919797707076,0.0185399498457084,1.2454582943630903,1.2265380368793364,-0.0431153609003444,-0.0949654887660679,0.0518501278657235,127.90294647216795,130.00522537231444,136.09162483215331,0.9838292738301412,0.9552771930870436,-0.0641925164642976,-0.1139382291803217,87385910.0,0.8663147182423246,-0.030685218540889,-0.0138783544676913,-0.0027984342931309,0.0238095042788086,-0.0159094248981255,-0.0155356667456032,0.0121329555179598,3,12,0,0,1,xg_AAPL,0.5349127,3.2741463
2022-12-30,127.87933349609376,127.89902204510923,125.41879800683148,126.38333416609474,77034200,37.473225147641585,135.18713035583497,133.68256894117485,-4.3350644988069575,-3.5445727344218754,121.96449929540849,135.18713035583497,148.40976141626146,0.0024690017139832,-0.017394072379648,-0.0481317738990683,0.0024659587369662,0.019212990691597,0.0185540806137474,1.0354571392895011,0.12850020350343,-0.017394072379648,-0.0481317738990683,0.0307377015194202,127.45020294189452,129.35859603881835,135.18713035583497,0.9852472649258568,0.9568854350138586,-0.0605017808774923,0.0175750987071965,85196140.0,0.9041982418452186,0.0283244180736579,-0.030685218540889,-0.0138783544676913,-0.0237722346772775,-0.0005289243498803,-0.0468543669014327,-0.003434893365064,4,12,0,0,0,xg_AAPL,0.545635,3.3397763
2023-01-03,123.09602355957033,128.8340031338152,122.2102267313656,128.22379338136977,112117500,32.340151964523194,134.0680751800537,132.6743265238792,-4.634493482266947,-3.76255688399089,120.72447423699474,134.0680751800537,147.4116761231127,-0.0374048707148567,-0.0514939883156007,-0.0701804897699026,-0.0381223820831877,0.0217042218499065,0.0197791383072342,1.0972735130961446,-1.7233120662628827,-0.0514939883156007,-0.0701804897699026,0.0186865014543019,126.11363677978515,128.42949752807618,134.0680751800537,0.9819678438920564,0.9579424285430748,-0.0646197835661128,0.4554249930550327,80392200.0,1.394631568734263,0.0024690017139832,0.0283244180736579,-0.030685218540889,-0.0027984342931309,0.0238095042788086,-0.0145789499089951,0.0163901101405803,1,1,0,0,1,xg_AAPL,0.55626076,3.4048157
2023-01-04,124.36566162109376,126.62936374107429,123.10586505340991,124.88729543343348,89113600,34.88958123032002,133.07056999206543,131.8830251045663,-4.714992430414469,-3.953043993275606,119.97202164724766,133.07056999206543,146.1691183368832,0.0103142085731877,-0.0282242511728357,-0.0454030489045373,0.0102613800695596,0.0220938896405507,0.020204898433071,1.0934376273212194,0.4668142154581348,-0.0282242511728357,-0.0454030489045373,0.0171787977317016,125.39122161865234,127.83798294067384,133.07056999206546,0.9808604511293254,0.9606781044696536,-0.0617481407111383,-0.2051767119316788,81344300.0,1.0955113019596814,-0.0374048707148567,0.0024690017139832,0.0283244180736579,-0.0138783544676913,-0.0237722346772775,-0.0159094248981255,0.0067823023647177,2,1,0,0,0,xg_AAPL,0.47069627,2.8810842
2023-01-05,123.04679870605467,125.7533952948206,122.79090770776376,125.12349705306252,80962700,33.47840543115909,132.19018669128417,131.04147973327946,-4.829537737081154,-4.128342742036716,118.87279886522632,132.19018669128417,145.50757451734202,-0.0106047191632147,-0.0080927699524743,-0.0550264619707093,-0.0106613499221746,0.0221266975187353,0.0197717558708739,1.1190497502337995,-0.4792509096003216,-0.0080927699524743,-0.0550264619707093,0.046933692018235,125.19043884277345,127.1214729309082,132.19018669128417,0.9848095365510412,0.9616558998270166,-0.0568868749298579,-0.0914663979459925,81697290.0,0.9910083920776198,0.0103142085731877,-0.0374048707148567,0.0024690017139832,-0.030685218540889,-0.0027984342931309,-0.0005289243498803,-0.0155356667456032,3,1,0,0,1,xg_AAPL,0.5115814,3.131338
2023-01-06,127.57420349121094,128.23362708296847,122.91886125861728,124.02118700839064,87754700,42.1313351787889,131.63312110900878,130.71126294832055,-4.5030832481940735,-4.203290843268188,118.53473361287855,131.63312110900878,144.731508605139,0.0367941696392422,7.703294916949766e-05,-0.0430416492545795,0.0361334231811207,0.0243063733488079,0.0219072678482514,1.1094612096751373,1.5137040564297148,7.703294916949766e-05,-0.0430416492545795,0.043118682203749,125.1924041748047,126.54767532348632,131.63312110900878,0.98929043030449,0.9613665182236996,-0.0504860446543788,0.0838904829013853,81879960.0,1.0717482031012098,-0.0106047191632147,0.0103142085731877,-0.0374048707148567,0.0283244180736579,-0.0138783544676913,0.0238095042788086,-0.0468543669014327,4,1,0,0,1,xg_AAPL,0.8352267,5.112338
2023-01-09,128.09585571289062,131.30441322455866,127.83996466106092,128.4108124086458,70790800,43.050528049846825,131.01798667907718,130.46217654494626,-4.1543835910893705,-4.193509392832424,118.51065298644238,131.01798667907718,143.52532037171198,0.004089010218399,0.0016931759876859,-0.0157303476176434,0.0040806729358777,0.0233832440380875,0.0216690330894145,1.0790589908932742,0.1748617663987331,0.0016931759876859,-0.0157303476176434,0.0174235236053293,125.23570861816408,126.3429557800293,131.01798667907715,0.9912361781072068,0.9643176405198536,-0.0451402430526189,-0.1933104437711028,81173830.0,0.8720889478788808,0.0367941696392422,-0.0106047191632147,0.0103142085731877,0.0024690017139832,-0.030685218540889,-0.0237722346772775,-0.0145789499089951,0,1,0,0,1,xg_AAPL,0.47067866,2.8809762
2023-01-10,128.6666717529297,129.1883055110105,126.09786503081403,128.20408860626057,63896200,44.096930221756374,130.45550575256348,130.29117608856373,-3.788307268612897,-4.1124689679885185,118.6404412342484,130.45550575256348,142.27057027087855,0.004456163213574,0.0452544934618748,-0.0085698292112801,0.0044462639159759,0.0234453563299494,0.0217582423323008,1.077489554640676,0.1900578132851236,0.0452544934618748,-0.0085698292112801,0.0538243226731549,126.34983825683594,126.23173751831057,130.45550575256348,1.0009355867299874,0.9676229208580572,-0.0319093316069556,-0.0973940116512315,81181960.0,0.7870738770041917,0.004089010218399,0.0367941696392422,-0.0106047191632147,-0.0374048707148567,0.0283244180736579,-0.0027984342931309,-0.0159094248981255,1,1,0,0,1,xg_AAPL,0.2804125,1.7163764
2023-01-11,131.38316345214844,131.40283698381694,128.40098644639082,129.17851145026387,69458900,48.90817288754466,129.9141872406006,130.3951748850956,-3.2416235497137222,-3.938299884333559,119.45199795718692,129.9141872406006,140.37637652401426,0.0211126289520806,0.0564263619039391,0.0266095189199573,0.0208928454904162,0.0238530975862597,0.0220147785338264,1.0834546482019838,0.885073471160854,0.0564263619039391,0.0266095189199573,0.0298168429839817,127.75333862304689,126.5722801208496,129.9141872406006,1.0093310992033138,0.9742760418185752,-0.0164469218184165,0.0870583853186888,81227070.0,0.8551200972779044,0.004456163213574,0.004089010218399,0.0367941696392422,0.0103142085731877,0.0024690017139832,-0.0138783544676913,-0.0005289243498803,2,1,0,0,0,xg_AAPL,0.53691596,3.2864082
2023-01-12,131.30442810058594,132.14100375978632,129.3655188993163,131.7670114136582,71379600,48.777138887212246,129.32070655822756,130.48177042942802,-2.7826493985673437,-3.707169787180317,120.87288138132686,129.32070655822756,137.76853173512825,-0.0005992803757627,0.0671096646265283,0.0584737915966437,-0.000599460016021,0.0208574730637169,0.02189096825382,0.9527454462701148,-0.0287307883914654,0.0671096646265283,0.0584737915966437,0.0086358730298845,129.4048645019531,127.29765167236329,129.32070655822753,1.0165534304985715,0.98435629575722,0.0006409375901711,0.0276523238922585,79821190.0,0.8942437465540054,0.0211126289520806,0.004456163213574,0.004089010218399,-0.0106047191632147,-0.0374048707148567,-0.030685218540889,0.0238095042788086,3,1,0,0,1,xg_AAPL,0.37792826,2.3132606
2023-01-13,132.63304138183594,132.79051966324624,129.58197852377776,129.94613390882802,57809700,51.155259459673424,128.90487174987794,130.6866533772764,-2.2853569169875243,-3.422807213141758,122.2357576764771,128.90487174987794,135.57398582327878,0.0101185717836735,0.0396540817201616,0.0397341693401924,0.0100677217682028,0.0194277144007573,0.0219365120866296,0.8855933309136732,0.5208050092742715,0.0396540817201616,0.0397341693401924,-8.008762003086645e-05,130.41663208007813,127.8045181274414,128.90487174987794,1.0204383537523456,0.9914638321461456,0.0113980672873812,-0.1901089386883647,78031790.0,0.7408480569265329,-0.0005992803757627,0.0211126289520806,0.004456163213574,0.0367941696392422,0.0103142085731877,0.0283244180736579,-0.0237722346772775,4,1,0,0,1,xg_AAPL,0.60726744,3.7170224
2023-01-17,133.79444885253906,135.12313266732727,132.01301865225,132.7019674841355,63646600,53.20066951353124,128.87731285095217,130.98263389873,-1.777048457494402,-3.093655462012287,122.29892558225612,128.87731285095217,135.45570011964818,0.0087565470760755,0.0444869438432189,0.0462554440559856,0.0087184308670318,0.0194716761391644,0.0194420127864075,1.001474223828981,0.4496838037820552,0.0444869438432189,0.0462554440559856,-0.0017685002127667,131.5563507080078,128.39602966308593,128.87731285095214,1.0246138533505642,0.996265570896696,0.0200235352066688,0.1009674846954749,76693030.0,0.8298876703658621,0.0101185717836735,-0.0005992803757627,0.0211126289520806,0.004089010218399,-0.0106047191632147,0.0024690017139832,-0.0027984342931309,1,1,0,0,0,xg_AAPL,0.65025437,3.980141
2023-01-18,133.07598876953125,136.42232060237055,132.8988218980733,134.6605787592018,69672800,51.756784597680365,128.91176185607912,131.1820010292825,-1.4158628795275092,-2.758096945515332,122.2493096350277,128.91176185607912,135.5742140771305,-0.0053698796113705,0.0342693018831519,0.0810746352430409,-0.0053843492382403,0.0134910095295889,0.0191865772727071,0.7031116715698594,-0.3980044336311836,0.0342693018831519,0.0810746352430409,-0.046805333359889,132.43821411132814,129.39402618408204,128.9117618560791,1.0235264951328995,1.0037410420977828,0.0264995382552171,0.0946821982635364,72448560.0,0.9616864710630416,0.0087565470760755,0.0101185717836735,-0.0005992803757627,0.004456163213574,0.0367941696392422,-0.0374048707148567,-0.0138783544676913,2,1,0,0,0,xg_AAPL,0.9385923,5.7450285
2023-01-19,133.13507080078125,134.0995994948706,131.65874493478267,131.96384987754826,58280400,51.87246148370993,129.05447502136232,131.36800767418714,-1.1120344398295288,-2.4288844443781716,122.15063944182288,129.05447502136232,135.95831060090177,0.0004439721379965,0.0133343367795439,0.0705131067963547,0.0004438736115277,0.013655364943797,0.018797914241173,0.7263911505000258,0.0325102719372023,0.0133343367795439,0.0705131067963547,-0.0571787700168107,132.7885955810547,130.27096710205078,129.0544750213623,1.0193260903408483,1.009426190610493,0.0280476101243075,-0.1635128773352011,69365240.0,0.8401960405528642,-0.0053698796113705,0.0087565470760755,0.0101185717836735,0.0211126289520806,0.004089010218399,0.0103142085731877,-0.030685218540889,3,1,0,0,1,xg_AAPL,0.72158855,4.4167705
2023-01-20,135.69398498535156,135.84162653742413,132.1015991542997,133.14486670992753,80223600,56.71359287896935,129.32857933044434,131.78000551334566,-0.6571895513843913,-2.0745454657794156,121.82223406479268,129.32857933044434,136.83492459609602,0.0192204365775219,0.0334303796776982,0.1027835458727344,0.019038057221782,0.0126203921878914,0.0192135489114139,0.6568143882053178,1.5228459976040785,0.0334303796776982,0.1027835458727344,-0.0693531661950361,133.6665069580078,131.53568572998046,129.32857933044434,1.0161995675637523,1.0170658829700494,0.0319684592359178,0.3765107995140733,69291330.0,1.1577725524968108,0.0004439721379965,-0.0053698796113705,0.0087565470760755,-0.0005992803757627,0.004456163213574,-0.0106047191632147,0.0283244180736579,4,1,0,0,1,xg_AAPL,0.6532022,3.9981842
2023-01-23,138.8828582763672,141.0579844042408,135.72351517113088,135.94004410758745,81760300,61.86204675798349,129.60711326599122,132.45646768125246,-0.0389572018790431,-1.6674278129993412,121.12799534136865,129.60711326599122,138.0862311906138,0.023500476394439,0.0471211157447466,0.0886437420393955,0.0232285915753172,0.0098743914329312,0.0191954054339544,0.5143875225444785,2.379700749488536,0.0471211157447466,0.0886437420393955,-0.0415226262946488,134.91647033691407,132.6665512084961,129.60711326599122,1.016959204169573,1.0236054786300657,0.0382290308308431,0.0191552111847386,68691890.0,1.190246767121982,0.0192204365775219,0.0004439721379965,-0.0053698796113705,0.0101185717836735,0.0211126289520806,0.0367941696392422,0.0024690017139832,0,1,0,0,1,xg_AAPL,0.5879,3.5984762
2023-01-24,140.28045654296875,140.90051809732327,138.0856567013407,138.0954934654877,66435100,63.88922470611604,130.11398353576658,133.20160947760638,0.5573461496489642,-1.22247302046968,120.38071966396429,130.11398353576658,139.8472474075689,0.0100631444653913,0.0484774050497283,0.0951209604890594,0.0100128481715842,0.0097529449174215,0.0182514486180565,0.5343362483307192,1.0316999481325273,0.0484774050497283,0.0951209604890594,-0.0466435554393311,136.213671875,133.8850112915039,130.1139835357666,1.017392989409591,1.028982494066064,0.0434820964341886,-0.1874406038138314,68256320.0,0.9733179286547976,0.023500476394439,0.0192204365775219,0.0004439721379965,0.0087565470760755,-0.0005992803757627,0.004089010218399,-0.0374048707148567,1,1,0,0,0,xg_AAPL,0.61979544,3.793705
2023-01-25,139.6210174560547,140.18201330953534,136.61915274790366,138.6663258108729,65799300,62.20900994247539,130.6060916900635,133.81298166603003,0.9655790346575656,-0.784862609444231,119.98906469729624,130.6060916900635,141.22311868283072,-0.0047008621383555,0.0491826417901617,0.0851373984722316,-0.0047119459400342,0.0106347436440545,0.0182931943903225,0.5813179535077111,-0.4419871609996292,0.0491826417901617,0.0851373984722316,-0.0359547566820699,137.52267761230468,134.9804458618164,130.6060916900635,1.0188340743302242,1.0334927269865295,0.0495382861997706,-0.0095702422364081,68446630.0,0.9613227123088316,0.0100631444653913,0.023500476394439,0.0192204365775219,-0.0053698796113705,0.0101185717836735,0.004456163213574,0.0103142085731877,2,1,0,0,1,xg_AAPL,0.3619436,2.21542
2023-01-26,141.6878662109375,141.97328249331738,139.6603668579937,140.91032647908082,54105100,65.2901315624826,131.29159812927247,134.56297067030692,1.4392926881488677,-0.3400315499256113,119.66653360998517,131.29159812927247,142.9166626485598,0.0148032781349223,0.0642414906809518,0.0784324451324554,0.014694779063868,0.0099524152766704,0.0179537285266073,0.554306084991583,1.487256155142988,0.0642414906809518,0.0784324451324554,-0.0141909544515035,139.23323669433594,136.01091613769532,131.29159812927247,1.023691631878859,1.0359453161943852,0.0560502375922605,-0.1777252949499462,66911250.0,0.8086099123839293,-0.0047008621383555,0.0100631444653913,0.023500476394439,0.0004439721379965,0.0087565470760755,0.0211126289520806,-0.0106047191632147,3,1,0,0,1,xg_AAPL,0.6978692,4.2715864
2023-01-27,143.62681579589844,144.90630122192567,140.82180564980067,140.9005448317984,70555800,67.93157157053706,132.27040328979493,135.42619401560137,1.9487077090503533,0.1177163018695816,119.93738321574772,132.27040328979493,144.60342336384213,0.0136846551282967,0.0584611824275278,0.0938459416301857,0.0135918658035274,0.0096619041106326,0.0159031793842493,0.607507239273299,1.4162052082498422,0.0584611824275278,0.0938459416301857,-0.0353847592026579,140.8198028564453,137.24315490722657,132.27040328979493,1.0260606654782636,1.0375953463038643,0.0595250929937731,0.3040508196085028,66828870.0,1.0557682630276248,0.0148032781349223,-0.0047008621383555,0.0100631444653913,0.0192204365775219,-0.0053698796113705,-0.0005992803757627,0.0367941696392422,4,1,0,0,0,xg_AAPL,0.25172028,1.5407543
2023-01-30,140.74301147460938,143.25276748002082,140.59538495227355,142.67208313488993,64015300,60.55095360965935,132.92933502197266,135.93255758312594,2.0955674780406923,0.5132865371038038,120.2515827841503,132.92933502197266,145.60708725979504,-0.0200784533536348,0.013393684586622,0.0611459256930233,-0.0202827649645316,0.0133184636959331,0.0162424457039667,0.8199284769167395,-1.5074520875615591,0.013393684586622,0.0611459256930233,-0.0477522411064013,141.19183349609375,138.0541519165039,132.92933502197266,1.0227279044927786,1.03855294163387,0.0587062788237388,-0.0926996788357583,67449430.0,0.949085855877493,0.0136846551282967,0.0148032781349223,-0.0047008621383555,0.023500476394439,0.0004439721379965,0.0101185717836735,0.004089010218399,0,1,0,0,1,xg_AAPL,0.63378143,3.8793118
2023-01-31,142.0126495361328,142.0618633846007,140.03437897857034,140.4477482733763,65874500,62.483551966446086,133.63600082397463,136.51161395960278,2.288029108476138,0.8682350513782707,120.57370301205538,133.63600082397463,146.69829863589388,0.0090209669966632,0.012348070685338,0.0614240781592621,0.0089805211324422,0.0133247342138451,0.0162536469385261,0.8197492239750419,0.6769583463018971,0.012348070685338,0.0614240781592621,-0.049076007473924,141.53827209472655,138.87597198486327,133.6360008239746,1.0191703436657384,1.0392107750050883,0.0556448407699157,0.0290430568942112,67672220.0,0.9734348895307268,-0.0200784533536348,0.0136846551282967,0.0148032781349223,0.0100631444653913,0.0192204365775219,0.0087565470760755,0.004456163213574,1,1,0,1,1,xg_AAPL,0.4998401,3.0594707
2023-02-01,143.13470458984375,144.2960887309056,139.08958619067016,141.69775584370586,77663600,64.1548518849239,134.63793487548827,137.1423844958162,2.5022523946292665,1.19503852002847,121.90985543024964,134.63793487548827,147.3660143207269,0.0079010923137903,0.0251658897622271,0.0755862564938951,0.0078700421302562,0.0127065382759601,0.012757923467124,0.9958942311003832,0.6217641955670852,0.0251658897622271,0.0755862564938951,-0.050420366731668,142.2410095214844,139.88184356689453,134.63793487548827,1.0168654193741853,1.0389482258195342,0.05311831723678,0.178963028182377,68471300.0,1.134250408565324,0.0090209669966632,-0.0200784533536348,0.0136846551282967,-0.0047008621383555,0.023500476394439,-0.0053698796113705,0.0211126289520806,2,2,1,0,1,xg_AAPL,0.4747998,2.9062014
2023-02-02,148.4396209716797,148.79392468833726,145.83143680858885,146.54991104174482,118339000,70.78206898301286,135.84163284301755,138.21831177923178,3.064759667577988,1.5689827495383737,122.65864383944404,135.84163284301755,149.02462184659106,0.0370624049355277,0.047652314494528,0.1149550608930056,0.0363921057738041,0.0154614962754088,0.0143544298426711,1.0770486460426256,2.396922481040191,0.047652314494528,0.1149550608930056,-0.0673027463984776,143.59136047363282,141.41229858398438,135.84163284301758,1.015409281310524,1.0410085304805223,0.0522079454251219,0.5237382763611267,74477160.0,1.5889300827260118,0.0079010923137903,0.0090209669966632,-0.0200784533536348,0.0148032781349223,0.0100631444653913,0.0004439721379965,-0.0005992803757627,3,2,0,0,1,xg_AAPL,0.26540363,1.6245086
2023-02-03,152.06153869628906,154.8960886893848,145.496812581912,145.6936529941079,154357300,74.27861954644547,137.2923698425293,139.53671434276106,3.759472367520005,2.0070806731347,123.65964602282052,137.2923698425293,150.92509366223808,0.0243999391867242,0.0587266580662544,0.1206210703643526,0.0241070159784557,0.0158476307469158,0.0139691959876852,1.1343885770024682,1.5395613398004389,0.0587266580662544,0.1206210703643526,-0.0618944122980982,145.27830505371094,143.04905395507814,137.2923698425293,1.0155838227307177,1.041930109584033,0.0525177850997014,0.3043654247543075,81890530.0,1.884922469057144,0.0370624049355277,0.0079010923137903,0.0090209669966632,0.0136846551282967,-0.0047008621383555,0.0192204365775219,0.0101185717836735,4,2,0,0,0,xg_AAPL,0.37521,2.2966223
2023-02-06,149.33526611328125,150.6836538403975,148.4002628109197,150.1620199448286,69858300,67.71021455735371,138.38042297363282,140.46990974947727,4.043439520482281,2.4143524426042164,124.54146647912437,138.38042297363282,152.21937946814128,-0.0179287452065901,0.0610492453490094,0.0752606042720873,-0.0180914123706656,0.0176891963482547,0.0139554090106297,1.267460443068273,-1.0134848055747514,0.0610492453490094,0.0752606042720873,-0.0142113589230779,146.99675598144532,144.09429473876952,138.38042297363282,1.020142790857457,1.0412910413362837,0.0576979117663767,-0.5474247087763261,80700330.0,0.8656507352572057,0.0243999391867242,0.0370624049355277,0.0079010923137903,-0.0200784533536348,0.0148032781349223,0.023500476394439,0.0087565470760755,0,2,0,0,1,xg_AAPL,0.4887241,2.9914308
2023-02-07,152.20916748046875,152.7800151967711,148.26246234257331,148.26246234257331,83322600,70.65600965948923,139.58608856201172,141.58793429528598,4.449098914396643,2.821301736962702,125.324667168728,139.58608856201172,153.84750995529546,0.019244626148839,0.0718000683575839,0.0850347313622135,0.019061790345062,0.0180755336950046,0.0141422158192659,1.2780356268326265,1.0646192723418624,0.0718000683575839,0.0850347313622135,-0.0132346630046296,149.0360595703125,145.28716583251952,139.58608856201172,1.0258033372480713,1.0408427324616598,0.0620854260273998,0.1927372982165325,82389080.0,1.0113306277967782,-0.0179287452065901,0.0243999391867242,0.0370624049355277,0.0090209669966632,0.0136846551282967,0.0100631444653913,-0.0053698796113705,1,2,0,0,0,xg_AAPL,0.4451964,2.7250018
2023-02-08,149.52224731445312,152.14026818212696,148.78408455222657,151.45131927430748,64120100,64.71187114192713,140.62886734008788,142.34358315425428,4.501880034112958,3.1574173963927534,126.68280959531188,140.62886734008788,154.57492508486388,-0.0176528142850554,0.0446260936012201,0.0709150387155346,-0.0178104835037196,0.0195201728361322,0.0153117107572817,1.2747692518680718,-0.9042906608757372,0.0446260936012201,0.0709150387155346,-0.0262889451143144,150.31356811523438,146.27728881835938,140.62886734008788,1.0275933422712469,1.040165448140969,0.0647709685287104,-0.2304596832071971,82221160.0,0.7798491288617093,0.019244626148839,-0.0179287452065901,0.0243999391867242,0.0079010923137903,-0.0200784533536348,-0.0047008621383555,0.0004439721379965,2,2,0,0,0,xg_AAPL,0.34284848,2.0985408
2023-02-09,148.48883056640625,151.89422837459855,148.0459358705389,151.3529059605557,56007100,62.532888741933235,141.48415069580076,142.92884481255447,4.409491483800224,3.4078322138742476,127.83050039836324,141.48415069580076,155.1378009932383,-0.0069114581047832,0.0003315125328697,0.0479996243668729,-0.0069354528544014,0.0197675474162104,0.0152971532134738,1.292152532424644,-0.3496189153035969,0.0003315125328697,0.0479996243668729,-0.0476681118340032,150.3234100341797,146.95738525390624,141.4841506958008,1.02290476776283,1.0386844358975107,0.0595281093174604,-0.1265281869491782,82411360.0,0.6796041225384379,-0.0176528142850554,0.019244626148839,-0.0179287452065901,0.0370624049355277,0.0090209669966632,0.0148032781349223,0.0192204365775219,3,2,0,0,1,xg_AAPL,0.5639849,3.452094
2023-02-10,148.85354614257812,149.1788354914484,147.08911426452642,147.32569243849323,57450700,63.00632416637479,142.3616065979004,143.49310208208053,4.315950796796244,3.589455930458647,129.216361705823,142.3616065979004,155.50685148997778,0.0024561818877599,-0.0210966729734217,0.0363910479927866,0.0024531704031884,0.0195289491342706,0.0152403121724159,1.2813167864650497,0.1257648891389035,-0.0210966729734217,0.0363910479927866,-0.0574877209662084,149.6818115234375,147.4800582885742,142.3616065979004,1.0149291589684288,1.0359538769826535,0.0491772289961134,0.0257753034883077,81100850.0,0.7083859170403183,-0.0069114581047832,-0.0176528142850554,0.019244626148839,0.0243999391867242,0.0079010923137903,0.0136846551282967,0.023500476394439,4,2,0,0,1,xg_AAPL,0.8922362,5.461287
2023-02-13,151.65298461914062,152.0571182724141,148.7648180243575,148.79438841262413,62199000,66.50491332411876,143.31260375976564,144.27023375227674,4.416796338763419,3.7549240121196017,130.3805158599707,143.31260375976564,156.24469165956057,0.0188066629859195,0.015520235549058,0.0775169795659762,0.0186320041350729,0.0180739668892817,0.015473864113773,1.1679564199336256,1.0404811860027106,0.015520235549058,0.0775169795659762,-0.0619967440169182,150.14535522460938,148.57105560302733,143.31260375976564,1.0105962740534635,1.036692179929104,0.0450551730452481,0.0826499938207889,80919220.0,0.7686554566393402,0.0024561818877599,-0.0069114581047832,-0.0176528142850554,-0.0179287452065901,0.0370624049355277,-0.0200784533536348,0.0100631444653913,0,2,0,0,0,xg_AAPL,0.46589112,2.8516722
2023-02-14,151.01223754882812,151.5741049324063,148.70565732767898,149.94765859116993,61707600,64.98991615595142,144.1734931945801,144.9123293519483,4.39435879094907,3.882810967885496,131.62253401004546,144.1734931945801,156.72445237911472,-0.004225087108715,-0.0078637177474492,0.0633717351383231,-0.0042340380103764,0.018443122508967,0.0156602157114456,1.177630322497136,-0.2290749861730172,-0.0078637177474492,0.0633717351383231,-0.0712354528857723,149.90596923828124,149.47101440429688,144.1734931945801,1.0029099610765193,1.036744071967287,0.0379603410739982,-0.0079004485602662,80502530.0,0.766529946325901,0.0188066629859195,0.0024561818877599,-0.0069114581047832,0.019244626148839,0.0243999391867242,0.0090209669966632,-0.0047008621383555,1,2,0,0,1,xg_AAPL,0.6101277,3.7345297
2023-02-15,153.11183166503906,153.27940219693946,150.6968215839401,150.92353288699502,65573800,67.59489901389829,145.17528533935547,145.69323433414743,4.4941903420635185,4.0050868427211,133.16722858549983,145.17528533935547,157.1833420932111,0.0139034700120384,0.0240070251421304,0.0697044584944304,0.0138077034106611,0.0185974964885733,0.0155038417536915,1.1994638051784965,0.7475588158742039,0.0240070251421304,0.0697044584944304,-0.0456974333522999,150.62388610839844,150.4687271118164,145.17528533935547,1.0010311710583335,1.036462416864463,0.035585759178708,0.0626535467268214,79293550.0,0.8269752079456548,-0.004225087108715,0.0188066629859195,0.0024561818877599,-0.0176528142850554,-0.0179287452065901,0.0079010923137903,0.0148032781349223,2,2,0,0,0,xg_AAPL,0.43747088,2.6777148
2023-02-16,151.51499938964844,154.09758049199988,151.16013965459408,151.31784339392544,68167900,63.712122190960336,146.09428176879882,146.24768814895705,4.393807468779386,4.0828309679327575,135.2048576612083,146.09428176879882,156.98370587638934,-0.0104291892927255,0.0203797740994993,0.0207180427829001,-0.0104839543905388,0.0159138682077588,0.0159360134643001,0.9985477042738832,-0.6553110686547228,0.0203797740994993,0.0207180427829001,-0.0003382686834008,151.22911987304687,150.7762649536133,146.09428176879882,1.003003489438957,1.032047682689073,0.0338899655145222,0.0395600071979966,74276440.0,0.9177593864218464,0.0139034700120384,-0.004225087108715,0.0188066629859195,-0.0069114581047832,0.019244626148839,0.0370624049355277,0.0136846551282967,3,2,0,0,0,xg_AAPL,0.3603878,2.205897
2023-02-17,150.37155151367188,150.81512239489066,148.69583093968438,150.17441057100683,59144100,61.00960496169956,146.82816009521486,146.64043704083466,4.173872823321858,4.101039339010578,136.95944063524462,146.82816009521486,156.6968795551851,-0.0075467635586096,0.0101979792247592,-0.011113837181357,-0.0075753844664561,0.0140523397346592,0.0159449414687756,0.8812486714676371,-0.5370085475125387,0.0101979792247592,-0.011113837181357,0.0213118164061163,151.53272094726563,150.60726623535157,146.82816009521486,1.0061448211301296,1.0257382925570002,0.0312862426748521,-0.1323760890389758,64755120.0,0.9133501721562572,-0.0104291892927255,0.0139034700120384,-0.004225087108715,0.0024561818877599,-0.0176528142850554,0.0243999391867242,-0.0200784533536348,4,2,0,0,0,xg_AAPL,0.4078761,2.4965682
2023-02-21,146.35964965820312,149.1393862953431,146.29065710385296,148.05508866222715,58867200,52.58203441519563,147.20199966430667,146.61369538534595,3.6339560975462746,4.007622690717717,138.06092091279098,147.20199966430667,156.34307841582236,-0.0266799259240467,-0.0349042583911626,-0.0199257451540006,-0.0270422950054127,0.0154270203510125,0.0168476033258152,0.91562606423141,-1.7293162257396062,-0.0349042583911626,-0.0199257451540006,-0.0149785132371619,150.47405395507812,150.30970458984376,147.20199966430664,1.00109340488482,1.0211118390553404,0.0223562593816859,-0.0046817856726198,63656010.0,0.9247704969255705,-0.0075467635586096,-0.0104291892927255,0.0139034700120384,0.0188066629859195,-0.0069114581047832,-0.0179287452065901,0.0090209669966632,1,2,0,0,1,xg_AAPL,0.7455769,4.5636005
2023-02-22,146.78353881835938,147.8086807909047,145.0585291708209,146.74410160351695,51011300,53.31580575557991,147.52715377807618,146.62987095039486,3.203346332605804,3.8467674190953343,138.9793363297542,147.52715377807618,156.07497122639816,0.0028962160072545,-0.0280023579486493,-0.0356458730569273,0.00289203005401,0.0137072806798516,0.016760075497038,0.8178043635847799,0.2112749275342302,-0.0280023579486493,-0.0356458730569273,0.0076435151082779,149.62831420898436,149.76714172363282,147.52715377807618,0.999073044240207,1.0151835637588875,0.0143146871088065,-0.1334512258099587,60424880.0,0.8442101995072089,-0.0266799259240467,-0.0075467635586096,-0.0104291892927255,-0.004225087108715,0.0024561818877599,0.019244626148839,0.0079010923137903,2,2,0,0,1,xg_AAPL,0.61254174,3.7493057
2023-02-23,147.2665252685547,148.1931042440918,145.1373820304515,147.94667430552937,48394200,54.185738814530794,147.90942916870117,146.6905046949815,2.8679974719688346,3.651013429670035,140.20846728676017,147.90942916870117,155.61039105064216,0.0032904674058376,-0.0381767126218702,-0.0150861967794968,0.0032850656642224,0.0128864921225767,0.0166768973058705,0.7726688734341121,0.2553225541898291,-0.0381767126218702,-0.0150861967794968,-0.0230905158423734,148.4592529296875,149.54156951904298,147.90942916870117,0.992762436606514,1.011034728208438,0.00373352844432,-0.0513043188470005,58852290.0,0.8222993531772371,0.0028962160072545,-0.0266799259240467,-0.0075467635586096,0.0139034700120384,0.0188066629859195,-0.0176528142850554,0.0370624049355277,3,2,0,0,0,xg_AAPL,0.5336358,3.2663305
2023-02-24,144.614990234375,145.08813163083056,143.63912200334747,145.00927222460567,55469600,48.80850881312155,148.05578536987304,146.49283665111423,2.3610575645042218,3.3930222566368724,140.75164169282704,148.05578536987304,155.35992904691904,-0.0180050084657349,-0.045540106148361,-0.0260884291246324,-0.0181690709112833,0.0138508868732006,0.0170437010641352,0.8126212845319473,-1.2998235280544623,-0.045540106148361,-0.0260884291246324,-0.0194516770237285,147.07925109863282,149.15418548583983,148.05578536987304,0.9860886613376064,1.0074188260406225,-0.0067526490141689,0.1462034706638399,58798540.0,0.94338396837743,0.0032904674058376,0.0028962160072545,-0.0266799259240467,-0.0104291892927255,-0.004225087108715,-0.0069114581047832,0.0243999391867242,4,2,0,0,1,xg_AAPL,0.3681089,2.2531571
2023-02-27,145.80767822265625,147.03982803359767,145.344388690471,145.6006854773172,44998500,51.15649013282187,148.16482849121093,146.42758346745157,2.032118985760889,3.1208416024616756,141.0771764893451,148.16482849121093,155.25248049307672,0.0082473330485883,-0.0303506430908953,-0.020462179093835,0.0082135096387458,0.0142002683821237,0.0168759518659216,0.8414000641192363,0.5807462282009925,-0.0303506430908953,-0.020462179093835,-0.0098884639970602,146.16647644042968,148.84959869384767,148.16482849121093,0.9819742728434452,1.0046216785023132,-0.0137053965548347,-0.1887718678339126,57553320.0,0.781857588754206,-0.0180050084657349,0.0032904674058376,0.0028962160072545,-0.0075467635586096,0.0139034700120384,0.0024561818877599,-0.0179287452065901,0,2,0,0,0,xg_AAPL,0.6193006,3.790676
2023-02-28,145.30496215820312,146.95111245136155,144.73324285815977,144.9501024216552,50547000,50.11314235745142,148.39292602539064,146.32066715228504,1.7111428179485415,2.838901845559049,142.05722518041864,148.39292602539064,154.72862687036263,-0.0034478024105524,-0.0072061357243136,-0.0418588692921529,-0.0034537597784431,0.0121820929287881,0.0161840004626793,0.7526779475155729,-0.2829989421163669,-0.0072061357243136,-0.0418588692921529,0.0346527335678393,145.95553894042968,148.2147964477539,148.39292602539064,0.9847568693445486,0.9987996086982864,-0.0167742866365927,0.1233041101370044,56388120.0,0.896412223000148,0.0082473330485883,-0.0180050084657349,0.0032904674058376,-0.0266799259240467,-0.0104291892927255,0.0188066629859195,0.019244626148839,1,2,0,1,0,xg_AAPL,0.47825736,2.9273648
2023-03-01,143.2349395751953,145.1275197577975,142.93922063146897,144.73323786008925,55479000,45.95676642295291,148.45404052734375,146.02678833541935,1.2750355537194196,2.526128587191123,142.35844339015674,148.45404052734375,154.54963766453076,-0.0142460556904728,-0.024175730274192,-0.0515011107700335,-0.014348504903948,0.0125897601802073,0.0164653777398164,0.7645737501675757,-1.1314690683146846,-0.024175730274192,-0.0515011107700335,0.0273253804958414,145.24581909179688,147.43706665039062,148.45404052734375,0.9851377431172736,0.993149570915412,-0.0223983159769661,0.0975725562347913,55765260.0,0.994866696577744,-0.0034478024105524,0.0082473330485883,-0.0180050084657349,0.0028962160072545,-0.0075467635586096,-0.004225087108715,-0.0176528142850554,2,3,1,0,1,xg_AAPL,0.4274515,2.6163871
2023-03-02,143.82635498046875,144.61493369350907,141.8450488958328,142.31820514818978,52238100,47.30158280109683,148.48862304687498,145.81722325399548,0.9660041903854336,2.2141037078299854,142.51343459582657,148.48862304687498,154.4638114979234,0.0041289884090254,-0.0233601647204784,-0.0606450630470154,0.0041204875283753,0.011249781343218,0.0163982908419019,0.685991940241324,0.3669957030597134,-0.0233601647204784,-0.0606450630470154,0.037284898326537,144.5577850341797,146.5085189819336,148.488623046875,0.9866851841701132,0.9866649442609732,-0.027330443111272,-0.0584166982101335,54431690.0,0.9597001305673044,-0.0142460556904728,-0.0034478024105524,0.0082473330485883,0.0032904674058376,-0.0266799259240467,0.0139034700120384,-0.0069114581047832,3,3,0,0,1,xg_AAPL,0.42962918,2.6297166
2023-03-03,148.87327575683594,148.9521351539883,145.22611512366896,145.92596783194648,70732300,57.10995068862665,148.5103057861328,146.10827587331363,1.1154803728922502,1.9943790408424384,142.53271923651,148.5103057861328,154.4878923357556,0.0350903753144029,0.0294456716800908,-0.0174353934821913,0.0344887420495885,0.0170519735617225,0.0161703841301429,1.0544535597257958,2.057727655965384,0.0294456716800908,-0.0174353934821913,0.0468810651622821,145.40944213867186,146.24434661865234,148.51030578613282,0.9942910307353106,0.9847420745955258,-0.0208288803460319,0.3540366131233716,54688130.0,1.2933757288830083,0.0041289884090254,-0.0142460556904728,-0.0034478024105524,-0.0180050084657349,0.0028962160072545,-0.0104291892927255,0.0024561818877599,4,3,0,0,1,xg_AAPL,0.45663953,2.7950442
2023-03-06,151.63330078125,154.06803024605406,151.26858921507775,151.59386356059247,87558000,61.34691277503925,148.48889389038084,146.6344687216885,1.4400522514717409,1.883513682968299,142.56201501487504,148.48889389038084,154.41577276588663,0.0185394256315161,0.0399541548813204,0.0083908774956238,0.0183696654411917,0.0180139815102481,0.0157579399672781,1.143096017095848,1.0291115547895278,0.0399541548813204,0.0083908774956238,0.0315632773856966,146.57456665039064,146.37052154541016,148.4888938903809,1.0013940314130614,0.9857337994144224,-0.0126247152184063,0.2378785929483418,57529520.0,1.5219664617399635,0.0350903753144029,0.0041289884090254,-0.0142460556904728,0.0082473330485883,0.0032904674058376,-0.0075467635586096,0.0188066629859195,0,3,0,0,0,xg_AAPL,0.5145323,3.1494002
2023-03-07,149.4351043701172,151.83039589059405,148.9718149331636,151.50510660246357,56182000,56.555017364065435,148.49388580322264,146.9011959263008,1.502580907003818,1.8073271277754028,142.56383809467675,148.49388580322264,154.42393351176852,-0.014496791930316,0.0284239584840695,0.0210129958570974,-0.0146028971235461,0.0162621384898189,0.015570265046392,1.044368485243078,-0.8913895641601591,0.0284239584840695,0.0210129958570974,0.007410962626972,147.40059509277344,146.67806701660157,148.49388580322267,1.0049259449000654,0.9877717605893396,-0.0073161571710847,-0.3583453253843166,57261000.0,0.981156459020957,0.0185394256315161,0.0350903753144029,0.0041289884090254,-0.0034478024105524,-0.0180050084657349,-0.0266799259240467,-0.004225087108715,1,3,0,0,1,xg_AAPL,0.5870192,3.593085
2023-03-08,150.6869659423828,151.27840377958802,149.6618240709013,150.6278251668401,47204800,58.54114179142159,148.41777572631838,147.26174545164196,1.6343107664532113,1.7727238555109646,142.6516972385981,148.41777572631838,154.18385421403866,0.0083772924544225,0.0520265962291648,0.026593084997452,0.0083423976869925,0.0163801623480868,0.0150496864679894,1.0883332386815028,0.5113979262528294,0.0520265962291648,0.026593084997452,0.0254335112317127,148.89100036621093,147.06840972900392,148.41777572631835,1.0123928084934448,0.990908326238478,0.0031404483920229,-0.1597878324018369,56880350.0,0.8298964405106363,-0.014496791930316,0.0185394256315161,0.0350903753144029,-0.0142460556904728,0.0082473330485883,0.0028962160072545,0.0139034700120384,2,3,0,0,0,xg_AAPL,0.59849477,3.6633258
2023-03-09,148.43951416015625,152.33310365607178,148.08465449485655,151.36710263865675,53833600,53.78709278797981,148.36363906860353,147.3739139000719,1.5396093943176652,1.7261009632723048,142.62093862428745,148.36363906860353,154.10633951291962,-0.0149147059148161,0.0320745052623627,0.0079650748156276,-0.015027048579121,0.0172990528816,0.0148961038082481,1.1612359760842903,-0.8621190939063013,0.0320745052623627,0.0079650748156276,0.024109430446735,149.81363220214843,147.18570861816406,148.3636390686035,1.0178544751977372,0.992060517942036,0.0097682422483576,0.1404263973155273,57424290.0,0.9374708855781946,0.0083772924544225,-0.014496791930316,0.0185394256315161,0.0041289884090254,-0.0034478024105524,0.0032904674058376,-0.0104291892927255,3,3,0,0,0,xg_AAPL,0.55026793,3.3681343
2023-03-10,146.37940979003906,148.78456882882224,145.5021196528658,148.0649974904625,68572400,49.7952459391679,148.25816802978517,147.2791992229259,1.2835289462327069,1.6375865598643853,142.44806068435676,148.25816802978517,154.06827537521357,-0.0138784095446072,-0.0167516026910716,0.0122008067960623,-0.0139756150905254,0.0168403908742621,0.0151393526139954,1.1122852488055754,-0.824065520966976,-0.0167516026910716,0.0122008067960623,-0.028952409487134,149.31485900878906,147.36215057373047,148.25816802978517,1.01325108535303,0.9939563703776868,0.0072188498404219,0.2737844023063662,58734570.0,1.167496416505626,-0.0149147059148161,0.0083772924544225,-0.014496791930316,0.0350903753144029,-0.0142460556904728,-0.0180050084657349,-0.0075467635586096,4,3,0,0,1,xg_AAPL,0.64028454,3.9191167
2023-03-13,148.32125854492188,150.9531285889032,145.59081050522525,145.69924028415588,84457100,53.312526661160184,148.23155364990237,147.3784429678779,1.2231743198179572,1.5547041118550995,142.4280567222827,148.23155364990237,154.03505057752204,0.0132658599844617,-0.02184244634433,0.0172390120527621,0.0131786389914552,0.0171411965107381,0.0154443371397692,1.1097974978223264,0.773871655021093,-0.02184244634433,0.0172390120527621,-0.0390814583970922,148.65245056152344,147.61350860595704,148.23155364990234,1.0070382579845032,0.9958305433038568,0.0028377382699569,0.2316485933115948,62680430.0,1.3474237493265226,-0.0138784095446072,-0.0149147059148161,0.0083772924544225,0.0185394256315161,0.0041289884090254,0.0082473330485883,-0.0266799259240467,0,3,0,0,1,xg_AAPL,0.3977074,2.4343266
2023-03-14,150.41098022460938,151.209410853691,147.95654755608294,149.11968969699433,73695900,56.81856745173985,148.16945343017576,147.66725603994757,1.3286500676468052,1.509493303013441,142.49496165383775,148.16945343017576,153.84394520651378,0.0140891582244402,0.0065304324482897,0.0351400116731526,0.0139908285466558,0.0174344752111645,0.0151745980202505,1.1488493031971294,0.8080742310607305,0.0065304324482897,0.0351400116731526,-0.0286095792248628,148.84762573242188,148.12411041259764,148.1694534301758,1.0048845209453674,0.9996939786404792,0.004508795177276,-0.1274161674980551,64995320.0,1.1338647151825527,0.0132658599844617,-0.0138784095446072,-0.0149147059148161,-0.014496791930316,0.0350903753144029,-0.0034478024105524,0.0028962160072545,1,3,0,0,1,xg_AAPL,0.64623934,3.9555655
2023-03-15,150.80526733398438,151.06154904978908,147.7791005346977,149.03096880678774,77167900,57.46756882398474,148.1591049194336,147.96611425842727,1.4275995532446473,1.4931145530596823,142.50572638740397,148.1591049194336,153.8124834514632,0.0026213984430272,0.0007850804537852,0.0528525217467263,0.0026179685708616,0.0162952772112781,0.0151586570608135,1.0749106754795954,0.1608587292079835,0.0007850804537852,0.0528525217467263,-0.0520674412929411,148.87128601074218,148.88114318847656,148.1591049194336,0.9999337916305364,1.0048733978882742,0.0047225213276625,0.0471125259342786,67164210.0,1.148943760374742,0.0140891582244402,0.0132658599844617,-0.0138784095446072,0.0083772924544225,0.0185394256315161,-0.0142460556904728,0.0032904674058376,2,3,0,0,1,xg_AAPL,0.60230875,3.6866708
2023-03-16,153.62445068359375,154.22574041738864,149.47456333381393,149.98714188743216,76161100,61.8792619520582,148.1847358703613,148.50500344177647,1.7137472572773902,1.537241093903224,142.43301969410953,148.1847358703613,153.93645204661306,0.0186941968238139,0.034929624721375,0.0681244804156759,0.0185216079488048,0.0168231323709261,0.0154247680943831,1.0905863661370503,1.1111536934956234,0.034929624721375,0.0681244804156759,-0.0331948556943009,149.90827331542968,149.86095275878907,148.18473587036132,1.0003157630841757,1.0113116703861738,0.0112191609955251,-0.013046875708682,69556510.0,1.0949528663815782,0.0026213984430272,0.0140891582244402,0.0132658599844617,-0.0149147059148161,-0.014496791930316,0.0041289884090254,-0.0180050084657349,3,3,0,0,0,xg_AAPL,0.5484986,3.357304
2023-03-17,152.78652954101562,154.50168696477587,152.07681026503803,153.85110845498198,98944600,59.89083355880645,148.2483123779297,148.9127678321802,1.851564458381972,1.6001057667989738,142.31631802880312,148.2483123779297,154.18030672705626,-0.0054543475263837,0.0437706352291398,0.0262858042471736,-0.0054692767908637,0.0138549308821464,0.0152824399726547,0.9065322274917011,-0.3936471373000091,0.0437706352291398,0.0262858042471736,0.0174848309819661,151.189697265625,150.25227813720704,148.2483123779297,1.0062389678215855,1.0135176294902342,0.0192515982693728,0.2991487780507371,72377740.0,1.3670584353697508,0.0186941968238139,0.0026213984430272,0.0140891582244402,-0.0138784095446072,0.0083772924544225,0.0350903753144029,0.0082473330485883,4,3,0,0,1,xg_AAPL,0.5566818,3.407393
2023-03-20,155.1522674560547,155.5662829465371,151.94867858194203,152.85555389921095,73641400,63.46085913393479,148.48734817504882,149.50700589159683,2.1271602820039845,1.705516669839976,141.8515705924375,148.48734817504882,155.12312575766015,0.0154839430029987,0.0460554945268611,0.0232070835144664,0.0153652900009326,0.0134954489834457,0.01550795908713,0.8701711641398809,1.1472605143761,0.0460554945268611,0.0232070835144664,0.0228484110123947,152.55589904785157,150.6041748046875,148.48734817504882,1.0129592970825356,1.0142559393487396,0.0262229546465063,-0.255730984813724,70986080.0,1.0374062069633787,-0.0054543475263837,0.0186941968238139,0.0026213984430272,0.0132658599844617,-0.0149147059148161,0.0185394256315161,-0.0034478024105524,0,3,0,0,1,xg_AAPL,0.70595765,4.321095
2023-03-21,157.00543212890625,157.1237136794573,154.30455474450915,155.07342994575768,73938300,66.0128247985304,149.01963729858397,150.22114172372153,2.4666725931375595,1.8577478544994928,141.45902811060168,149.01963729858397,156.58024648656627,0.011944167515157,0.0438428889596314,0.05065963443261,0.0118733989037611,0.0123645759929127,0.0141345221362069,0.8747166092465658,0.9659208371694776,0.0438428889596314,0.05065963443261,-0.0068167454729786,153.87478942871093,151.3612075805664,149.01963729858397,1.0166065129125412,1.015713165891625,0.0309234659227632,0.0040316995603015,72761710.0,1.016170455587135,0.0154839430029987,-0.0054543475263837,0.0186941968238139,0.0140891582244402,-0.0138784095446072,-0.014496791930316,-0.0142460556904728,1,3,0,0,0,xg_AAPL,0.546662,3.3460624
2023-03-22,155.576171875,159.824622189753,155.55645326577164,157.02518131500096,75701800,62.3934190843817,149.45926895141602,150.73114459527187,2.5905469751313035,2.004307678625855,141.4376423532923,149.45926895141602,157.48089554953975,-0.0091032535277683,0.031636192988204,0.0324461103987363,-0.0091449413294437,0.0130540858234971,0.0144182968702811,0.905320553487058,-0.6972955713078405,0.031636192988204,0.0324461103987363,-0.0008099174105322,154.82897033691407,151.85012817382812,149.45926895141602,1.0196169881376456,1.0159967276649084,0.0345149345223149,0.0238509676311193,75611410.0,1.001195454495545,0.011944167515157,0.0154839430029987,-0.0054543475263837,0.0026213984430272,0.0132658599844617,0.0083772924544225,0.0041289884090254,2,3,0,0,1,xg_AAPL,0.47276807,2.8937654
2023-03-23,156.66043090820312,159.24302685232914,155.4282812343858,156.56186795883147,67622100,64.00572979374081,149.92896423339843,151.29583852983674,2.7445712488562037,2.152360392671925,141.36610466935196,149.92896423339843,158.4918237974449,0.0069693129747034,0.0197623504012542,0.0553822666057575,0.0069451395627613,0.0113948460565125,0.0144454865653981,0.7887624444136638,0.6115660864618838,0.0197623504012542,0.0553822666057575,-0.0356199162045032,155.43616638183593,152.6722198486328,149.92896423339843,1.0181037947567897,1.018297035727959,0.0351537533537393,-0.1067306193511911,76990260.0,0.8783201927100794,-0.0091032535277683,0.011944167515157,0.0154839430029987,0.0186941968238139,0.0140891582244402,-0.0149147059148161,0.0350903753144029,3,3,0,0,1,xg_AAPL,0.33227953,2.0338492
2023-03-24,157.9616241455078,158.05033533240547,155.5959022495454,156.59147399792508,59196500,65.89542170423093,150.5962959289551,151.93067525513874,2.937767262883142,2.3094417667141687,141.70323710579436,150.5962959289551,159.48935475211584,0.0083058193429017,0.0338714062034044,0.0791246143981714,0.0082715158403274,0.0091490810509089,0.0135856412881543,0.6733879887508065,0.9077317781875458,0.0338714062034044,0.0791246143981714,-0.0452532081947669,156.47118530273437,153.8304412841797,150.59629592895507,1.0171665893727515,1.0214755969612317,0.0371918774927737,-0.1245983191885493,76052670.0,0.7783618905161281,0.0069693129747034,-0.0091032535277683,0.011944167515157,-0.0054543475263837,0.0026213984430272,-0.0138784095446072,0.0185394256315161,4,3,0,0,0,xg_AAPL,0.4072504,2.4927385
2023-03-27,156.01974487304688,158.47419284355544,155.6155961034445,157.65604352005258,52390300,60.76801470863468,151.10689926147464,152.32011045684428,2.900745083900148,2.4277024301513648,142.1988369640366,151.10689926147464,160.0149615589127,-0.0122933610170541,0.0055911359286959,0.0519041329857201,-0.0123695494312894,0.010831231548726,0.0140565498531708,0.7704921314067357,-1.134887207844069,0.0055911359286959,0.0519041329857201,-0.0463129970570241,156.64468078613282,154.60028991699218,151.1068992614746,1.0132237195042668,1.0231186707727529,0.035494107038595,-0.1149763921853488,72845990.0,0.7191926419010749,0.0083058193429017,0.0069693129747034,-0.0091032535277683,0.0154839430029987,0.0186941968238139,0.0132658599844617,-0.014496791930316,0,3,0,0,0,xg_AAPL,0.4201932,2.57196
2023-03-28,155.3987274169922,156.226743517172,153.7525770821358,155.71416498675424,45992200,59.182031148390806,151.6115875244141,152.61331207209645,2.789142325138158,2.4999904091487237,142.947170443616,151.6115875244141,160.2760046052122,-0.0039803773333946,-0.0102334339017958,0.0331607917516034,-0.0039883201191148,0.0106758635616847,0.014070869290393,0.7586670499400692,-0.3728039897108654,-0.0102334339017958,0.0331607917516034,-0.0433942256533993,156.32333984375,155.09906463623048,151.61158752441406,1.0078935047763888,1.0230027082280555,0.030320404791299,-0.122123751915908,70075620.0,0.6563224128448574,-0.0122933610170541,0.0083058193429017,0.0069693129747034,0.011944167515157,-0.0054543475263837,0.0140891582244402,0.0083772924544225,1,3,0,0,1,xg_AAPL,0.59124625,3.6189582
2023-03-29,158.4741668701172,158.75016719414856,157.074446643704,157.09415020907082,51305700,64.16934235994817,152.3735488891602,153.171488719527,2.9152533699455603,2.583043001308091,144.14129335765196,152.3735488891602,160.60580442066842,0.01979063473842,0.0186274990584394,0.0508529952017438,0.0195973461670782,0.0118655663801949,0.0138739694667972,0.8551778372261766,1.667764212860276,0.0186274990584394,0.0508529952017438,-0.0322254961433043,156.90293884277344,155.86595458984374,152.37354888916016,1.0066530516921317,1.022920025989708,0.0285812510838153,0.1155304595127,67489400.0,0.7602038246005927,-0.0039803773333946,-0.0122933610170541,0.0083058193429017,-0.0091032535277683,0.0154839430029987,0.0026213984430272,-0.0149147059148161,2,3,0,0,1,xg_AAPL,0.36724338,2.2478595
2023-03-30,160.04148864746094,160.1499184415396,158.9670575321584,159.22333929957506,49501700,66.42107847243997,153.18430557250977,153.82577442694927,3.1058645768056294,2.687607316407598,145.31024561085871,153.18430557250977,161.05836553416083,0.0098900774069272,0.0215820786375786,0.0417709416392562,0.0098414906797241,0.0110372284953516,0.0139112158404601,0.7933479915724606,0.8959841165719766,0.0215820786375786,0.0417709416392562,-0.0201888630016775,157.579150390625,156.50765838623047,153.18430557250977,1.0068462592530154,1.021695126020254,0.0274606594531007,-0.0351617851427814,64823460.0,0.7636386579796764,0.01979063473842,-0.0039803773333946,-0.0122933610170541,0.0069693129747034,0.011944167515157,0.0186941968238139,-0.0138784095446072,3,3,0,0,1,xg_AAPL,0.5834745,3.5713882
2023-03-31,162.54518127441406,162.64375926608275,159.59788883873148,160.120319104618,68749800,69.69715231553243,153.86790084838873,154.65619412670782,3.4195341412899154,2.8339926813840624,145.23261385240525,153.86790084838873,162.5031878443722,0.0156440223601534,0.0290169030212303,0.0638711525336317,0.0155229160690248,0.0110127029307556,0.0123187040864166,0.8939096956799467,1.42041441089424,0.0290169030212303,0.0638711525336317,-0.0348542495124013,158.49586181640626,157.4835235595703,153.86790084838867,1.006428216958538,1.0234982260188512,0.0284718435313349,0.3888371510473378,61803980.0,1.1123846716667585,0.0098900774069272,0.01979063473842,-0.0039803773333946,0.0083058193429017,-0.0091032535277683,-0.0054543475263837,0.0132658599844617,4,3,0,1,1,xg_AAPL,0.531986,3.2562323
2023-04-03,163.79702758789062,163.91530912930577,161.87487733545584,161.92416632467473,56976200,71.20962965917202,154.47608718872073,155.5267496944395,3.726179983014589,3.012430141710168,144.84723613415875,154.47608718872073,164.1049382432827,0.0077015282991572,0.0498480671223511,0.0557179103701108,0.0076720229242441,0.0105542843961091,0.0118986552030294,0.8869403538198507,0.7296372139433956,0.0498480671223511,0.0557179103701108,-0.0058698432477597,160.051318359375,158.3479995727539,154.4760871887207,1.010756806471928,1.0250648009960466,0.0340374379972354,-0.1712528618265071,60137460.0,0.9474327648690026,0.0156440223601534,0.0098900774069272,0.01979063473842,-0.0122933610170541,0.0069693129747034,0.0154839430029987,0.0140891582244402,0,4,0,0,0,xg_AAPL,0.7042312,4.310528
2023-04-04,163.26475524902344,164.45746763773894,162.75217680448466,164.22090454094308,46278300,69.61852832701666,155.16756973266604,156.26370260439987,3.881505513082829,3.1862452159847,145.08724615471354,155.16756973266604,165.24789331061854,-0.0032495848472071,0.0506183542348053,0.0398669207507298,-0.0032548762143207,0.0106148733195361,0.0112287074333711,0.945249320386748,-0.3061062193750035,0.0506183542348053,0.0398669207507298,0.0107514334840754,161.62452392578126,158.97393188476562,155.167569732666,1.0166731237605482,1.0245306552049342,0.0395489778750265,-0.1877608545322433,57371460.0,0.8066432334125573,0.0077015282991572,0.0156440223601534,0.0098900774069272,-0.0039803773333946,0.0083058193429017,0.011944167515157,0.0026213984430272,1,4,0,0,0,xg_AAPL,0.3847828,2.3552165
2023-04-05,161.4214630126953,162.69304993016723,159.48946069965243,162.38747921010668,51511700,64.26342380174032,155.70429458618165,156.75491788138038,3.811922368066434,3.3113806464010467,145.48629925506492,155.70429458618165,165.92228991729837,-0.0112902030417808,0.0185979595336422,0.0375718920657837,-0.0113544211990248,0.0109318818670011,0.0117212360020008,0.9325765037604766,-1.0326831643409755,0.0185979595336422,0.0375718920657837,-0.0189739325321414,162.21398315429687,159.55846099853517,155.70429458618165,1.0166429416474885,1.024753115658093,0.0403272801932371,0.1130853985561266,54952450.0,0.9373867771136511,-0.0032495848472071,0.0077015282991572,0.0156440223601534,0.01979063473842,-0.0122933610170541,-0.0091032535277683,0.0186941968238139,2,4,0,0,1,xg_AAPL,0.33985415,2.0802128
2023-04-06,162.30862426757812,162.60434321282244,159.686606015777,160.1104583059446,45390100,65.63358116333117,156.39775009155275,157.2838422991135,3.784735646656003,3.4060516464520383,146.37506202969126,156.39775009155275,166.42043815341424,0.0054959311997626,0.0141659243442255,0.0360537330749755,0.005480883678139,0.0108935149412287,0.0108916464809313,1.0000797290446324,0.5044677279723648,0.0141659243442255,0.0360537330749755,-0.0218878087307499,162.66741027832032,160.12328033447267,156.39775009155272,1.0158885699726696,1.0238208685274506,0.0386280163180459,-0.1188390210379389,52729250.0,0.8608144435962799,-0.0112902030417808,-0.0032495848472071,0.0077015282991572,0.0098900774069272,-0.0039803773333946,0.0069693129747034,-0.0054543475263837,3,4,0,0,0,xg_AAPL,0.42873973,2.6242723
2023-04-10,159.71615600585938,159.71615600585938,157.79400566862077,159.11486640899105,47716900,58.56704793196329,157.06458740234376,157.51549122356548,3.5134980332582586,3.4275409238132823,148.1331639127529,157.06458740234376,165.9960108919346,-0.0159724615584496,-0.0174045471319056,0.0111073298330697,-0.016101396100403,0.0123382034429849,0.0110862721505191,1.1128258849862616,-1.2944483517313463,-0.0174045471319056,0.0111073298330697,-0.0285118769649753,162.1016052246094,160.29873352050782,157.06458740234376,1.011246949146176,1.020591185904174,0.0315373093632483,0.0512622796601021,51581290.0,0.9250815557346292,0.0054959311997626,-0.0112902030417808,-0.0032495848472071,0.0156440223601534,0.01979063473842,0.0083058193429017,0.0154839430029987,0,4,0,0,0,xg_AAPL,0.77268255,4.7295113
2023-04-11,158.5037384033203,160.04145880285023,158.21787125365222,160.03160702009572,47644200,55.55457204752335,157.5737113952637,157.60961000258973,3.164232994259635,3.374879337902553,149.6351279652752,157.5737113952637,165.5122948252522,-0.0075910767755679,-0.0323161492154063,0.0159210203317192,-0.0076200356446252,0.0118477872107109,0.0111916023440427,1.058537312997358,-0.640662764937308,-0.0323161492154063,0.0159210203317192,-0.0482371695471256,161.0429473876953,160.54713287353516,157.57371139526367,1.003088280091247,1.018870035185075,0.0218874080029834,-0.0015235692176147,51106680.0,0.9322499524523814,-0.0159724615584496,0.0054959311997626,-0.0112902030417808,0.0077015282991572,0.0098900774069272,-0.0122933610170541,0.011944167515157,1,4,0,0,0,xg_AAPL,0.6963292,4.2621603
2023-04-12,157.81373596191406,159.7457382241708,157.49829842634344,158.9177372546322,50133100,53.85674508833359,157.94384918212893,157.62905057014444,2.79948972912851,3.2598014161477447,150.75668061585836,157.94384918212893,165.1310177483995,-0.0043532250302544,-0.0333876057866566,0.0155407227913875,-0.0043627279031266,0.0118680225334045,0.0110216869764334,1.0766905164574136,-0.3667719913752474,-0.0333876057866566,0.0155407227913875,-0.0489283285780441,159.95274353027344,160.78863372802735,157.9438491821289,0.9948013104012824,1.0180113664484525,0.0127295278570006,0.0522393071979381,51520770.0,0.9730658140396392,-0.0075910767755679,-0.0159724615584496,0.0054959311997626,-0.0032495848472071,0.0156440223601534,-0.0039803773333946,-0.0091032535277683,2,4,0,0,1,xg_AAPL,0.54648596,3.344985
2023-04-13,163.19577026367188,163.43234843413578,159.11489082873655,159.3218986080038,68445600,63.282691643305874,158.56337432861332,158.1592143504804,2.9111552665120826,3.1900721862206125,151.84638552799098,158.56337432861332,165.28036312923567,0.0341037126391627,0.0109917678718909,0.0297941518596178,0.0335350734152495,0.0148045317497409,0.0130981085125387,1.1301938399525226,2.303443957003409,0.0109917678718909,0.0297941518596178,-0.0188023839877269,160.30760498046874,161.26079406738282,158.5633743286133,0.9940891455209144,1.0170116191724028,0.0106879648230914,0.3652776309464205,53234760.0,1.2857313529731085,-0.0043532250302544,-0.0075910767755679,-0.0159724615584496,-0.0112902030417808,0.0077015282991572,0.01979063473842,0.0069693129747034,3,4,0,0,0,xg_AAPL,0.5351962,3.2758815
2023-04-14,162.85076904296875,163.94491858408577,161.48061917083933,162.23961256067847,49386500,62.40269913376457,159.02469024658205,158.60602908309835,2.9379454874088253,3.139646846458255,152.4705794876215,159.02469024658205,165.5788010055426,-0.0021140328584846,0.0033402092947127,0.0175534507911012,-0.0021162705802488,0.0146732825341109,0.0126927075932132,1.1559493100310645,-0.144063796888911,0.0033402092947127,0.0175534507911012,-0.0142132414963884,160.41603393554686,161.5417221069336,159.02469024658205,0.9930315948307052,1.015827931225325,0.0085436728186265,-0.2784561754152203,53223240.0,0.9279123180024192,0.0341037126391627,-0.0043532250302544,-0.0075910767755679,0.0054959311997626,-0.0032495848472071,0.0098900774069272,0.0083058193429017,4,4,0,0,0,xg_AAPL,0.6892326,4.218723
2023-04-17,162.8704833984375,163.02820218114718,161.6876226098968,162.73248322378927,41516200,62.434845053181135,159.52888793945314,159.01216758932114,2.927026771597127,3.09712283148603,153.46199908181586,159.52888793945314,165.59577679709042,0.0001210577977899,0.0197495824559064,0.0020013027853114,0.0001210504708861,0.0138482876783976,0.0125578457929802,1.1026720055865462,0.0087410847836421,0.0197495824559064,0.0020013027853114,0.017748279670595,161.0468994140625,161.57425231933593,159.5288879394531,0.996736157539314,1.0128212789940534,0.0093203596068159,-0.1593613639354885,50499880.0,0.8221049238136641,-0.0021140328584846,0.0341037126391627,-0.0043532250302544,-0.0159724615584496,-0.0112902030417808,0.0156440223601534,-0.0122933610170541,0,4,0,0,1,xg_AAPL,0.47885188,2.9310038
2023-04-18,164.0927734375,165.01935243982652,163.2844759960185,163.72806193096773,49923000,64.46355313447368,159.97591323852538,159.49603481295722,2.982620410227156,3.0742223472342554,153.9494535363322,159.97591323852538,166.00237294071857,0.0075046749635558,0.0352612190127537,0.001805562982214,0.007476654990274,0.0138367090212704,0.0122730789105439,1.1273113951861735,0.542335075265723,0.0352612190127537,0.001805562982214,0.0334556560305396,162.16470642089843,161.60382690429688,159.97591323852538,1.003470706896896,1.0101759923279467,0.0133387542700454,0.2024944479504387,49794560.0,1.0025793982314333,0.0001210577977899,-0.0021140328584846,0.0341037126391627,-0.0075910767755679,0.0054959311997626,0.0077015282991572,-0.0039803773333946,1,4,0,0,1,xg_AAPL,0.46376354,2.8386495
2023-04-19,165.2362060546875,165.7586363174907,163.17604035173306,163.43233711220313,47720200,66.29722260377851,160.38745193481444,160.0427177883601,3.083400701576437,3.076058018102692,154.09675422280307,160.38745193481444,166.6781496468258,0.0069682082472877,0.0470331054995412,0.0120751769275435,0.0069440424806481,0.0139252816437052,0.0121291710659774,1.1479872433755465,0.5003638749786011,0.0470331054995412,0.0120751769275435,0.0349579285719976,163.64920043945312,161.80097198486328,160.38745193481446,1.0114228513705266,1.0088131585918785,0.0197399140449831,-0.0441239508843619,49938750.0,0.9555745788590831,0.0075046749635558,0.0001210577977899,-0.0021140328584846,-0.0043532250302544,-0.0159724615584496,-0.0032495848472071,0.01979063473842,2,4,0,0,0,xg_AAPL,0.5178339,3.1696086
2023-04-20,164.27020263671875,165.47278202514906,163.19577163848064,163.71820194187683,52456400,63.32438750874581,160.8221534729004,160.4453353929657,3.0501610480482952,3.070878624091813,154.73300526959844,160.8221534729004,166.91130167620236,-0.005846197035346,0.0065837023307095,0.0176478367303571,-0.0058633529424536,0.0134781763849475,0.0119843810898172,1.1245513416672706,-0.4337206420026254,0.0065837023307095,0.0176478367303571,-0.0110641343996475,163.8640869140625,162.08584594726562,160.8221534729004,1.010970982422336,1.0078577014862455,0.0185178650317325,0.0992493744787321,50033220.0,1.048431422163094,0.0069682082472877,0.0075046749635558,0.0001210577977899,0.0341037126391627,-0.0075910767755679,-0.0112902030417808,0.0098900774069272,3,4,0,0,0,xg_AAPL,0.6339165,3.8801386
2023-04-21,162.6634979248047,164.07307012591417,162.141067594516,162.6930683177726,58337300,58.61638582753993,161.1223068237305,160.65658896742656,2.8611887379456675,3.028940646862584,155.31146447600278,161.1223068237305,166.9331491714582,-0.0097808652215962,-0.0011499553810191,0.0021864128220416,-0.0098290120864001,0.0138765867160136,0.0122590921261314,1.1318501177031712,-0.7047958281038834,-0.0011499553810191,0.0021864128220416,-0.0033363682030608,163.82663269042968,162.12133331298827,161.12230682373047,1.0105186611940156,1.0062004231999406,0.0166252779584842,0.1121102477486064,51327940.0,1.1365603217272866,-0.005846197035346,0.0069682082472877,0.0075046749635558,-0.0021140328584846,-0.0043532250302544,0.0054959311997626,0.0156440223601534,4,4,0,0,1,xg_AAPL,0.4146273,2.5378916
2023-04-24,162.96905517578125,163.23520373133107,161.54961626736943,162.643765839196,41949600,59.23707217319814,161.37267837524416,160.8768238444127,2.7049023071688225,2.964132978923832,155.70550943642266,161.37267837524416,167.03984731406567,0.0018784623156069,0.0006052157228673,0.0203667509365961,0.001876700211624,0.0126435220289767,0.0121676868812057,1.039021067137854,0.1485593770410761,0.0006052157228673,0.0203667509365961,-0.0197615352137288,163.84634704589843,162.44662322998047,161.3726783752441,1.0086165153087627,1.006655059986295,0.0151787630356336,-0.2809128979229413,50751210.0,0.8265733959840401,-0.0097808652215962,-0.005846197035346,0.0069682082472877,0.0001210577977899,0.0341037126391627,-0.0159724615584496,0.0077015282991572,0,4,0,0,0,xg_AAPL,0.35776237,2.1898272
2023-04-25,161.43133544921875,163.93505711689548,161.3918982344198,162.83105575677226,48714100,54.78393310099329,161.64325790405277,160.9296344734419,2.4289634751573033,2.8570990781705263,156.5661659907704,161.64325790405277,166.7203498173351,-0.0094356546701697,-0.0162191054031696,0.0184702081817718,-0.009480452480175,0.0128127611781106,0.0120113371648946,1.066633495399642,-0.7363688568106258,-0.0162191054031696,0.0184702081817718,-0.0346893135849414,163.31405944824218,162.7393829345703,161.64325790405277,1.0035312688502875,1.0067811367126007,0.0103499208473996,0.1612530274424548,50858200.0,0.9578416066632136,0.0018784623156069,-0.0097808652215962,-0.005846197035346,0.0075046749635558,-0.0021140328584846,-0.0075910767755679,-0.0032495848472071,1,4,0,0,0,xg_AAPL,0.5026286,3.0765388
2023-04-26,161.4214630126953,162.91976126426218,160.47518046288778,160.73146218660858,45498800,54.75547328694197,161.94439468383788,160.9764752867041,2.184304042318388,2.722540071000098,157.79757699026226,161.94439468383788,166.0912123774135,-6.115563930608747e-05,-0.0230866051277505,0.022860665637191,-6.115750938828768e-05,0.0126507055361491,0.0119442946011295,1.059053456492644,-0.0048337861746268,-0.0230866051277505,0.022860665637191,-0.0459472707649415,162.55111083984374,163.10015563964845,161.94439468383788,0.99663369542689,1.007136776534112,0.003758584172652,-0.0660034774326119,50394770.0,0.902847656611968,-0.0094356546701697,0.0018784623156069,-0.0097808652215962,0.0069682082472877,0.0001210577977899,-0.0043532250302544,-0.0112902030417808,2,4,0,0,1,xg_AAPL,0.5036575,3.0828366
2023-04-27,166.00506591796875,166.1529178634098,162.83104713478986,162.83104713478986,64902300,64.08435931469981,162.32093963623046,161.45538868015788,2.33337048433458,2.644706153666995,158.13343168640105,162.32093963623046,166.50844758605987,0.0283952506669633,0.0105610345236295,0.0172142675619468,0.0279995782221185,0.0110904193057146,0.0127479015008103,0.8699117571039168,2.560109746489629,0.0105610345236295,0.0172142675619468,-0.0066532330383173,162.89808349609376,163.38108520507814,162.32093963623046,0.997043710975612,1.0065311694918937,0.0034766641407708,0.4264617967946407,50040440.0,1.296996988835404,-6.115563930608747e-05,-0.0094356546701697,0.0018784623156069,-0.005846197035346,0.0075046749635558,0.0341037126391627,0.0054959311997626,3,4,0,0,1,xg_AAPL,0.4683872,2.8669505
2023-04-28,167.2569122314453,167.42449781718415,165.48262879614657,166.08391841749662,55275900,66.13791349051034,162.68171081542965,162.00791473266145,2.5234316991336243,2.6204512627603207,158.09667519672752,162.68171081542965,167.2667464341318,0.0075410127188235,0.0282387527948282,0.0270563241080794,0.0075127214234012,0.0111355743532608,0.0126859343934323,0.8777198658034704,0.6771393500026794,0.0282387527948282,0.0270563241080794,0.0011824286867487,163.81676635742187,163.8216995239258,162.68171081542968,0.9999698869776212,1.0070074792229686,0.0067862997519739,-0.1483214000120181,50629380.0,1.09177517085927,0.0283952506669633,-6.115563930608747e-05,-0.0094356546701697,-0.0097808652215962,0.0069682082472877,-0.0021140328584846,-0.0159724615584496,4,4,0,0,0,xg_AAPL,0.77504647,4.743981
2023-05-01,167.168212890625,168.01593249804148,166.2317821133474,166.86264216717663,52472900,65.85061295898478,162.91286239624023,162.49937170008656,2.636507271014608,2.6236624644111783,157.90973580102985,162.91286239624023,167.91598899145063,-0.0005303179380566,0.0257665954454633,0.026387405517019,-0.0005304586063488,0.011154410334809,0.01229899890926,0.9068627092650766,-0.0475390794368094,0.0257665954454633,0.026387405517019,-0.0006208100715556,164.65659790039064,164.25147247314453,162.91286239624023,1.002466494949154,1.0082167243102542,0.0104310231831652,-0.0507092602743691,51725050.0,1.014458178387435,0.0075410127188235,0.0283952506669633,-6.115563930608747e-05,0.0018784623156069,-0.005846197035346,0.0001210577977899,-0.0075910767755679,0,5,1,0,0,xg_AAPL,0.70420897,4.3103914
2023-05-02,166.13319396972656,167.91735928630777,165.14747425578494,167.6610625345139,48425700,62.442017608402786,163.02967071533203,162.84545001148084,2.612487964456363,2.6214275644202156,157.83423823963068,163.02967071533203,168.22510319103338,-0.0061914816399671,0.029126058502978,0.0124345544869697,-0.0062107283472983,0.0113333272115386,0.0123210898756849,0.919756902106564,-0.5462592992431066,0.029126058502978,0.0124345544869697,0.0166915040160082,165.5969696044922,164.45551452636718,163.02967071533203,1.006940813638341,1.0087459160334369,0.0154532566780602,-0.0771293372388414,51575320.0,0.9389316440498878,-0.0005303179380566,0.0075410127188235,0.0283952506669633,-0.0094356546701697,-0.0097808652215962,0.0075046749635558,-0.0043532250302544,1,5,0,0,0,xg_AAPL,0.28691223,1.7561606
2023-05-03,165.05877685546875,168.4792257513459,164.77292473257992,167.07950544573387,65136000,59.02638520529577,163.11937179565427,163.0562430442416,2.478188989070162,2.592779849350205,157.84549287344254,163.11937179565427,168.393250717866,-0.0064672031433621,0.0225330248833599,-0.0010737912922064,-0.0064882061041924,0.0113821497699603,0.0123972408817647,0.9180455419850048,-0.5681382810607327,0.0225330248833599,-0.0010737912922064,0.0236068161755663,166.32443237304688,164.43777160644532,163.1193717956543,1.0114734026627226,1.0080824232969867,0.0194176925241548,0.3450709024340381,53316900.0,1.221676429049678,-0.0061914816399671,-0.0005303179380566,0.0075410127188235,-6.115563930608747e-05,0.0018784623156069,0.0069682082472877,0.0341037126391627,2,5,0,0,0,xg_AAPL,0.27578908,1.688077
2023-05-04,163.4224853515625,164.6546351492701,161.9636242025262,162.53534351356944,81235400,54.16679366260363,163.21942291259768,163.09112326398645,2.2141971477685445,2.517063309033873,158.00558860715904,163.21942291259768,168.43325721803632,-0.0099133868254642,-0.0155572394861879,-0.0051605055058644,-0.0099628516252714,0.0116810283127348,0.0123312783479475,0.9471914258794631,-0.8486015065258345,-0.0155572394861879,-0.0051605055058644,-0.0103967339803234,165.80791625976562,164.35299987792968,163.21942291259765,1.0088523871357171,1.0069451107294936,0.0158392729225692,0.2471659297469908,56194800.0,1.4456035077978489,-0.0064672031433621,-0.0061914816399671,-0.0005303179380566,0.0283952506669633,-0.0094356546701697,-0.005846197035346,-0.0021140328584846,3,5,0,0,1,xg_AAPL,0.54646057,3.3448296
2023-05-05,171.0913848876953,171.8109560965244,168.32149974515366,168.5383592942621,113453200,67.62134982592241,163.65856094360353,163.8530529424349,2.5938969827050187,2.532430043768102,157.39411304098752,163.65856094360353,169.92300884621957,0.0469268321286089,0.0229256453744881,0.0518117898017085,0.0458590460926799,0.0184531892274798,0.0160890151274808,1.1468720868983455,2.542882353169478,0.0229256453744881,0.0518117898017085,-0.0288861444272203,166.57481079101564,165.19578857421874,163.6585609436035,1.008347804921052,1.009392894705612,0.0170449835877263,0.3965980348468771,61706390.0,1.8385972668308448,-0.0099133868254642,-0.0064672031433621,-0.0061914816399671,0.0075410127188235,-6.115563930608747e-05,-0.0097808652215962,0.0001210577977899,4,5,0,0,0,xg_AAPL,0.39295948,2.405265
2023-05-08,171.02235412597656,171.36736200944458,169.65220445536363,170.0169159017989,55962800,67.42946829647917,164.2238708496094,164.53584353134363,2.8563158013619443,2.5972071952868707,157.43848255005292,164.2238708496094,171.00925914916587,-0.000403473043158,0.0230554671172638,0.0494161234567438,-0.0004035544603064,0.0185130352844324,0.0155009037239317,1.1942426952279472,-0.0217928202555215,0.0230554671172638,0.0494161234567438,-0.02636065633948,167.34563903808595,166.0011184692383,164.22387084960937,1.008099466926765,1.010822102843115,0.0182535681047698,-0.5067322913765324,63107710.0,0.8867822964895908,0.0469268321286089,-0.0099133868254642,-0.0064672031433621,-0.0005303179380566,0.0283952506669633,0.0018784623156069,0.0075046749635558,0,5,0,0,0,xg_AAPL,0.4944457,3.026452
2023-05-09,169.3170928955078,171.06180609803263,169.14952233576255,170.57881302608763,45326900,62.69658133026553,164.7645385742188,164.991200613645,2.8933317485758607,2.6564321059446687,158.17792276523633,164.7645385742188,171.35115438320125,-0.0099709844317348,0.0191647367374483,0.0488489884838354,-0.010021027628178,0.01856008538744,0.015599651334139,1.1896993907443414,-0.5371983493207783,0.0191647367374483,0.0488489884838354,-0.0296842517463871,167.9824188232422,166.7896942138672,164.76453857421876,1.0071510689853873,1.0122912105794912,0.019005052555499,-0.1900530352305459,62768990.0,0.7221225002983046,-0.000403473043158,0.0469268321286089,-0.0099133868254642,-0.0061914816399671,0.0075410127188235,-0.0094356546701697,0.0069682082472877,1,5,0,0,1,xg_AAPL,0.20585556,1.260021
2023-05-10,171.0814971923828,171.5447866234223,169.44519899087683,170.54921520825656,53724500,65.40248987576526,165.42792663574218,165.57122885923908,3.030110605561674,2.73116780586807,159.12236857042197,165.42792663574218,171.7334847010624,0.0104207098450708,0.0364883373768591,0.0598435548742843,0.0103667885236928,0.0185427063585738,0.0155620139159192,1.1914598585307885,0.5619539936390724,0.0364883373768591,0.0598435548742843,-0.0233552174974251,169.186962890625,167.75569763183594,165.42792663574218,1.0085318429060466,1.0140712093987572,0.0219721963892784,0.1852674681039294,63591560.0,0.844836956350798,-0.0099709844317348,-0.000403473043158,0.0469268321286089,-0.0064672031433621,-0.0005303179380566,-6.115563930608747e-05,-0.005846197035346,2,5,0,0,1,xg_AAPL,0.3444148,2.108128
2023-05-11,171.26881408691406,172.09681510347738,169.71137500858376,171.36739208260082,49514700,65.68705781180967,165.83157882690432,166.11385602377956,3.117685010962589,2.808471246886974,159.10793571564346,165.83157882690432,172.55522193816518,0.0010948986161876,0.0480125407374154,0.0317083586566351,0.0010942996518616,0.0168041511266123,0.0138781503847735,1.210747823948057,0.0651525599465599,0.0480125407374154,0.0317083586566351,0.0163041820807803,170.7562286376953,168.28207244873047,165.8315788269043,1.014702434745202,1.014777002300533,0.0287539201870802,-0.0783590354493759,62052800.0,0.797944653585321,0.0104207098450708,-0.0099709844317348,-0.000403473043158,-0.0099133868254642,-0.0061914816399671,0.0283952506669633,-0.0097808652215962,3,5,0,0,0,xg_AAPL,0.4167012,2.5505857
2023-05-12,170.3409423828125,171.8116866019269,168.79121464447562,171.3773676163626,45533100,62.92605231643257,166.2060874938965,166.51643567702078,3.0767500073345673,2.8621269989764926,159.34845191633647,166.2060874938965,173.0637230714565,-0.005417633730042,-0.0043862086064438,0.0184388801049943,-0.0054323623278431,0.0169356790042928,0.0139554876696825,1.2134628285511917,-0.3198757990671501,-0.0043862086064438,0.0184388801049943,-0.0228250887114382,170.60614013671875,168.5904754638672,166.2060874938965,1.01195598189818,1.014345972556861,0.0258308576979331,-0.0804124835654865,61078520.0,0.7454846646578741,0.0010948986161876,0.0104207098450708,-0.0099709844317348,0.0469268321286089,-0.0064672031433621,0.0075410127188235,0.0018784623156069,4,5,0,0,0,xg_AAPL,0.489572,2.9966204
2023-05-15,169.84742736816406,170.97270170588305,169.25517137496644,170.92334452950067,37266700,61.44666164197571,166.5549346923828,166.83367298093918,2.9702470260320126,2.8837510043875967,159.7019176666698,166.5549346923828,173.4079517180958,-0.0028972189994073,-0.0068700186231037,0.0160270570057001,-0.0029014240623288,0.0169907198400816,0.0139970226731534,1.2137942791497132,-0.1705076959056896,-0.0068700186231037,0.0160270570057001,-0.0228970756288039,170.37115478515625,168.8583969116211,166.5549346923828,1.0089587364395445,1.0138300448647328,0.0224685186694135,-0.1815470503875202,59557900.0,0.6257221963836767,-0.005417633730042,0.0010948986161876,0.0104207098450708,-0.000403473043158,-0.0099133868254642,-0.0005303179380566,-0.0094356546701697,0,5,0,0,0,xg_AAPL,0.4122963,2.5236237
2023-05-16,169.84742736816406,170.9035986466086,169.58091066505557,169.76845889829133,42110300,61.44666164197571,166.84266738891603,167.12069720829393,2.8529555503558583,2.877591913581249,159.94185555159802,166.84266738891603,173.74347922623403,0.0,0.0031321968951092,0.0223569613614622,0.0,0.0167819940371788,0.0139475736767808,1.203133340085846,0.0,0.0031321968951092,0.0223569613614622,-0.019224764466353,170.4772216796875,169.22982025146484,166.84266738891603,1.007371049773433,1.0143078080679704,0.0213989363694814,0.1299712612063852,58926360.0,0.7146258482621239,-0.0028972189994073,-0.005417633730042,0.0010948986161876,-0.0099709844317348,0.0469268321286089,-0.0061914816399671,-6.115563930608747e-05,1,5,0,0,1,xg_AAPL,0.3822492,2.3397086
2023-05-17,170.45941162109375,170.69630196545663,168.21872838992437,169.4920742376562,57951600,62.70756661149075,167.10382766723637,167.43867000951298,2.7773674622352473,2.857547023312049,160.06503671139745,167.10382766723637,174.14261862307524,0.0036031411391539,-0.0036361943371907,0.0327194643539252,0.0035966653768477,0.0164946480720897,0.0139023671329552,1.1863779409947637,0.218429801812417,-0.0036361943371907,0.0327194643539252,-0.036355658691116,170.3528045654297,169.76988372802734,167.10382766723632,1.0034335939013552,1.0159544882843743,0.0190601203377105,0.3761858737648509,58207920.0,0.9955964755311476,0.0,-0.0028972189994073,-0.005417633730042,0.0104207098450708,-0.000403473043158,-0.0064672031433621,0.0283952506669633,2,5,0,0,1,xg_AAPL,0.33947217,2.0778747
2023-05-18,172.7888946533203,172.97644284674885,170.350798262134,170.7653713447007,65496700,67.11622118457417,167.52976226806643,167.9482152136851,2.872322820697434,2.8605021827891264,160.18847461091443,167.52976226806643,174.87104992521844,0.0136659103189014,0.0088754077881034,0.0573140794035063,0.0135733738764631,0.0160687147144591,0.0140328585707376,1.144996198548302,0.8504139968710936,0.0088754077881034,0.0573140794035063,-0.0484386716154028,170.65682067871094,170.70652465820314,167.5297622680664,0.99970883374498,1.018962376279467,0.0180975659165977,0.1301965778339164,56634050.0,1.1564897795583902,0.0036031411391539,0.0,-0.0028972189994073,0.0010948986161876,-0.0099709844317348,-0.0099133868254642,0.0075410127188235,3,5,0,0,0,xg_AAPL,0.34033754,2.0831716
2023-05-19,172.89749145507812,174.11159953538055,172.68033195301507,174.11159953538055,55809500,67.31023795720569,168.0414619445801,168.41957485572254,2.9226480136989608,2.8729313489710933,160.70167630312807,168.0414619445801,175.38124758603217,0.0006284941053398,0.0150084239085646,0.0105563852240038,0.0006282966856332,0.0069582293723002,0.0137385531370629,0.5064378224594616,0.0903108766383559,0.0150084239085646,0.0105563852240038,0.0044520386845607,171.16813049316406,170.88713531494142,168.04146194458008,1.001644331960418,1.0169343526141177,0.0180839439732203,-0.1479036348396178,50869680.0,1.0971073535355227,0.0136659103189014,0.0036031411391539,0.0,-0.005417633730042,0.0104207098450708,0.0469268321286089,-0.0005303179380566,4,5,0,0,0,xg_AAPL,0.4270942,2.6142
2023-05-22,171.9499053955078,172.45332751081392,171.2095929310653,171.73274586766902,43570900,63.77441622577351,168.49050445556642,168.75579681189257,2.8531791429088003,2.868980907758635,161.36149789239607,168.49050445556642,175.61951101873677,-0.0054806235278231,0.012378627453605,0.0054235674293665,-0.0054956972457596,0.0072567104255349,0.013872110581313,0.5230773865026087,-0.755144970863072,0.012378627453605,0.0054235674293665,0.0069550600242385,171.5886260986328,170.97989044189453,168.4905044555664,1.0035602763293685,1.0147746366738704,0.0180175827136415,-0.2192924143738969,49630490.0,0.8779059001835187,0.0006284941053398,0.0136659103189014,0.0036031411391539,-0.0028972189994073,0.0010948986161876,-0.000403473043158,-0.0061914816399671,0,5,0,0,0,xg_AAPL,0.16588174,1.0153453
2023-05-23,169.34400939941406,171.1405082441651,169.06762727894406,170.89373741791002,50747300,55.18859790274126,168.88613815307616,168.8118170583232,2.558359359633726,2.8068565981336535,162.57534418482604,168.88613815307616,175.19693212132628,-0.0151549719675613,-0.0029639422660125,0.0001589709783338,-0.0152709821347807,0.0082148805732662,0.0141923365815337,0.5787843137570766,-1.84459496853865,-0.0029639422660125,0.0001589709783338,-0.0031229132443464,171.48794250488282,170.98258209228516,168.88613815307616,1.0029556251076202,1.01241335708268,0.0153640176645992,0.1647062603710274,50172530.0,1.0114558703736685,-0.0054806235278231,0.0006284941053398,0.0136659103189014,0.0,-0.005417633730042,-0.0099709844317348,-0.0064672031433621,1,5,0,0,1,xg_AAPL,0.2519075,1.5419003
2023-05-24,169.62037658691406,170.19288666082696,168.317434571077,168.88006417332414,45143500,55.86719318411784,169.29608383178712,168.88882272771278,2.3202664918582627,2.7095385768785754,164.05192528993234,169.29608383178712,174.5402423736419,0.0016319867970537,-0.0049221983473974,-0.0085404946148308,0.0016306565536972,0.0074125996794634,0.0141813674199338,0.5226630688642825,0.2201341949410328,-0.0049221983473974,-0.0085404946148308,0.0036182962674333,171.32013549804688,170.8364700317383,169.29608383178712,1.002831160502314,1.009098770420949,0.0119328332302259,-0.1104255792919032,49314430.0,0.9154217132794414,-0.0151549719675613,-0.0054806235278231,0.0006284941053398,0.0036031411391539,-0.0028972189994073,0.0104207098450708,-0.0099133868254642,2,5,0,0,1,xg_AAPL,0.35401943,2.166917
2023-05-25,170.75552368164062,171.65375792303627,169.47231254318322,170.18301363335365,56058300,58.63780825800732,169.5336067199707,169.066603770944,2.1978377569484735,2.607198412892555,164.49060181634303,169.5336067199707,174.57661162359835,0.0066922802411355,-0.0117679494145697,-0.0029969869763503,0.0066699863431249,0.0077767118801606,0.0128714019978217,0.6041383637239266,0.8604433211528731,-0.0117679494145697,-0.0029969869763503,-0.0087709624382193,170.91346130371093,170.78514099121094,169.5336067199707,1.0007513552511371,1.0073822193454982,0.008080878170084,0.2417801012327356,49968790.0,1.1218662689250407,0.0016319867970537,-0.0151549719675613,-0.0054806235278231,0.0136659103189014,0.0,0.0010948986161876,0.0469268321286089,3,5,0,0,1,xg_AAPL,0.49253386,3.0147498
2023-05-26,173.16400146484375,173.49962120538788,170.87397623432938,171.08127033696854,54835000,63.82673500207446,169.82896118164064,169.45683212274398,2.269000505671272,2.539558831448298,164.65710900960678,169.82896118164064,175.0008133536745,0.0141048308791082,0.0015414336409551,0.0165729920390302,0.0140062833352532,0.0087332824676274,0.0131152106867518,0.6658388368561798,1.6148814663810316,0.0015414336409551,0.0165729920390302,-0.0150315583980751,170.96676330566407,171.06744689941405,169.82896118164064,0.9994114391979604,1.0072925472143046,0.0065706619990208,-0.0218219246748474,50898980.0,1.077330036869087,0.0066922802411355,0.0016319867970537,-0.0151549719675613,0.0006284941053398,0.0036031411391539,-0.005417633730042,-0.000403473043158,4,5,0,0,1,xg_AAPL,0.43499207,2.6625423
2023-05-30,175.00985717773438,176.67803022234617,174.28929064745816,174.6742524991613,55964400,67.22074320314341,170.22104339599613,169.9856916517907,2.44614498953743,2.520876063066125,164.720023522661,170.22104339599613,175.72206326933127,0.0106595810750271,0.0177956002661836,0.0303945128257971,0.01060316827777,0.0089922929683876,0.0132478099892096,0.6787245779591768,1.1852811992778052,0.0177956002661836,0.0303945128257971,-0.0125989125596135,171.57875366210936,171.58368988037108,170.2210433959961,0.9999712314249382,1.0080051588052188,0.0077579074002352,0.0205963344579191,52768750.0,1.0605595167594255,0.0141048308791082,0.0066922802411355,0.0016319867970537,-0.0054806235278231,0.0136659103189014,-0.0028972189994073,-0.0099709844317348,1,5,0,0,0,xg_AAPL,0.34997505,2.1421618
2023-05-31,174.9604949951172,177.03337571367211,174.4768188110026,175.03946345752533,99625300,67.03959341233151,170.66240844726568,170.45948244639322,2.553119382676357,2.5273247269881716,165.12599083901793,170.66240844726568,176.19882605551342,-0.0002820537277912,0.0331661309757707,0.030103886212359,-0.0002820935124248,0.0090033061578764,0.013111857740845,0.6866013752160383,-0.0313243155936557,0.0331661309757707,0.030103886212359,0.0030622447634116,172.70205078125,172.0949966430664,170.66240844726562,1.0035274362998632,1.008394280901312,0.0116577307011008,0.7801548841763692,58520250.0,1.702407286366656,0.0106595810750271,0.0141048308791082,0.0066922802411355,-0.0151549719675613,0.0006284941053398,0.0,0.0104207098450708,2,5,0,1,1,xg_AAPL,0.30624372,1.8744867
2023-06-01,177.76382446289062,177.79343575638538,174.64463768008144,175.40469602373648,68901800,71.70333290615982,171.29766082763678,171.15513406701203,2.8314632735030045,2.5881524362911383,165.55667007586985,171.29766082763678,177.0386515794037,0.0160226425276841,0.048009844334969,0.0428513320111272,0.0158956348604073,0.0099060385588269,0.0132504576077784,0.7475433157641598,1.617298896390017,0.048009844334969,0.0428513320111272,0.0051585123238417,174.33074035644532,172.8254379272461,171.29766082763672,1.008709958714717,1.0089188439131498,0.0170624115338032,-0.3083905393509479,59615270.0,1.1557743511016365,-0.0002820537277912,0.0106595810750271,0.0141048308791082,0.0016319867970537,-0.0054806235278231,0.0036031411391539,0.0010948986161876,3,6,1,0,1,xg_AAPL,0.6320471,3.8686962
2023-06-02,178.61270141601562,179.43198227661338,176.94452840385708,178.69166987914852,61996900,72.95141061965566,172.0571716308594,171.86537857644095,3.0849882637332655,2.687519601779564,166.69631099330013,172.0571716308594,177.4180322684187,0.0047753076627927,0.0460141936551583,0.0337047515373025,0.0047639420496592,0.0093503267784949,0.0128516345011657,0.7275027370961843,0.5106556295064422,0.0460141936551583,0.0337047515373025,0.0123094421178557,175.9021759033203,173.40781860351564,172.0571716308594,1.0143843416051952,1.007849989395118,0.0215270484236467,-0.100213637379575,59265290.0,1.0460912281033123,0.0160226425276841,-0.0002820537277912,0.0106595810750271,0.0066922802411355,-0.0151549719675613,0.0136659103189014,-0.005417633730042,4,6,0,0,0,xg_AAPL,0.28118265,1.7210904
2023-06-05,177.26039123535156,182.5610228518948,175.7402747725204,180.27099781019857,121946500,67.81952086360754,172.36562194824222,172.37918930586102,3.1405857970660236,2.778132840836856,166.54827320438704,172.36562194824222,178.1829706920974,-0.0075711870989193,0.0236561279241371,0.0252340259164893,-0.0075999940298494,0.0099563469715621,0.0083938525379969,1.1860061777735362,-0.7603618835963427,0.0236561279241371,0.0252340259164893,-0.0015778979923521,176.72145385742186,173.84410858154297,172.3656219482422,1.0165512958670626,1.0085776189972775,0.0245730694760588,0.966977381127121,65878990.0,1.8510681478267677,0.0047753076627927,0.0160226425276841,-0.0002820537277912,0.0141048308791082,0.0016319867970537,0.0006284941053398,-0.0028972189994073,0,6,0,0,0,xg_AAPL,0.44041005,2.6957052
2023-06-06,176.8951873779297,177.79342164547316,175.13816542041533,177.64536518975015,64848400,66.45981038651543,172.65926361083984,172.80928436034375,3.1192218952723465,2.846350651723954,166.54223936946437,172.65926361083984,178.77628785221532,-0.0020602676936269,0.0107727086382376,0.0287600157211314,-0.0020623929646976,0.0097058017739578,0.0084249245683088,1.1518975389908928,-0.2122498987415642,0.0107727086382376,0.0287600157211314,-0.0179873070828937,177.09851989746093,174.33863677978516,172.65926361083984,1.0158305879216083,1.0097265164568898,0.025095404529784,-0.4682225402123062,68006740.0,0.953558426708868,-0.0075711870989193,0.0047753076627927,0.0160226425276841,0.0106595810750271,0.0066922802411355,-0.0054806235278231,0.0,1,6,0,0,0,xg_AAPL,0.37896407,2.3196006
2023-06-07,175.5231475830078,178.86935913776645,175.02960596689772,176.135134367242,61944600,61.47332589807047,172.96956634521484,173.067747524407,2.9574866393402885,2.868577849247221,166.9373475506368,172.96956634521484,179.0017851397929,-0.0077562302019589,0.003215883607933,0.0364886730006472,-0.0077864662018232,0.0083678716147192,0.008276370707841,1.0109335331317744,-0.9267952191209644,0.003215883607933,0.0364886730006472,-0.0332727893927142,177.21105041503907,174.95655059814453,172.96956634521484,1.0128860554759842,1.0114874789531705,0.0241648131783778,-0.0447782828874729,69126470.0,0.8961053558788566,-0.0020602676936269,-0.0075711870989193,0.0047753076627927,-0.0002820537277912,0.0141048308791082,-0.0151549719675613,0.0036031411391539,2,6,0,0,1,xg_AAPL,0.2074187,1.2695888
2023-06-08,178.23760986328125,178.50411146672758,175.16778069465795,175.6020846245424,50214900,66.78331309620792,173.32737197875977,173.56011536620454,3.0136057330980464,2.8975834260173863,166.9288790314228,173.32737197875977,179.72586492609673,0.0154649817853209,0.0026652520658922,0.0508030547376581,0.015346617726661,0.0091126345201329,0.0086214786188602,1.0568462878180511,1.696906075304784,0.0026652520658922,0.0508030547376581,-0.0481378026717658,177.3058074951172,175.81827392578126,173.32737197875977,1.0084606311740034,1.0143710824123424,0.0223209653642074,-0.1893579101326024,69633610.0,0.7211302128383015,-0.0077562302019589,-0.0020602676936269,-0.0075711870989193,0.0160226425276841,0.0106595810750271,0.0016319867970537,0.0136659103189014,3,6,0,0,1,xg_AAPL,0.430634,2.6358669
2023-06-09,178.62257385253906,179.8761586114367,178.29683460490384,179.15559212759166,48900000,67.46811067988025,173.695059967041,174.04225426966497,3.0539399768308613,2.9288547361800816,166.95842024335877,173.695059967041,180.43169969072324,0.0021598359041792,5.527286942741405e-05,0.0460720098611033,0.0021575068116481,0.0091320838938054,0.0086183220714301,1.059489808841808,0.2364848422824783,5.527286942741405e-05,0.0460720098611033,-0.0460167369916759,177.3077819824219,176.6049789428711,173.695059967041,1.003979519964599,1.0167530324488343,0.0202254504425814,-0.0261854549147763,68917780.0,0.7095411372798034,0.0154649817853209,-0.0077562302019589,-0.0020602676936269,0.0047753076627927,-0.0002820537277912,0.0066922802411355,0.0006284941053398,4,6,0,0,1,xg_AAPL,0.23737247,1.4529328
2023-06-12,181.41603088378903,181.51474523727245,178.63246384356634,178.92859184232086,54274900,71.98198839847787,174.24881439208986,174.74451870910536,3.273578022398368,2.997799393423739,166.8817982424929,174.24881439208986,181.6158305416868,0.0156388801874285,0.0234437012097077,0.0476544163286769,0.015517853088661,0.0093213160434753,0.0089271634640069,1.0440351009536637,1.6775745549169774,0.0234437012097077,0.0476544163286769,-0.0242107151189692,178.13890991210937,177.43018188476563,174.24881439208983,1.0039944051221457,1.0182576134235104,0.0214429535309999,0.1099161554192229,68861770.0,0.7881717243108798,0.0021598359041792,0.0154649817853209,-0.0077562302019589,-0.0075711870989193,0.0160226425276841,0.0141048308791082,-0.0054806235278231,0,6,0,0,0,xg_AAPL,0.2331206,1.4269075
2023-06-13,180.94223022460935,181.77137654932005,180.08347260699438,180.43882318354116,54929100,70.20275465755294,174.8035545349121,175.33477694867716,3.370557315801335,3.0723509778992586,167.1660945237293,174.8035545349121,182.44101454609492,-0.0026116802185094,0.0228781964431474,0.0338973652258354,-0.0026150966049272,0.0093241054798891,0.0089171348664286,1.04552191904933,-0.2800697776708128,0.0228781964431474,0.0338973652258354,-0.0110191687826879,178.9483184814453,178.02341918945314,174.8035545349121,1.0051953798899227,1.018419903777746,0.0229065594106371,0.0120534538064556,68758240.0,0.7988729787149759,0.0156388801874285,0.0021598359041792,0.0154649817853209,-0.0020602676936269,0.0047753076627927,0.0106595810750271,-0.0151549719675613,1,6,0,0,1,xg_AAPL,0.18718268,1.1457262
2023-06-14,181.57394409179688,182.0082630916424,179.668880824476,181.0014340521544,57462900,71.22404300235753,175.38988037109374,175.92898334326,3.458520463105799,3.149584874940567,167.556474218199,175.38988037109374,183.2232865239885,0.0034912461640566,0.0344729261758911,0.0377996707020305,0.0034851659118295,0.009235459239524,0.0088851747867187,1.039306502650311,0.3779853376191055,0.0344729261758911,0.0377996707020305,-0.0033267445261393,180.15847778320312,178.68476409912108,175.38988037109374,1.0082475620767786,1.0187860537965814,0.0262625644662901,0.0461285548097456,64542000.0,0.8903179325090501,-0.0026116802185094,0.0156388801874285,0.0021598359041792,-0.0077562302019589,-0.0075711870989193,-0.0002820537277912,0.0016319867970537,2,6,0,0,1,xg_AAPL,0.25637245,1.5692297
2023-06-15,183.6073303222656,184.11075236554325,181.40613912687283,181.58382192499832,65433200,74.27987506828173,176.04727630615236,176.66025448411767,3.650231568830634,3.2497142137185806,167.76229598233556,176.04727630615236,184.33225662996915,0.0111986675215951,0.0301267530635269,0.0328723005202604,0.0111364266896467,0.008629618445039,0.009055852042787,0.9528275833888372,1.297550991613155,0.0301267530635269,0.0328723005202604,-0.0027455474567334,181.23242187499997,179.26911468505858,176.04727630615236,1.0109517313865837,1.0183009839544654,0.028240406086983,0.1387034068938393,64195140.0,1.019285883635412,0.0034912461640566,-0.0026116802185094,0.0156388801874285,0.0154649817853209,-0.0020602676936269,0.0160226425276841,0.0066922802411355,3,6,0,0,0,xg_AAPL,0.34681687,2.1228309
2023-06-16,182.5314178466797,184.57468723659963,181.88981981135748,184.31803597311568,101256200,70.04152292840249,176.5344024658203,177.21941289959975,3.6730067212027393,3.3343727152154123,167.9170946348868,176.5344024658203,185.1517102967538,-0.0058598557786199,0.0218832587048463,0.0219397411247745,-0.0058770921013877,0.0090680963220215,0.0089840410624513,1.0092437262103693,-0.6461344736620563,0.0218832587048463,0.0219397411247745,-5.648241992828318e-05,182.0141906738281,179.660986328125,176.5344024658203,1.013098026420746,1.017710904042684,0.030021068551665,0.5474743708087026,68121070.0,1.48641528971871,0.0111986675215951,0.0034912461640566,-0.0026116802185094,0.0021598359041792,-0.0077562302019589,0.0047753076627927,0.0141048308791082,4,6,0,0,0,xg_AAPL,0.18636577,1.140726
2023-06-20,182.62025451660156,183.69618663444365,182.02801364300083,182.02801364300083,49799100,70.19275632308923,177.0205406188965,177.73377876788567,3.656079561018487,3.3987140843760275,168.17318787645678,177.0205406188965,185.8678933613362,0.0004866924881747,0.0066379119141015,0.0302372303473799,0.0004865740917994,0.0084385860028151,0.008985887946119,0.9389886747680348,0.0576678154606692,0.0066379119141015,0.0302372303473799,-0.0235993184332783,182.2550354003906,180.19697265625,177.0205406188965,1.0114211837957268,1.0179438613521803,0.0286632761264619,-0.5081871529842124,60906330.0,0.81763422619618,-0.0058598557786199,0.0111986675215951,0.0034912461640566,0.0156388801874285,0.0154649817853209,-0.0075711870989193,0.0106595810750271,1,6,0,0,0,xg_AAPL,0.18989193,1.1623093
2023-06-21,181.5838165283203,183.01508403325016,180.2315024183292,182.51166200493424,49515700,66.00627708194854,177.5022361755371,178.1004490307842,3.5184740027090413,3.42266606804263,168.76898606154174,177.5022361755371,186.23548628953245,-0.0056753725977697,0.0035458074265721,0.0265051255485744,-0.0056915387196916,0.0087518034985389,0.0089954082357978,0.9728108450786436,-0.6484062619156317,0.0035458074265721,0.0265051255485744,-0.0229593181220022,182.3833526611328,180.66583557128905,177.50223617553712,1.0095065958896587,1.017822870651744,0.0268807902538738,-0.0056908658991828,59373060.0,0.8339758806434967,0.0004866924881747,-0.0058598557786199,0.0111986675215951,-0.0026116802185094,0.0021598359041792,-0.0020602676936269,-0.0002820537277912,2,6,0,0,1,xg_AAPL,0.21966748,1.3445623
2023-06-22,184.5845489501953,184.63390612000737,181.29756025506936,181.3666633051449,51245300,71.33659442457336,178.26426315307617,178.7179823564424,3.60994147640298,3.4601211497147006,169.87542770040346,178.26426315307617,186.65309860574888,0.0165253296204785,0.0165805995648604,0.0516251075255029,0.0163902722415976,0.0089096815290752,0.0084457836927107,1.0548016680910064,1.854552827026424,0.0165805995648604,0.0516251075255029,-0.0350445079606425,182.9854736328125,181.5719757080078,178.26426315307617,1.0077847802189352,1.018555107436712,0.0255774955519717,0.0349303352270087,58303130.0,0.8789459502431366,-0.0056753725977697,0.0004866924881747,-0.0058598557786199,0.0034912461640566,0.0156388801874285,-0.0077562302019589,0.0160226425276841,3,6,0,0,0,xg_AAPL,0.41248137,2.5247567
2023-06-23,184.26870727539065,185.13734541827677,182.62027993546528,183.1533133637622,53117000,70.09081179190747,178.99667968749998,179.24662282491366,3.615269745535983,3.4911508688789574,171.25237711826327,178.99667968749998,186.7409822567367,-0.0017110948700796,0.0036021271697823,0.0338374006290569,-0.0017125604649939,0.008321828799682,0.0085350557410784,0.9749032869636142,-0.2055905403394905,0.0036021271697823,0.0338374006290569,-0.0302352734592745,183.1177490234375,182.17508544921876,178.9966796875,1.0051744922852337,1.0177567861441217,0.0223644556738466,0.0365243251576241,58593340.0,0.906536476671224,0.0165253296204785,-0.0056753725977697,0.0004866924881747,0.0111986675215951,-0.0026116802185094,0.0154649817853209,0.0047753076627927,4,6,0,0,0,xg_AAPL,0.4480746,2.7426193
2023-06-26,182.87689208984375,185.62098193195175,182.83740033087776,184.41673933227065,48088700,64.7265589611154,179.60274810791014,179.592362754907,3.46721666814031,3.486364028731228,172.72531631646387,179.60274810791014,186.4801798993564,-0.0075531825567475,0.0018926837211896,0.0238173605135532,-0.0075818522965365,0.0090159195440232,0.0089013231799563,1.012760305570871,-0.8376677334061493,0.0018926837211896,0.0238173605135532,-0.0219246767923635,183.1868438720703,182.6005172729492,179.60274810791014,1.0032109799461555,1.016691109666306,0.0195984070114193,-0.0946646083174878,58512210.0,0.8218575234126207,-0.0017110948700796,0.0165253296204785,-0.0056753725977697,-0.0058598557786199,0.0034912461640566,0.0021598359041792,-0.0075711870989193,0,6,0,0,1,xg_AAPL,0.19300614,1.181371
2023-06-27,185.630859375,185.9565986299679,183.27173119056016,183.48889069387212,50730800,69.67247762945982,180.22609100341796,180.16745767110635,3.5313979246303404,3.495370807911051,173.54886950396343,180.22609100341796,186.9033125028725,0.0150591321499671,0.0164856021385335,0.0232329440274816,0.0149468690726326,0.0089226625014605,0.0089636572139787,0.9953155250093983,1.6875506158488622,0.0164856021385335,0.0232329440274816,-0.0067473418889481,183.78896484375,183.02200012207032,180.22609100341796,1.0041905602668977,1.0155133427301564,0.019193327296592,0.0549422213534571,58157800.0,0.8722957195767228,-0.0075531825567475,-0.0017110948700796,0.0165253296204785,0.0004866924881747,0.0111986675215951,0.0156388801874285,-0.0020602676936269,1,6,0,0,1,xg_AAPL,0.4395922,2.6906993
2023-06-28,186.80551147460935,187.4471095844542,185.17683008088284,185.50255431027165,51216800,71.50759329482968,180.8158737182617,180.79965327144,3.6351429748448822,3.5233252412978175,173.99635191956688,180.8158737182617,187.63539551695655,0.00632789237503,0.028756389452111,0.0324041614979637,0.0063079553262062,0.0088192171148261,0.0088334559074662,0.9982750728737936,0.7174304546759178,0.028756389452111,0.0324041614979637,-0.0036477720458527,184.83330383300785,183.60832824707032,180.8158737182617,1.0066716776827744,1.0154436359562085,0.0215059506704766,0.009579979026548,57786570.0,0.8863097429039155,0.0150591321499671,-0.0075531825567475,-0.0017110948700796,-0.0056753725977697,-0.0058598557786199,-0.0026116802185094,-0.0077562302019589,2,6,0,0,1,xg_AAPL,0.25618204,1.5680643
2023-06-29,187.14111328125,187.6149240946042,186.49951518133068,186.6377062364685,46347300,72.02836111243505,181.4249046325683,181.40360184380285,3.7017702326669735,3.559014239571649,174.6315992458037,181.4249046325683,188.218210019333,0.0017965305412643,0.0138503701723404,0.0306606171788534,0.0017949187104511,0.0088298931626442,0.0088012191848566,1.0031439773546136,0.2034370146005087,0.0138503701723404,0.0306606171788534,-0.016810247006513,185.34461669921876,184.16504516601563,181.42490463256837,1.0064049696951982,1.0151034420494625,0.0209452214851343,-0.0950762249886756,56675010.0,0.8177731243452658,0.00632789237503,0.0150591321499671,-0.0075531825567475,0.0165253296204785,0.0004866924881747,0.0034912461640566,0.0154649817853209,3,6,0,0,1,xg_AAPL,0.19338217,1.1836727
2023-06-30,191.46453857421875,191.96794560784363,188.78953634841977,189.1547673916645,85213200,77.68647348470427,182.10994033813475,182.36178629431865,4.056674287292424,3.658546249115804,174.19974699183476,182.10994033813475,190.0201336844347,0.0231024878347878,0.0390507504243458,0.042793543363232,0.0228396655631657,0.0106615037536552,0.0094535247235861,1.127661523488128,2.166703840724834,0.0390507504243458,0.042793543363232,-0.0037427929388862,186.7837829589844,184.95076599121097,182.1099403381348,1.0099108373947503,1.0155995089988028,0.0244110092430397,0.838579593633286,58653010.0,1.4528359243625957,0.0017965305412643,0.00632789237503,0.0150591321499671,-0.0017110948700796,-0.0056753725977697,0.0111986675215951,0.0021598359041792,4,6,0,1,0,xg_AAPL,0.44591764,2.7294166
2023-07-03,189.97406005859375,191.37571654835668,189.28308969373236,191.27700219289193,31458200,72.25980971602331,182.6780082702637,183.08676474805912,4.169604542093936,3.760757907711431,174.2129384993653,182.6780082702637,191.14307804116203,-0.0077846191609378,0.0388084458766027,0.0407745817115474,-0.0078150774826069,0.0108794444764328,0.00979368370059,1.110749954669532,-0.7154688558725207,0.0388084458766027,0.0407745817115474,-0.0019661358349447,188.2032165527344,185.69503021240232,182.6780082702637,1.0135070192102775,1.0165155180456924,0.0290840143163049,-0.6308294958996963,51673210.0,0.6087912866260755,0.0231024878347878,0.0017965305412643,0.00632789237503,-0.0075531825567475,0.0165253296204785,-0.0058598557786199,0.0156388801874285,0,7,0,0,0,xg_AAPL,0.35466722,2.170882
2023-07-05,188.8586273193359,190.48730854754436,188.15779163185775,189.09553270560195,46920300,68.40857153299271,183.25792007446287,183.6364659453236,4.121585411617616,3.832923408492668,174.76648534287185,183.25792007446287,191.7493548060539,-0.0058715002401581,0.0173880999915825,0.0341603554285225,-0.0058888052685928,0.0112893804365535,0.0097028594077413,1.1633907667239485,-0.5200444992224235,0.0173880999915825,0.0341603554285225,-0.01677225543694,188.84877014160156,186.3188674926758,183.2579200744629,1.0135783492191162,1.0167029475013638,0.0296033607068701,0.4915125468081454,51385330.0,0.9131069120311008,-0.0077846191609378,0.0231024878347878,0.0017965305412643,0.0150591321499671,-0.0017110948700796,0.0004866924881747,-0.0026116802185094,2,7,0,0,1,xg_AAPL,0.25207213,1.542908
2023-07-06,189.3324279785156,189.53972207962792,186.756140199604,187.3878728511301,45094300,69.16045153258197,183.8797821044922,184.1789385199133,4.0747900154055685,3.881296729875249,175.529840607374,183.8797821044922,192.22972360161037,0.0025087583548859,0.0135269911682969,0.0426723680465588,0.0025056166740258,0.0108445173803465,0.0096255133824677,1.126525975655631,0.2313175357989054,0.0135269911682969,0.0426723680465588,-0.0291453768782619,189.3541534423828,187.0937286376953,183.8797821044922,1.0120817775194637,1.017478520457332,0.0289140713840728,-0.0389170572225667,50943190.0,0.8851879907795157,-0.0058715002401581,-0.0077846191609378,0.0231024878347878,0.00632789237503,-0.0075531825567475,-0.0056753725977697,0.0034912461640566,3,7,0,0,0,xg_AAPL,0.27716976,1.696528
2023-07-07,188.2170257568359,190.1813268348204,187.7827217812524,188.93760736945495,46815000,65.22483491853755,184.5144760131836,184.56351825676307,3.9027126472375926,3.885579913347718,176.94585868698317,184.5144760131836,192.083093339384,-0.005891237088061,0.005749204205967,0.0196792029847563,-0.0059086588829222,0.0103273811745531,0.0095197208686197,1.084726809772591,-0.5703930740449175,0.005749204205967,0.0196792029847563,-0.0139299987787893,189.5693359375,187.45697631835935,184.5144760131836,1.0112685036354858,1.015947259904776,0.0268565497939966,0.0381578159545663,50500160.0,0.927026765855773,0.0025087583548859,-0.0058715002401581,-0.0077846191609378,0.0017965305412643,0.0150591321499671,0.0165253296204785,0.0111986675215951,4,7,0,0,0,xg_AAPL,0.53535414,3.2768483
2023-07-10,186.17376708984375,187.5359467558433,184.6240392018072,186.8153651594175,59922200,58.6416279173165,184.9112838745117,184.71687528848503,3.5604238452121706,3.820548699720608,177.91799509572343,184.9112838745117,191.90457265329997,-0.0108558652373559,-0.0276331665580156,0.0103384879756385,-0.0109152200988411,0.011070485257445,0.0096033930403585,1.152648086237823,-0.9805247430606332,-0.0276331665580156,0.0103384879756385,-0.0379716545336541,188.511181640625,187.6474822998047,184.91128387451172,1.004602776068375,1.0147973577813123,0.0193362245518513,0.2799786393250028,51180680.0,1.1707972617792266,-0.005891237088061,0.0025087583548859,-0.0058715002401581,0.0231024878347878,0.00632789237503,-0.0017110948700796,-0.0058598557786199,0,7,0,0,0,xg_AAPL,0.44857815,2.7457013
2023-07-11,185.6506195068359,186.85486227702737,184.18974051380027,186.71667122446576,46638100,57.053831226576214,185.26268615722657,184.8058033092804,3.2099416564313685,3.69842729106276,178.92428207646088,185.26268615722657,191.6010902379922,-0.0028099962265649,-0.0227580573391144,0.0151671837009865,-0.0028139516775675,0.0107564699788177,0.009669214736567,1.1123300021604607,-0.2612134853360547,-0.0227580573391144,0.0151671837009865,-0.0379252410401009,187.6464935302734,187.9248550415039,185.26268615722657,0.9985187616019764,1.014369698180982,0.0128402877371441,-0.221689123563554,51035620.0,0.9138342984762228,-0.0108558652373559,-0.005891237088061,0.0025087583548859,-0.0077846191609378,0.0017965305412643,-0.0075531825567475,0.0004866924881747,1,7,0,0,1,xg_AAPL,0.38323063,2.3457158
2023-07-12,187.3188018798828,189.2238654174545,186.0355905787657,187.22995293607855,60750200,60.70729488319054,185.5578247070312,185.04513650648065,3.031841194621876,3.5651100717745834,179.4272849405791,185.5578247070312,191.68836447348332,0.0089856008963411,-0.0081533232625345,0.0090930059288953,0.0089454706019953,0.0100582561358558,0.0092810548861565,1.0836238590720797,0.8932669349488324,-0.0081533232625345,0.0090930059288953,-0.0172463291914299,187.3385284423828,188.09364929199216,185.55782470703124,0.9959853995472376,1.013665953397355,0.0095062733558023,0.302587369554077,52037560.0,1.1674298333741788,-0.0028099962265649,-0.0108558652373559,-0.005891237088061,-0.0058715002401581,0.0231024878347878,0.0150591321499671,-0.0056753725977697,2,7,0,0,1,xg_AAPL,0.24824414,1.5194771
2023-07-13,188.0788116455078,188.72042471252908,187.32863389417255,188.0393349477294,41342300,62.2816175659719,185.91465377807617,185.33405794829272,2.918380458614479,3.4357641491425626,180.09224999374194,185.91465377807617,191.7370575624104,0.0040573063568511,-0.0066212446879413,0.0068161809619387,0.0040490976853204,0.009948413471145,0.0092398615743631,1.076567741123281,0.4077935215596453,-0.0066212446879413,0.0068161809619387,-0.01343742564988,187.08780517578123,188.220979309082,185.91465377807617,0.993979554577495,1.01240529180534,0.0062375521593374,-0.319470553183364,51050110.0,0.8098376281657217,0.0089856008963411,-0.0028099962265649,-0.0108558652373559,0.0025087583548859,-0.0077846191609378,0.00632789237503,0.0165253296204785,3,7,0,0,0,xg_AAPL,0.3154682,1.9309487
2023-07-14,188.22689819335935,188.71055932283983,187.18059240914323,187.77283329330808,41616200,62.59608810776321,186.2473014831543,185.60956654306096,2.8080419945214317,3.3102197182183364,180.7161750836667,186.2473014831543,191.77842788264184,0.0007873643317708,5.2452409572190106e-05,0.0058019581751527,0.0007870545230863,0.0099414380556521,0.0092363099334681,1.0762265342676112,0.0791922793346684,5.2452409572190106e-05,0.0058019581751527,-0.0057495057655805,187.08977966308595,188.32955780029295,186.2473014831543,0.993416975265658,1.0111800616736828,0.0044758649694487,0.0066251756675366,50577000.0,0.8228285584356363,0.0040573063568511,0.0089856008963411,-0.0028099962265649,-0.005891237088061,-0.0058715002401581,0.0017965305412643,-0.0017110948700796,4,7,0,0,1,xg_AAPL,0.27029827,1.6544683
2023-07-17,191.4842987060547,191.81003800912129,189.3324492359564,189.4212831199665,50520200,68.76500102956314,186.64114990234376,186.16906484429848,2.94944361489695,3.2380644975540593,180.78906404730304,186.64114990234376,192.49323575738447,0.0173057121163899,0.0285245966669847,0.0001032051782701,0.0171576737790841,0.0085577320060719,0.0096534796740041,0.8864001266805379,2.0219948590646997,0.0285245966669847,0.0001032051782701,0.0284213914887145,188.15188598632812,188.33153381347657,186.64114990234376,0.9990461086175492,1.009056866141348,0.0078896081516505,0.2139551424685579,47107700.0,1.072440386603441,0.0007873643317708,0.0040573063568511,0.0089856008963411,-0.0108558652373559,0.0025087583548859,0.0231024878347878,-0.0075531825567475,0,7,0,0,0,xg_AAPL,0.48979485,2.9979846
2023-07-18,191.22764587402344,191.8199018860801,189.93456914478577,190.8525644573039,48288200,67.81596404316502,187.07596130371093,186.65083446617703,3.0061427369676323,3.191680145436774,181.21731684591052,187.07596130371093,192.93460576151136,-0.0013403335613706,0.0300404403820595,0.0065987209782381,-0.00134123261184,0.0081349734532311,0.0095079984617857,0.8555026573958898,-0.1647416340620361,0.0300404403820595,0.0065987209782381,0.0234417194038214,189.2672912597656,188.4568923950195,187.07596130371093,1.004300181619505,1.0073816597369594,0.0114592738201582,-0.044180347662915,48790700.0,0.9897009061152844,0.0173057121163899,0.0007873643317708,0.0040573063568511,-0.0028099962265649,-0.005891237088061,-0.0077846191609378,0.0150591321499671,1,7,0,0,1,xg_AAPL,0.30987367,1.8967053
2023-07-19,192.57994079589844,195.66950100927124,190.16157487576123,190.6057743707706,80507300,70.15330451388817,187.57394561767575,187.21551125948383,3.1241824675490193,3.1781806098592233,181.61764253549157,187.57394561767575,193.53024869986,0.0070716496858715,0.0280865501125151,0.0197042281275838,0.007046762829769,0.0080040435045368,0.0095531658426593,0.8377542986326197,0.8833992821979977,0.0280865501125151,0.0197042281275838,0.0083823219849312,190.31951904296875,188.82902374267576,187.57394561767575,1.007893359139134,1.006691111182137,0.0142567985738598,0.6672251191802552,52149400.0,1.5437819035309794,-0.0013403335613706,0.0173057121163899,0.0007873643317708,0.0089856008963411,-0.0108558652373559,-0.0058715002401581,0.00632789237503,2,7,0,0,0,xg_AAPL,0.33281907,2.0371518
2023-07-20,190.63539123535156,193.9322456468904,190.01352397351403,192.57006595398724,59581200,63.06118736895227,188.02652435302736,187.54121411432837,3.0259397562794277,3.1477324391432644,182.63818220077096,188.02652435302736,193.41486650528375,-0.0100973629574835,0.0135931292178854,0.0068818810953177,-0.0101486871115286,0.0088589057164303,0.0098051001522307,0.9034076318723908,-1.1396693464534742,0.0135931292178854,0.0068818810953177,0.0067112481225677,190.8308349609375,188.95932006835935,188.02652435302736,1.0099043269837185,1.0049609794072492,0.014710335734292,-0.2599279816861328,53598090.0,1.111629164397442,0.0070716496858715,-0.0013403335613706,0.0173057121163899,0.0040573063568511,-0.0028099962265649,0.0025087583548859,0.0017965305412643,3,7,0,0,0,xg_AAPL,0.3179769,1.9463043
2023-07-21,189.46075439453125,192.45161532627137,188.7599186858544,191.59285775033445,71951700,59.16986146824634,188.27033462524415,187.72402747434768,2.820782103381333,3.0823423719908782,183.1009195077029,188.27033462524415,193.43974974278535,-0.0061616934463661,0.0065551534505148,0.0066079496936806,-0.0061807550208206,0.008881719822605,0.0093986584836536,0.944898140506987,-0.6936719348825655,0.0065551534505148,0.0066079496936806,-5.2796243165786905e-05,191.07760620117188,189.0836929321289,188.27033462524415,1.010545136061832,1.0043201617955573,0.0148171666733781,0.2076242170349036,56111760.0,1.2822926958626626,-0.0100973629574835,0.0070716496858715,-0.0013403335613706,0.0007873643317708,0.0089856008963411,-0.005891237088061,0.0231024878347878,4,7,0,0,1,xg_AAPL,0.25581655,1.5658271
2023-07-24,190.26028442382812,192.3923877240068,189.766742829992,190.9117629424984,45377800,60.936790977920104,188.56991348266604,187.96557575525057,2.691680558822384,3.0042100093571795,183.690623649947,188.56991348266604,193.4492033153851,0.0042200297990577,-0.0063922435964607,0.0219500169001376,0.0042111504452986,0.0079320907924929,0.0093906808772988,0.8445869164556056,0.5319527923531628,-0.0063922435964607,0.0219500169001376,-0.0283422604965983,190.83280334472656,189.49234466552736,188.569913482666,1.0070739463463037,1.004891719817998,0.0118936533124258,-0.3693297031202877,54657320.0,0.830223655312759,-0.0061616934463661,-0.0100973629574835,0.0070716496858715,0.0173057121163899,0.0040573063568511,-0.0108558652373559,-0.0077846191609378,0,7,0,0,1,xg_AAPL,0.3179933,1.9464048
2023-07-25,191.11903381347656,191.92844922240585,190.4280786239598,190.83278632842445,37283200,62.798922020583255,188.98202056884767,188.26590509412924,2.6283624275436352,2.9290404929944707,184.7823625398459,188.98202056884767,193.18167859784944,0.0045135504356519,-0.0005679725860266,0.0294554056494236,0.0045033949137254,0.0077540299804216,0.0091533912519441,0.8470284661227349,0.5820158590033658,-0.0005679725860266,0.0294554056494236,-0.0300233782354503,190.8110809326172,190.0391860961914,188.98202056884764,1.0040617666928708,1.0055940005518071,0.0095702679491076,-0.1783823808117626,53721830.0,0.6940046532294099,0.0042200297990577,-0.0061616934463661,-0.0100973629574835,-0.0013403335613706,0.0007873643317708,-0.0028099962265649,-0.0058715002401581,1,7,0,0,1,xg_AAPL,0.18574011,1.1368964
2023-07-26,191.98768615722656,193.11296042478057,190.8229351880455,191.1684052777898,47471900,64.635358134723,189.29986190795896,188.62036043347183,2.618095560914498,2.866851506578476,185.20725913664972,189.29986190795896,193.39246467926824,0.0045450854706483,-0.0030753703434749,0.0249248032257736,0.004534787760539,0.0074916868986838,0.0086678250126103,0.8642101885533325,0.6066028825315959,-0.0030753703434749,0.0249248032257736,-0.0280001735692485,190.6926300048828,190.50607452392575,189.29986190795896,1.0009792626372849,1.006371967754278,0.0072544657670556,0.2732785812376619,52394000.0,0.9060560369507786,0.0045135504356519,0.0042200297990577,-0.0061616934463661,0.0070716496858715,0.0173057121163899,0.0089856008963411,0.0025087583548859,2,7,0,0,0,xg_AAPL,0.25988278,1.5907161
2023-07-27,190.7242126464844,194.6527994732912,190.06286872536143,193.48804855415668,47460200,59.99610385485759,189.49579696655277,188.8207273109016,2.4794259630015176,2.7893663978630845,185.53284172008983,189.49579696655277,193.45875221301569,-0.0065810132724213,0.0004659229881569,0.0140653855574262,-0.0066027636189982,0.0079835983594555,0.0087864933984863,0.9085182767626075,-0.8242134389424762,0.0004659229881569,0.0140653855574262,-0.0135994625692692,190.71039428710935,190.77061462402344,189.49579696655277,0.9996843311689656,1.006727419171707,0.006368343608307,-0.0002464615909621,53005790.0,0.8953776559126674,0.0045450854706483,0.0045135504356519,0.0042200297990577,-0.0100973629574835,-0.0013403335613706,0.0040573063568511,-0.005891237088061,3,7,0,0,1,xg_AAPL,0.23304932,1.4264712
2023-07-28,193.30050659179688,194.09017617119656,191.63233355900985,192.15548645475204,48291400,65.44277151914586,189.80376663208008,189.24737295670113,2.548042450724239,2.7411016084353155,185.65817438481267,189.80376663208008,193.94935887934744,0.0135079542841671,0.0202667418354609,0.026954746888649,0.0134175352108094,0.0088381584586679,0.0092168215772701,0.9588120560351918,1.5281946066846332,0.0202667418354609,0.026954746888649,-0.0066880050531881,191.4783447265625,191.2779754638672,189.80376663208008,1.0010475291899623,1.007767015681226,0.0086630817684235,0.0175136219400677,53673310.0,0.8997283752389987,-0.0065810132724213,0.0045450854706483,0.0045135504356519,-0.0061616934463661,0.0070716496858715,0.0007873643317708,-0.0108558652373559,4,7,0,0,1,xg_AAPL,0.55706453,3.4097354
2023-07-31,193.9125061035156,193.9519978690126,192.73787459795656,193.52754422924545,38824100,66.60592843074919,189.9261650085449,189.69167135163585,2.6215847602654776,2.7171982388013483,185.44328198455997,189.9261650085449,194.40904803252985,0.0031660522908567,0.0191959225265936,0.0126809739172839,0.0031610509009629,0.0072254822679938,0.0077346953019035,0.9340443212927284,0.4381180460207104,0.0191959225265936,0.0126809739172839,0.0065149486093096,192.2087890625,191.5207962036133,189.92616500854493,1.0035922618980513,1.008396058515669,0.0117714122715557,-0.1960452585760611,52503700.0,0.7394545527267461,0.0135079542841671,-0.0065810132724213,0.0045450854706483,0.0042200297990577,-0.0100973629574835,0.0173057121163899,-0.0028099962265649,0,7,0,1,0,xg_AAPL,0.39886904,2.441437
2023-08-01,193.08334350585935,194.1888718595327,192.75760424557473,193.7052107356477,35175100,63.48801220532046,190.08162918090815,190.01468774727616,2.5831837441640744,2.6903953398738936,185.38136623345304,190.08162918090815,194.78189212836332,-0.0042759624653276,0.0102779385872149,0.0097041284138299,-0.0042851305370508,0.0074014631519027,0.0075710488936413,0.9774716534276722,-0.5776404931145865,0.0102779385872149,0.0097041284138299,0.0005738101733849,192.60165100097657,191.70636596679688,190.0816291809082,1.0046700850525472,1.0085475739706669,0.0130514718375585,-0.0939880126004208,51192390.0,0.6871157998288283,0.0031660522908567,0.0135079542841671,-0.0065810132724213,0.0045135504356519,-0.0061616934463661,-0.0013403335613706,0.0089856008963411,1,8,1,0,0,xg_AAPL,0.2768133,1.6943461
2023-08-02,190.09246826171875,192.65887532596588,189.37190180440743,192.52068429221177,50389300,53.71953098526719,190.14332122802733,190.02209541531832,2.285071148037332,2.6093305015065815,185.4783903222153,190.14332122802733,194.80825213383935,-0.0154900738190802,-0.0098715596476106,-0.0129165712893015,-0.0156112984947496,0.0086716367228415,0.0082910248850313,1.0457803543855082,-1.7860858599419118,-0.0098715596476106,-0.0129165712893015,0.0030450116416909,192.222607421875,191.4576187133789,190.14332122802733,1.003995603380199,1.0069121412041364,0.0109382881545044,0.4325275550033973,48180590.0,1.0458423194900468,-0.0042759624653276,0.0031660522908567,0.0135079542841671,0.0045450854706483,0.0042200297990577,0.0070716496858715,0.0040573063568511,2,8,0,0,0,xg_AAPL,0.355933,2.1786299
2023-08-03,188.70069885253903,189.885195713569,188.22690312046603,189.09554118067888,61235200,49.87394348917339,190.1117347717285,189.89624812362504,1.914442111045787,2.470352823414423,185.41523744168555,190.1117347717285,194.80823210177144,-0.0073215389431606,-0.0106096324418758,-0.0101486527253694,-0.0073484729555488,0.0083976052538559,0.0084467497051314,0.9940641646561796,-0.8717565264541068,-0.0106096324418758,-0.0101486527253694,-0.0004609797165063,191.81790466308593,191.26414947509767,190.11173477172852,1.0028952377615354,1.0060617757486294,0.0090416723506185,0.2152421248161813,48345990.0,1.2666034970014832,-0.0154900738190802,-0.0042759624653276,0.0031660522908567,-0.0065810132724213,0.0045135504356519,-0.0100973629574835,0.0007873643317708,3,8,0,0,0,xg_AAPL,0.31331182,1.9177498
2023-08-04,179.63926696777344,184.9596445164711,179.57016391801557,183.12366926443607,115956800,33.20653006686695,189.68284683227537,188.9193927754487,0.879396964634708,2.15216165165848,183.07862288210015,189.68284683227537,196.2870707824505,-0.0480201289124355,-0.0706735841767483,-0.0518391656263842,-0.0492113882298888,0.0171423425124167,0.0136244006621845,1.2581165822149332,-2.8010948785311336,-0.0706735841767483,-0.0518391656263842,-0.018834418550364,189.08565673828124,190.28200073242184,189.6828468322754,0.9937127842384684,1.003158714191359,-0.0033243850527473,0.8936298076923077,52746500.0,2.1983790393674996,-0.0073215389431606,-0.0154900738190802,-0.0042759624653276,0.0135079542841671,0.0045450854706483,-0.0061616934463661,0.0173057121163899,4,8,0,0,0,xg_AAPL,0.41722983,2.5538216
2023-08-07,176.53985595703125,180.76457131743229,175.0592309925441,179.77748800777417,97576100,29.566824840938445,189.20115127563471,187.74038926893272,-0.188803922608514,1.6839685368050814,180.45973283423172,189.20115127563471,197.94256971703777,-0.0172535273777209,-0.0895901481321187,-0.0721139911482153,-0.0174041039796337,0.0171798071595528,0.01390946666511,1.2350273770931697,-1.0042326427095485,-0.0895901481321187,-0.0721139911482153,-0.0174761569839033,185.6111267089844,188.9099578857422,189.20115127563477,0.982537547444942,0.9984609322515784,-0.0203354905167939,-0.1585133429001145,57966330.0,1.683323750183914,-0.0480201289124355,-0.0073215389431606,-0.0154900738190802,0.0031660522908567,-0.0065810132724213,0.0042200297990577,-0.0013403335613706,0,8,0,0,1,xg_AAPL,0.64577544,3.952726
2023-08-08,177.47756958007812,177.94149990785485,175.2862435821482,177.3689898212007,67823000,31.995428050824938,188.7924987792969,186.76297786999424,-0.9487584720561985,1.1574231350328257,178.69346247902536,188.7924987792969,198.89153507956837,0.0053116256267655,-0.0808240298848338,-0.0713767957131463,0.0052975686981566,0.0172426308146352,0.0140198860735946,1.2297818215004264,0.3080340610318227,-0.0808240298848338,-0.0713767957131463,-0.0094472341716874,182.48997192382816,187.54581146240236,188.7924987792969,0.9730421090231184,0.9933965209160566,-0.0355116811120462,-0.3049220044662576,61020310.0,1.111482390043559,-0.0172535273777209,-0.0480201289124355,-0.0073215389431606,-0.0042759624653276,0.0135079542841671,0.0045135504356519,0.0070716496858715,1,8,0,0,0,xg_AAPL,0.6468634,3.9593852
2023-08-09,175.88836669921875,178.59296516430098,174.72360063232372,178.53374257918168,60378500,30.10109886940361,188.2209770202637,185.72730061563465,-1.6601264147170127,0.5939132250828578,176.59281576642326,188.2209770202637,199.8491382741041,-0.0089543872198584,-0.0747220639112531,-0.0838560002479712,-0.0089947186880081,0.0167384157035481,0.0138424742546521,1.2091195747283734,-0.5349283020649522,-0.0747220639112531,-0.0838560002479712,0.0091339363367181,179.64915161132814,185.93587951660157,188.2209770202637,0.966188731719678,0.98785949611017,-0.0487344647619244,-0.1097636494994322,62310970.0,0.9689866808364408,0.0053116256267655,-0.0172535273777209,-0.0480201289124355,-0.0154900738190802,0.0031660522908567,0.0045450854706483,-0.0100973629574835,2,8,0,0,0,xg_AAPL,0.50856274,3.112861
2023-08-10,175.67120361328125,178.41529378720278,175.30598763799586,177.16169386807627,54686900,29.841098672085774,187.60059661865233,184.76957709160095,-2.2158707024067894,0.0319564395849283,174.6875570897273,187.60059661865233,200.51363614757733,-0.001234664293113,-0.0690484736860447,-0.078925527201439,-0.0012354271190258,0.0168944086578776,0.0137497254326266,1.2286194456178947,-0.0730769120838847,-0.0690484736860447,-0.078925527201439,0.0098770535153943,177.04325256347656,184.43057861328128,187.60059661865233,0.9599452210943032,0.9831023031775588,-0.0600971806307907,-0.0942653427958627,63033640.0,0.8675827700891006,-0.0089543872198584,0.0053116256267655,-0.0172535273777209,-0.0073215389431606,-0.0042759624653276,-0.0065810132724213,-0.0061616934463661,3,8,0,0,0,xg_AAPL,0.3702777,2.2664323
2023-08-11,175.73049926757812,176.5508864753638,174.5048729038775,175.2659575562626,52036700,30.018842281373857,186.97577667236325,183.90871253693217,-2.6213006681753086,-0.498694981967119,173.02288404591337,186.97577667236325,200.92866929881313,0.0003375377015542,-0.0217589826888824,-0.0908947815709675,0.0003374807485201,0.0154807353683549,0.0137430278716905,1.1263608829142115,0.0218023169575769,-0.0217589826888824,-0.0908947815709675,0.0691357988820851,176.2614990234375,182.67357788085937,186.97577667236328,0.9648987065792084,0.9769906087939796,-0.0609699380220366,-0.048461331690039,63408170.0,0.8206623846737602,-0.001234664293113,-0.0089543872198584,0.0053116256267655,-0.0480201289124355,-0.0154900738190802,0.0135079542841671,0.0042200297990577,4,8,0,0,1,xg_AAPL,0.50426954,3.0865827
2023-08-14,177.3811798095703,177.60851131506328,175.25607590732963,175.90843422608452,43675600,34.95881457301898,186.27062072753907,183.28704275337387,-2.77739463608944,-0.9544349127915832,171.85914956580783,186.27062072753907,200.6820918892703,0.0093932501692763,0.0047656312393493,-0.0852514705014457,0.0093494079284912,0.0161518878593236,0.0132214812236385,1.2215474226159615,0.5815214128323505,0.0047656312393493,-0.0852514705014457,0.0900171017407951,176.4297637939453,181.02044525146485,186.27062072753907,0.9746399836154288,0.9718142589767084,-0.0554785854066284,-0.1606769837441651,63893320.0,0.6835706768720003,0.0003375377015542,-0.001234664293113,-0.0089543872198584,-0.0172535273777209,-0.0073215389431606,0.0031660522908567,0.0045135504356519,0,8,0,0,0,xg_AAPL,0.53144026,3.2528918
2023-08-15,175.3944549560547,177.40093867304276,174.99909450146933,176.80789799116474,43622600,32.028344704551884,185.47896118164064,182.53536772505777,-3.0265244324725415,-1.368852816727775,170.4862312464572,185.47896118164064,200.47169111682408,-0.0112003136727836,-0.0117373402675741,-0.091612711011853,-0.0112635095044728,0.0160870299577994,0.0133110852381319,1.2084530462379268,-0.696189260099787,-0.0117373402675741,-0.091612711011853,0.0798753707442789,176.0131408691406,179.25155639648438,185.4789611816406,0.9819336825160908,0.9664252767781156,-0.053968754684244,-0.0012134922015953,64738070.0,0.673832259750705,0.0093932501692763,0.0003375377015542,-0.001234664293113,0.0053116256267655,-0.0480201289124355,-0.0042759624653276,0.0045450854706483,1,8,0,0,0,xg_AAPL,0.41696718,2.552214
2023-08-16,174.52464294433594,176.47180884084688,174.45544657600635,175.07815356283987,46964900,30.81060855560201,184.5761962890625,181.7724415554652,-3.256608001143718,-1.7464038536109636,169.21398870129426,184.5761962890625,199.93840387683073,-0.0049591762290129,-0.0077533482200949,-0.08189606595012,-0.0049715137496422,0.015991612615775,0.0130427913246952,1.2259942081025743,-0.310091687215714,-0.0077533482200949,-0.08189606595012,0.074142717730025,175.74039611816406,177.69477386474608,184.5761962890625,0.9890014900040356,0.9627177146204732,-0.0506278083245618,0.0766185417650484,64395630.0,0.729318122984421,-0.0112003136727836,0.0093932501692763,0.0003375377015542,-0.0089543872198584,-0.0172535273777209,-0.0154900738190802,-0.0065810132724213,2,8,0,0,0,xg_AAPL,0.4895489,2.996479
2023-08-17,171.9844207763672,175.4537562487029,171.47044012349116,175.08804707675128,66062900,27.51985181332012,183.6436477661133,180.840249100313,-3.6023993689018994,-2.1176029566691508,167.58170329073673,183.6436477661133,199.70559224148988,-0.014555091619806,-0.020986836550799,-0.0885862012055125,-0.0146620561536794,0.0161011299447496,0.0131750014494656,1.2220042633194028,-0.903923373475942,-0.020986836550799,-0.0885862012055125,0.0675993646547135,175.00303955078124,176.0231460571289,183.64364776611328,0.9942047024542068,0.9585038644043394,-0.0502406449161316,0.4066441108146723,64878400.0,1.018257231990909,-0.0049591762290129,-0.0112003136727836,0.0093932501692763,-0.001234664293113,0.0053116256267655,-0.0073215389431606,0.0135079542841671,3,8,0,0,1,xg_AAPL,0.4099267,2.5091197
2023-08-18,172.46871948242188,173.0716538674228,169.96802811890126,170.30408595131965,61172200,29.07517296809575,182.79404602050784,180.04296056527576,-3.7936320324015185,-2.4528087718156244,166.23768221514078,182.79404602050784,199.3504098258749,0.0028159452110165,-0.0185612616976047,-0.0399163702145251,0.002811987864673,0.0088403836861893,0.0132876102592849,0.6652602125953995,0.3184959855791827,-0.0185612616976047,-0.0399163702145251,0.0213551085169203,174.35068359375,175.30609130859375,182.7940460205078,0.9945500597970556,0.9590361126364368,-0.0489559060454342,-0.0740309614019366,59399940.0,1.029836057073441,-0.014555091619806,-0.0049591762290129,-0.0112003136727836,0.0003375377015542,-0.0089543872198584,-0.0480201289124355,0.0031660522908567,4,8,0,0,1,xg_AAPL,0.4613423,2.8238294
2023-08-21,173.80311584472656,174.0897650131681,171.72745069652257,173.04204616473623,46311900,33.320853043724625,181.9711875915528,179.44868963950918,-3.793778346328168,-2.721002686718133,165.341551355933,181.9711875915528,198.60082382717255,0.0077370340912208,-0.0201716099119705,-0.0155021091269655,0.0077072567366061,0.0081956225646049,0.0134329806541677,0.6100665748734936,0.943929530759574,-0.0201716099119705,-0.0155021091269655,-0.0046695007850049,173.63507080078125,175.03241729736328,181.9711875915527,0.992016641727526,0.9618688519538378,-0.0479629881792157,-0.2429257080830834,54273520.0,0.8533056267586688,0.0028159452110165,-0.014555091619806,-0.0049591762290129,0.0093932501692763,-0.001234664293113,-0.0172535273777209,-0.0042759624653276,0,8,0,0,1,xg_AAPL,0.4696486,2.8746715
2023-08-22,175.17698669433594,175.62177093693052,174.2083431088137,175.00895776189057,42038900,37.47111408961478,181.17408523559573,179.04186078758792,-3.6410625034662303,-2.9050146500677525,164.86549248384117,181.17408523559573,197.48267798735029,0.0079047538528409,-0.0012398810542398,-0.0129626684159891,0.0078736749593382,0.008472521887696,0.0135724384028214,0.6241986471117713,0.9328770206304644,-0.0012398810542398,-0.0129626684159891,0.0117227873617492,173.5915771484375,174.80235900878907,181.1740852355957,0.9930734237957812,0.9648309181828022,-0.0432848414066444,-0.0922657027675392,51695110.0,0.8132084446671878,0.0077370340912208,0.0028159452110165,-0.014555091619806,-0.0112003136727836,0.0003375377015542,0.0053116256267655,-0.0154900738190802,1,8,0,0,1,xg_AAPL,0.3223534,1.9730924
2023-08-23,179.02194213867188,179.44696895877536,176.2642675025049,176.45206899868776,52722800,47.34819725486434,180.525798034668,179.03996377340545,-3.173199656622046,-2.958651651378611,165.0158645966428,180.525798034668,196.0357314726932,0.0219489758152133,0.0257688491347913,0.0178157060541233,0.0217115647183607,0.0107015849962641,0.0146792353100883,0.728979118537012,2.050810698805467,0.0257688491347913,0.0178157060541233,0.007953143080668,174.49103698730468,175.11571655273437,180.52579803466796,0.9964327612750762,0.9700315326627464,-0.0337096166831253,0.2541431864297114,50929540.0,1.0352106066537998,0.0079047538528409,0.0077370340912208,0.0028159452110165,-0.0049591762290129,0.0093932501692763,-0.0089543872198584,-0.0073215389431606,2,8,0,0,0,xg_AAPL,0.089925386,0.55042416
2023-08-24,174.3368377685547,179.0021629998802,173.97111355320405,178.57713623123834,54945800,39.21885246256611,179.70642929077147,178.59204701103872,-3.144219146236395,-2.9957651503501683,164.74318356027433,179.70642929077147,194.6696750212686,-0.0261705593970602,0.0136780818958384,-0.0075958143240368,-0.0265191029908642,0.0139148891224432,0.0155324010632272,0.8958044066334222,-1.8806243113027497,0.0136780818958384,-0.0075958143240368,0.0212738962198753,174.96152038574218,174.9822799682617,179.7064292907715,0.9998813618011876,0.9737118513725186,-0.0272169035859681,0.0421639214912712,50955430.0,1.0783109866799068,0.0219489758152133,0.0079047538528409,0.0077370340912208,-0.014555091619806,-0.0112003136727836,-0.001234664293113,-0.0480201289124355,3,8,0,0,1,xg_AAPL,0.27840278,1.7040751
2023-08-25,176.541015625,177.07475372946672,173.78334110152613,175.3252679389123,51449600,44.083013061526586,178.86845474243162,178.39671068855884,-2.909850209138199,-2.9785821621077746,165.29839627461917,178.86845474243162,192.43851321024408,0.0126432134748912,0.0236117955464565,0.0046122691325638,0.0125639554033991,0.0145442545636385,0.0154811473662396,0.9394210130923876,0.8692328772641688,0.0236117955464565,0.0046122691325638,0.0189995264138926,175.7759796142578,175.0633316040039,178.86845474243165,1.004070801142217,0.9787266953029417,-0.0175170348784145,-0.0636299771775095,50896720.0,1.0108627825132737,-0.0261705593970602,0.0219489758152133,0.0079047538528409,0.0028159452110165,-0.0049591762290129,0.0003375377015542,-0.0172535273777209,4,8,0,0,1,xg_AAPL,0.29975632,1.834778
2023-08-28,178.10269165039062,178.49805204021447,176.48168992086147,178.0038440119186,43820700,47.30090292667891,178.07796401977538,178.36870887539996,-2.5684889919031946,-2.8965635280668587,166.5024798307402,178.07796401977538,189.65344820881057,0.0088459671530827,0.0247381974987448,0.0040675783169044,0.0088070708012457,0.01450829059859,0.0156782627485168,0.925317142221012,0.6096760618980478,0.0247381974987448,0.0040675783169044,0.0206706191818404,176.63589477539062,175.13548278808594,178.07796401977538,1.0085671502051938,0.9834764438829574,-0.0080968413841576,-0.1482790925488244,50911230.0,0.8607275840713167,0.0126432134748912,-0.0261705593970602,0.0219489758152133,0.0077370340912208,-0.014555091619806,0.0093932501692763,0.0053116256267655,0,8,0,0,1,xg_AAPL,0.18977818,1.161613
2023-08-29,181.98716735839844,182.75813070921157,177.4206898063463,177.61837000977968,53003900,54.33961406306013,177.52315521240232,178.71332396901886,-1.9618975089075548,-2.709630324234998,168.11514727440323,177.52315521240232,186.9311631504014,0.021810314442821,0.0388760007383017,0.037587918067282,0.0215758722488361,0.0152847255107723,0.0167157915822976,0.914333676742026,1.4268419531314065,0.0388760007383017,0.037587918067282,0.0012880826710197,177.99793090820313,175.7947540283203,177.52315521240234,1.0125326656762914,0.9902637986463566,0.0026088416161002,0.2095630603801399,51849360.0,1.0222671986693563,0.0088459671530827,0.0126432134748912,-0.0261705593970602,0.0079047538528409,0.0028159452110165,-0.0112003136727836,-0.0089543872198584,1,8,0,0,1,xg_AAPL,0.2731091,1.6716732
2023-08-30,185.4763031005859,185.6739984160231,182.60002327821,182.7977035116121,60813900,59.56392589144673,177.2923469543457,179.3574172196443,-1.185954350387135,-2.4048951294654257,169.02541988283753,177.2923469543457,185.55927402585388,0.0191724273355828,0.0360534629711168,0.0627513683539977,0.0189909522276483,0.0156484193703191,0.017124982219392,0.9137239061593876,1.2251206822372958,0.0360534629711168,0.0627513683539977,-0.0266979053828808,179.2888031005859,176.88992004394532,177.2923469543457,1.013561445762679,0.997730150695653,0.0107639418775643,0.14734764800326,53234260.0,1.1423827437443266,0.021810314442821,0.0088459671530827,0.0126432134748912,0.0219489758152133,0.0077370340912208,-0.0049591762290129,-0.001234664293113,2,8,0,0,1,xg_AAPL,0.29357535,1.7969449
2023-08-31,185.6937561035156,186.9292764162969,185.3082743692093,185.6641048225717,60794500,59.87208030059656,177.14199981689453,179.9608780657273,-0.5471598487441156,-2.033348073321164,169.67831943999124,177.14199981689453,184.6056801937978,0.0011724031549829,0.0651435375352975,0.0797126580725284,0.0011717164271001,0.0140362370402188,0.0170674674604518,0.8223489937067375,0.0835209344704938,0.0651435375352975,0.0797126580725284,-0.0145691205372309,181.56018676757813,178.26085357666017,177.14199981689453,1.018508456145696,1.0063161405026595,0.0237928675868922,-0.0003190060167165,52707420.0,1.1534334255024976,0.0191724273355828,0.021810314442821,0.0088459671530827,-0.0261705593970602,0.0079047538528409,-0.014555091619806,0.0003375377015542,3,8,0,1,1,xg_AAPL,0.31252533,1.9129359
2023-09-01,187.26531982421875,187.7199827815663,186.09898099052413,187.29497110047913,45766500,62.118924563385626,177.52330245971683,180.65653918558365,0.0849225202772459,-1.609693954601482,168.84248970016876,177.52330245971683,186.2041152192649,0.008463201745066,0.0607468137715871,0.0857929506649173,0.0084275896403891,0.0139271454901619,0.0130095317391336,1.070451674797524,0.6076330657978832,0.0607468137715871,0.0857929506649173,-0.0250461368933301,183.70504760742188,179.74051361083986,177.5233024597168,1.022056986023561,1.012489690763984,0.033010624463236,-0.2471934138779001,51166850.0,0.8944560784961182,0.0011724031549829,0.0191724273355828,0.021810314442821,0.0126432134748912,0.0219489758152133,0.0028159452110165,0.0093932501692763,4,9,1,0,1,xg_AAPL,0.48723266,2.9823017
2023-09-05,187.50254821777344,187.7793035443977,185.43676200045883,186.09899903788357,45280000,62.46061500893501,178.07143707275392,181.30854004579217,0.5981001738934708,-1.1681351289024915,168.3321777138397,178.07143707275392,187.81069643166813,0.0012668036653951,0.052777734464757,0.0788215579822273,0.0012660019466403,0.0141080507927109,0.0121880429918564,1.157437118085196,0.0897865975540729,0.052777734464757,0.0788215579822273,-0.0260438235174702,185.58501892089845,181.11045684814457,178.0714370727539,1.0247062602050951,1.0170662955572656,0.0400718919265991,-0.0106300459943408,51063660.0,0.8867362817314528,0.008463201745066,0.0011724031549829,0.0191724273355828,0.0088459671530827,-0.0261705593970602,0.0077370340912208,-0.0112003136727836,1,9,0,0,0,xg_AAPL,0.15511079,0.9494174
2023-09-06,180.7911834716797,186.66237722656217,179.36786194540127,186.21757793807612,81755800,48.995852169784094,178.237117767334,181.2592679911148,0.4579669578201617,-0.842914711557961,168.42790715356125,178.237117767334,188.0463283811068,-0.0357934588616837,-0.0065718034083327,0.0320487118958148,-0.036449753027905,0.0196991880120411,0.0149467779285865,1.3178673182164409,-1.816909505625325,-0.0065718034083327,0.0320487118958148,-0.0386205153041475,185.3458221435547,181.6718765258789,178.23711776733398,1.0202229739018105,1.0192707265555572,0.0393199725767283,0.8055609540636042,55035350.0,1.4855143103477768,0.0012668036653951,0.008463201745066,0.0011724031549829,0.021810314442821,0.0126432134748912,0.0079047538528409,-0.0049591762290129,2,9,0,0,0,xg_AAPL,0.3089718,1.8911849
2023-09-07,175.50315856933594,176.14563807720947,171.5297216636145,173.1507234483217,112488800,41.41943388200469,178.21785736083984,180.7110670938025,-0.0788797644506758,-0.6901077221365041,168.38773830430748,178.21785736083984,188.0479764173722,-0.02924935165974,-0.0537704513435413,-0.019655599348879,-0.0296856424949618,0.0209384022266355,0.0162891047931301,1.2853448453852554,-1.3968570517516532,-0.0537704513435413,-0.019655599348879,-0.0341148519946622,183.3511932373047,181.31999816894532,178.21785736083984,1.0112022672009229,1.0174064532816405,0.0292492506591374,0.375912167699417,61011950.0,1.8437175012435787,-0.0357934588616837,0.0012668036653951,0.008463201745066,0.0191724273355828,0.0088459671530827,0.0219489758152133,-0.014555091619806,3,9,0,0,1,xg_AAPL,0.58766294,3.5970252
2023-09-08,176.11598205566406,178.15213198996554,175.7305003611282,176.2840260730559,65551300,42.528565932042206,178.24009628295897,180.2734399473131,-0.4497010520560707,-0.6420263881204175,168.43224833770276,178.24009628295897,188.0479442282152,0.0034918088729782,-0.0515783311664629,0.0102052114164841,0.0034857266628742,0.0191220894944821,0.0163042617386032,1.1727557521637315,0.1825964823302123,-0.0515783311664629,0.0102052114164841,-0.061783542582947,181.4356384277344,181.49791259765624,178.24009628295897,0.9996568876796952,1.0182776848904156,0.0181445324125405,-0.4172637631479756,62072500.0,1.0560441419307898,-0.02924935165974,-0.0357934588616837,0.0012668036653951,0.0011724031549829,0.021810314442821,-0.0261705593970602,0.0028159452110165,4,9,0,0,1,xg_AAPL,0.36883986,2.2576313
2023-09-11,177.2823028564453,178.21141635408188,175.2856982178241,177.98408488615974,58953100,44.67547993760929,178.31768646240235,179.98856974818287,-0.642065916618435,-0.642034293820021,168.5690582446655,178.31768646240235,188.0663146801392,0.0066224586046519,-0.0533094807791653,0.0041989518912699,0.0066006264609717,0.0188134319490505,0.0163664098443625,1.1494446664406408,0.3519882302365299,-0.0533094807791653,0.0041989518912699,-0.0575084326704352,179.43903503417968,181.5720413208008,178.31768646240235,0.9882525620623908,1.0182503201054294,0.0063252143824268,-0.1006570426520908,62822850.0,0.9384021896491336,0.0034918088729782,-0.02924935165974,-0.0357934588616837,0.008463201745066,0.0191724273355828,0.0126432134748912,0.0077370340912208,0,9,0,0,0,xg_AAPL,0.40722343,2.4925733
2023-09-12,174.25778198242188,178.04341790139725,172.79493020499618,177.4108321261293,90370200,40.455033185937985,178.16151657104493,179.442780437158,-1.0267344595267789,-0.7189743269613725,168.25099242979627,178.16151657104493,188.0720407122936,-0.017060478261457,-0.070637793252647,-0.0215881614833546,-0.0172076849000477,0.0193254759987817,0.0166815654226284,1.1584235103654006,-0.8827516336932051,-0.070637793252647,-0.0215881614833546,-0.0490496317692924,176.7900817871094,181.18755035400392,178.16151657104493,0.9757297421467273,1.0169847778644852,-0.0078701494322582,0.5329168440675724,67477800.0,1.3392582449338697,0.0066224586046519,0.0034918088729782,-0.02924935165974,0.0012668036653951,0.0011724031549829,0.0088459671530827,0.0079047538528409,1,9,0,0,0,xg_AAPL,0.36789036,2.2518196
2023-09-13,172.1920166015625,175.24621946137145,171.9646699851227,174.46536210966954,84267900,37.8266076062409,178.00139465332035,178.75223150043462,-1.481202670711269,-0.871419995711352,167.80332114158008,178.00139465332035,188.1994681650606,-0.0118546520985086,-0.0475640830763421,-0.0538233046813996,-0.0119254787937457,0.0175670681093316,0.0167037572437761,1.051620676252379,-0.6747840470980292,-0.0475640830763421,-0.0538233046813996,0.0062592216050574,175.07024841308595,180.20803527832032,178.00139465332032,0.9714896904719073,1.012396760313579,-0.0170225443553332,-0.0675255781219915,70604200.0,1.1935253143580524,-0.017060478261457,0.0066224586046519,0.0034918088729782,-0.0357934588616837,0.008463201745066,0.021810314442821,0.0219489758152133,2,9,0,0,1,xg_AAPL,0.43337923,2.6526704
2023-09-14,173.70425415039062,174.060084556446,171.56927171405846,171.98440467411754,60895800,40.856013215239635,177.96037521362305,178.27147175281138,-1.69975337163919,-1.0370866708969195,167.69702905686432,177.96037521362305,188.22372137038175,0.0087822744554255,-0.0102499831547739,-0.0634692882778193,0.0087439345937285,0.0162084837053441,0.0168054305962579,0.9644215416540052,0.5417985307286576,-0.0102499831547739,-0.0634692882778193,0.0532193051230454,174.71046752929686,179.03083038330078,177.96037521362305,0.9758680510795034,1.0060151321236133,-0.0187094305791294,-0.2773547222607897,70612390.0,0.8623953954822821,-0.0118546520985086,-0.017060478261457,0.0066224586046519,-0.02924935165974,0.0012668036653951,0.0191724273355828,-0.0261705593970602,3,9,0,0,0,xg_AAPL,0.3272217,2.0028908
2023-09-15,172.98269653320312,174.45544195430384,171.806494041059,174.43566940930015,109259500,39.85807229110698,178.01028900146486,177.76777887475345,-1.9091722962826907,-1.2115037959740738,167.860228291572,178.01028900146486,188.1603497113577,-0.0041539432682102,-0.0177910345551184,-0.0684517338495035,-0.004162594857668,0.0160178081915273,0.0164925968911008,0.9711531267124486,-0.2593166244669425,-0.0177910345551184,-0.0684517338495035,0.0506606992943851,174.08381042480468,177.75972442626954,178.01028900146486,0.9793208837753934,0.9985924152103745,-0.0226986782802666,0.794204197990666,75458890.0,1.4479341002763035,0.0087822744554255,-0.0118546520985086,-0.017060478261457,0.0034918088729782,-0.0357934588616837,0.0011724031549829,0.0126432134748912,4,9,0,0,1,xg_AAPL,0.29219493,1.7884955
2023-09-18,175.90843200683594,177.3021024660386,174.12927983360214,174.4356864419302,67257600,45.654508894218544,178.18227462768553,177.59069822066607,-1.8180979995023847,-1.332822636679736,168.31494461023718,178.18227462768553,188.04960464513388,0.0169134574282188,-0.0077496220856396,-0.0606459745351848,0.0167720175047696,0.0171070614467331,0.0168967027891126,1.0123897703867404,0.9886250105472056,-0.0077496220856396,-0.0606459745351848,0.0528963524495451,173.8090362548828,176.62403564453126,178.18227462768556,0.984062195276107,0.9912548036194384,-0.024860879736753,-0.3844233224570861,77608000.0,0.8666323059478293,-0.0041539432682102,0.0087822744554255,-0.0118546520985086,0.0066224586046519,-0.02924935165974,0.008463201745066,0.0088459671530827,0,9,0,0,1,xg_AAPL,0.34947693,2.139113
2023-09-19,176.9956817626953,177.54919237650395,175.07815207769175,175.46363376102514,51826900,47.67282855267721,178.34190292358394,177.5340299865736,-1.6392922536999492,-1.3941165600837788,168.6715324950209,178.34190292358394,188.012273352147,0.006180771117425,0.0157117791189929,-0.0560358595386928,0.0061617484943692,0.0174101862743309,0.0168682079087544,1.032068984418399,0.3549885125597272,0.0157117791189929,-0.0560358595386928,0.0717476386576857,174.3566162109375,175.57334899902344,178.34190292358397,0.9930699460081912,0.9844761445337564,-0.0225162934652253,-0.2294268603102103,78262690.0,0.6622172072030662,0.0169134574282188,-0.0041539432682102,0.0087822744554255,-0.017060478261457,0.0034918088729782,0.0012668036653951,0.021810314442821,1,9,0,0,0,xg_AAPL,0.01802038,0.11030092
2023-09-20,173.45713806152344,177.61836118650515,173.36816915467014,177.18345571133617,58436200,42.18204872314128,178.25591049194333,177.1457545651403,-1.7627978791197163,-1.4678528238909665,168.4375855825528,178.25591049194333,188.07423540133385,-0.0199922600705938,0.0073471551406958,-0.0405663886331332,-0.0201948094615591,0.0149031630750881,0.0174158000746001,0.855677450005427,-1.34138763578146,0.0073471551406958,-0.0405663886331332,0.047913543773829,174.6096405029297,174.8399444580078,178.25591049194335,0.9986827726593482,0.9808367306054072,-0.0210211584819321,0.1275264389728114,75930730.0,0.7695988172377538,0.006180771117425,0.0169134574282188,-0.0041539432682102,-0.0118546520985086,0.0066224586046519,-0.0357934588616837,0.0191724273355828,2,9,0,0,0,xg_AAPL,-0.0036854746,-0.022558415
2023-09-21,171.9152374267578,174.25779428093645,171.84605612937938,172.5280657800123,63149100,40.019096645929864,177.90057525634762,176.6476100757705,-1.9624733014769904,-1.566776919408171,167.69232563095704,177.90057525634762,188.1088248817382,-0.0088892313801391,-0.0102992107613202,-0.0204436271792831,-0.0089289763072812,0.0122254856860658,0.0166877477475136,0.732558600023616,-0.7270471342611527,-0.0102992107613202,-0.0204436271792831,0.0101444164179629,174.25183715820313,174.48115234375,177.90057525634765,0.9986857309086594,0.9807790227340728,-0.0212240529272398,0.0806503502965627,70996760.0,0.8894645333110851,-0.0199922600705938,0.006180771117425,0.0169134574282188,0.0087822744554255,-0.017060478261457,-0.02924935165974,0.0011724031549829,3,9,0,0,1,xg_AAPL,0.104773596,0.64130855
2023-09-22,172.76524353027344,175.0287248458324,172.03382526857388,172.6466384244914,56725400,41.791077910435725,177.82199554443355,176.27786088096124,-2.028743036644812,-1.6591701428554997,167.47498861794003,177.82199554443355,188.16900247092707,0.0049443325457276,-0.0012570795073018,-0.0190257493174672,0.0049321494751648,0.012306293014322,0.0157277656844642,0.782406786470045,0.4017400528267223,-0.0012570795073018,-0.0190257493174672,0.0177686698101654,174.20834655761718,174.14607849121094,177.8219955444336,1.0003575622658043,0.9793281081906196,-0.0209165276127036,-0.1017227482260237,70114170.0,0.8090433075082996,-0.0088892313801391,-0.0199922600705938,0.006180771117425,-0.0041539432682102,-0.0118546520985086,0.0034918088729782,0.008463201745066,4,9,0,0,1,xg_AAPL,0.21871305,1.3387203
2023-09-25,174.04029846191406,174.91998813589507,172.13264765845275,172.18207147695253,46172700,44.44250864004367,177.69695968627929,176.06475969819485,-1.9558304068403345,-1.7185021956524666,167.22508992357186,177.69695968627929,188.1688294489867,0.0073802745597797,-0.010619920396137,-0.018287242112127,0.0073531735935183,0.0123664542521439,0.0155421407059547,0.7956213281532076,0.596749695556816,-0.010619920396137,-0.018287242112127,0.00766732171599,173.8347198486328,173.8218780517578,177.69695968627929,1.000073879059523,0.9781927521924806,-0.0221916410841577,-0.1860313016743822,68836130.0,0.6707625777335148,0.0049443325457276,-0.0088892313801391,-0.0199922600705938,0.0169134574282188,0.0087822744554255,0.0066224586046519,0.0012668036653951,0,9,0,0,0,xg_AAPL,0.21625863,1.3236971
2023-09-26,169.96803283691406,173.17049122867175,169.67150500159482,172.79490338049743,64588900,38.422846096236064,177.29022674560545,175.48411904473954,-2.2012695597645973,-1.8150556684748929,166.2673001529431,177.29022674560545,188.3131533382678,-0.0233984063517975,-0.039705199899755,-0.0246172601114625,-0.0236764955228112,0.0133594424830787,0.0161706881550939,0.8261006739033983,-1.751319717249792,-0.039705199899755,-0.0246172601114625,-0.0150879397882924,172.42919006347657,173.39290313720704,177.29022674560548,0.9944420270017172,0.978017267618532,-0.0285997113750979,0.3988547345076203,66258000.0,0.9748090796582908,0.0073802745597797,0.0049443325457276,-0.0088892313801391,0.006180771117425,-0.0041539432682102,-0.017060478261457,-0.0357934588616837,1,9,0,0,0,xg_AAPL,0.21942748,1.3430934
2023-09-27,168.45574951171875,171.0355161486817,167.09174554279588,170.6203831944849,66921800,36.44844952757088,176.6136558532715,174.81475051778517,-2.48911748546422,-1.9498680318727584,165.1522322336205,176.6136558532715,188.07507947292248,-0.0088974573627405,-0.0288335701009361,-0.021698259673032,-0.0089372761028236,0.0131583349954867,0.0151986097482342,0.8657021603475957,-0.6761327503093479,-0.0288335701009361,-0.021698259673032,-0.007135310427904,171.4289123535156,173.01927642822267,176.6136558532715,0.9908081682715462,0.9796483493437508,-0.0307780738549099,0.0361192093378273,64523390.0,1.0371711715704794,-0.0233984063517975,0.0073802745597797,0.0049443325457276,-0.0199922600705938,0.0169134574282188,-0.0118546520985086,-0.02924935165974,2,9,0,0,1,xg_AAPL,0.15233515,0.932428
2023-09-28,168.71273803710938,170.03721192481018,165.678293523344,167.3783703364052,56294400,37.04051708054024,175.77547760009767,174.23360647200653,-2.665772844195317,-2.0930489943372703,164.59459890829586,175.77547760009767,186.95635629189948,0.0015255550857451,-0.0186283626604815,-0.0287357159886232,0.0015243926087169,0.0126821914746881,0.0142827802406094,0.88787360636032,0.1202816411618236,-0.0186283626604815,-0.0287357159886232,0.0101073533281417,170.78841247558594,172.52012481689454,175.77547760009764,0.989962258935608,0.9814800515541235,-0.0295595055982955,-0.1588032599242698,64063250.0,0.8787315660694567,-0.0088974573627405,-0.0233984063517975,0.0073802745597797,-0.0088892313801391,0.006180771117425,0.0087822744554255,0.0034918088729782,3,9,0,0,1,xg_AAPL,0.3774813,2.3105247
2023-09-29,169.22674560546875,171.06520035560507,168.36681324873706,170.0273603208123,51861100,38.27907969917416,174.9521270751953,173.7567625799553,-2.7327954093240976,-2.220998277334636,164.44135315353995,174.9521270751953,185.46290099685064,0.0030466435097882,-0.0204815381410014,-0.021712870726428,0.0030420118963165,0.0128030562794679,0.0143289100679766,0.8934498694502782,0.2379436206222938,-0.0204815381410014,-0.021712870726428,0.0012313325854266,170.080712890625,172.1445297241211,174.9521270751953,0.9880111390306532,0.98395219653507,-0.0287863136949251,-0.0787520605957253,58323410.0,0.8891986939720965,0.0015255550857451,-0.0088974573627405,-0.0233984063517975,0.0049443325457276,-0.0199922600705938,-0.0041539432682102,0.0066224586046519,4,9,0,0,1,xg_AAPL,0.4639915,2.8400447
2023-10-02,171.7373046875,172.28093658205415,168.9499639274405,169.23661305458424,52164500,44.0668551092696,174.17572631835938,173.56443325686433,-2.5538904790569745,-2.287576717679104,165.33292187325463,174.17572631835938,183.01853076346413,0.0148354745761305,-0.0132325317456177,-0.0237119237079769,0.0147265053414313,0.0124724307129006,0.014699175225991,0.8484545606537028,1.1893660146592155,-0.0132325317456177,-0.0237119237079769,0.0104793919623591,169.6201141357422,171.7274169921875,174.17572631835938,0.9877287919811828,0.9859434527535896,-0.0265266314206267,0.0058502422817872,56814100.0,0.9181611606977684,0.0030466435097882,0.0015255550857451,-0.0088974573627405,0.0073802745597797,-0.0088892313801391,0.0169134574282188,-0.017060478261457,0,10,0,0,0,xg_AAPL,0.21963097,1.3443389
2023-10-03,170.4029541015625,171.61871693838452,168.84126971126884,170.26457643095287,49594600,41.82209836923714,173.32074661254885,173.26334000397844,-2.491062555030112,-2.3282738851493057,166.9392441170974,173.32074661254885,179.7022491080003,-0.0077697189225458,0.0025588415503152,-0.0372479576647069,-0.0078000604542456,0.0121922062841567,0.0146606396933994,0.8315718118244004,-0.6372170486971457,0.0025588415503152,-0.0372479576647069,0.0398067992150221,169.70709838867188,171.06814422607422,173.32074661254882,0.992043838181797,0.9870032732347376,-0.0212064881323779,-0.0492653049487677,56590870.0,0.8763710471317921,0.0148354745761305,0.0030466435097882,0.0015255550857451,-0.0233984063517975,0.0049443325457276,0.006180771117425,-0.0118546520985086,1,10,0,0,1,xg_AAPL,0.19323082,1.1827463
2023-10-04,171.6483612060547,172.19199313339385,168.98951921036945,169.10812432832188,53020300,44.65580802059771,172.86360549926758,173.10953249941429,-2.3141015058754135,-2.3254394092945274,167.50790291908643,172.86360549926758,178.21930807944872,0.0073086004351186,0.0189522275350646,-0.0104278029470726,0.0072820220369873,0.0111566607148089,0.0129073710424231,0.8642965621411715,0.6550298151133317,0.0189522275350646,-0.0104278029470726,0.0293800304821373,170.34562072753906,170.88726654052735,172.86360549926758,0.9968303910293992,0.9885670615683844,-0.0146694367137348,0.069074052416997,56049280.0,0.9459586278360588,-0.0077697189225458,0.0148354745761305,0.0030466435097882,-0.0088974573627405,0.0073802745597797,-0.0199922600705938,0.0087822744554255,2,10,0,0,1,xg_AAPL,0.41019905,2.5107868
2023-10-05,172.8838653564453,173.41760341955526,170.67968657288918,171.77682905786853,48527900,47.39331829594266,172.73264083862304,173.0880403905601,-2.0505265464680917,-2.2704568367292404,167.52258985775708,172.73264083862304,177.942691819489,0.0071978790925213,0.0247232507033254,0.0056343343625964,0.0071720979996765,0.0110506336136702,0.0114210277959127,0.9674843916615776,0.6512954866344791,0.0247232507033254,0.0056343343625964,0.019088916340729,171.17984619140626,170.9841293334961,172.73264083862304,1.0011446492646603,0.989877353251604,-0.0089817210184148,-0.0847298110346415,54587160.0,0.8889984384606034,0.0073086004351186,-0.0077697189225458,0.0148354745761305,0.0015255550857451,-0.0233984063517975,-0.0088892313801391,-0.0041539432682102,3,10,0,0,1,xg_AAPL,0.3186596,1.9504831
2023-10-06,175.43399047851562,175.92819856079907,171.17390414032383,171.78673241813826,57266700,52.60435475072508,172.69854125976562,173.31146420846062,-1.617225340083877,-2.1398105374001677,167.57349369088217,172.69854125976562,177.82358882864906,0.014750509637279,0.0366800463534191,0.0154472444440165,0.0146427789661389,0.0118811544285196,0.0119051657753145,0.9978992945951832,1.241400263396236,0.0366800463534191,0.0154472444440165,0.0212328019094025,172.42129516601562,171.25100402832032,172.69854125976562,1.0068337767964373,0.9916181270502572,-0.0015803442251628,0.1800778521221813,54641290.0,1.0480480969610884,0.0071978790925213,0.0073086004351186,-0.0077697189225458,0.0030466435097882,-0.0088974573627405,0.0049443325457276,0.0169134574282188,4,10,0,0,1,xg_AAPL,0.45349607,2.7758033
2023-10-09,176.9166259765625,176.97592853708252,173.7635757979471,174.76187075811515,42390800,55.37222678730308,172.6802574157715,173.65481294827984,-1.141041502302386,-1.940056730380611,167.62188827782708,172.6802574157715,177.73862655371593,0.0084512442201356,0.0301583939406,0.0165267902897665,0.0084157323948286,0.0119437299820521,0.0119665941169516,0.9980059371444056,0.7075291139133552,0.0301583939406,0.0165267902897665,0.0136316036508334,173.45715942382813,171.53863677978515,172.68025741577148,1.011184201297495,0.9933888178470942,0.0043913453796002,-0.2597652737105508,54263100.0,0.7812085929480479,0.014750509637279,0.0071978790925213,0.0073086004351186,0.0148354745761305,0.0015255550857451,0.0073802745597797,0.006180771117425,0,10,0,0,0,xg_AAPL,0.43618459,2.6698415
2023-10-10,176.32357788085938,177.63817333039142,175.88867230873925,176.03694379852678,43698000,54.013445202869775,172.78354721069334,173.90898103709694,-0.8022683549535827,-1.7124990552952055,167.5097681459467,172.78354721069334,178.05732627543998,-0.0033521332007636,0.0347448423679797,0.0373925904646053,-0.0033577641866591,0.0084266848187005,0.0113149352992068,0.7446741781292382,-0.3977525587247263,0.0347448423679797,0.0373925904646053,-0.0026477480966256,174.6412841796875,172.1741912841797,172.78354721069337,1.0143290517417665,0.996473298897084,0.010535953224868,0.0308368797003122,52174010.0,0.8375434435650847,0.0084512442201356,0.014750509637279,0.0071978790925213,-0.0077697189225458,0.0030466435097882,-0.0233984063517975,-0.0199922600705938,1,10,0,0,1,xg_AAPL,0.42813772,2.6205876
2023-10-11,177.71722412109375,177.76664794425923,175.54271164011269,176.13575227199846,47551100,56.70231431231704,173.05980758666993,174.27167085462045,-0.4165310795481503,-1.4533054601457946,167.35523130366707,173.05980758666993,178.7643838696728,0.0079039131180518,0.0353563696874084,0.0549786791856024,0.0078728408178809,0.0072226873204731,0.0110244754895411,0.6550907783818117,1.0941660079404114,0.0353563696874084,0.0549786791856024,-0.0196223094981939,175.8550567626953,173.1003387451172,173.05980758666993,1.015913995533159,1.00023420318682,0.0157286340131035,0.0881756602132821,50236940.0,0.9465365525845932,-0.0033521332007636,0.0084512442201356,0.014750509637279,0.0073086004351186,0.0148354745761305,-0.0088974573627405,-0.0088892313801391,2,10,0,0,1,xg_AAPL,0.4358674,2.6679
2023-10-12,178.61671447753906,180.22782277513625,176.96604600034954,177.98412865495294,56743100,58.39326548244416,173.30543060302736,174.68548453299366,-0.0378142560861931,-1.1702072193338744,167.08436799794214,173.30543060302736,179.52649320811258,0.0050613572257487,0.0331601165283641,0.0587031931059718,0.0050485916133631,0.0070979670667931,0.0109285514210895,0.6494289466534675,0.7129709404378389,0.0331601165283641,0.0587031931059718,-0.0255430765776076,177.00162658691406,174.09073638916016,173.30543060302733,1.0167205346943156,1.004531339747406,0.0206934496287105,0.1933078309439739,50281810.0,1.128501539622358,0.0079039131180518,-0.0033521332007636,0.0084512442201356,0.0071978790925213,-0.0077697189225458,0.0015255550857451,0.0049443325457276,3,10,0,0,0,xg_AAPL,0.59223104,3.6249862
2023-10-13,176.7782440185547,179.82255265296823,176.0764618780152,179.31846581874476,51427100,53.770956501019135,173.49520797729494,174.88479496018994,0.1126735234717273,-0.913631070772754,167.0868472968382,173.49520797729494,179.9035686577517,-0.0102928242990135,0.0076624463501768,0.044623551590901,-0.0103461617258764,0.0087275010293224,0.0111776697140099,0.7807280519599357,-1.179220150680614,0.0076624463501768,0.044623551590901,-0.0369611052407241,177.27047729492188,174.84588623046875,173.4952079772949,1.0138670180736034,1.0077851040897372,0.0213559611850806,-0.0936853996344929,50238410.0,1.0236609797164953,0.0050613572257487,0.0079039131180518,-0.0033521332007636,0.014750509637279,0.0073086004351186,0.0030466435097882,0.0073802745597797,4,10,0,0,0,xg_AAPL,0.4586596,2.8074088
2023-10-16,176.6497344970703,177.0055649122618,174.46532818230494,174.70255348644375,52517000,53.45244354138894,173.53227310180662,175.05288443989284,0.2190415539075445,-0.6870965458366944,167.05691784181832,173.53227310180662,180.00762836179493,-0.0007269532639485,-0.0015085720633601,0.0286043257666652,-0.0007272176225976,0.0080206995075528,0.0105460906653409,0.7604655882887102,-0.0906233477412228,-0.0015085720633601,0.0286043257666652,-0.0301128978300254,177.21709899902345,175.33712921142578,173.53227310180665,1.0107220290194825,1.010400694218765,0.0208595043049889,0.0211931063583208,50273660.0,1.04462257174033,-0.0102928242990135,0.0050613572257487,0.0079039131180518,0.0084512442201356,0.0071978790925213,0.0148354745761305,-0.0233984063517975,0,10,0,0,0,xg_AAPL,0.5340341,3.2687683
2023-10-17,175.09791564941406,176.3532083879715,172.77514673671925,174.60370757241088,57549400,49.62940387998717,173.43738479614257,175.0571731265139,0.1760903129384416,-0.5144591740816672,167.12208118627134,173.43738479614257,179.7526884060138,-0.0087847222192229,-0.006951210077381,0.0275521135921934,-0.0088235353671271,0.0081750050201898,0.0106346871139313,0.7686391046124008,-1.0744516664960393,-0.006951210077381,0.0275521135921934,-0.0345033236695745,176.9719665527344,175.80662536621094,173.43738479614257,1.006628539647445,1.01366049524359,0.0201863154308978,0.0958242093036541,51069140.0,1.1268918959668963,-0.0007269532639485,-0.0102928242990135,0.0050613572257487,-0.0033521332007636,0.014750509637279,-0.0077697189225458,-0.0088974573627405,1,10,0,0,0,xg_AAPL,0.3058309,1.8719599
2023-10-18,173.80311584472656,175.52296560926894,173.08157618002008,173.54613304029243,54764400,46.6324778814627,173.4546836853027,174.937739099677,0.0371434552475591,-0.4041386482158219,167.1372572026091,173.4546836853027,179.7721101679963,-0.0073947185486775,-0.0220243608672402,0.012553307375217,-0.0074221950175212,0.0085767236201229,0.0097551830383584,0.8791064688312772,-0.8620840302350046,-0.0220243608672402,0.012553307375217,-0.0345776682424573,176.18914489746095,176.02210083007813,173.45468368530274,1.0009489948511867,1.0148016593742342,0.0157330966068591,-0.0483932065321272,51243550.0,1.068708159368329,-0.0087847222192229,-0.0007269532639485,-0.0102928242990135,0.0079039131180518,0.0084512442201356,0.0073086004351186,0.0015255550857451,2,10,0,0,0,xg_AAPL,0.53154176,3.253513
2023-10-19,173.42750549316406,175.77992569036093,173.16062890788183,174.0007735918687,59302900,45.76904531520834,173.53029708862303,174.79390732762815,-0.1021045491106917,-0.3437318283947959,167.25438803530733,173.53029708862303,179.80620614193873,-0.0021611255341248,-0.0290522026427013,0.003144539460625,-0.0021634641358607,0.0083674502550217,0.0095408983654227,0.8769167239658655,-0.258246804159227,-0.0290522026427013,0.003144539460625,-0.0321967421033264,175.15130310058595,176.07646484375,173.53029708862306,0.994745681974107,1.0146727562727942,0.0093468795930227,0.0828731803872588,52321050.0,1.1334424672287515,-0.0073947185486775,-0.0087847222192229,-0.0007269532639485,0.0050613572257487,-0.0033521332007636,0.0071978790925213,0.0030466435097882,3,10,0,0,0,xg_AAPL,0.54699814,3.3481202
2023-10-20,170.87742614746094,173.3879970805218,170.64020079013332,173.27927067700122,64244000,40.31180586000791,173.4359062194824,174.42090911999318,-0.4134635368079955,-0.3576781700774358,167.055630063508,173.4359062194824,179.8161823754568,-0.0147040075243637,-0.0333797742129082,-0.0259730985918188,-0.0148131829758577,0.0079046530748551,0.0100549058999143,0.7860707084502895,-1.859935844026794,-0.0333797742129082,-0.0259730985918188,-0.0074066756210894,173.97113952636718,175.62080841064454,173.43590621948243,0.9906066433744,1.012597750020674,0.0031322645650272,0.0833197027464087,53018780.0,1.2117215824279397,-0.0021611255341248,-0.0073947185486775,-0.0087847222192229,-0.0102928242990135,0.0079039131180518,0.014750509637279,0.0148354745761305,4,10,0,0,0,xg_AAPL,0.22615469,1.3842698
2023-10-23,170.9959716796875,171.9942664316387,167.96152725501383,168.93018581492106,55980100,40.665983455779255,173.2836898803711,174.09472460186882,-0.6432373048056661,-0.4147899970230819,166.81941994603565,173.2836898803711,179.74795981470655,0.0006937460078797,-0.0320054985278032,-0.0334657879902104,0.0006935054773569,0.0070320914757413,0.0098888521894344,0.7110411097199115,0.0986402651341338,-0.0320054985278032,-0.0334657879902104,0.0014602894624072,172.84038696289062,175.02874298095702,173.2836898803711,0.9874971620043886,1.0100704982782318,-0.0025924757941718,-0.1286330240956353,54377710.0,1.0294677727325952,-0.0147040075243637,-0.0021611255341248,-0.0073947185486775,-0.0007269532639485,0.0050613572257487,0.0084512442201356,-0.0077697189225458,0,10,0,0,1,xg_AAPL,0.6472812,3.9619427
2023-10-24,171.43092346191406,171.6582549852611,169.46396961859497,171.04544171274492,43816600,42.02527296699907,173.3568344116211,173.84102925520645,-0.7812321397851463,-0.4880784255754948,167.01865616104635,173.3568344116211,179.69501266219584,0.0025436375954008,-0.0209425233527174,-0.0277481575507232,0.0025404080247044,0.007277173884294,0.0083561370207619,0.8707735515422456,0.3494884343021725,-0.0209425233527174,-0.0277481575507232,0.0068056341980058,172.10698852539062,174.5394775390625,173.3568344116211,0.9860633877907222,1.0068220161694537,-0.0072906676402997,-0.2172825700561449,54389570.0,0.8056066631892694,0.0006937460078797,-0.0147040075243637,-0.0021611255341248,-0.0087847222192229,-0.0102928242990135,-0.0033521332007636,0.0073086004351186,1,10,0,0,0,xg_AAPL,0.52156264,3.192432
2023-10-25,169.1179962158203,171.05528327402416,168.6731969171006,169.88895954662036,57157000,37.151253794445346,173.38994674682615,173.39121658478874,-1.0649518376507956,-0.603453107990555,167.15347373354538,173.38994674682615,179.62641976010693,-0.0134918904908518,-0.0269564766208902,-0.0483871383193227,-0.0135837330675494,0.0069215595671584,0.0086837092664818,0.7969823001297057,-1.9489742717215657,-0.0269564766208902,-0.0483871383193227,0.0214306616984324,171.1699645996094,173.67955474853517,173.38994674682618,0.9855504572627484,1.0016702698578703,-0.0131268238560712,0.3044599535335923,55350160.0,1.0326438080756943,0.0025436375954008,0.0006937460078797,-0.0147040075243637,-0.0073947185486775,-0.0007269532639485,0.0079039131180518,0.0071978790925213,2,10,0,0,0,xg_AAPL,0.21604411,1.3223841
2023-10-26,164.95677185058594,169.39476582537458,163.75090293239452,168.3964558542296,70625300,30.334759310209577,173.20214843749997,172.58793613391228,-1.6070526689585165,-0.8041730201841473,166.19416242555525,173.20214843749997,180.2101344494447,-0.0246054497944974,-0.0488430806779494,-0.0764762842431011,-0.02491322296241,0.0083713015364252,0.0102951565045611,0.8130511159884527,-2.938911085254976,-0.0488430806779494,-0.0764762842431011,0.0276332035651517,169.47581787109374,172.31356048583984,173.2021484375,0.9835315188964522,0.9948696482135104,-0.022589739873071,0.2356369298598597,56738380.0,1.2447535512998211,-0.0134918904908518,0.0025436375954008,0.0006937460078797,-0.0021611255341248,-0.0087847222192229,0.0050613572257487,0.014750509637279,3,10,0,0,1,xg_AAPL,0.51843435,3.173284
2023-10-27,166.2713623046875,167.00279566914165,164.89746448966903,164.97653958977486,58499100,34.42793599455486,173.05437927246092,171.9863576739861,-1.9085939373885592,-1.0250572036250298,165.5840643076179,173.05437927246092,180.52469423730395,0.0079693027412799,-0.0269553676376104,-0.0594353777649493,0.0079377155557729,0.0096792468632954,0.0104564507466879,0.9255837868862082,0.8232540816182188,-0.0269553676376104,-0.0594353777649493,0.0324800101273389,168.55460510253906,171.26287231445312,173.05437927246095,0.9841864896032956,0.9896477224931288,-0.0270628333559701,-0.1716976777443777,57445580.0,1.0183394440442413,-0.0246054497944974,-0.0134918904908518,0.0025436375954008,-0.0147040075243637,-0.0073947185486775,-0.0102928242990135,0.0084512442201356,4,10,0,0,1,xg_AAPL,0.30500582,1.8669096
2023-10-30,168.3173828125,169.18719386762373,166.91383366211736,167.06210513671374,51131000,40.30655340093861,172.88338317871091,171.63693149670172,-1.9598785494966933,-1.2120214727993626,165.1347495651181,172.88338317871091,180.63201679230372,0.0123053091010538,-0.0156646313996512,-0.0471687755902543,0.0122302142013817,0.0112309673825009,0.0102706202699625,1.093397836692216,1.095561327949113,-0.0156646313996512,-0.0471687755902543,0.0315041441906031,168.01888732910157,170.42963714599608,172.88338317871094,0.9858548673970984,0.9858069295753056,-0.0289007336516648,-0.1259523650791209,57306980.0,0.8922298819445573,0.0079693027412799,-0.0246054497944974,-0.0134918904908518,0.0006937460078797,-0.0021611255341248,-0.0007269532639485,-0.0033521332007636,0,10,0,0,1,xg_AAPL,0.45100242,2.76054
2023-10-31,168.7917938232422,168.9202776393011,165.95502982761977,167.38824500222333,44846000,41.61361892818563,172.80282516479488,171.3659660039913,-1.9398792498698183,-1.3575930282134538,164.9133909666313,172.80282516479488,180.69225936295845,0.0028185503054705,-0.0153947116738142,-0.0360148309177944,0.0028145856405492,0.0113678568705848,0.0101732849818394,1.1173126063282022,0.2479185319645518,-0.0153947116738142,-0.0360148309177944,0.0206201192439802,167.49106140136718,169.7990249633789,172.8028251647949,0.9864076748231652,0.9826171811800448,-0.0314693246816855,-0.1229195595626919,56036640.0,0.8002978051503302,0.0123053091010538,0.0079693027412799,-0.0246054497944974,0.0025436375954008,-0.0147040075243637,-0.0087847222192229,0.0079039131180518,1,10,0,1,1,xg_AAPL,0.44590288,2.7293262
2023-11-01,171.9547576904297,172.2117404582064,168.14934950515965,169.01916053768616,56934900,49.54579312534306,172.81814498901363,171.42204140269973,-1.6497871909577952,-1.416031860762322,164.93696414891986,172.81814498901363,180.6993258291074,0.0187388485870334,0.0167738593058377,-0.0106347814612723,0.0185654393407883,0.01324772825147,0.0109240005708538,1.212606641578848,1.4143884780000808,0.0167738593058377,-0.0106347814612723,0.0274086407671101,168.05841369628905,169.61418914794922,172.81814498901366,0.9908275630743184,0.9814605356325974,-0.027680137244551,0.2695647326405923,56253690.0,1.012109605609854,0.0028185503054705,0.0123053091010538,0.0079693027412799,-0.0134918904908518,0.0006937460078797,-0.0073947185486775,0.0050613572257487,2,11,1,0,1,xg_AAPL,0.56456673,3.4556556
2023-11-02,175.51307678222656,175.72063574409248,173.4275179386151,173.4868204991482,77334800,56.67659840865236,172.94960556030273,171.81166381979753,-1.1198515797471202,-1.3567958045592818,164.97663140903077,172.94960556030273,180.92257971157468,0.0206933448052826,0.0639943714538877,0.0120256085280814,0.0204821461800204,0.0148924004660471,0.0117668118094762,1.2655199375345938,1.3894304965785151,0.0639943714538877,0.0120256085280814,0.0519687629258063,170.1696746826172,169.82274627685547,172.94960556030273,1.0020428853811854,0.9819204023431148,-0.0158388818010114,0.3583022012860302,58056880.0,1.3320522907879078,0.0187388485870334,0.0028185503054705,0.0123053091010538,-0.0246054497944974,0.0025436375954008,-0.0021611255341248,-0.0102928242990135,3,11,0,0,0,xg_AAPL,0.44769007,2.7402654
2023-11-03,174.6037139892578,174.77175801380423,171.34195262679097,172.2216424329047,79829200,54.55457888563016,172.9080917358398,172.07757335974614,-0.7644397814599415,-1.238324599939414,164.98107008500912,172.9080917358398,180.83511338667049,-0.0051811683188545,0.0501129693596995,0.021806788209586,-0.0051946371143021,0.0140354103644174,0.0113620384665825,1.2351811010491716,-0.3691234570904861,0.0501129693596995,0.021806788209586,0.0283061811501135,171.83614501953124,170.19537506103515,172.90809173583983,1.009640508491536,0.9843112219470386,-0.0061393122277716,0.0322545606893662,59615400.0,1.339070106046402,0.0206933448052826,0.0187388485870334,0.0028185503054705,0.0079693027412799,-0.0134918904908518,-0.0147040075243637,-0.0007269532639485,4,11,0,0,1,xg_AAPL,0.57386667,3.5125797
2023-11-06,177.15382385253906,177.35150406781844,174.16881791314302,174.33684685023218,63841300,59.17114626939559,172.91995162963863,172.56102578763117,-0.2738441124380415,-1.0454285024391394,164.9670107699829,172.91995162963863,180.87289248929437,0.0146051295531899,0.0524986836914078,0.0360116797627638,0.0144995018770677,0.0145443888090353,0.0116866517539293,1.2444235262353374,1.0041071947225977,0.0524986836914078,0.0360116797627638,0.0164870039286439,173.60343322753906,170.8111602783203,172.91995162963866,1.0163471341373072,0.9878048118135322,0.0038581250070521,-0.2002763399858698,60401520.0,1.0569485668572405,-0.0051811683188545,0.0206933448052826,0.0187388485870334,0.0123053091010538,-0.0246054497944974,0.0006937460078797,-0.0087847222192229,0,11,0,0,1,xg_AAPL,0.5028107,3.0776534
2023-11-07,179.71383666992188,180.32664987384885,176.89684453064555,177.10440348202485,70530000,63.21141341117557,173.08946456909177,173.24224587165884,0.317863991030606,-0.7727700037451903,164.6985981806485,173.08946456909177,181.48033095753505,0.0144507906276623,0.0647071910268173,0.0483163308039227,0.0143473730724439,0.0149270701573739,0.0120787404190542,1.2357111692423814,0.9680280488582832,0.0647071910268173,0.0483163308039227,0.0163908602228946,175.787841796875,171.6394515991211,173.0894645690918,1.0241692114435488,0.9916227543162114,0.0150148551596462,0.1047707361848835,63072860.0,1.1182305669982129,0.0146051295531899,-0.0051811683188545,0.0206933448052826,0.0028185503054705,0.0079693027412799,0.0025436375954008,-0.0073947185486775,1,11,0,0,1,xg_AAPL,0.38586214,2.361823
2023-11-08,180.77142333984375,181.32493395317235,179.4864793691692,180.23768527185777,49340300,64.76274102963174,173.2421745300293,173.95931039243834,0.8621964675194249,-0.4457767094922673,164.39777148870775,173.2421745300293,182.0865775713509,0.0058848371918314,0.0512731707330058,0.0689070789908832,0.0058675891722215,0.0134710444228784,0.0120265195387274,1.120018502526894,0.4368184224391129,0.0512731707330058,0.0689070789908832,-0.0176339082578773,177.55117492675782,172.80479431152344,173.2421745300293,1.027466718352026,0.9974753248180336,0.0238367343527951,-0.3004352757691763,62291190.0,0.7920911448312227,0.0144507906276623,0.0146051295531899,-0.0051811683188545,0.0187388485870334,0.0123053091010538,-0.0134918904908518,-0.0021611255341248,2,11,0,0,0,xg_AAPL,0.32066202,1.9627397
2023-11-09,180.29698181152344,181.9871648721256,179.7039261272927,180.84061367506283,53763500,63.46971175056886,173.32618789672853,174.5628981466369,1.2409949927939865,-0.1084223690350166,164.23825580940215,173.32618789672853,182.4141199840549,-0.0026245383233409,0.0272566871768344,0.092995333194519,-0.0026279884620494,0.0087485486972886,0.0120100450040623,0.7283753157472782,-0.2999627082656583,0.0272566871768344,0.092995333194519,-0.0657386460176845,178.5079559326172,174.33881530761718,173.32618789672853,1.0239140125946344,1.005842322058638,0.0287401818035174,0.0896467998775849,60605010.0,0.8871131281060611,0.0058848371918314,0.0144507906276623,0.0146051295531899,0.0206933448052826,0.0028185503054705,-0.0246054497944974,-0.0147040075243637,3,11,0,0,1,xg_AAPL,0.2405864,1.472605
2023-11-10,184.48345947265625,184.6517248499752,181.6429731785289,182.0784515863883,66133400,69.29528845039425,173.71144866943362,175.50771351101972,1.8575961010305664,0.2847813249781,163.43214477118735,173.71144866943362,183.9907525676799,0.0232198987418947,0.0565838220600867,0.109532374760938,0.0229544186519312,0.0098192263538141,0.0127355060769739,0.7709513342569008,2.3644973043697863,0.0565838220600867,0.109532374760938,-0.0529485527008513,180.4839050292969,176.16002502441407,173.7114486694336,1.02454518273532,1.0140956533017005,0.036710371646446,0.2300798869121243,61368440.0,1.0776451218248162,-0.0026245383233409,0.0058848371918314,0.0144507906276623,-0.0051811683188545,0.0187388485870334,0.0079693027412799,0.0006937460078797,4,11,0,0,0,xg_AAPL,0.008014722,0.049057297
2023-11-13,182.8999481201172,184.11729742228064,182.31601793716675,183.9094650326421,43627500,65.06847080026256,174.02395935058598,176.2117358547433,2.1931989571270094,0.6664648514078819,163.01443083600978,174.02395935058598,185.0334878651622,-0.0085834868722947,0.0324357902224066,0.0866373102049815,-0.0086205371618701,0.0114730079129732,0.0129502996320515,0.8858576543608192,-0.7480809615434936,0.0324357902224066,0.0866373102049815,-0.0542015199825749,181.6331298828125,177.61828155517577,174.02395935058593,1.0226038012105727,1.020654180137051,0.0416029124690038,-0.3403106448481402,60618090.0,0.7197108981823624,0.0232198987418947,-0.0026245383233409,0.0058848371918314,0.0146051295531899,0.0206933448052826,0.0123053091010538,0.0025436375954008,0,11,0,0,1,xg_AAPL,0.40141478,2.457019
2023-11-14,185.51283264160156,186.17594220501817,184.3845541886097,185.77015400740484,60108400,68.48447268552164,174.54470520019535,177.09755459634886,2.639577179917836,1.061087317109873,162.39508130646684,174.54470520019535,186.69432909392387,0.0142858680297077,0.032267943743979,0.0990631027706805,0.0141847865705297,0.0114258925739227,0.0129834669548635,0.8799662407121739,1.2501971062815034,0.032267943743979,0.0990631027706805,-0.0667951590267015,182.79292907714844,179.2903854370117,174.54470520019532,1.0195355910000383,1.027188909748785,0.0444617429398436,0.3777640249842415,62144330.0,0.9672386845267948,-0.0085834868722947,0.0232198987418947,-0.0026245383233409,0.0144507906276623,-0.0051811683188545,0.0028185503054705,-0.0134918904908518,1,11,0,0,1,xg_AAPL,0.35617554,2.1801143
2023-11-15,186.07693481445312,187.55162053928348,185.8493038307219,185.91859136162876,53790500,69.18509438671653,175.15839614868167,177.95273366473972,3.0042226596547437,1.4497143856188472,161.97089411392588,175.15839614868167,188.34589818343747,0.0030407717073748,0.0293492819638598,0.08212728344189,0.0030361579117199,0.011096638391344,0.0127525124423191,0.8700848837942764,0.2740016929860103,0.0293492819638598,0.08212728344189,-0.0527780014780301,183.85403137207032,180.70260314941407,175.15839614868165,1.0174398606756676,1.0316525334933204,0.0467313975913218,-0.1051084374230556,61829890.0,0.8699756703432455,0.0142858680297077,-0.0085834868722947,0.0232198987418947,0.0058848371918314,0.0146051295531899,0.0187388485870334,-0.0246054497944974,2,11,0,0,1,xg_AAPL,0.2386606,1.4608173
2023-11-16,187.75946044921875,188.99660829200764,186.7103463929358,187.62090049490251,54412900,71.23887247184066,175.87499389648437,178.8867076442139,3.389895976072012,1.83775070370948,161.57303164976662,175.87499389648437,190.17695614320212,0.009042096681372,0.0413899254591867,0.0697747648865347,0.009001461691823,0.0101878046754127,0.012737036015175,0.7997939920467969,0.8874541194407306,0.0413899254591867,0.0697747648865347,-0.028384839427348,185.34652709960935,181.92724151611327,175.87499389648437,1.018794797057335,1.0344122122511124,0.0504450384575251,0.0115708164081018,59537700.0,0.9139234468244336,0.0030407717073748,0.0142858680297077,-0.0085834868722947,-0.0026245383233409,0.0144507906276623,0.0206933448052826,0.0079693027412799,3,11,0,0,0,xg_AAPL,0.39329588,2.407324
2023-11-17,187.7396697998047,188.42257785422723,186.63119011836693,188.2939096405235,50922700,71.17877914505729,176.71810607910157,179.72984689712732,3.6518516453793097,2.200570892043446,161.68710529061696,176.71810607910157,191.74910686758616,-0.0001054042729282,0.0176504188313482,0.0752329690498738,-0.0001054098283486,0.0096352352755371,0.0120025435033881,0.802699242337689,-0.0109383249696953,0.0176504188313482,0.0752329690498738,-0.0575825502185256,185.99776916503907,183.24083709716797,176.71810607910157,1.0150454020596358,1.0369103719069213,0.0494283552103443,-0.0641428778837371,56647050.0,0.8989470766791757,0.009042096681372,0.0030407717073748,0.0142858680297077,0.0232198987418947,0.0058848371918314,-0.0051811683188545,0.0123053091010538,4,11,0,0,1,xg_AAPL,0.5047001,3.0892181
2023-11-20,189.4815673828125,189.93684445013852,187.92771748948175,187.93760923589429,46505100,73.31262172122328,177.6423858642578,180.6585821814783,3.9544258186049888,2.551341877355755,161.83932528605155,177.6423858642578,193.44544644246403,0.0092782606087742,0.0359848066133563,0.0695877924742676,0.0092354819529054,0.0093302432664194,0.0120020308180435,0.7773239449151249,0.9943220151771314,0.0359848066133563,0.0695877924742676,-0.0336029858609112,187.31409301757813,184.4736114501953,177.64238586425782,1.015397766352884,1.038454930408092,0.0510429974108268,-0.0867510952875633,54913430.0,0.8468802622600546,-0.0001054042729282,0.009042096681372,0.0030407717073748,-0.0085834868722947,-0.0026245383233409,0.0146051295531899,0.0028185503054705,0,11,0,0,0,xg_AAPL,0.4949219,3.0293667
2023-11-21,188.67987060546875,189.55082742435687,187.7891302966246,189.44195782199583,38134500,70.71754972008434,178.50483322143552,181.42251441233452,4.082467655063709,2.857567032897346,162.25276010579665,178.50483322143552,194.7569063370744,-0.0042310014024956,0.0170717999330305,0.049890615556857,-0.004239977416228,0.0094945249131978,0.0121757129921356,0.7797280694165842,-0.4455784636629203,0.0170717999330305,0.049890615556857,-0.0328188156238264,187.94750061035157,185.37021484375,178.50483322143555,1.0139034513650105,1.0384604803041828,0.0500459712984472,-0.1799931620402923,51673880.0,0.7379840646763755,0.0092782606087742,-0.0001054042729282,0.009042096681372,0.0142858680297077,0.0232198987418947,0.0144507906276623,0.0187388485870334,1,11,0,0,1,xg_AAPL,0.4484988,2.7452157
2023-11-22,189.343017578125,190.9463564933125,188.8679569924961,189.52117473642568,39617700,71.61266629986599,179.51608428955075,182.17684804717172,4.189162098483308,3.1238860460145386,163.20646239993465,179.51608428955075,195.82570617916684,0.0035146673067361,0.0175523246173883,0.0474167547055652,0.0035085052976508,0.0094973667112305,0.0113942305681038,0.8334510350158596,0.3700285968723955,0.0175523246173883,0.0474167547055652,-0.0298644300881769,188.60071716308593,186.2273742675781,179.51608428955078,1.0127443288337283,1.0373854521425632,0.0479797617558658,0.0388939149588953,50701620.0,0.781389233716777,-0.0042310014024956,0.0092782606087742,-0.0001054042729282,0.0030407717073748,-0.0085834868722947,0.0058848371918314,0.0206933448052826,2,11,0,0,0,xg_AAPL,0.3603561,2.205703
2023-11-24,188.0167999267578,188.9372307617957,187.30420149232032,188.90754041885276,24048300,67.18921309279956,180.66908569335936,182.7330339404656,4.119219731839905,3.322952783179612,165.4706215585495,180.66908569335936,195.86754982816916,-0.0070043124290019,0.0013705806190718,0.0428172343079176,-0.0070289577751978,0.0099614865627678,0.0094404539851674,1.0550797131900775,-0.703068695237059,0.0013705806190718,0.0428172343079176,-0.0414466536888458,188.65218505859377,186.99935607910157,180.66908569335936,1.0088386880797229,1.035037927830588,0.0424595002592545,-0.3929910115933029,47730100.0,0.5038392963769088,0.0035146673067361,-0.0042310014024956,0.0092782606087742,0.009042096681372,0.0142858680297077,-0.0026245383233409,-0.0051811683188545,4,11,0,0,0,xg_AAPL,0.32713395,2.0023537
2023-11-27,187.838623046875,188.7095799535061,186.95777439426936,187.9672912540552,40552600,66.59406051470805,181.74744873046873,183.2192805220284,4.003265366053569,3.4590152997544035,167.8450163604658,181.74744873046873,195.64988110047167,-0.0009476646765194,0.0005270769208012,0.0181867988805579,-0.0009481139945801,0.007465672317322,0.0095821734273801,0.7790396755204059,-0.1269192802690579,0.0005270769208012,0.0181867988805579,-0.0176597219597567,188.6719757080078,187.33487243652343,181.74744873046876,1.0071375033067451,1.0307427903119608,0.0368642341240493,0.6862979919578516,45172020.0,0.8977371390519863,-0.0070043124290019,0.0035146673067361,-0.0042310014024956,-0.0001054042729282,0.0030407717073748,0.0232198987418947,0.0146051295531899,0,11,0,0,1,xg_AAPL,0.44315758,2.7125225
2023-11-28,188.44236755371097,189.11538388382388,187.45264920500043,187.82874701011957,38415400,67.64004023305677,182.7536979675293,183.71671738218865,3.9149586257001374,3.5502039649435506,170.08568404510476,182.7536979675293,195.42171188995377,0.003214165952895,-0.0054844375812135,0.0303030126063998,0.003209011563265,0.0065081759984118,0.009490505778975,0.685684247575169,0.4937899902659305,-0.0054844375812135,0.0303030126063998,-0.0357874501876134,188.4641357421875,187.8891143798828,182.7536979675293,1.0030604293612353,1.028100205191284,0.0303033646243623,-0.0527019229346577,44650810.0,0.8603516935078925,-0.0009476646765194,-0.0070043124290019,0.0035146673067361,0.0092782606087742,0.009042096681372,-0.0085834868722947,0.0144507906276623,1,11,0,0,0,xg_AAPL,0.12633857,0.7733056
2023-11-29,187.4229431152344,190.11497800569177,187.02706184977393,188.93721085337887,43014200,63.996351098352434,183.68525543212888,184.06969126152632,3.7198359123743785,3.5841303544297163,172.7136716935786,183.68525543212888,194.65683917067912,-0.0054097411941399,-0.0066616936199972,0.0102963792123376,-0.0054244268316452,0.0056382905931589,0.0097956834833918,0.5755305458951955,-0.9592946319706468,-0.0066616936199972,0.0102963792123376,-0.0169580728323348,188.21275024414064,188.0801254272461,183.6852554321289,1.0007051506191484,1.0239260902285163,0.024156566622839,0.1197124070034414,42941390.0,1.001695566911062,0.003214165952895,-0.0009476646765194,-0.0070043124290019,-0.0042310014024956,-0.0001054042729282,0.0142858680297077,0.0058848371918314,2,11,0,0,1,xg_AAPL,0.41704687,2.5527015
2023-11-30,187.99700927734375,188.36321535895863,186.2551103094808,187.88813964798328,48794400,65.13532728538313,184.48736801147456,184.44372154874705,3.5703651509070937,3.581377313725192,174.86389573756426,184.48736801147456,194.11084028538485,0.0030629449765731,-0.007108835160641,0.010318712874356,0.0030582637171328,0.0056391694945893,0.0092766883101026,0.607820537412184,0.543059030320176,-0.007108835160641,0.010318712874356,-0.0174275480349971,187.9435485839844,188.27213287353516,184.48736801147464,0.9982547375199096,1.0205150352723615,0.0183842316736593,0.1343788795328053,42441780.0,1.1496784536369316,-0.0054097411941399,0.003214165952895,-0.0009476646765194,0.0035146673067361,0.0092782606087742,0.0030407717073748,-0.0026245383233409,3,11,0,1,1,xg_AAPL,0.48279858,2.955161
2023-12-01,189.2737274169922,189.5904294104457,187.2843840288066,188.37308016671423,45704800,67.59090032554221,185.17540054321287,184.90372210762752,3.5144169682946256,3.567985244639079,176.31618771874537,185.17540054321287,194.0346133676804,0.0067911619687788,0.0066851871254272,0.0080649303324078,0.0067682059019746,0.0053202343630588,0.0084875421998456,0.626754775767691,1.2762380879001496,0.0066851871254272,0.0080649303324078,-0.0013797432069806,188.19493408203124,188.4235595703125,185.1754005432129,0.9987866406472596,1.017540985560561,0.0159532629278544,-0.0633187414949256,41570970.0,1.099440306540812,0.0030629449765731,-0.0054097411941399,0.003214165952895,-0.0070043124290019,-0.0042310014024956,0.009042096681372,0.0232198987418947,4,12,1,0,0,xg_AAPL,0.357229,2.1865623
2023-12-04,187.48231506347656,188.09595062883508,185.52267721747737,188.0266631045601,43389500,61.08933567455205,185.81933059692383,185.14930238913695,3.287627897097906,3.5119137751308447,178.44833157720893,185.81933059692383,193.1903296166387,-0.0094646646312878,-0.0018968834929625,-0.0013708063756719,-0.0095097392055256,0.0062435149152182,0.0087756586610401,0.7113772058760205,-1.5156765192796309,-0.0018968834929625,-0.0013708063756719,-0.0005260771172905,188.12367248535156,188.3978240966797,185.81933059692383,0.9985448260209872,1.0138763469412615,0.0122909826862738,-0.0506576989725368,40817650.0,1.0630082819564317,0.0067911619687788,0.0030629449765731,-0.0054097411941399,-0.0009476646765194,0.0035146673067361,-0.0001054042729282,-0.0085834868722947,0,12,0,0,1,xg_AAPL,0.21380745,1.3086936
2023-12-05,191.43133544921875,192.4012552746417,188.22464232394304,188.25434777036745,66628400,68.32291649047447,186.5332061767578,185.7475912520019,3.387499876110155,3.487030995326707,179.97518255660856,186.5332061767578,193.09122979690704,0.0210634287527606,0.015861443126137,0.01029001445015,0.0208446613986055,0.0088024342803011,0.0093047574855626,0.9459127098420096,2.392637700481606,0.015861443126137,0.01029001445015,0.0055714286759869,188.72146606445312,188.59280090332032,186.5332061767578,1.0006822379248652,1.0110414374404249,0.0114310433167082,0.5355881031125043,42829980.0,1.555648636772617,-0.0094646646312878,0.0067911619687788,0.0030629449765731,0.003214165952895,-0.0070043124290019,0.0092782606087742,0.0142858680297077,1,12,0,0,0,xg_AAPL,0.18372217,1.1245447
2023-12-06,190.3426513671875,192.75755159573393,190.1348038567878,192.4507413057332,41089700,64.74922976020721,187.0646469116211,186.18521602487672,3.34029657248351,3.457684110758068,181.1415265096663,187.0646469116211,192.9877673135759,-0.0056870735372372,0.0155781795089939,0.0088127088299505,-0.0057033065146274,0.0089110338991386,0.0091945939248142,0.9690547420860258,-0.638134190421667,0.0155781795089939,0.0088127088299505,0.0067654706790434,189.30540771484377,188.7590789794922,187.06464691162108,1.0028943176577532,1.0090580026522684,0.0117722475079956,-0.3833005144953203,43125500.0,0.9527935907989252,0.0210634287527606,-0.0094646646312878,0.0067911619687788,-0.0054097411941399,-0.0009476646765194,-0.0042310014024956,0.0030407717073748,2,12,0,0,1,xg_AAPL,0.39408776,2.4121711
2023-12-07,192.27259826660156,192.9950884718347,191.59958189996593,191.63917909312912,47477700,67.94967694410991,187.639705657959,186.7649667145648,3.4192037474018377,3.449988038086822,182.06626901970645,187.639705657959,193.2131422962116,0.010139329706462,0.0227428564193286,0.0154723460413204,0.0100882715433314,0.0093608091969702,0.0093152943100481,1.0047781752530192,1.0830523772844494,0.0227428564193286,0.0154723460413204,0.0072705103780081,190.1605255126953,189.05203704833983,187.63970565795896,1.0058634039688872,1.0075268258678436,0.0131106557952735,0.1554647515070686,43911500.0,1.0812133495781042,-0.0056870735372372,0.0210634287527606,-0.0094646646312878,0.0030629449765731,0.003214165952895,0.0035146673067361,0.009042096681372,3,12,0,0,1,xg_AAPL,0.47434592,2.9034233
2023-12-08,193.69778442382812,193.9749043529612,191.67875053796885,192.20330005396383,53406400,70.10796058389249,188.30974578857425,187.42523506782797,3.5557503870465155,3.471140507878761,183.25518390681177,188.30974578857425,193.36430767033676,0.0074123206846687,0.0233738568326982,0.030215302564895,0.0073849844359523,0.0089955957032478,0.0092591672871658,0.971429070802566,0.823902832711807,0.0233738568326982,0.030215302564895,-0.0068414457321968,191.0453369140625,189.6201354980469,188.30974578857425,1.0075160868980093,1.006958692997992,0.0141229861437266,0.124873361599235,46847310.0,1.1400099600168905,0.010139329706462,-0.0056870735372372,0.0210634287527606,0.0067911619687788,-0.0054097411941399,-0.0070043124290019,-0.0001054042729282,4,12,0,0,0,xg_AAPL,0.20231616,1.2383567
2023-12-11,191.1937713623047,191.5005967167582,189.4518726145205,191.12449893522992,60943700,62.184612790460285,188.64526138305663,187.7841432863496,3.422459670896785,3.461404340482366,183.7725327108946,188.64526138305663,193.51799005521872,-0.0129274223191134,0.019796300774137,0.0178618660050142,-0.0130117086341998,0.0102872701186855,0.0087481672105371,1.1757999214252015,-1.2565205005294997,0.019796300774137,0.0178618660050142,0.0019344347691228,191.78762817382812,189.95565032958984,188.64526138305663,1.0096442398057632,1.0069463125494171,0.0164355081673493,0.1411310254950717,48886420.0,1.2466386370693283,0.0074123206846687,0.010139329706462,-0.0056870735372372,-0.0094646646312878,0.0030629449765731,-0.0009476646765194,0.0092782606087742,0,12,0,0,1,xg_AAPL,0.37979344,2.324677
2023-12-12,192.7080535888672,192.71794533501543,189.748790485074,191.09480795445688,52696900,64.77712664215976,189.13566665649415,188.25308712468455,3.3998246757941786,3.4490884075447283,184.7474225103715,189.13566665649415,193.5239108026168,0.0079201441332155,0.0066693268197313,0.0226365550939089,0.0078889444208769,0.0104642778506914,0.0084893117132982,1.2324963092110484,0.7568020884120356,0.0066693268197313,0.0226365550939089,-0.0159672282741776,192.0429718017578,190.38221893310543,189.13566665649415,1.0087232561841075,1.0065907837408334,0.0150865783298617,-0.1353183347909627,50314570.0,1.0473487103238477,-0.0129274223191134,0.0074123206846687,0.010139329706462,0.0210634287527606,0.0067911619687788,0.003214165952895,-0.0042310014024956,1,12,0,0,1,xg_AAPL,0.48273095,2.9547472
2023-12-13,195.92462158203125,195.96420366520783,192.84659737493095,193.0841200777932,70404200,69.55219048281788,189.6562561035157,188.9837094539557,3.599938583065409,3.479258442648865,184.65070177819155,189.6562561035157,194.66181042883977,0.0166914040864449,0.0293259034417654,0.0453609271388386,0.0165536335435012,0.0109786483033268,0.0086778030330689,1.2649956752670526,1.5202130000272898,0.0293259034417654,0.0453609271388386,-0.0160350236970732,193.15936584472655,191.23238677978512,189.65625610351563,1.010076635539567,1.0083104597161785,0.0178798851972987,0.3360216635134134,53053570.0,1.327039820317439,0.0079201441332155,-0.0129274223191134,0.0074123206846687,-0.0056870735372372,-0.0094646646312878,-0.0054097411941399,0.0035146673067361,2,12,0,0,0,xg_AAPL,0.23022176,1.4091641
2023-12-14,196.07310485839844,197.567574144968,194.14315707722483,195.98403383047588,66831600,69.75601802177947,190.1560646057129,189.65888996866457,3.727542861998757,3.5289153265188435,184.68110316353687,190.1560646057129,195.63102604788895,0.0007578591969106,0.0197662413992407,0.042958638608662,0.0007575721666395,0.0110362249044604,0.0086890564837928,1.2699831036821458,0.0686639262559879,0.0197662413992407,0.042958638608662,-0.0231923972094212,193.91946716308593,192.0399963378906,190.15606460571288,1.0097868718029364,1.0099072923920889,0.0191938744484661,-0.0507441317421404,54857290.0,1.2182811072147164,0.0166914040864449,0.0079201441332155,-0.0129274223191134,0.010139329706462,0.0210634287527606,0.0030629449765731,-0.0070043124290019,3,12,0,0,0,xg_AAPL,0.16947275,1.0373255
2023-12-15,195.5386505126953,196.36010340669733,194.97450383643803,195.4990533238864,128538400,67.99168578184103,190.5450241088867,190.21886716333412,3.7424040687764943,3.571613074970374,184.6945190847267,190.5450241088867,196.3955291330468,-0.0027257912098097,0.009503805602852,0.033099803027077,-0.0027295129433202,0.0112036960857956,0.0086320713363196,1.297764798798937,-0.243272212734558,0.009503805602852,0.033099803027077,-0.023595997424225,194.2876403808594,192.66648864746097,190.5450241088867,1.008414290127874,1.0111336653816891,0.0191400332474407,0.92331771198056,63140650.0,2.035747177135458,0.0007578591969106,0.0166914040864449,0.0079201441332155,0.0074123206846687,-0.0056870735372372,0.0067911619687788,-0.0009476646765194,4,12,0,0,0,xg_AAPL,0.35088062,2.1477046
2023-12-18,193.87591552734375,194.60831249977457,192.39133809002112,194.0738561652729,55751900,62.68008562045889,190.8518363952637,190.567157483716,3.5787591570925485,3.5730422913948092,184.97723285316815,190.8518363952637,196.72643993735923,-0.0085033571674547,0.0140284076511911,0.0341024190025736,-0.0085397169760312,0.0110853301573363,0.0089420045984263,1.239553221216837,-0.7670128028640494,0.0140284076511911,0.0341024190025736,-0.0200740113513824,194.8240692138672,193.30584869384765,190.8518363952637,1.007853981295848,1.01285820637063,0.0204885315837143,-0.5662626888151712,64376890.0,0.8660235062613173,-0.0027257912098097,0.0007578591969106,0.0166914040864449,-0.0129274223191134,0.010139329706462,-0.0094646646312878,0.003214165952895,0,12,0,0,1,xg_AAPL,0.3515079,2.151544
2023-12-19,194.9151306152344,194.92502236186388,193.87592334681435,194.1431515248431,40714100,64.54440957619649,191.1235145568848,190.98125016290825,3.4926641004528847,3.556966653206425,185.01771688976055,191.1235145568848,197.22931222400905,0.0053602072493841,0.0114529568705825,0.0181986672027361,0.0053458924691804,0.0092711608917338,0.0088079375576335,1.0524720865684527,0.5780968764425547,0.0114529568705825,0.0181986672027361,-0.0067457103321535,195.26548461914064,193.6542282104492,191.12351455688477,1.0083202748712536,1.0132412469466765,0.0212501207534892,-0.2697271303758257,61785460.0,0.6589592438091315,-0.0085033571674547,-0.0027257912098097,0.0007578591969106,0.0079201441332155,0.0074123206846687,0.0210634287527606,-0.0054097411941399,1,12,0,0,0,xg_AAPL,0.41869357,2.5627809
2023-12-20,192.8268280029297,195.6475162401682,192.8268280029297,194.87553713507947,52242800,58.24745752361471,191.33086242675785,191.1570194810055,3.218820026030528,3.4893373277712456,185.2931972694186,191.33086242675785,197.36852758409705,-0.0107139071539144,-0.0158111499927259,0.0130510771910494,-0.010771714321681,0.0098434664423831,0.009141053208322,1.0767238188268922,-1.088317707883904,-0.0158111499927259,0.0130510771910494,-0.0288622271837754,194.64592590332032,193.90264587402345,191.33086242675785,1.0038332639864016,1.0134415504882288,0.0171919203924888,0.2831623442492896,62900770.0,0.830558989977375,0.0053602072493841,-0.0085033571674547,-0.0027257912098097,0.0166914040864449,-0.0129274223191134,-0.0056870735372372,0.0030629449765731,2,12,0,0,0,xg_AAPL,0.31239426,1.9121336
2023-12-21,192.67835998535156,195.05369307239377,191.5104995881977,194.08377332368417,46482500,57.81559954376437,191.49762954711915,191.301909052848,2.955744513032073,3.382618764823411,185.50708173450616,191.49762954711915,197.48817735973213,-0.0007699551930391,-0.0173136691822088,0.0021103460524696,-0.0007702517607777,0.0093523049951163,0.0091323582903085,1.0239722014453376,-0.0823190512274698,-0.0173136691822088,0.0021103460524696,-0.0194240152346785,193.96697692871095,193.94322204589844,191.49762954711915,1.0001224836968363,1.012770876091589,0.0128159040889674,-0.1102601698224444,62801250.0,0.7401524651181188,-0.0107139071539144,0.0053602072493841,-0.0085033571674547,0.0007578591969106,0.0079201441332155,0.010139329706462,0.0067911619687788,3,12,0,0,0,xg_AAPL,0.5608509,3.4329116
2023-12-22,191.6094665527344,193.40085423729087,190.98593919883143,193.17320815773428,37149600,54.67276720121834,191.677262878418,191.33120024331336,2.630679669043502,3.2322309456674296,185.91508822135663,191.677262878418,197.43943753547933,-0.0055475530967692,-0.0200941550412603,-0.010781320381674,-0.0055629979165736,0.0091451949977049,0.0090714947650352,1.0080132570535945,-0.6065421848278237,-0.0200941550412603,-0.010781320381674,-0.0093128346595863,193.1811401367187,193.73439025878903,191.67726287841796,0.9971442854243312,1.010732245178584,0.0078486584476079,-0.2007830904103694,61175570.0,0.6072620165206372,-0.0007699551930391,-0.0107139071539144,0.0053602072493841,-0.0027257912098097,0.0166914040864449,0.0074123206846687,-0.0094646646312878,4,12,0,0,0,xg_AAPL,0.14690135,0.89916825
2023-12-26,191.0651092529297,191.89646895007564,190.8473700319769,191.61934905102697,28919300,53.08997809637292,191.8385871887207,191.3058582442292,2.302595466286931,3.04630384979133,186.3549908785612,191.8385871887207,197.32218349888024,-0.0028409728892747,-0.0144979651895834,-0.0006729409041845,-0.0028450161123609,0.0081961245845129,0.0091025588406729,0.9003209325010572,-0.3465816409137281,-0.0144979651895834,-0.0006729409041845,-0.0138250242853988,192.61897888183591,193.72152404785157,191.8385871887207,0.9943086078254098,1.0098152143774834,0.0040844280578834,-0.2215447811012769,57973130.0,0.4988397210914694,-0.0055475530967692,-0.0007699551930391,-0.0107139071539144,-0.0085033571674547,0.0007578591969106,-0.0129274223191134,0.0210634287527606,1,12,0,0,0,xg_AAPL,0.39212638,2.4001658
2023-12-27,191.16407775878903,191.5104851939577,189.1252605394368,190.51087517820892,48087700,53.354377538916296,191.97467269897464,191.29235534085396,2.0272039578563295,2.84248387140433,186.71545612372415,191.97467269897464,197.23388927422505,0.0005179831432662,-0.0192445442516723,-0.008011994316398,0.0005178490363055,0.0077179296532156,0.0090862945508582,0.8493099469838098,0.0671055659965034,-0.0192445442516723,-0.008011994316398,-0.0112325499352742,191.86876831054687,193.56712646484377,191.97467269897464,0.991225999035506,1.0082951242655127,-0.0005539973287312,0.6628237889575475,57512210.0,0.8361302756405843,-0.0028409728892747,-0.0055475530967692,-0.0007699551930391,0.0053602072493841,-0.0027257912098097,0.0079201441332155,-0.0056870735372372,2,12,0,0,1,xg_AAPL,0.32556796,1.9927684
2023-12-28,191.58970642089844,192.65860419850247,191.18391821699305,192.1439463570104,34049900,54.541055249700385,192.1830108642578,191.3206744913344,1.822292624207364,2.6384456219649373,187.3719749502021,192.1830108642578,196.9940467783135,0.0022265096408251,-0.0064157129733651,-0.0221254231659588,0.0022240346412942,0.0049333191751922,0.0089732931138556,0.5497167423220853,0.4512293513599898,-0.0064157129733651,-0.0221254231659588,0.0157097101925937,191.62134399414063,193.13363494873047,192.18301086425785,0.992169717330742,1.0049464522394442,-0.0029316129796831,-0.2919208030327922,53876780.0,0.6319958245462957,0.0005179831432662,-0.0028409728892747,-0.0055475530967692,-0.0107139071539144,-0.0085033571674547,0.0166914040864449,0.010139329706462,3,12,0,0,0,xg_AAPL,0.6195765,3.792365
2023-12-29,190.5504608154297,192.40122918172025,189.758683164504,191.9063700376295,42672100,51.12129431115324,192.3106834411621,191.2473208079149,1.558079905679108,2.4223724787077714,187.8441901545127,192.3106834411621,196.7771767278115,-0.0054243290252017,-0.0110437890901897,-0.028166249761573,-0.0054390941158999,0.0049054242484919,0.0090775578053948,0.5403307831092911,-1.1055564603629564,-0.0110437890901897,-0.028166249761573,0.0171224606713832,191.19576416015624,192.5813705444336,192.3106834411621,0.9928050860768092,1.0014075510441118,-0.005851044790103,0.2532224764243067,51460830.0,0.82921515257331,0.0022265096408251,0.0005179831432662,-0.0028409728892747,-0.0007699551930391,0.0053602072493841,0.0007578591969106,0.0074123206846687,4,12,0,0,0,xg_AAPL,0.38724416,2.3702822
2024-01-02,183.7313232421875,186.50253778362813,181.99931604152513,185.22579259007347,82488700,35.42547896756709,192.03356323242193,190.53151151594085,0.7893429561954406,2.0957665742053053,186.27332149484724,192.03356323242193,197.7938049699966,-0.0357865184059948,-0.0411156267604277,-0.0603835980229454,-0.0364425549532052,0.0115112871950104,0.0120750550725763,0.9532324195135182,-3.1085498302635335,-0.0411156267604277,-0.0603835980229454,0.0192679712625176,189.6201354980469,191.4006378173828,192.03356323242187,0.9906975110446876,0.9967040896164956,-0.0131356357304068,0.933082740244797,46855860.0,1.7604777716170026,-0.0054243290252017,0.0022265096408251,0.0005179831432662,-0.0055475530967692,-0.0107139071539144,-0.0027257912098097,-0.0129274223191134,1,1,0,0,0,xg_AAPL,0.11438698,0.7001511
2024-01-03,182.35562133789065,183.9688672168001,181.5440449736598,182.32593099304364,58414500,33.21017763892532,191.77722854614265,189.7528553085075,0.068318209035624,1.6902769011713692,184.8301901290834,191.77722854614265,198.72426696320184,-0.0074875741382619,-0.0455838742567566,-0.0594209660241594,-0.0075157467392257,0.0114926621541179,0.0120136243336292,0.956556096552244,-0.6514524298575536,-0.0455838742567566,-0.0594209660241594,0.0138370917674027,187.87823791503905,190.2486083984375,191.77722854614257,0.9875406684792448,0.99202918845322,-0.0213812472711164,-0.2918484592435085,47122120.0,1.2396407462142782,-0.0357865184059948,-0.0054243290252017,0.0022265096408251,-0.0028409728892747,-0.0007699551930391,-0.0085033571674547,0.0079201441332155,2,1,0,0,0,xg_AAPL,0.21009412,1.2859648
2024-01-04,180.03964233398438,181.20750256721809,179.02023379077144,180.2771650380176,71983600,29.82842133019983,191.20764389038092,188.82778740617195,-0.6821162365896498,1.2157982736191657,182.49704378294712,191.20764389038092,199.91824399781473,-0.0127003433561005,-0.0581931268428029,-0.0763177708898057,-0.0127816821376089,0.0109049930146512,0.0110357392253563,0.9880629406915324,-1.164528836488235,-0.0581931268428029,-0.0763177708898057,0.0181246440470027,185.65335083007812,188.7610595703125,191.2076438903809,0.9835362826034744,0.9872045684456476,-0.0308503893270305,0.2322899280144483,50249070.0,1.4325359653422156,-0.0074875741382619,-0.0357865184059948,-0.0054243290252017,0.0005179831432662,-0.0055475530967692,0.0053602072493841,0.0166914040864449,3,1,0,0,0,xg_AAPL,0.32708636,2.0020623
2024-01-05,179.31716918945312,180.88092604513352,178.31755906038765,180.11885376441708,62379700,28.84176761091536,190.6563697814942,187.92201424267492,-1.3199232327362722,0.708653972348078,180.44841368641175,190.6563697814942,200.8643258765766,-0.0040128559197591,-0.0640563496897066,-0.0700610955093411,-0.0040209290308004,0.0109155184445988,0.0110206589128988,0.9903698282500994,-0.3675948462986965,-0.0640563496897066,-0.0700610955093411,0.0060047458196345,183.19884338378907,187.41009368896485,190.6563697814941,0.9775292236278108,0.9829731569092092,-0.0415884682510574,-0.1334178896304158,51262760.0,1.2168619091129464,-0.0127003433561005,-0.0074875741382619,-0.0357865184059948,0.0022265096408251,-0.0028409728892747,-0.0107139071539144,0.0007578591969106,4,1,0,0,1,xg_AAPL,0.40873647,2.5018344
2024-01-08,183.6521453857422,183.6917425791316,179.63389106527006,180.21782130157615,59144500,41.37271634599087,190.2253471374512,187.51536006582415,-1.4587776416060194,0.2751676495572586,179.58587147998836,190.2253471374512,200.8648227949141,0.0241749087155678,-0.0362020401324,-0.0468460215267328,0.0238873213236159,0.0147282104691971,0.0122719244195284,1.2000571311073875,1.641290194482877,-0.0362020401324,-0.0468460215267328,0.0106439813943328,181.81918029785157,186.5074722290039,190.22534713745117,0.9748627126027648,0.9804554179324964,-0.045772222382392,-0.051863025952353,52528960.0,1.1259408143621894,-0.0040128559197591,-0.0127003433561005,-0.0074875741382619,-0.0054243290252017,0.0005179831432662,-0.0007699551930391,-0.0027257912098097,0,1,0,0,0,xg_AAPL,0.37361985,2.2868893
2024-01-09,183.2364501953125,183.2463419418833,180.85122540618832,182.0289926299427,42841800,40.6337600067789,189.70228042602545,187.1078448400612,-1.5841033316481798,-0.0966865466838291,178.75737067592007,189.70228042602545,200.6471901761308,-0.0022634921555452,-0.0026934604189546,-0.0436983438661027,-0.0022660577260777,0.0147435222811871,0.0120611637658888,1.222294985156893,-0.1535141059424666,-0.0026934604189546,-0.0436983438661027,0.041004883447148,181.72020568847657,185.67017059326173,189.7022804260254,0.978725904693446,0.9787450639828444,-0.043561609761817,-0.2756418601898739,53098180.0,0.8068412137666338,0.0241749087155678,-0.0040128559197591,-0.0127003433561005,-0.0357865184059948,0.0022265096408251,-0.0055475530967692,-0.0085033571674547,1,1,0,0,1,xg_AAPL,0.50403744,3.085162
2024-01-10,184.27566528320312,184.48349768333688,182.02900036017593,182.4545871112419,46792900,43.35747987109451,189.35637512207035,186.83811345369375,-1.5813401663320974,-0.3936172706134828,178.17520597183352,189.35637512207035,200.53754427230717,0.0056714430277542,0.0105291184950904,-0.0355347137751811,0.0056554209450876,0.0150827851904628,0.0119478012852605,1.2622843773515848,0.3759960087034497,0.0105291184950904,-0.0355347137751811,0.0460638322702715,182.10421447753907,184.99122619628903,189.35637512207032,0.9843937911104678,0.9769474414422687,-0.0393549557039221,0.0922253500086365,54885540.0,0.852554242884358,-0.0022634921555452,0.0241749087155678,-0.0040128559197591,-0.0074875741382619,-0.0054243290252017,-0.0028409728892747,0.0053602072493841,2,1,0,0,0,xg_AAPL,0.30198458,1.8484169
2024-01-11,183.6818389892578,185.12683453552387,181.7320924826033,184.6220684732307,49128400,42.166967460141,188.90506439208983,186.53751588565223,-1.6085250811561025,-0.6365988327220068,177.56597442380215,188.90506439208983,200.2441543603775,-0.0032224889435764,0.0202299705112551,-0.0391404015715354,-0.0032276923426772,0.0150180792966488,0.0117298303071849,1.280223045034632,-0.2145596863780785,0.0202299705112551,-0.0391404015715354,0.0593703720827906,182.83265380859376,184.24300231933591,188.90506439208983,0.9923451719034748,0.975320608329074,-0.033059395620768,0.0499114181852375,54989610.0,0.8934124100898171,0.0056714430277542,-0.0022634921555452,0.0241749087155678,-0.0127003433561005,-0.0357865184059948,0.0005179831432662,-0.0107139071539144,3,1,0,0,1,xg_AAPL,0.30568123,1.8710438
2024-01-12,184.00845336914065,184.82002975127756,183.285963125415,184.14701334878532,40477800,43.09251734674536,188.30925598144535,186.2966527888416,-1.5854383250741932,-0.8263667311924441,177.27501330511512,188.30925598144535,199.34349865777557,0.0017781528194626,0.0261619353065465,-0.0395702524597157,0.0017765737773132,0.0149984712712665,0.010901796252466,1.375653632697591,0.1185476999358626,0.0261619353065465,-0.0395702524597157,0.0657321877662623,183.77091064453128,183.48487701416016,188.30925598144532,1.0015588948529477,0.9743805531908613,-0.0246637872000894,-0.17608145186898,55632400.0,0.727593991990266,-0.0032224889435764,0.0056714430277542,-0.0022634921555452,-0.0040128559197591,-0.0074875741382619,0.0022265096408251,-0.0007699551930391,4,1,0,0,0,xg_AAPL,0.13414222,0.8210709
2024-01-16,181.74197387695312,182.36548612847807,179.0697224204938,180.28708678689063,65603000,38.48926616939709,187.59269943237308,185.86287384485223,-1.7300845203973552,-1.0071102890334265,176.82318389387618,187.59269943237308,198.36221497087,-0.0123172574449105,-0.0104010301909457,-0.0462265318109548,-0.0123937435755738,0.015231495782064,0.0110508367398078,1.3781868245665752,-0.808617157761755,-0.0104010301909457,-0.0462265318109548,0.035825501620009,183.38887634277344,182.6040283203125,187.59269943237305,1.0042980871215186,0.9734069016163448,-0.0231307220887001,0.620715552722727,57925490.0,1.132541131719367,0.0017781528194626,-0.0032224889435764,0.0056714430277542,0.0241749087155678,-0.0127003433561005,-0.0054243290252017,-0.0055475530967692,1,1,0,0,0,xg_AAPL,0.48623762,2.976211
2024-01-17,180.80174255371097,181.04917214343425,178.44622312883942,179.40625114511818,47317400,36.73609853676422,186.85585403442383,185.380861340934,-1.8986994568163595,-1.185428122590013,176.3623789451521,186.85585403442383,197.3493291236956,-0.0051734406927853,-0.0132872451906068,-0.0159449169405636,-0.0051868692717471,0.0106615432342206,0.0110526908649303,0.9645233763544152,-0.485197628665326,-0.0132872451906068,-0.0159449169405636,0.0026576717499567,182.9019348144531,182.31107025146488,186.85585403442383,1.0032409691971709,0.9756775948688142,-0.0218688114623459,-0.2787311555873969,54408360.0,0.8696714990122681,-0.0123172574449105,0.0017781528194626,-0.0032224889435764,-0.0022634921555452,-0.0040128559197591,-0.0357865184059948,-0.0028409728892747,2,1,0,0,1,xg_AAPL,0.2331656,1.427183
2024-01-18,186.69056701660156,187.1953179109023,183.91935276727983,184.17667408756796,78005800,51.60458097918295,186.49658660888673,185.50559521480713,-1.539403800767957,-1.256223258225602,176.536651741668,186.49658660888673,196.45652147610545,0.0325706178475642,0.0131048325327551,0.0237719333624413,0.0320514385239665,0.0148770391292807,0.013652982588802,1.0895750769069947,2.1891740950905048,0.0131048325327551,0.0237719333624413,-0.0106671008296861,183.3849151611328,182.74456481933595,186.49658660888673,1.0035040732534504,0.9798815524842855,-0.0166675343991922,0.6485647985730407,56367490.0,1.3838792538038969,-0.0051734406927853,-0.0123172574449105,0.0017781528194626,0.0056714430277542,0.0241749087155678,-0.0074875741382619,0.0005179831432662,3,1,0,0,1,xg_AAPL,0.10962281,0.67099005
2024-01-19,189.59043884277344,189.97642838325277,186.8786203129096,187.38337121910467,68903000,56.96794897875649,186.2303520202637,185.8946279412801,-1.009032485243182,-1.206785103629118,176.95691674591131,186.2303520202637,195.50378729461607,0.0155330388273662,0.0321675778401868,0.0530482975025676,0.015413636051031,0.0143520329295298,0.0141153635400083,1.016694766244406,1.0822130001115398,0.0321675778401868,0.0530482975025676,-0.0208807196623808,184.5666351318359,183.69964447021485,186.23035202026367,1.0047196099051878,0.9864108749052172,-0.0087753206257803,-0.1166938868648228,56059430.0,1.2291063251980758,0.0325706178475642,-0.0051734406927853,-0.0123172574449105,-0.0032224889435764,-0.0022634921555452,-0.0127003433561005,0.0022265096408251,4,1,0,0,1,xg_AAPL,0.07422125,0.45430076
2024-01-22,191.89646911621097,193.3216657993532,190.28322355100104,190.32282073770045,60133900,60.69803221018145,186.1838340759277,186.4662318627021,-0.3980436266490699,-1.0450368082331083,177.04131377773854,186.1838340759277,195.32635437411693,0.0121632202948267,0.0428676813626931,0.0701511181757921,0.0120898427365778,0.0140983892186397,0.014237847741393,0.9901355414915364,0.8626771065193879,0.0428676813626931,0.0701511181757921,-0.0272834368130989,186.14423828125,184.95757446289065,186.1838340759277,1.0064158703519193,0.9934137159699,-0.0002063393602815,-0.1272673178236071,55834850.0,1.0769958189195266,0.0155330388273662,0.0325706178475642,-0.0051734406927853,0.0017781528194626,0.0056714430277542,-0.0040128559197591,-0.0054243290252017,0,1,0,0,1,xg_AAPL,0.41423252,2.5354753
2024-01-23,193.17323303222656,193.73737977781175,191.83712223283263,193.01488956324005,42355600,62.629492362822894,186.2085777282715,187.1049938788473,0.1870375706968445,-0.7986219324471178,176.98968918150814,186.2085777282715,195.42746627503487,0.0066533997310935,0.0628982887740223,0.0518430515825791,0.0066313635567505,0.0127345562719714,0.0143172518578126,0.8893932302931913,0.5224271000817184,0.0628982887740223,0.0518430515825791,0.0110552371914431,188.4304901123047,185.9096832275391,186.20857772827148,1.0135593092355517,0.9983948403216496,0.0115021752711596,-0.2956452184208907,54155960.0,0.7821041303671695,0.0121632202948267,0.0155330388273662,0.0325706178475642,-0.0123172574449105,-0.0032224889435764,0.0241749087155678,-0.0357865184059948,1,1,0,0,0,xg_AAPL,0.28936073,1.7711477
2024-01-24,192.5002288818359,194.36090430723632,192.34187031331157,193.4107679979945,53631300,60.92971351982987,186.25311584472655,187.61882578389384,0.5896160971253437,-0.5209743265326255,176.91650815528112,186.25311584472655,195.58972353417204,-0.0034839410192941,0.0647033936890826,0.0505564186418647,-0.0034900240745869,0.0128189545535641,0.0142808460149469,0.8975698617775492,-0.2717592332123804,0.0647033936890826,0.0505564186418647,0.0141469750472178,190.7701873779297,186.8360610961914,186.25311584472655,1.0210565683019448,1.0031298550299197,0.0234652787658548,0.2662150931635958,55234910.0,0.9709674551836696,0.0066533997310935,0.0121632202948267,0.0155330388273662,-0.0051734406927853,0.0017781528194626,-0.0022634921555452,-0.0074875741382619,2,1,0,0,0,xg_AAPL,-0.009023136,-0.0552297
2024-01-25,192.173583984375,194.251998276528,191.1244850928335,193.2127911304515,54822100,60.077461729000106,186.30853958129885,188.05261227917777,0.8722502089499358,-0.2423294194361133,176.83943878958917,186.30853958129885,195.77764037300852,-0.0016968545926322,0.0293695447787989,0.0428592602774435,-0.0016982958810549,0.0129878266671802,0.0142697675529769,0.910100078287022,-0.1306395593775843,0.0293695447787989,0.0428592602774435,-0.0134897154986446,191.8667907714844,187.6258529663086,186.3085395812988,1.0226031633601012,1.0070706012079225,0.028923076080204,0.0222034520886125,56037830.0,0.9783051913323378,-0.0034839410192941,0.0066533997310935,0.0121632202948267,0.0325706178475642,-0.0123172574449105,0.0056714430277542,-0.0127003433561005,3,1,0,0,0,xg_AAPL,0.17313409,1.0597361
2024-01-26,190.44161987304688,192.7575573916286,189.9665592517261,192.27260502262163,44594000,55.63394957500712,186.2724166870117,188.2801368119272,0.9455846385760368,-0.0047466078336832,176.87607489042284,186.2724166870117,195.66875848360056,-0.0090124983643378,0.0044895778261229,0.0368015745105012,-0.0090533566028581,0.0134792378401947,0.0144234313611194,0.9344727360641426,-0.6685711684896832,0.0044895778261229,0.0368015745105012,-0.0323119966843783,192.03702697753903,188.3018310546875,186.2724166870117,1.0198362166843016,1.0108948732387242,0.0302696978442536,-0.1865689201982412,55584390.0,0.8022756029165599,-0.0016968545926322,-0.0034839410192941,0.0066533997310935,0.0155330388273662,-0.0051734406927853,-0.0032224889435764,-0.0040128559197591,4,1,0,0,0,xg_AAPL,0.08140461,0.49826938
2024-01-29,189.7586975097656,190.22386634852867,187.63080907007364,190.03581744325376,47145600,53.939839685768504,186.1808662414551,188.42095211648325,0.9377863577242068,0.1837599852778947,176.96878789796435,186.1808662414551,195.39294458494587,-0.0035859932494616,-0.0111402341913375,0.0312498911617356,-0.0035924383358914,0.0136696702324896,0.0144328437144519,0.9470568271986228,-0.2623129070101604,-0.0111402341913375,0.0312498911617356,-0.0423901253530731,191.60947265625,188.87685546875,186.18086624145508,1.0144677185604252,1.0144804849269449,0.0286079451747687,0.0572184598824954,56251170.0,0.8381265669673922,-0.0090124983643378,-0.0016968545926322,-0.0034839410192941,0.0121632202948267,0.0325706178475642,0.0017781528194626,0.0241749087155678,0,1,0,0,0,xg_AAPL,0.49872664,3.0526552
2024-01-30,186.10662841796875,189.82797900977772,185.54249682198056,188.97682064057707,55859400,45.89181573462189,185.95867462158208,188.20054033567231,0.6296564225804389,0.2729392727384035,176.97891829648475,185.95867462158208,194.9384309466794,-0.0192458587654928,-0.0365816966633203,0.0240156659901287,-0.0194334713834125,0.014679861888117,0.0150065331246711,0.978166216004186,-1.310948833397228,-0.0365816966633203,0.0240156659901287,-0.060597362653449,190.1961517333984,189.31332092285157,185.958674621582,1.0046633316992342,1.018039740862297,0.0227690821538049,0.1848274282223578,55276810.0,1.0105395011036091,-0.0035859932494616,-0.0090124983643378,-0.0016968545926322,0.0066533997310935,0.0155330388273662,-0.0123172574449105,-0.0022634921555452,1,1,0,0,0,xg_AAPL,0.16772218,1.0266105
2024-01-31,182.50404357910156,185.1762949988752,182.45456974695213,185.11689921687164,55467800,39.61300598940689,185.89731063842777,187.65801683504657,0.0936828233122355,0.2370879828531699,176.83705407089872,185.89731063842777,194.9575672059568,-0.0193576385187974,-0.0519281735964605,0.0094152910328555,-0.0195474511455557,0.0161157311258013,0.0133663032687782,1.2056082518485676,-1.2010896234291395,-0.0519281735964605,0.0094152910328555,-0.061343464629316,188.19691467285156,189.48355102539065,185.89731063842777,0.9932097728505908,1.019291513011386,0.0126002908720601,-0.0070104584009137,56091850.0,0.9888744978102704,-0.0192458587654928,-0.0035859932494616,-0.0090124983643378,-0.0034839410192941,0.0121632202948267,-0.0051734406927853,0.0056714430277542,2,1,0,1,1,xg_AAPL,0.4834791,2.9593265
2024-02-01,184.9387359619141,185.0278069718484,181.92999940067185,182.0982496756258,64885400,45.0815867092997,186.0264663696289,187.39903770427205,-0.1330866478366488,0.1630530567152062,177.10622491277448,186.0264663696289,194.94670782648333,0.0133404846000426,-0.0376474636755962,-0.0093836077670259,0.0132522838962136,0.012728455274948,0.0135824263020013,0.9370577784982456,1.0480012154406315,-0.0376474636755962,-0.0093836077670259,-0.0282638559085702,186.74994506835935,189.30836791992184,186.0264663696289,0.9864854212221368,1.017642121652582,0.003911991151921,0.1697849923739538,54779810.0,1.1844765434564088,-0.0193576385187974,-0.0192458587654928,-0.0035859932494616,-0.0016968545926322,0.0066533997310935,0.0325706178475642,-0.0032224889435764,3,2,1,0,0,xg_AAPL,0.38545957,2.359359
2024-02-02,183.9391632080078,185.40394215196616,177.40701599262258,178.01074479617154,102551700,43.34604256474901,186.22144241333007,187.06952584748495,-0.3889763774206187,0.0526471698880412,177.69019556630482,186.22144241333007,194.7526892603553,-0.0054048858326366,-0.0341440944966429,-0.029807809240065,-0.0054195450729421,0.0113813630174434,0.0132959840553011,0.8559356745942716,-0.4748474305690013,-0.0341440944966429,-0.029807809240065,-0.0043362852565778,185.44945373535157,188.7432403564453,186.22144241333007,0.9825488498826588,1.0135419311032827,-0.0041969783080153,0.5805050134544905,58144680.0,1.763733156670537,0.0133404846000426,-0.0193576385187974,-0.0192458587654928,-0.0090124983643378,-0.0034839410192941,0.0155330388273662,0.0017781528194626,4,2,0,0,1,xg_AAPL,0.260203,1.5926762
2024-02-05,185.7503204345703,187.30418539055444,183.9292424150712,186.21548923655905,69668800,47.30458858069854,186.54309997558596,186.9438872367312,-0.4405472258028169,-0.0459917092501303,178.6464115816755,186.54309997558596,194.43978836949643,0.0098465013919539,-0.0211235486320146,-0.0320284615446394,0.0097983404833694,0.0110582428880878,0.0133733845049249,0.8268225639853364,0.8903413634725273,-0.0211235486320146,-0.0320284615446394,0.0109049129126248,184.6477783203125,188.12862548828124,186.54309997558593,0.981497514485452,1.0084995130503505,-0.010203598307875,-0.3206470492444299,59098170.0,1.1788656061600356,-0.0054048858326366,0.0133404846000426,-0.0193576385187974,-0.0035859932494616,-0.0016968545926322,0.0121632202948267,-0.0123172574449105,0,2,0,0,1,xg_AAPL,0.43401635,2.65657
2024-02-06,187.35366821289065,187.36355995873055,184.8496822422945,184.93875326056028,43490800,50.59558543954503,186.72817611694336,186.98291399636545,-0.3480288685632899,-0.1063991411127623,178.94407146410973,186.72817611694336,194.512280769777,0.0086317362714058,0.0067006737241042,-0.0301261449528312,0.0085946958321265,0.011269678490847,0.0124256972549505,0.9068924960216196,0.7658577323819274,0.0067006737241042,-0.0301261449528312,0.0368268186769354,184.8971862792969,187.54666900634768,186.72817611694336,0.9858729416998544,1.0043833389605417,-0.0097729062639216,-0.3757492593528236,59211690.0,0.7344968535773808,0.0098465013919539,-0.0054048858326366,0.0133404846000426,-0.0192458587654928,-0.0090124983643378,0.0066533997310935,-0.0051734406927853,1,2,0,0,0,xg_AAPL,0.23415819,1.4332585
2024-02-07,187.46253967285156,189.08567701882757,186.6707620426896,188.67988890685805,53439000,50.820186880461605,186.9394805908203,187.02859263222123,-0.262891932397963,-0.1376976993698024,179.3269216707944,186.9394805908203,194.5520395108462,0.0005811012989465,0.0271692396316736,-0.0261697829568643,0.0005809325249668,0.011323344935758,0.0124017750486136,0.912968661559634,0.0513143411158031,0.0271692396316736,-0.0261697829568643,0.0533390225885379,185.8888854980469,187.0429000854492,186.93948059082032,0.9938302144220652,1.00055322446763,-0.0056042935010208,0.2287426306253277,59192460.0,0.9028007959121668,0.0086317362714058,0.0098465013919539,-0.0054048858326366,-0.0193576385187974,-0.0035859932494616,-0.0034839410192941,0.0325706178475642,2,2,0,0,0,xg_AAPL,0.2591659,1.5863283
2024-02-08,186.38375854492188,187.5912009839088,185.42373058041275,187.44274927884152,40962000,48.46885713886886,187.04488525390627,186.96717986200224,-0.2792498993694039,-0.1660081393697227,179.52987269495316,187.04488525390627,194.5598978128594,-0.0057546490611527,0.0078135203828004,-0.0301281025175857,-0.0057712708531223,0.0113604128466599,0.0124486930240274,0.9125054589486468,-0.5065082255896106,0.0078135203828004,-0.0301281025175857,0.0379416229003862,186.17789001464843,186.46391754150392,187.04488525390624,0.998466043561528,0.9968939663246408,-0.0046516673235176,-0.23348116544097,57806450.0,0.7086060465570762,0.0005811012989465,0.0086317362714058,0.0098465013919539,0.0133404846000426,-0.0192458587654928,-0.0016968545926322,0.0155330388273662,3,2,0,0,1,xg_AAPL,0.22299413,1.3649244
2024-02-09,187.14683532714844,188.27655346933713,186.30449512518672,186.9486269587983,45155200,50.22323653057329,187.2181350708008,186.98428990630188,-0.2280114133788799,-0.1784087941715542,179.87169706497284,187.2181350708008,194.56457307662876,0.0040941162909462,0.0174387665095183,-0.0173007588787305,0.0040857582017377,0.0113452312005652,0.0124366465886089,0.9121686421734984,0.3608349079597704,0.0174387665095183,-0.0173007588787305,0.0347395253882488,186.81942443847657,186.13443908691409,187.21813507080077,1.0036800570325553,0.9942115864818496,-0.0021304695408138,0.102368048435135,57862570.0,0.780387044681894,-0.0057546490611527,0.0005811012989465,0.0086317362714058,-0.0054048858326366,-0.0193576385187974,-0.0090124983643378,0.0121632202948267,4,2,0,0,0,xg_AAPL,0.1767714,1.0819998
2024-02-12,185.4621124267578,186.9684079782513,185.10535861511912,186.72066269575697,41781900,46.462273033449264,187.29081802368165,186.83932062253575,-0.3196627293618519,-0.2066595812096137,180.05008352049717,187.29081802368165,194.53155252686616,-0.0090021447461058,-0.0015515882133512,-0.0226423617962843,-0.0090429088786141,0.0115730351934424,0.0126335639260067,0.9159821629950106,-0.7777879188760579,-0.0015515882133512,-0.0226423617962843,0.021090773582933,186.76178283691405,185.7047805786133,187.29081802368165,1.0056918419386265,0.9915316860601902,-0.002852524323406,-0.074704574445468,57326200.0,0.7288447516144324,0.0040941162909462,-0.0057546490611527,0.0005811012989465,0.0098465013919539,0.0133404846000426,-0.0035859932494616,0.0066533997310935,0,2,0,0,0,xg_AAPL,0.39724368,2.4314883
2024-02-13,183.37115478515625,184.53061609699293,181.8549547572752,184.0945819491523,56529500,42.234928681522696,187.3722770690918,186.5090191142139,-0.5546264756374057,-0.2762529600951722,180.3613758024731,187.3722770690918,194.3831783357105,-0.0112743115790149,-0.021256661082339,-0.0146984213086114,-0.0113383483987901,0.0104948453021527,0.0125800479272844,0.8341789462062736,-1.074168993011213,-0.021256661082339,-0.0146984213086114,-0.0065582397737276,185.9652801513672,185.43123321533204,187.3722770690918,1.0028800268799107,0.9896407094788948,-0.0076729457224235,0.352966236576125,57393210.0,0.9849510072707036,-0.0090021447461058,0.0040941162909462,-0.0057546490611527,0.0086317362714058,-0.0054048858326366,-0.0192458587654928,-0.0034839410192941,1,2,0,0,0,xg_AAPL,0.28193647,1.7257046
2024-02-14,182.4892120361328,183.8567711565096,180.79464237244255,183.6486735380374,54630500,40.55870824766109,187.4566505432129,186.1261803448729,-0.8027487585316635,-0.3815521197824705,180.74443824269363,187.4566505432129,194.16886284373217,-0.004809604597063,-0.0265297143919948,-8.126692799725888e-05,-0.0048212079652785,0.0085643451731497,0.0125716399930077,0.6811890882036525,-0.5615190631359479,-0.0265297143919948,-8.126692799725888e-05,-0.0264484474639975,184.97061462402343,185.4297500610352,187.4566505432129,0.9975239386513728,0.9891873642449912,-0.0136229199055188,-0.0335930797194384,57309480.0,0.9532541562059026,-0.0112743115790149,-0.0090021447461058,0.0040941162909462,0.0005811012989465,0.0098465013919539,-0.0193576385187974,-0.0016968545926322,2,2,0,0,0,xg_AAPL,0.4179749,2.5583818
2024-02-15,182.2018280029297,182.826151079826,179.71447030737514,181.89462620990932,65434500,40.001594857000875,187.23221359252932,185.75243250278305,-1.0109236465415847,-0.5074264251342934,180.12366635168303,187.23221359252932,194.3407608333756,-0.0015748001210407,-0.0224372046933706,-0.0147989978667748,-0.0015760414221235,0.0071735454804047,0.0100604608265641,0.7129725597564588,-0.2194982421314137,-0.0224372046933706,-0.0147989978667748,-0.0076382068265957,184.134228515625,185.15605926513672,187.2322135925293,0.994481245963177,0.9889113401612027,-0.0170030405888928,0.1977649847612597,57364390.0,1.1406815273377588,-0.004809604597063,-0.0112743115790149,-0.0090021447461058,-0.0057546490611527,0.0086317362714058,0.0133404846000426,-0.0090124983643378,3,2,0,0,0,xg_AAPL,0.4595581,2.8129084
2024-02-16,180.66580200195312,183.18290302222297,180.03157456209792,181.76579187183052,49752500,37.07063341978698,186.78598175048828,185.267991502704,-1.2850351213105284,-0.6629481643695404,179.1965370566101,186.78598175048828,194.37542644436644,-0.0084303545019969,-0.0346307396214631,-0.0177958904942554,-0.008466090929418,0.0074177389414435,0.00937002627394,0.7915610013891065,-1.1363595037563752,-0.0346307396214631,-0.0177958904942554,-0.0168348491272076,182.83802185058593,184.82872314453124,186.78598175048828,0.9892294808941108,0.989521383844685,-0.0218522811520226,-0.2396595068350793,52084470.0,0.955227153122592,-0.0015748001210407,-0.004809604597063,-0.0112743115790149,0.0040941162909462,0.0005811012989465,-0.0054048858326366,-0.0035859932494616,4,2,0,0,0,xg_AAPL,0.24788722,1.5172925
2024-02-20,179.9225616455078,180.78471053407532,178.3766332434525,180.15048310961225,53665600,35.707290541394784,186.18728637695312,184.7589029448758,-1.544440377882296,-0.8392466070720915,178.40851408127278,186.18728637695312,193.9660586726335,-0.0041138962006616,-0.0298689080414613,-0.0313741520091498,-0.0041223815515341,0.006202941304433,0.008726412674774,0.7107422939174373,-0.66311010997509,-0.0298689080414613,-0.0313741520091498,0.0015052439676884,181.73011169433593,184.245947265625,186.18728637695312,0.9863452325078172,0.9895731918698374,-0.0247727391265078,0.0786513240540676,50484150.0,1.063018789065458,-0.0084303545019969,-0.0015748001210407,-0.004809604597063,-0.0090021447461058,-0.0057546490611527,0.0098465013919539,-0.0192458587654928,1,2,0,0,1,xg_AAPL,0.55711,3.410014
2024-02-21,180.6757049560547,181.24055639365764,179.03067248659073,180.2991272502037,41371400,38.18802747983718,185.56240997314453,184.37002694594045,-1.6699978461170415,-1.0053968548810817,178.14715065310455,185.56240997314453,192.9776692931845,0.0041859303450266,-0.0146994211399259,-0.0356436216089869,0.0041771937107428,0.0053663820095914,0.0085965477218994,0.624175890983701,0.7798830673029139,-0.0146994211399259,-0.0356436216089869,0.0209442004690609,181.19102172851564,183.5781509399414,185.56240997314453,0.986996659465174,0.9893067834509678,-0.024194665495796,-0.2290890253719328,50272210.0,0.822947708087613,-0.0041138962006616,-0.0084303545019969,-0.0015748001210407,-0.0112743115790149,0.0040941162909462,0.0086317362714058,-0.0193576385187974,2,2,0,0,1,xg_AAPL,0.21783714,1.333359
2024-02-22,182.70718383789065,183.29187418944448,180.8144213951088,181.825211247954,52292200,44.41782452332569,185.0727577209473,184.21166093565,-1.5872824720107133,-1.121773978307008,178.32297979503556,185.0727577209473,191.82253564685897,0.0112437855567248,0.0011944366427243,-0.0253669658122612,0.0111810440631279,0.0070779773983462,0.0091905388748756,0.7700535780459298,1.5883347161627597,0.0011944366427243,-0.0253669658122612,0.0265614024549856,181.2346160888672,183.1026153564453,185.0727577209473,0.9897980743533256,0.9893547684231704,-0.0210070647002337,0.263969795559251,50157530.0,1.0425593126296084,0.0041859303450266,-0.0041138962006616,-0.0084303545019969,-0.004809604597063,-0.0090021447461058,0.0005811012989465,0.0133404846000426,3,2,0,0,0,xg_AAPL,0.29581684,1.8106649
2024-02-23,180.8739013671875,183.3711632214272,180.58650833781007,183.3414349937225,45119700,40.45524585317574,184.50777359008788,183.8937790719869,-1.6506330458352352,-1.2275457918126536,178.39941599487878,184.50777359008788,190.61613118529695,-0.0100339922721909,-0.0072882179629989,-0.0295618954180838,-0.0100846720714589,0.0074150282838048,0.0093369037379229,0.7940784668502244,-1.3530142939318577,-0.0072882179629989,-0.0295618954180838,0.0222736774550849,180.96903076171876,182.55162963867187,184.50777359008788,0.9913306779014486,0.9893980404545888,-0.0195646956339223,-0.137161947670972,50573300.0,0.8921644425022514,0.0112437855567248,0.0041859303450266,-0.0041138962006616,-0.0015748001210407,-0.0112743115790149,-0.0057546490611527,-0.0054048858326366,4,2,0,0,0,xg_AAPL,0.3014234,1.844982
2024-02-26,179.5261688232422,181.11172976770857,179.02075870271764,180.59643039937333,40867400,37.78644790748629,183.96200103759764,183.4778161911541,-1.7889674813020804,-1.339830129710539,178.1422405941783,183.96200103759764,189.781761481017,-0.0074512272569899,-0.0063079629131949,-0.0407202531134693,-0.0074791263254043,0.0070840877978224,0.0092902570145527,0.7624466513763153,-1.051677476640455,-0.0063079629131949,-0.0407202531134693,0.0344122902002744,180.74110412597656,181.7895629882813,183.96200103759764,0.9942325684430392,0.988190832687929,-0.0179410998002876,-0.094244864216739,50144520.0,0.8149923461227505,-0.0100339922721909,0.0112437855567248,0.0041859303450266,-0.0084303545019969,-0.004809604597063,0.0040941162909462,0.0098465013919539,0,2,0,0,1,xg_AAPL,0.37354058,2.286404
2024-02-27,180.98289489746097,182.2612539462515,177.94057546451762,179.4666949255866,54318900,42.22308646790833,183.52321090698243,183.24020463937376,-1.760755999108511,-1.4240153035901335,178.24558578281324,183.52321090698243,188.8008360311516,0.0081142826350459,0.0058932756529015,-0.0241516580970992,0.0080815388526511,0.0078060612397976,0.0096081188757239,0.8123597325368216,1.0393517337461398,0.0058932756529015,-0.0241516580970992,0.0300449337500008,180.9531707763672,181.34164123535157,183.52321090698243,0.997857797821074,0.9881128405456214,-0.0142004587343535,0.3291498847492133,51398220.0,1.056824535946944,-0.0074512272569899,-0.0100339922721909,0.0112437855567248,-0.0041138962006616,-0.0015748001210407,-0.0090021447461058,0.0086317362714058,1,2,0,0,0,xg_AAPL,0.29742277,1.8204945
2024-02-28,179.78379821777344,181.46846314665845,178.50543918901624,180.86396404098633,48953900,39.712597401359744,183.20706939697263,182.91102307541183,-1.8142418265489084,-1.5020606081818886,177.824572321302,183.20706939697263,188.5895664726433,-0.0066254696631242,-0.0049365062031897,-0.0195633635594751,-0.0066475155172991,0.0073445777800757,0.0088201657351551,0.8326085237017175,-0.9019671238245294,-0.0049365062031897,-0.0195633635594751,0.0146268573562854,180.77478942871093,180.98290557861327,183.20706939697263,0.9988500784135552,0.9878598362733476,-0.0135289163560527,-0.0987685685829425,50640660.0,0.9666915873529104,0.0081142826350459,-0.0074512272569899,-0.0100339922721909,0.0041859303450266,-0.0084303545019969,-0.0112743115790149,0.0005811012989465,2,2,0,0,0,xg_AAPL,0.36512807,2.234912
2024-02-29,179.119873046875,180.92346630197017,177.9108746304469,179.63518756564144,136682600,38.352857924976774,183.03786087036133,182.54996116793217,-1.8884342482727448,-1.57933533620006,177.3577598084414,183.03786087036133,188.71796193228124,-0.0036929088020168,-0.0196342076740592,-0.0184632228484316,-0.0036997444238009,0.007304641273385,0.0078058695097659,0.93566842179792,-0.5054872890447566,-0.0196342076740592,-0.0184632228484316,-0.0011709848256276,180.0573272705078,180.6459716796875,183.03786087036133,0.9967414473530388,0.986932270846588,-0.0166398822707602,1.7920676391462171,58845870.0,2.322722053391303,-0.0066254696631242,0.0081142826350459,-0.0074512272569899,0.0112437855567248,-0.0041138962006616,-0.004809604597063,-0.0057546490611527,3,2,0,1,0,xg_AAPL,0.27958298,1.7112991
2024-03-01,178.03968811035156,178.90183692569337,175.78025215753124,177.93067957222544,73563100,36.1822251746385,182.6929084777832,182.1204113529245,-2.0112101947218264,-1.665710307904413,176.6711861308476,182.6929084777832,188.7146308247188,-0.0060305141922513,-0.0156695534038505,-0.0228435682462593,-0.0060487711793149,0.0074217684495996,0.0071163893697626,1.0427655512469365,-0.8124346371839949,-0.0156695534038505,-0.0228435682462593,0.0071740148424087,179.49048461914063,180.2297576904297,182.6929084777832,0.9958981630960252,0.986517534764339,-0.0179871347373831,-0.461796161325582,59658730.0,1.2330651356473523,-0.0036929088020168,-0.0066254696631242,0.0081142826350459,-0.0100339922721909,0.0041859303450266,-0.0015748001210407,0.0040941162909462,4,3,1,0,0,xg_AAPL,0.33518785,2.0516508
2024-03-04,173.5208282470703,175.3045824548566,172.2226300679557,174.5613464945542,81510100,28.83094550727525,182.17199172973636,181.3014034380812,-2.4449612507516747,-1.8215604964738656,174.92612561463855,182.17199172973636,189.41785784483417,-0.0253811939980506,-0.0334510596173007,-0.0395480144870227,-0.0257088526354127,0.01034264381107,0.0088327821404887,1.1708058503803986,-2.453796211629686,-0.0334510596173007,-0.0395480144870227,0.0060969548697219,178.28941650390624,179.5152603149414,182.17199172973633,0.9931713671089324,0.9854163563258596,-0.0223752690962368,0.1080297051103067,62834490.0,1.2972190909801082,-0.0060305141922513,-0.0036929088020168,-0.0066254696631242,-0.0074512272569899,0.0112437855567248,-0.0084303545019969,-0.0090021447461058,0,3,0,0,0,xg_AAPL,0.497134,3.0429068
2024-03-05,168.58572387695312,170.48840604509627,168.0902332564625,169.21995126633416,95132400,23.270335163279757,181.3137619018555,180.0903863370214,-3.150615432428282,-2.087371483664749,172.06357494558182,181.3137619018555,190.56394885812915,-0.0284409913205938,-0.0684991309677728,-0.0630095395756485,-0.028853272246585,0.012918315726979,0.0100024081036095,1.2913914531106352,-2.2014317105975847,-0.0684991309677728,-0.0630095395756485,-0.0054895913921242,175.8099822998047,178.38157653808594,181.31376190185543,0.9855837453161416,0.9838281146835578,-0.0326467714791072,0.1671240741944863,66981170.0,1.4202857310494663,-0.0253811939980506,-0.0060305141922513,-0.0036929088020168,0.0081142826350459,-0.0100339922721909,-0.0041138962006616,-0.0112743115790149,1,3,0,0,0,xg_AAPL,0.69921845,4.279845
2024-03-06,167.59474182128906,169.69563232435493,167.15870765798908,169.5172478388351,68587700,22.338638767571453,180.32581558227537,178.90032495457072,-3.746626645505046,-2.4192225160328085,169.67688591956883,180.32581558227537,190.9747452449819,-0.005878208622145,-0.0677984140802259,-0.0724002329917421,-0.0058955532942492,0.0123818933580433,0.0094909377527464,1.3044642390812855,-0.4747039687882677,-0.0677984140802259,-0.0724002329917421,0.0046018189115162,173.3721710205078,177.07348022460937,180.3258155822754,0.9790973261529248,0.9819641167452138,-0.0414908277324264,-0.2790290164024034,69702800.0,0.984002077391425,-0.0284409913205938,-0.0253811939980506,-0.0060305141922513,-0.0066254696631242,-0.0074512272569899,0.0041859303450266,-0.004809604597063,2,3,0,0,0,xg_AAPL,0.708337,4.335659
2024-03-07,167.475830078125,169.1902233947002,166.97043508778398,167.62447121611535,71765100,22.223656483661134,179.32648010253905,177.81227782348066,-4.1803762347434485,-2.7714532597749364,167.78374980656395,179.32648010253905,190.86921039851416,-0.0007095195342754,-0.0650069853818107,-0.0833648324046189,-0.0007097713623851,0.0108641274313019,0.0094516225715094,1.1493241530712175,-0.06530245860084,-0.0650069853818107,-0.0833648324046189,0.0183578470228081,171.04336242675782,175.55034484863282,179.32648010253905,0.97432655329865,0.9789426790078796,-0.0494585855876473,0.0463260905380993,71650090.0,1.0016051619753583,-0.005878208622145,-0.0284409913205938,-0.0253811939980506,-0.0036929088020168,0.0081142826350459,0.0112437855567248,-0.0015748001210407,3,3,0,0,1,xg_AAPL,0.67404234,4.125745
2024-03-08,169.19021606445312,172.13343143853632,167.4163663695346,167.4758228221548,76267000,27.979376357805567,178.46680297851563,176.99112908452565,-4.335808783132052,-3.08432436444636,166.5811882124763,178.46680297851563,190.35241774455497,0.0102366173407135,-0.0497050525072443,-0.0645957499363915,0.0101845780099267,0.0123579099061487,0.0100907048729036,1.2245611679875714,0.8282783367180839,-0.0497050525072443,-0.0645957499363915,0.0148906974291471,169.27346801757812,174.38197631835936,178.46680297851563,0.9707050670680843,0.9771115602903022,-0.0543372730101325,0.0627310489360426,74764820.0,1.0200920700404146,-0.0007095195342754,-0.005878208622145,-0.0284409913205938,-0.0060305141922513,-0.0066254696631242,-0.0100339922721909,-0.0084303545019969,4,3,0,0,1,xg_AAPL,0.59540355,3.6444046
2024-03-11,171.1920166015625,172.8073209312821,170.49833272784605,171.38030546468005,60139500,34.11082472584761,177.6690620422363,176.43883265757677,-4.248487702320887,-3.3171570320212656,166.09891920119054,177.6690620422363,189.23920488328207,0.0118316566032801,-0.0134209343571821,-0.0464230494991809,0.0117622097980785,0.0136452539112934,0.0105850144479804,1.2889887859445102,0.8670259750544751,-0.0134209343571821,-0.0464230494991809,0.0330021151419988,168.80770568847657,173.5485610961914,177.66906204223633,0.9726828308009586,0.9768079996670136,-0.0517626728726722,-0.2114610513065939,76692030.0,0.7841688373615774,0.0102366173407135,-0.0007095195342754,-0.005878208622145,-0.0253811939980506,-0.0036929088020168,-0.0074512272569899,-0.0041138962006616,0,3,0,0,1,xg_AAPL,0.3834024,2.3467672
2024-03-12,171.66766357421875,172.46045153320196,169.4676841705973,171.58838326620315,59825400,35.51560831124563,176.97933959960935,175.98443560201886,-4.093714587600857,-3.472468543137184,165.7249155919072,176.97933959960935,188.2337636073115,0.0027784413204459,0.0182811428298346,-0.0514702305348796,0.0027745885871057,0.0131869587372443,0.0106425834736077,1.2389585490585262,0.2106801648233304,0.0182811428298346,-0.0514702305348796,0.0697513733647142,169.4240936279297,172.61703796386718,176.97933959960938,0.9815027278094888,0.975351350922592,-0.0440108860013304,-0.0052228568578055,77242680.0,0.7745122256244763,0.0118316566032801,0.0102366173407135,-0.0007095195342754,-0.0284409913205938,-0.0060305141922513,0.0081142826350459,0.0041859303450266,1,3,0,0,0,xg_AAPL,0.33739176,2.0651407
2024-03-13,169.5866241455078,171.62804307697533,169.21995080494636,171.21183277143888,52488700,32.27353965508211,176.29011306762695,175.3751202252083,-4.091810425508243,-3.596336919611396,164.9955772675548,176.29011306762695,187.5846488676991,-0.0121224893808333,0.0118851122808061,-0.0567190935632236,-0.0121965660261729,0.0133667362723707,0.0106755619328203,1.251970096410968,-0.9068468388240782,0.0118851122808061,-0.0567190935632236,0.0686042058440298,169.82247009277344,171.59732055664062,176.29011306762695,0.9896568870766176,0.9733802853187457,-0.0381376951598739,-0.1226352017704854,77596160.0,0.6764342462307326,0.0027784413204459,0.0118316566032801,0.0102366173407135,-0.005878208622145,-0.0253811939980506,-0.0066254696631242,0.0112437855567248,2,3,0,0,1,xg_AAPL,0.25574127,1.5653664
2024-03-14,171.4397430419922,172.73792596009017,170.49831395125625,171.35055836544484,72913500,37.72513259760462,175.7376396179199,175.00032239823534,-3.8958610939439495,-3.656241754477907,164.6406150468454,175.7376396179199,186.8346641889944,0.0109272703895229,0.0236685673509908,-0.0428770402426141,0.0108679991613573,0.0143770099764269,0.0111692691443432,1.287078206500302,0.7599988042460962,0.0236685673509908,-0.0428770402426141,0.066545607593605,170.61525268554686,170.82930755615234,175.7376396179199,0.9987469663509868,0.9720701150166862,-0.0298786433150356,0.3891275645996186,71219250.0,1.0237892142924698,-0.0121224893808333,0.0027784413204459,0.0118316566032801,-0.0007095195342754,-0.0284409913205938,-0.0036929088020168,-0.0100339922721909,3,3,0,0,0,xg_AAPL,0.36943617,2.2612813
2024-03-15,171.0631866455078,171.0631866455078,168.75419840900892,169.6262667891251,121752700,37.072116552654464,175.1807075500488,174.62535708845178,-3.727980947350261,-3.670589593052378,164.33446060640065,175.1807075500488,186.02695449369693,-0.0021964358427213,0.011070206212995,-0.0391850914753322,-0.0021988515458666,0.0143762310744789,0.0111657877588084,1.2874097175473602,-0.1527718259060491,0.011070206212995,-0.0391850914753322,0.0502552976883272,170.9898468017578,170.13165740966798,175.18070755004882,1.0050442663355907,0.9711780468808854,-0.0244989049395863,0.6698238323492907,76038210.0,1.6012041840542854,0.0109272703895229,-0.0121224893808333,0.0027784413204459,0.0102366173407135,-0.005878208622145,-0.0060305141922513,-0.0074512272569899,4,3,0,0,1,xg_AAPL,0.57818717,3.539025
2024-03-18,172.15325927734375,176.107279800922,171.95506605696912,173.98658058844927,75604200,40.29407966984134,174.75508041381835,174.3899192016796,-3.4670094436634145,-3.6298735631745855,164.14970830602107,174.75508041381835,185.36045252161563,0.0063723390941785,0.0056149970942773,-0.0078812957703229,0.0063521215845092,0.0124857609236957,0.0112831174212784,1.106489808423244,0.510327628847762,0.0056149970942773,-0.0078812957703229,0.0134962928646003,171.18209533691407,169.99490051269532,174.75508041381835,1.0069837084561846,0.9727608496997572,-0.0207546757575358,-0.3790347154518955,75447620.0,1.0020753471083514,-0.0021964358427213,0.0109272703895229,-0.0121224893808333,0.0118316566032801,-0.0007095195342754,-0.0253811939980506,0.0081142826350459,0,3,0,0,1,xg_AAPL,0.1575207,0.9641682
2024-03-19,174.491943359375,175.01716210094648,171.46944816276613,172.76763090593977,55215200,46.6100198274784,174.48354949951172,174.39963578812677,-3.03647281806397,-3.5111934141524626,164.1609334865339,174.48354949951172,184.8061655124895,0.0135848957600248,0.0164520197127002,0.0350339242647419,0.0134934483352555,0.0085804577153551,0.0118187838810071,0.7259403218990156,1.5830522284945647,0.0164520197127002,0.0350339242647419,-0.0185819045520416,171.7469512939453,170.5855224609375,174.48354949951172,1.0068084841916978,0.9776596300926058,-0.0156832352994674,-0.2696807849299377,71455900.0,0.7727171584151795,0.0063723390941785,-0.0021964358427213,0.0109272703895229,0.0027784413204459,0.0102366173407135,-0.0284409913205938,-0.0066254696631242,1,3,0,0,1,xg_AAPL,0.3109001,1.902988
2024-03-20,177.05862426757812,177.05862426757812,173.51090945491785,174.1352325028599,53423100,52.54340069803552,174.30269546508788,174.65287278616975,-2.4598046450104505,-3.30091566032406,164.31557782972882,174.30269546508788,184.2898131004469,0.0147094522462674,0.0440600793825534,0.0564688506539223,0.0146023175707057,0.0085547679144866,0.0123077193400395,0.6950168964092376,1.719243952534208,0.0440600793825534,0.0564688506539223,-0.0124087712713689,173.24135131835936,171.53191070556642,174.30269546508788,1.0099657294421864,0.9841036034920272,-0.0059943092358188,-0.032456642373839,69939440.0,0.7638479804813885,0.0135848957600248,0.0063723390941785,-0.0021964358427213,-0.0121224893808333,0.0118316566032801,-0.005878208622145,-0.0036929088020168,2,3,0,0,0,xg_AAPL,0.3057608,1.8715308
2024-03-21,169.82444763183594,175.8892630091755,169.29922879245808,175.45322885093574,106181300,39.29002100054672,173.65855865478514,174.1930227714713,-2.557052450227019,-3.152143018304652,164.31259979956377,173.65855865478514,183.0045175100065,-0.0408575219968365,-0.0094219425524955,0.0140236209166142,-0.0417156457876668,0.0170334377538494,0.0148457724658433,1.147282198406208,-2.398524834645833,-0.0094219425524955,0.0140236209166142,-0.0234455634691097,172.9182922363281,171.7667724609375,173.65855865478517,1.006703972828345,0.9891062887513172,-0.0043590097231576,0.9875540730507965,73381060.0,1.4469850939738205,0.0147094522462674,0.0135848957600248,0.0063723390941785,0.0109272703895229,0.0027784413204459,-0.0007095195342754,-0.0060305141922513,3,3,0,0,1,xg_AAPL,0.22121389,1.3540277
2024-03-22,170.72625732421875,171.48931715990707,168.5262776263353,170.210942813777,71160100,41.2784781584617,173.15117645263672,173.86285463363774,-2.5321643170273944,-3.0281472780492007,164.36977883528954,173.15117645263672,181.9325740699839,0.0053102465808565,-0.0019696191091498,0.0090787830141458,0.0052961969375804,0.0168234787444342,0.0148891083810341,1.1298425984503042,0.3156262171042442,-0.0019696191091498,0.0090787830141458,-0.0110484021232957,172.8509063720703,171.92037658691407,173.15117645263672,1.005412562510796,0.9928917614599096,-0.0017587809003285,-0.3298245547944882,72870370.0,0.9765299668438492,-0.0408575219968365,0.0147094522462674,0.0135848957600248,-0.0021964358427213,-0.0121224893808333,0.0102366173407135,-0.0253811939980506,4,3,0,0,0,xg_AAPL,0.3197961,1.9574394
2024-03-25,169.3091278076172,170.38929358279395,167.92174518816086,169.03165430796025,54288300,39.110623208008256,172.64032440185548,173.42916636449291,-2.5968558628018457,-2.94188899499973,164.23997480698824,172.64032440185548,181.04067399672272,-0.0083005949923119,-0.0165209272346368,-0.0109986950987767,-0.0083352367623179,0.016590729727612,0.0149043487813121,1.1130722246776936,-0.5002850895345804,-0.0165209272346368,-0.0109986950987767,-0.0055222321358601,172.282080078125,171.73208770751953,172.64032440185548,1.0032026185551426,0.994739139320534,-0.0021159185471532,-0.2370963503423969,72285250.0,0.7510287368446432,0.0053102465808565,-0.0408575219968365,0.0147094522462674,0.0063723390941785,0.0109272703895229,0.0118316566032801,-0.0284409913205938,0,3,0,0,0,xg_AAPL,0.39032707,2.3891523
2024-03-26,168.179443359375,169.8740129173693,168.05061095138228,168.46682128354186,57388400,37.423364559186126,172.00015182495116,172.92919274495787,-2.708063601227906,-2.8951239162453652,164.35964403130643,172.00015182495116,179.6406596185959,-0.0066723186332033,-0.0361764553621772,-0.0203196114062311,-0.0066946780661822,0.0166220279910048,0.014698810704836,1.1307647645786576,-0.4013900858985478,-0.0361764553621772,-0.0203196114062311,-0.0158568439559461,171.019580078125,171.38326568603514,172.00015182495116,0.99787793979503,0.9964134558465748,-0.0058305089328357,0.0571043852911217,72041550.0,0.7966014057165511,-0.0083005949923119,0.0053102465808565,-0.0408575219968365,0.0135848957600248,-0.0021964358427213,0.0027784413204459,-0.005878208622145,1,3,0,0,1,xg_AAPL,0.3278934,2.0070024
2024-03-27,171.7469482421875,172.0343412561863,168.575811446925,168.87310882923745,60273300,45.42972565455753,171.5983093261719,172.8165980304083,-2.479743763460135,-2.8120478856883193,164.89337210527393,171.5983093261719,178.30324654706985,0.0212124907274742,-0.0299995329081705,0.0127387646730092,0.0209906377317308,0.0176598308745265,0.0156784435710568,1.1263046927969658,1.2011037803476463,-0.0299995329081705,0.0127387646730092,-0.0427382975811798,169.95724487304688,171.59929809570312,171.5983093261719,0.990430886134858,1.000005762116976,-0.0095551302070932,0.0502697409232528,72820010.0,0.8277024405791646,-0.0066723186332033,-0.0083005949923119,0.0053102465808565,0.0147094522462674,0.0063723390941785,-0.0121224893808333,-0.0007095195342754,2,3,0,0,0,xg_AAPL,0.2675528,1.6376635
2024-03-28,169.93345642089844,170.67669234048742,168.97220342186947,170.20102558587905,65672700,42.45602016875929,171.13898849487308,172.5420131152169,-2.417267525728249,-2.7330918136963054,165.4170055524756,171.13898849487308,176.86097143727056,-0.0105590919655339,0.0006418910267784,-0.0087860993860963,-0.0106152347379619,0.0176801748886174,0.0157884269265437,1.119747725542535,-0.597194023137656,0.0006418910267784,-0.0087860993860963,0.0094279904128747,169.9790466308594,171.44866943359375,171.13898849487305,0.991428205260563,1.0018095288598132,-0.0068258593007174,0.0895819541986253,72095930.0,0.910907176036138,0.0212124907274742,-0.0066723186332033,-0.0083005949923119,-0.0408575219968365,0.0135848957600248,0.0109272703895229,0.0102366173407135,3,3,0,0,0,xg_AAPL,0.5505044,3.3695815
2024-04-01,168.49652099609375,169.70551918920845,167.95147834818596,169.64606274055888,46240500,40.21007545429012,170.66183013916017,172.15672815149088,-2.455399025487111,-2.6775532560544666,165.84236196282907,170.66183013916017,175.48129831549127,-0.0084558712278859,-0.0130603011105117,-0.015004196401023,-0.0084918249303829,0.0178474928207796,0.0158261656127931,1.1276493376902204,-0.473758278236324,-0.0130603011105117,-0.015004196401023,0.0019438952905113,169.53309936523436,171.19200286865234,170.66183013916014,0.99030969043168,1.0031065688740115,-0.0066988372653222,-0.2958946411522596,64544710.0,0.7164103766210939,-0.0105590919655339,0.0212124907274742,-0.0066723186332033,0.0053102465808565,0.0147094522462674,-0.0021964358427213,0.0118316566032801,0,4,1,0,0,xg_AAPL,0.6093474,3.7297535
2024-04-02,167.3172607421875,167.81275133793278,166.71276161053132,167.55510167176752,49329500,38.41407179424462,170.351651763916,171.695826493462,-2.5513644199062355,-2.6523154888248204,165.50847727390217,170.351651763916,175.19482625392985,-0.0069987216764765,-0.0117646761944991,-0.0280912400697875,-0.0070233276029263,0.0177036559316453,0.0149445921955198,1.1845402778320326,-0.3953040207896389,-0.0117646761944991,-0.0280912400697875,0.0163265638752884,169.13472595214844,170.70840301513672,170.351651763916,0.990781490335606,1.0020942048258803,-0.0072731636076846,0.0668029108681782,61917240.0,0.7967005635263976,-0.0084558712278859,-0.0105590919655339,0.0212124907274742,-0.0083005949923119,-0.0408575219968365,0.0063723390941785,0.0027784413204459,1,4,0,0,1,xg_AAPL,0.51898056,3.1766274
2024-04-03,168.11997985839844,169.140689438472,167.05963767767048,167.26773529316293,47691700,40.366613983179136,170.3283645629883,171.35526967107498,-2.533441031107742,-2.628540597281405,165.44512527493572,170.3283645629883,175.21160385104088,0.0047975870071637,-0.0003535717551965,-0.0365172361445547,0.0047861152631138,0.0170098719321308,0.0136036619828907,1.2502972843810802,0.2820306346614617,-0.0003535717551965,-0.0365172361445547,0.0361636643893581,169.12283325195312,170.07120666503906,170.32836456298827,0.9944236685816324,0.9984902227024312,-0.0071706605725894,-0.0332012284738341,61164890.0,0.7797234655371607,-0.0069987216764765,-0.0084558712278859,-0.0105590919655339,-0.0066723186332033,0.0053102465808565,0.0135848957600248,-0.0121224893808333,2,4,0,0,0,xg_AAPL,0.6994942,4.281533
2024-04-04,167.29745483398438,170.3694875068381,167.29745483398438,168.7541832986243,53704400,39.00210262990922,170.31350021362306,170.9688111151616,-2.5561418990267555,-2.614060857630475,165.39355317176856,170.31350021362306,175.23344725547756,-0.0048924882402844,-0.0259072632948837,-0.0551295904052788,-0.0049044956409289,0.0157506980775867,0.0135832033548583,1.1594863287992188,-0.3106006867441179,-0.0259072632948837,-0.0551295904052788,0.029222327110395,168.2329345703125,169.0950897216797,170.31350021362306,0.9949013590354028,0.9928460721527352,-0.0124363257371439,0.1260743483666968,61193020.0,0.8776229707244245,0.0047975870071637,-0.0069987216764765,-0.0084558712278859,0.0212124907274742,-0.0083005949923119,0.0147094522462674,0.0109272703895229,3,4,0,0,1,xg_AAPL,0.53346574,3.2652898
2024-04-05,168.05059814453125,168.85329051832247,167.42627513328318,168.06050251317026,42104800,40.96972970690946,170.34223861694338,170.69088607033967,-2.484717848845293,-2.5881922558734387,165.48577768309462,170.34223861694338,175.19869955079213,0.0045018216881675,-0.01107997398525,-0.0104451950943496,0.0044917187985022,0.009892039202993,0.013618818336606,0.726297440870129,0.4550494136125151,-0.01107997398525,-0.0104451950943496,-0.0006347788909004,167.85636291503906,168.9177047729492,170.34223861694335,0.9937168110392172,0.991637224827146,-0.0147924240041462,-0.2159897513052934,54785370.0,0.7685409444163511,-0.0048924882402844,0.0047975870071637,-0.0069987216764765,-0.0105590919655339,-0.0066723186332033,-0.0408575219968365,-0.0021964358427213,4,4,0,0,0,xg_AAPL,0.18021855,1.1030995
2024-04-08,166.93080139160156,167.67403738632925,166.72270378093583,167.50557237539863,37425500,38.95755413424585,170.2292678833008,170.3327827676027,-2.489771478152278,-2.5685081003292067,165.15953808551177,170.2292678833008,175.29899768108982,-0.0066634499686017,-0.0092922963348809,-0.0222312372572509,-0.0066857498693968,0.0097664625169927,0.013490942396836,0.7238737188266544,-0.6822089111690183,-0.0092922963348809,-0.0222312372572509,0.01293894092237,167.54321899414063,168.5381591796875,170.2292678833008,0.9940966473682312,0.9900656994849288,-0.0160907925126351,-0.1111345974805723,51411910.0,0.7279538923957362,0.0045018216881675,-0.0048924882402844,0.0047975870071637,-0.0084558712278859,0.0212124907274742,0.0053102465808565,0.0063723390941785,0,4,0,0,1,xg_AAPL,0.37451103,2.292344
2024-04-09,168.1397705078125,168.54607640984824,166.83168324813985,167.17851757917794,42373800,42.25500122948671,170.07665557861333,170.1239244571465,-2.368915429414102,-2.528589566146186,164.9455622318208,170.07665557861333,175.20774892540587,0.0072423369811471,0.0049158691815567,-0.006906640622078,0.0072162371985253,0.009923773612845,0.0133064073821228,0.745733058880921,0.7297231416718539,0.0049158691815567,-0.006906640622078,0.0118225098036347,167.7077209472656,168.42122344970704,170.07665557861327,0.9957635831884664,0.9902665529065448,-0.014089079723334,0.1322173384457121,50220460.0,0.8437557123132515,-0.0066634499686017,0.0045018216881675,-0.0048924882402844,-0.0069987216764765,-0.0105590919655339,-0.0083005949923119,0.0135848957600248,1,4,0,0,0,xg_AAPL,0.35710365,2.185795
2024-04-10,166.26683044433594,167.5650134431552,165.60287483124418,167.27763553824258,49709300,38.761655394641224,169.80661392211917,169.75658217021217,-2.396639778863374,-2.5021996086896237,164.46396375929652,169.80661392211917,175.14926408494182,-0.0111391853207598,-0.0110227791820064,-0.0113724535938205,-0.0112016906513261,0.0103177405224311,0.0134715390946538,0.7658348919934035,-1.0795101685661344,-0.0110227791820064,-0.0113724535938205,0.0003496744118141,167.33709106445312,168.22996215820314,169.80661392211914,0.9946925560566294,0.9907150155844984,-0.0148527691967568,0.1731140468874634,49452550.0,1.0051918455165405,0.0072423369811471,-0.0066634499686017,0.0045018216881675,0.0047975870071637,-0.0084558712278859,-0.0066723186332033,0.0147094522462674,2,4,0,0,1,xg_AAPL,0.417993,2.558493
2024-04-11,173.4613494873047,173.87757491447604,166.64340884278624,166.8217782077108,91070300,54.36784857907072,170.00035018920903,170.10941715279242,-1.8171272540199652,-2.365185137755692,164.4157548762193,170.00035018920903,175.58494550219876,0.0432709219496272,0.036843923653453,0.0099821351276625,0.0423608948771017,0.0162623475983629,0.0165234251298669,0.9841399909864136,2.660640540818471,0.036843923653453,0.0099821351276625,0.0268617885257904,168.5698699951172,168.40140228271486,170.00035018920897,1.0010003937622771,0.9905944434542958,-0.0082466797261742,0.8320575827863197,52532250.0,1.7336074506612276,-0.0111391853207598,0.0072423369811471,-0.0066634499686017,-0.0048924882402844,-0.0069987216764765,0.0212124907274742,-0.0408575219968365,3,4,0,0,1,xg_AAPL,0.19432916,1.1894691
2024-04-12,174.95774841308594,176.7514221146486,172.63885584160187,172.68839280877705,101670900,56.83199129093031,170.17625045776373,170.57116298710608,-1.2230143672111635,-2.1367509836467864,164.19334982129595,170.17625045776373,176.1591510942315,0.00862669943595,0.0411016107340136,0.0295662319710787,0.0085897020887699,0.0158593972849148,0.0164604694591746,0.9634253688133376,0.5439144607149984,0.0411016107340136,0.0295662319710787,0.0115353787629348,169.95130004882813,168.9038314819336,170.17625045776367,1.006201567825337,0.992522934472893,-0.0012857413345559,0.1164001875474221,56132070.0,1.811280075721387,0.0432709219496272,-0.0111391853207598,0.0072423369811471,0.0045018216881675,0.0047975870071637,-0.0105590919655339,0.0053102465808565,4,4,0,0,0,xg_AAPL,0.39725012,2.4315276
2024-04-15,171.13255310058594,175.0370216134587,170.94426424521788,173.77847120218846,73531800,49.47689652823677,170.17971878051762,170.6246287121994,-1.0487476076918938,-1.919150308455808,164.19457324773035,170.17971878051762,176.16486431330486,-0.0218635376094832,0.0251706196457268,0.0156444304541651,-0.0221060865843742,0.0174274464663987,0.0172395938999652,1.0108379425626322,-1.254474267206497,0.0251706196457268,0.0156444304541651,0.0095261891915616,170.791650390625,169.1674346923828,170.1797187805176,1.009601231473396,0.9940516761022484,0.0035757756138175,-0.2767665084109613,58861200.0,1.249240586328494,0.00862669943595,0.0432709219496272,-0.0111391853207598,-0.0066634499686017,-0.0048924882402844,-0.0084558712278859,-0.0083005949923119,0,4,0,0,0,xg_AAPL,0.4236128,2.592891
2024-04-16,167.8524169921875,172.1929047923956,166.75242714722782,170.20103782824685,73711200,44.19498281511428,169.9646766662598,170.36060854838874,-1.1619255613574069,-1.7677053590361278,163.96904750767897,169.9646766662598,175.96030582484065,-0.0191672247563003,-0.0017090157477742,0.0031984521359371,-0.0193532975113548,0.0184936080895998,0.0176951818903965,1.0450620480814612,-1.036368257355978,-0.0017090157477742,0.0031984521359371,-0.0049074678837114,170.7341796875,169.2209503173828,169.96467666625978,1.0089423287558603,0.995624229907857,0.0045844023877,0.0024397607565707,61299370.0,1.202478916178075,-0.0218635376094832,0.00862669943595,0.0432709219496272,0.0072423369811471,0.0045018216881675,-0.0069987216764765,-0.0066723186332033,1,4,0,0,0,xg_AAPL,0.25409728,1.5553037
2024-04-17,166.48484802246094,169.11094225529814,166.48484802246094,168.08032842085646,50901200,42.17349778220409,169.56432189941413,169.99148849830038,-1.3464502512859724,-1.6834543374860969,163.77579717731442,169.56432189941413,175.35284662151383,-0.0081474487781144,0.0013112511830672,-0.0097259816311822,-0.0081808206261326,0.0186098294916451,0.0174099094362822,1.0688602775030522,-0.4377799915781322,0.0013112511830672,-0.0097259816311822,0.0110372328142495,170.777783203125,169.05743713378905,169.56432189941407,1.0101761040419328,0.9970106638003382,0.0072887191724932,-0.3094509382563301,61620320.0,0.8260456940178041,-0.0191672247563003,-0.0218635376094832,0.00862669943595,-0.0111391853207598,-0.0066634499686017,0.0047975870071637,0.0212124907274742,2,4,0,0,0,xg_AAPL,0.40369335,2.470966
2024-04-18,165.53350830078125,167.11908441586118,165.04793714543356,166.5145852231191,43122900,40.77624225178746,168.98806610107425,169.5669189556795,-1.5515670630587692,-1.6570768826006317,164.11926503702193,168.98806610107425,173.85686716512657,-0.0057142720973102,-0.0457037905559685,-0.0105437738724331,-0.005730661013751,0.0186315974241555,0.0169588733960191,1.0985693695407408,-0.3066814554744892,-0.0457037905559685,-0.0105437738724331,-0.0351600166835354,169.1922149658203,168.88104248046875,168.98806610107422,1.0018425542664895,0.9993666794166314,0.0012332781854362,-0.152811721531123,60562170.0,0.7120435083485167,-0.0081474487781144,-0.0191672247563003,-0.0218635376094832,0.0432709219496272,0.0072423369811471,-0.0048924882402844,-0.0105590919655339,3,4,0,0,0,xg_AAPL,0.5535349,3.3881311
2024-04-19,163.51190185546875,164.89926951971245,162.6002009445124,164.7109957890585,68149400,37.90248816076736,168.6724388122559,168.99025066042134,-1.8558571925574088,-1.696832944591987,163.2454838236988,168.6724388122559,174.099393800813,-0.0122126720206954,-0.0654206324751781,-0.0270079151111322,-0.0122878594866451,0.0188411751779083,0.0146681224368306,1.2844105200596492,-0.6481561659088212,-0.0654206324751781,-0.0270079151111322,-0.0384127173640459,166.90304565429688,168.4271728515625,168.67243881225585,0.9909508236025024,0.998545903750367,-0.0108211887812483,0.5803528983440354,63166630.0,1.0788829481642273,-0.0057142720973102,-0.0081474487781144,-0.0191672247563003,0.00862669943595,-0.0111391853207598,0.0045018216881675,-0.0084558712278859,4,4,0,0,1,xg_AAPL,0.56473815,3.4567049
2024-04-22,164.3443145751953,165.75150603037284,163.28397258003716,164.0272084619306,48116400,39.784311438357406,168.3533416748047,168.5477805570665,-2.0067084765732375,-1.7588080509882371,162.68952723768817,168.3533416748047,174.01715611192125,0.0050908387113151,-0.0396665532208867,-0.0154943652989398,0.0050779242038281,0.0189243646288637,0.014662612659323,1.2905663200829107,0.2689955417583285,-0.0396665532208867,-0.0154943652989398,-0.0241721879219468,165.54539794921874,168.16852416992188,168.35334167480468,0.9844018003151846,0.9989022047139414,-0.0170857369349468,-0.2939571001358779,64235720.0,0.7490598688704548,-0.0122126720206954,-0.0057142720973102,-0.0081474487781144,-0.0218635376094832,0.0432709219496272,-0.0066634499686017,-0.0069987216764765,0,4,0,0,1,xg_AAPL,0.4272106,2.6149127
2024-04-23,165.39476013183594,165.54341638804536,163.43262154349364,163.85875133255257,49537800,42.16611809710261,168.15762329101565,168.24749289752071,-2.018232105097809,-1.8106928618101517,162.3638365046913,168.15762329101565,173.95141007733997,0.0063917365158379,-0.0146417722448759,-0.0163257649733084,0.0063713959961457,0.0188830632600716,0.0146879300312564,1.2855302067536916,0.3384725219255413,-0.0146417722448759,-0.0163257649733084,0.0016839927284324,165.05386657714843,167.8940231323242,168.15762329101562,0.9830836351277537,0.9984324221909628,-0.0187657499632588,0.0295408634062399,64952120.0,0.7626818031497546,0.0050908387113151,-0.0122126720206954,-0.0057142720973102,-0.0191672247563003,0.00862669943595,0.0072423369811471,0.0047975870071637,1,4,0,0,1,xg_AAPL,0.34938422,2.1385453
2024-04-24,167.49566650390625,167.77314006308927,164.71101142134987,165.03802194946388,48251800,46.70646667278196,168.12343444824222,168.17589038384315,-1.8366671222086095,-1.8158877138898433,162.32212482424944,168.12343444824222,173.924744072235,0.0127023756399275,0.0060715343975863,0.0073907468873155,0.012622377201013,0.0190334047752766,0.0149356525251656,1.2742751257826108,0.6673376861474778,0.0060715343975863,0.0073907468873155,-0.0013192124897292,165.2560302734375,168.01690673828125,168.1234344482422,0.983567865172376,0.9993663720330808,-0.0171192737976766,-0.0259599739996527,64806370.0,0.744553351776982,0.0063917365158379,0.0050908387113151,-0.0122126720206954,-0.0081474487781144,-0.0218635376094832,-0.0111391853207598,-0.0048924882402844,2,4,0,0,1,xg_AAPL,0.18933997,1.1589307
2024-04-25,168.3577880859375,169.07129572836638,166.63347542987228,168.00103426472305,50558300,48.49343136988292,167.95397644042973,168.1932139745188,-1.6047114439173529,-1.7736524598953451,162.4058536187112,167.95397644042973,173.50209926214825,0.0051471276841132,0.0170616802250358,-0.0294218937904706,0.005133926501819,0.0121913584323754,0.0141399817714658,0.8621295628126469,0.4221601351913737,0.0170616802250358,-0.0294218937904706,0.0464835740155065,165.82088623046874,167.50655059814454,167.9539764404297,0.9899367256883,0.997336021142412,-0.0126699823881751,0.0478013255464044,60755170.0,0.8321645713442851,0.0127023756399275,0.0063917365158379,0.0050908387113151,-0.0057142720973102,-0.0191672247563003,0.0432709219496272,0.0045018216881675,3,4,0,0,0,xg_AAPL,0.323086,1.9775766
2024-04-26,167.7731475830078,169.79474290783526,167.65421953718817,168.34791858741357,44838400,47.334326512550135,167.84596099853522,168.15320765151776,-1.451330466071937,-1.7091880611306636,162.37654500196132,167.84596099853522,173.31537699510912,-0.0034726074129178,0.0260607679268856,-0.0410647764688583,-0.0034786509092228,0.0114994324877725,0.0139730606863352,0.8229127342360458,-0.30195450619879,0.0260607679268856,-0.0410647764688583,0.0671255443957439,166.67313537597656,166.78809051513673,167.84596099853516,0.999310771297848,0.9936973730132972,-0.0069905443120946,-0.1131347375208422,55071920.0,0.814178986314608,0.0051471276841132,0.0127023756399275,0.0063917365158379,-0.0122126720206954,-0.0081474487781144,0.00862669943595,-0.0066634499686017,4,4,0,0,1,xg_AAPL,0.2799648,1.7136362
2024-04-29,171.9352264404297,174.4424074952563,171.5388400360099,171.80639405446584,68169400,55.49069299227221,168.01789627075198,168.51339991712842,-0.982603119121535,-1.563871072728838,162.25409712765745,168.01789627075198,173.7816954138465,0.0248077771525543,0.0461890749604312,0.0046903603394028,0.0245050605182681,0.0128872070822071,0.0149291773178522,0.863165038689646,1.9248431526835643,0.0461890749604312,0.0046903603394028,0.0414987146210283,168.19131774902343,166.86835784912108,168.01789627075195,1.0079281651533871,0.9931582382166098,0.0010086442543614,0.5203352483585497,54535680.0,1.249996332676126,-0.0034726074129178,0.0051471276841132,0.0127023756399275,0.0050908387113151,-0.0057142720973102,-0.0218635376094832,0.0072423369811471,0,4,0,0,0,xg_AAPL,0.25058705,1.5338179
2024-04-30,168.79383850097656,173.41181476528868,168.46681287321124,171.76678225756265,65934800,49.28640204973213,168.09172515869145,168.54010835368538,-0.854763886690904,-1.422049635521251,162.32788616433555,168.09172515869145,173.85556415304734,-0.0182707639643672,0.0205513062592261,0.005608626468768,-0.0184397356986538,0.0127371117045924,0.0154551258301197,0.824081781203626,-1.4343384944394952,0.0205513062592261,0.005608626468768,0.0149426797904581,168.87113342285156,166.9625,168.09172515869142,1.011431509607556,0.99328208953995,0.0046175160840105,-0.032780103682884,53758040.0,1.2265104903377946,0.0248077771525543,-0.0034726074129178,0.0051471276841132,0.0063917365158379,-0.0122126720206954,-0.0191672247563003,-0.0111391853207598,1,4,0,1,0,xg_AAPL,0.37784064,2.312724
2024-05-01,167.7731475830078,171.15239765594947,167.58485870487095,168.05062115462775,50383100,47.43077954421425,168.0743835449219,168.46706447076372,-0.8262866822405783,-1.3028970448651167,162.308815722639,168.0743835449219,173.83995136720478,-0.0060469678694038,0.0016566463174443,0.0077382391001314,-0.0060653248196143,0.012592740155095,0.0154885249920075,0.8129842691491704,-0.4801566329727238,0.0016566463174443,0.0077382391001314,-0.0060815927826871,168.92662963867187,167.0913299560547,168.0743835449219,1.0109838115664045,0.9941510802054828,0.0050797526661906,-0.2358648240382923,53706230.0,0.9381239383214772,-0.0182707639643672,0.0248077771525543,-0.0034726074129178,0.0127023756399275,0.0050908387113151,-0.0081474487781144,0.0432709219496272,2,5,1,0,1,xg_AAPL,0.5053786,3.0933712
2024-05-02,171.469482421875,171.8559644998941,169.34878317714927,170.95416794412498,94214900,54.16140673127492,168.2829849243164,168.75300903753623,-0.4996947920950276,-1.142256594311099,162.33671309911563,168.2829849243164,174.22925674951716,0.0220317428153298,0.0184826278089917,0.035859652719423,0.0217925508053689,0.0139690770772237,0.016194045301009,0.8625525163769284,1.5770666613750852,0.0184826278089917,0.035859652719423,-0.0173770249104312,169.54896850585936,167.68492736816407,168.2829849243164,1.011116330888838,0.996446119871113,0.0073831422575138,0.8699702876559798,58815430.0,1.6018738620120332,-0.0060469678694038,-0.0182707639643672,0.0248077771525543,0.0051471276841132,0.0063917365158379,-0.0057142720973102,0.00862669943595,3,5,0,0,1,xg_AAPL,0.4212163,2.5782223
2024-05-03,181.72613525390625,185.31348231884328,181.01262758822543,184.9666328542693,163224100,66.84605110004863,168.96676177978514,169.98854486766672,0.5800711003701622,-0.7977910553748467,160.51548374067517,168.96676177978514,177.41803981889512,0.0598161998692938,0.0831657978163342,0.1113939302995656,0.0580954967393685,0.0214610554061943,0.0208218458091462,1.0306494896469816,2.787067628761674,0.0831657978163342,0.1113939302995656,-0.0282281324832314,172.33956604003907,169.5063507080078,168.96676177978514,1.0167145084546818,1.003193461971686,0.0185598194532749,0.732465883846398,68322900.0,2.389010126912025,0.0220317428153298,-0.0060469678694038,-0.0182707639643672,-0.0034726074129178,0.0127023756399275,-0.0122126720206954,-0.0218635376094832,4,5,0,0,0,xg_AAPL,0.3764797,2.304394
2024-05-06,180.07119750976562,182.53873097916653,178.79282331517493,180.7054248623681,78569700,63.77923988864357,169.62378158569334,170.94879750024757,1.2874132063259935,-0.3807502030346787,159.89272078972957,169.62378158569334,179.3548423816571,-0.0091067679496312,0.0473199776321275,0.0956947185865351,-0.0091484880441825,0.0223340309987176,0.0208954910030789,1.0687933680074244,-0.4077347351859128,0.0473199776321275,0.0956947185865351,-0.0483747409544075,173.96676025390624,171.07903900146485,169.62378158569337,1.0168794568247292,1.0085793242089482,0.024118119545339,-0.5186390980253528,71368230.0,1.1009058232213256,0.0598161998692938,0.0220317428153298,-0.0060469678694038,0.0248077771525543,0.0051471276841132,0.0050908387113151,-0.0191672247563003,0,5,0,0,1,xg_AAPL,0.4610295,2.8219147
2024-05-07,180.7549591064453,183.2324120279765,179.68471275097576,181.79549235772296,77305800,64.50384325372225,170.25454101562497,171.88271765321878,1.8814723260399264,0.0716943027802422,159.36236120410982,170.25454101562497,181.14672082714011,0.0037971735965303,0.0708623058264035,0.0928699250349029,0.0037899825309368,0.022387866823494,0.0208815450578623,1.0720851678500234,0.1696009729507924,0.0708623058264035,0.0928699250349029,-0.0220076192084994,176.358984375,172.61505889892578,170.254541015625,1.0216894487651074,1.0138646397871065,0.0337719274179368,-0.0160863538997857,74145030.0,1.04262955993138,-0.0091067679496312,0.0598161998692938,0.0220317428153298,-0.0182707639643672,-0.0034726074129178,0.0063917365158379,-0.0081474487781144,1,5,0,0,1,xg_AAPL,0.2157084,1.3203293
2024-05-08,181.09193420410156,181.4189598584749,179.813559816899,181.20094275555937,45057100,64.87676276791605,170.99579620361328,172.75978589616,2.352343184591348,0.5278240791424634,159.26104277703618,170.99579620361328,182.7305496301904,0.001864264744503,0.0793856872388003,0.0811738475626664,0.0018625291597089,0.0224585050270721,0.0205914509692364,1.0906183562424625,0.0830056024055711,0.0793856872388003,0.0811738475626664,-0.001788160323866,179.02274169921876,173.9746856689453,170.99579620361328,1.0290160376543478,1.017420834496919,0.0443252513199103,-0.417157574205299,73825560.0,0.6103184317193041,0.0037971735965303,-0.0091067679496312,0.0598161998692938,-0.0060469678694038,0.0248077771525543,0.0127023756399275,-0.0057142720973102,2,5,0,0,1,xg_AAPL,0.03226825,0.19751067
2024-05-09,182.9054412841797,182.99462597964828,180.46762042647373,180.91355902499257,48983000,66.89264165678799,171.4680007934571,173.72603879025712,2.8391190011311096,0.9900830635401928,158.60927670291613,171.4680007934571,184.326724883998,0.0100142896371862,0.0666938437136481,0.0864091490131504,0.0099644789087136,0.0224411761380192,0.0185338346468398,1.2107567488790818,0.4462263184995246,0.0666938437136481,0.0864091490131504,-0.0197153052995022,181.3099334716797,175.42945098876953,171.46800079345704,1.033520497554807,1.0231031456422257,0.0538088566918645,0.0871316618246624,73668030.0,0.6649152963639633,0.001864264744503,0.0037971735965303,-0.0091067679496312,0.0220317428153298,-0.0182707639643672,0.0051471276841132,-0.0122126720206954,3,5,0,0,0,xg_AAPL,0.32900316,2.013795
2024-05-10,181.64517211914065,183.66950932429603,180.7322345449188,183.4809650708303,50759500,64.13770234689584,171.8023719787598,174.48024196443652,3.0876071405123753,1.4095878789346292,158.23338546867564,171.8023719787598,185.37135848884395,-0.0068902770534909,-0.0004455227898424,0.0826832227682292,-0.0069141246197848,0.0226693714504102,0.018602371884342,1.2185625052999365,-0.3039331344245046,-0.0004455227898424,0.0826832227682292,-0.0831287455580717,181.29374084472656,176.8166534423828,171.80237197875977,1.0253205075154457,1.0291863343088357,0.052252249565661,0.0362676847069391,74260140.0,0.683536282048476,0.0100142896371862,0.001864264744503,0.0037971735965303,0.0598161998692938,-0.0060469678694038,-0.0034726074129178,0.0050908387113151,4,5,0,0,1,xg_AAPL,0.41641858,2.5488558
2024-05-13,184.8503570556641,185.6640710757596,183.2030934113359,184.01680743143143,72044800,67.77291017108459,172.4882621765137,175.46787197312486,3.502789442479468,1.828228191643597,157.72736093604536,172.4882621765137,187.24916341698204,0.0176453076023466,0.0265403885351473,0.0751162567591063,0.0174914365928513,0.0221945763530781,0.0180191860540326,1.2316507879845822,0.7949920885879372,0.0265403885351473,0.0751162567591063,-0.0485758682239589,182.24957275390628,178.10816650390626,172.48826217651367,1.0232521974218918,1.0325813725321291,0.0528065551664213,0.4193362818782691,74647680.0,0.9651311333453236,-0.0068902770534909,0.0100142896371862,0.001864264744503,-0.0091067679496312,0.0220317428153298,0.0248077771525543,0.0063917365158379,0,5,0,0,1,xg_AAPL,0.33827767,2.0705633
2024-05-14,185.99151611328125,186.8548493853583,184.86026592315983,186.07090395104015,52393600,68.97858584228837,173.39521713256838,176.4701237959969,3.879189524770936,2.238420458269065,157.6382107627482,173.39521713256838,189.15222350238855,0.006173420899985,0.0289704749054888,0.1018856953845812,0.0061544434011899,0.0203086776207027,0.0171745178156602,1.1824201074267302,0.303964494920992,0.0289704749054888,0.1018856953845812,-0.0729152204790923,183.29688415527343,179.82793426513672,173.39521713256835,1.0192903839123355,1.0370985846031169,0.0532371972099756,-0.2727636137514435,73293560.0,0.714845888233554,0.0176453076023466,-0.0068902770534909,0.0100142896371862,0.0037971735965303,0.0598161998692938,-0.0182707639643672,0.0127023756399275,1,5,0,0,1,xg_AAPL,0.2896677,1.7730266
2024-05-15,188.26397705078125,189.18683240943687,185.9320062923224,186.4678704903735,70400000,71.2826211686571,174.4841735839844,177.59334791550015,4.3111615212982315,2.6529686708748983,157.7575434866371,174.4841735839844,191.21080368133167,0.0122180892171228,0.0396044300824374,0.1221341422210329,0.0121440508267749,0.0195180770743835,0.0169385552453997,1.1522189804649137,0.6259562975524917,0.0396044300824374,0.1221341422210329,-0.0825297121385955,184.7312927246094,181.87701721191405,174.4841735839844,1.0156934370073252,1.042369708817008,0.0544295265676928,0.3436755634275943,75295250.0,0.934985938688019,0.006173420899985,0.0176453076023466,-0.0068902770534909,0.001864264744503,-0.0091067679496312,-0.0060469678694038,0.0051471276841132,2,5,0,0,0,xg_AAPL,0.1345754,0.82372236
2024-05-16,188.3830413818359,189.6333810173086,188.2044300863017,189.00821119957223,52845200,71.40246785523651,175.62665023803714,178.62093776943692,4.609969083205186,3.044368753340956,158.36144462910914,175.62665023803714,192.89185584696511,0.0006324328898168,0.0299477153834133,0.0986388873464236,0.0006322329884147,0.0194392573579026,0.0167601530066959,1.1597804369506564,0.0325321253815478,0.0299477153834133,0.0986388873464236,-0.0686911719630103,185.82681274414065,183.56837310791016,175.62665023803712,1.0123029887882855,1.0452193494501498,0.0541458638276715,-0.2493579545454545,71158280.0,0.7426430206013869,0.0122180892171228,0.006173420899985,0.0176453076023466,0.0100142896371862,0.0037971735965303,0.0220317428153298,-0.0034726074129178,3,5,0,0,0,xg_AAPL,0.095144756,0.5823714
2024-05-17,188.41281127929688,189.3455995404723,187.72810435814964,188.0555735439889,41282900,71.43456765930905,176.87169570922853,179.55349715132834,4.793917118306325,3.39427842633403,159.6937979534889,176.87169570922853,194.04959346496815,0.0001580285424982,0.0372574678490069,0.036795346008146,0.0001580160573038,0.008263005069898,0.0162491633867351,0.5084875070636588,0.0191225127721508,0.0372574678490069,0.036795346008146,0.0004621218408609,187.1803405761719,184.2370407104492,176.8716957092285,1.0159756141022067,1.041642304449487,0.0547130781444696,-0.2187956522068229,58964160.0,0.7001354721240717,0.0006324328898168,0.0122180892171228,0.006173420899985,-0.0068902770534909,0.001864264744503,0.0598161998692938,0.0248077771525543,4,5,0,0,1,xg_AAPL,0.4721516,2.889992
2024-05-20,189.57383728027344,190.44708847543168,187.55941793463836,187.8769693298537,44361300,72.72061707746096,178.13317184448243,180.50781525884693,4.976021873881621,3.7106271158435487,161.12411236787722,178.13317184448243,195.14223132108765,0.0061621393635249,0.0255529948648514,0.0527715698119488,0.0061432310202302,0.0069501305394711,0.0162434873688628,0.427845482695441,0.886494553444796,0.0255529948648514,0.0527715698119488,-0.0272185749470974,188.12503662109376,185.1873046875,178.13317184448243,1.0158635708778805,1.0396003325488197,0.0527069817225831,0.0745684048359005,55543320.0,0.7986793011292663,0.0001580285424982,0.0006324328898168,0.0122180892171228,0.0176453076023466,0.0100142896371862,-0.0091067679496312,-0.0182707639643672,0,5,0,0,1,xg_AAPL,0.30852053,1.8884228
2024-05-21,190.8737945556641,191.2508679069906,189.45476137627725,189.6234548753388,42309400,74.12525610842873,179.40712356567386,181.49505138235332,5.165690033421839,4.001639699359207,162.59978951693472,179.40712356567386,196.214457614413,0.0068572609703982,0.0262500061530184,0.0559809562030322,0.0068338568874102,0.006949970367724,0.0162424678625153,0.4278624753376898,0.986518515780062,0.0262500061530184,0.0559809562030322,-0.0297309500500138,189.10149230957032,186.19918823242188,179.40712356567383,1.0155870930732829,1.0378583889633666,0.0507894169886654,-0.0462542801946741,52043680.0,0.8129594217779985,0.0061621393635249,0.0001580285424982,0.0006324328898168,0.006173420899985,-0.0068902770534909,0.0037971735965303,-0.0060469678694038,1,5,0,0,0,xg_AAPL,0.49908677,3.0548594
2024-05-22,189.43492126464844,191.3401994424317,188.8097665310703,190.79441741971692,34648500,69.83873738847271,180.50408630371095,182.25122946638143,5.140640265876073,4.22943981266258,164.11141694041933,180.50408630371095,196.89675566700257,-0.00753834906654,0.0062196933912181,0.0460704508857021,-0.0075669060252661,0.0080439589922905,0.0165171845962413,0.486975971567781,-0.9370276559226696,0.0062196933912181,0.0460704508857021,-0.0398507574944839,189.33568115234377,187.03348693847656,180.50408630371095,1.012308994777093,1.0361731458188677,0.0466207328072034,-0.1810685095983398,51002820.0,0.6793447891704678,0.0068572609703982,0.0061621393635249,0.0001580285424982,0.0122180892171228,0.0176453076023466,0.001864264744503,0.0220317428153298,2,5,0,0,0,xg_AAPL,0.36119208,2.21082
2024-05-23,185.44577026367188,189.5341459487459,185.19768892080705,189.51429520164533,51005900,59.556042344432555,181.35848541259764,182.55547144707575,4.744208712696775,4.332393592669419,165.87534779179651,181.35848541259764,196.8416230333988,-0.021058160630286,-0.0155920145285819,0.0138887556414752,-0.0212830464189037,0.0111120392455712,0.0176162799719809,0.6307465887608176,-1.894905629769834,-0.0155920145285819,0.0138887556414752,-0.0294807701700572,188.74822692871095,187.2875198364258,181.35848541259764,1.007799276180073,1.032692346378717,0.0398485309511582,0.4720954731085041,51205110.0,0.9961095679708336,-0.00753834906654,0.0068572609703982,0.0061621393635249,0.0006324328898168,0.006173420899985,0.0100142896371862,0.0598161998692938,3,5,0,0,1,xg_AAPL,0.1497515,0.9166137
2024-05-24,188.52197265625,189.11737394472448,186.59685898409072,187.37088671578107,36327000,63.96245248394549,182.39592666625975,183.12370965747328,4.624944197075962,4.390903713550728,168.0034262527436,182.39592666625975,196.78842707977597,0.016588150747274,0.0005793734312009,0.0378584272671935,0.0164520701957426,0.011625806423327,0.017680087408891,0.6575277953482027,1.426715999502067,0.0005793734312009,0.0378584272671935,-0.0372790538359926,188.77005920410156,187.9751998901367,182.39592666625975,1.0042285328832177,1.0305888038502398,0.0338110855091908,-0.2877882754740137,49761860.0,0.7300169246085109,-0.021058160630286,-0.00753834906654,0.0068572609703982,0.0001580285424982,0.0122180892171228,-0.0068902770534909,-0.0091067679496312,4,5,0,0,0,xg_AAPL,0.37971362,2.3241885
2024-05-28,188.53189086914065,191.5187845976106,187.64872194997955,190.04021443649896,52280100,63.97608027420546,183.22575988769535,183.63877453477497,4.479588616953208,4.408640694231224,169.47316650391232,183.22575988769535,196.97835327147837,5.261038143666852e-05,-0.0054962563720875,0.019916292681912,5.2608997559211446e-05,0.0105791492315056,0.0171522031756124,0.6167448215471831,0.0049725557064927,-0.0054962563720875,0.019916292681912,-0.0254125490539995,188.561669921875,188.3433532714844,183.22575988769532,1.001159141783336,1.0279305343687797,0.0283024267649408,0.4391526963415642,47785390.0,1.0940603393631172,0.016588150747274,-0.021058160630286,-0.00753834906654,0.0061621393635249,0.0006324328898168,0.0176453076023466,0.0037971735965303,1,5,0,0,1,xg_AAPL,0.46680057,2.857239
2024-05-29,188.82958984375,190.7745542503335,188.05557725890648,188.15481585355153,53068000,64.41110437739702,184.227547454834,184.13313789753445,4.3384046633563,4.394593488056239,172.07555687608158,184.227547454834,196.37953803358647,0.0015790377598026,-0.0107097190406509,0.0152591569216531,0.0015777923904964,0.0104782325441376,0.0163029928609133,0.6426789212633782,0.150682576529516,-0.0107097190406509,0.0152591569216531,-0.0259688759623041,188.1528289794922,188.62716064453124,184.227547454834,0.9974853480091718,1.0238814078050726,0.0207874281139213,0.0150707439350727,47852830.0,1.1089835230225442,5.261038143666852e-05,0.016588150747274,-0.021058160630286,0.0068572609703982,0.0001580285424982,0.006173420899985,0.001864264744503,2,5,0,0,1,xg_AAPL,0.32886145,2.0129275
2024-05-30,189.82191467285156,190.70508365256933,189.16699143181853,189.29598343446253,49889100,65.889764219157,185.3299858093262,184.6749261618504,4.25750976114054,4.3671767426731,175.73087489333764,185.3299858093262,194.9290967253147,0.0052551341657982,0.0020428831475189,0.0082752826455487,0.0052413741344032,0.0099074744415336,0.0160668184494734,0.6166035839083268,0.530367635987448,0.0020428831475189,0.0082752826455487,-0.0062323994980297,188.2302276611328,188.78295440673827,185.32998580932616,0.9970721575613516,1.0186314620504242,0.0152787514381838,-0.0599023893872012,45801740.0,1.0892402777710828,0.0015790377598026,5.261038143666852e-05,0.016588150747274,-0.00753834906654,0.0061621393635249,0.0122180892171228,0.0100142896371862,3,5,0,0,1,xg_AAPL,0.3344598,2.0471945
2024-05-31,190.77455139160156,191.09210277636024,188.45251367186648,189.9707702687458,75158300,67.29461803324966,186.29523925781257,185.2558428503981,4.2216057468131964,4.3380625435011195,178.9457047201307,186.29523925781257,193.6447737954944,0.0050185813392085,0.028734983388152,0.0126949325811036,0.0050060302348562,0.0099925704851056,0.0156353523769073,0.6390602005019582,0.5021810119504497,0.028734983388152,0.0126949325811036,0.0160400508070484,189.29598388671872,189.02210540771483,186.2952392578125,1.0014489230157138,1.0146373367390706,0.0157292710532791,0.5065074334874753,48033050.0,1.5647205413772067,0.0052551341657982,0.0015790377598026,5.261038143666852e-05,-0.021058160630286,0.0068572609703982,0.0006324328898168,-0.0068902770534909,4,5,0,1,1,xg_AAPL,0.36195293,2.2154772
2024-06-03,192.54087829589844,193.49351725389897,191.04247253185537,191.41954585254337,50080500,69.77987404992169,186.83597640991212,185.94965574996957,4.286269924571172,4.327704019715131,179.31257100285313,186.83597640991212,194.3593818169711,0.0092587134469059,0.021317969375254,0.0219096938715184,0.0092161142998774,0.0102863581674764,0.0091105676297768,1.1289339645419836,0.9000088551575357,0.021317969375254,0.0219096938715184,-0.0005917244962643,190.09976501464843,189.434912109375,186.83597640991212,1.003509664073376,1.0139102529898252,0.0169511463416121,-0.3336664081013009,48912810.0,1.023872887286561,0.0050185813392085,0.0052551341657982,0.0015790377598026,0.016588150747274,-0.00753834906654,0.0001580285424982,0.0176453076023466,0,6,0,0,1,xg_AAPL,0.28275898,1.730739
2024-06-04,192.85842895507812,193.82098571162217,191.54855228534225,193.14619663099631,47471400,70.21803321571633,187.4753379821777,186.6076341504561,4.313418037511866,4.324846823274478,180.20333291509897,187.4753379821777,194.7473430492565,0.0016492635849083,0.0229485741960786,0.0173261865768354,0.0016479050432458,0.0101926372893879,0.0086691561236171,1.1756002018952776,0.1617934342852592,0.0229485741960786,0.0173261865768354,0.0056223876192431,190.9650726318359,189.76337127685548,187.4753379821777,1.0063326307226448,1.0122044494988205,0.018094799737641,-0.0520981220235421,49223820.0,0.9643989434383402,0.0092587134469059,0.0050185813392085,0.0052551341657982,5.261038143666852e-05,-0.021058160630286,0.0061621393635249,0.006173420899985,1,6,0,0,1,xg_AAPL,0.30058742,1.8398651
2024-06-05,194.36676025390625,195.38885414673365,193.3744349100596,193.90036613096368,54156800,72.27433128843549,188.1559280395508,187.34659854126087,4.405854890149556,4.341048436649493,180.98502299171412,188.1559280395508,195.32683308738743,0.0078209249499769,0.0293236373321472,0.018299870374419,0.0077905000473998,0.0102505098790806,0.0087236222969763,1.1748944000284187,0.7629046884046315,0.0293236373321472,0.018299870374419,0.0110237669577282,192.0725067138672,190.1126678466797,188.1559280395508,1.0103088283878487,1.0103995650177846,0.0201504550942768,0.1408300576768328,50408560.0,1.074357212346453,0.0016492635849083,0.0092587134469059,0.0050185813392085,0.0015790377598026,0.016588150747274,0.0068572609703982,0.0122180892171228,2,6,0,0,0,xg_AAPL,0.3803991,2.3283844
2024-06-06,192.98744201660156,194.99194358986873,192.679823561343,194.1881624282746,41181800,67.67283096271443,188.75070343017575,187.88382172938856,4.31803666869726,4.336446083059047,182.0917594753135,188.75070343017575,195.40964738503808,-0.0070964718221513,0.0166763007801582,0.0187532516615038,-0.0071217715418629,0.0102063388924637,0.0090455751540719,1.128199204521038,-0.6952323124483275,0.0166763007801582,0.0187532516615038,-0.0020769508813456,192.7056121826172,190.467919921875,188.75070343017575,1.011748394489004,1.0090978018120842,0.0204930886233581,-0.2395821023398723,51061890.0,0.8065075538723536,0.0078209249499769,0.0016492635849083,0.0092587134469059,0.0052551341657982,5.261038143666852e-05,-0.00753834906654,0.0006324328898168,3,6,0,0,1,xg_AAPL,0.17240955,1.0553013
2024-06-07,195.37893676757812,195.42855606321456,192.65004206608785,193.1561225415401,53103900,71.1075370298417,189.37437820434567,188.59764220921613,4.390799333806001,4.347316733208438,182.68409817775557,189.37437820434567,196.06465823093575,0.0123919708245618,0.0241352179438503,0.0535637264186883,0.0123158188242751,0.0067345204307278,0.0091544707778904,0.7355733630859294,1.8397941112358631,0.0241352179438503,0.0535637264186883,-0.029428508474838,193.6264892578125,191.4612365722656,189.3743782043457,1.0113090917217054,1.0110197503363842,0.0217634056353018,0.2894992448120286,51271690.0,1.0357353151417277,-0.0070964718221513,0.0078209249499769,0.0016492635849083,0.0050185813392085,0.0015790377598026,-0.021058160630286,0.0001580285424982,4,6,0,0,0,xg_AAPL,0.5263326,3.2216284
2024-06-10,191.63787841796875,195.78580650726497,190.67532155851157,195.3888672580803,97010200,60.312187320559765,189.87401351928708,188.8871885148116,4.099337515517163,4.297720889670184,184.19859338620583,189.87401351928708,195.5494336523683,-0.019147705538288,-0.0046899125314154,0.0165280774321212,-0.0193333970509659,0.0091122698957601,0.0102235637161682,0.8912135665359269,-2.1010796077921765,-0.0046899125314154,0.0165280774321212,-0.0212179899635367,193.44588928222657,191.7728271484375,189.8740135192871,1.0087241876686424,1.0100003870669618,0.0186386730662353,0.826799914883841,57340010.0,1.6918413512658668,0.0123919708245618,-0.0070964718221513,0.0078209249499769,0.0092587134469059,0.0052551341657982,0.016588150747274,0.0061621393635249,0,6,0,0,1,xg_AAPL,0.14798316,0.9057899
2024-06-11,205.56016540527344,205.57009834825277,192.14393919328205,192.16377479587797,172373300,75.32536447038929,190.90950393676755,190.47509107580797,4.934877930198155,4.425152297775778,182.29650520907907,190.90950393676755,199.52250266445603,0.0726489309015396,0.0658604164672205,0.0903203933171818,0.0701312254908765,0.0241625969761552,0.0184971012231253,1.3062203890390842,3.006544554324015,0.0658604164672205,0.0903203933171818,-0.0244599768499613,195.9862365722656,193.4756546020508,190.9095039367676,1.0129762164411782,1.0134417124992017,0.0246970643630733,0.7768574850891967,69349330.0,2.485579889524492,-0.019147705538288,0.0123919708245618,-0.0070964718221513,0.0016492635849083,0.0050185813392085,5.261038143666852e-05,0.0068572609703982,1,6,0,0,1,xg_AAPL,0.3936581,2.4095414
2024-06-12,211.4347686767578,218.51003809526935,205.3121079690946,205.7785020929093,198134300,78.94470481306111,192.1816665649414,192.47125084732696,6.001895006887736,4.74050083959817,179.89470529434573,192.1816665649414,204.46862783553703,0.028578510140339,0.0878134121315556,0.1197120581139472,0.0281777618016594,0.0247502788896724,0.019206111250143,1.288599757003448,1.1546276161214242,0.0878134121315556,0.1197120581139472,-0.0318986459823915,199.39983825683595,195.73617248535157,192.1816665649414,1.0187173669790572,1.018495551547364,0.0341390005866524,0.1494488995685525,83855960.0,2.3627932945970405,0.0726489309015396,-0.019147705538288,0.0123919708245618,0.0078209249499769,0.0092587134469059,0.0015790377598026,-0.00753834906654,2,6,0,0,1,xg_AAPL,0.3120602,1.9100889
2024-06-13,212.59576416015625,215.08649505325084,209.97602614095345,213.09192677850285,97862700,79.58212510730841,193.39825592041015,194.38787116283453,6.862094407449689,5.164819553168473,178.25758202655646,193.39825592041015,208.5389298142639,0.0054910339045199,0.1016041351637164,0.1199748170623726,0.0054760131391162,0.0247436310513429,0.0191614240541238,1.29125787955924,0.2219080936436905,0.1016041351637164,0.1199748170623726,-0.0183706818986562,203.32150268554688,198.01355743408203,193.39825592041015,1.026805968844996,1.023864235443629,0.0466765968002127,-0.5060789575555571,88653320.0,1.1038808247677458,0.028578510140339,0.0726489309015396,-0.019147705538288,-0.0070964718221513,0.0016492635849083,0.0052551341657982,-0.021058160630286,3,6,0,0,0,xg_AAPL,0.2502066,1.5314891
2024-06-14,210.8592071533203,213.51863167298376,209.67833763090172,212.20877015870124,70122700,75.88175538452046,194.5220642089844,195.9565698285951,7.319310536604462,5.595717749855671,177.70500790476947,194.5220642089844,211.33912051319928,-0.0081683518657865,0.0792320331037395,0.1052795334346829,-0.0082018956416813,0.0254775006235962,0.0193971894324176,1.3133958049207917,-0.3205978242778415,0.0792320331037395,0.1052795334346829,-0.0260475003309434,206.4175567626953,200.02202301025392,194.5220642089844,1.0319741479272686,1.028274215696995,0.0564143852872474,-0.2834583554306186,88149760.0,0.7954950756530614,0.0054910339045199,0.028578510140339,0.0726489309015396,0.0123919708245618,0.0078209249499769,0.0050185813392085,0.016588150747274,4,6,0,0,1,xg_AAPL,0.29732478,1.8198948
2024-06-17,215.00714111328125,217.26964179829145,211.08745883873985,211.7324642876032,93728300,78.45829663520595,195.8517807006836,197.77090995094616,7.92500667406901,6.061575534698339,176.98763451658743,195.8517807006836,214.71592688477975,0.0196715809376295,0.1219449040462832,0.1166830805812388,0.0194805959767476,0.0256405450018416,0.0195869721178751,1.3089943587597408,0.7671761173601941,0.1219449040462832,0.1166830805812388,0.0052618234650443,211.0914093017578,202.26864929199215,195.8517807006836,1.0436190187685943,1.0327639022139674,0.0708796392629808,0.3366327879559685,92514540.0,1.0131196674598284,-0.0081683518657865,0.0054910339045199,0.028578510140339,-0.019147705538288,-0.0070964718221513,0.0092587134469059,5.261038143666852e-05,0,6,0,0,0,xg_AAPL,0.2589848,1.5852197
2024-06-18,212.6453857421875,216.95208913019513,211.36529274424583,215.9200623200828,79943300,73.63479689593659,197.00535812377933,199.18752669296916,8.12083932568109,6.47342829289489,176.972154986358,197.00535812377933,217.03856126120067,-0.0109845438568452,0.0344678664903053,0.102598350999314,-0.0110453194298179,0.0264712894592538,0.0199875594725577,1.3243220200833483,-0.414944988938438,0.0344678664903053,0.102598350999314,-0.0681304845090087,212.50845336914065,204.24734497070312,197.0053581237793,1.040446588912196,1.0367603547228073,0.0729058624585316,-0.1470740427384258,95761730.0,0.8348147010293064,0.0196715809376295,-0.0081683518657865,0.0054910339045199,0.0726489309015396,0.0123919708245618,0.0016492635849083,0.0015790377598026,1,6,0,0,0,xg_AAPL,0.36074096,2.2080588
2024-06-20,208.07077026367188,212.59578653831548,207.24715355520107,212.28815296354617,86172500,65.2651165990334,197.8652069091797,200.03354989017893,7.816797697453637,6.742102173806639,177.4671971605462,197.8652069091797,218.2632166578132,-0.0215128838208693,-0.0159103369523336,0.070505934203275,-0.0217476591421128,0.0283154911232562,0.0209049447781517,1.3544229368121183,-0.7597298594387234,-0.0159103369523336,0.070505934203275,-0.0864162711556086,211.83565368652344,205.61774597167968,197.86520690917968,1.0302401316844518,1.0391809110030064,0.0671427647412469,0.0779202259601492,98963300.0,0.8707520868847253,-0.0109845438568452,0.0196715809376295,-0.0081683518657865,0.028578510140339,-0.019147705538288,0.0078209249499769,0.0052551341657982,3,6,0,0,0,xg_AAPL,0.26603448,1.62837
2024-06-21,205.89759826660156,210.26382387597764,205.5205097773767,208.77533580800625,241805100,61.67850925928106,198.68834075927737,200.59203068793343,7.316149679019674,6.856911674849247,178.39432859459006,198.68834075927737,218.98235292396467,-0.0104443886775467,-0.0315065820808579,0.0668963540585683,-0.0104993140812101,0.028522178833215,0.0210030736756854,1.3579355735279408,-0.3661719732789496,-0.0315065820808579,0.0668963540585683,-0.0984029361394263,210.4960205078125,206.90876159667968,198.68834075927737,1.017337394914795,1.0413734434843456,0.057347340852642,1.8060587774522032,119025630.0,2.0315380813359103,-0.0215128838208693,-0.0109845438568452,0.0196715809376295,0.0054910339045199,0.0726489309015396,-0.0070964718221513,0.0050185813392085,4,6,0,0,1,xg_AAPL,0.3998741,2.4475887
2024-06-24,206.5426025390625,211.06760381745957,205.0044951825124,206.12582769938737,80727000,62.34001861417784,199.74318237304692,201.1587518166124,6.891982487690569,6.863925837417511,180.1669193328574,199.74318237304692,219.31944541323645,0.0031326459263782,-0.0204715016836761,0.0571385327209792,0.0031277494144887,0.0284726158254194,0.0201398643672527,1.4136739767590767,0.1100192524049463,-0.0204715016836761,0.0571385327209792,-0.0776100344046554,209.63269958496093,208.02512817382816,199.7431823730469,1.0077277751262312,1.041462971113145,0.0478812462433444,-0.6661484807392399,121787940.0,0.6628488830667416,-0.0104443886775467,-0.0215128838208693,-0.0109845438568452,-0.0081683518657865,0.028578510140339,0.0123919708245618,0.0092587134469059,0,6,0,0,1,xg_AAPL,0.40676236,2.489751
2024-06-25,207.46546936035156,209.75773850908567,207.0089930344414,207.54484206411715,55549700,63.315758949222506,200.690357208252,201.7593915826828,6.554735659855282,6.802087801905066,181.5723402450459,200.690357208252,219.8083741714581,0.0044681669057333,-0.0350763779932137,0.0825911405043959,0.0044582142836224,0.0271085256956601,0.0199731427200242,1.3571809351539117,0.1648190734096338,-0.0350763779932137,0.0825911405043959,-0.1176675184976097,208.124365234375,209.6078872680664,200.69035720825195,0.992922394032844,1.044434272696824,0.0358325076893193,-0.3118820221239486,117641890.0,0.4721931958080538,0.0031326459263782,-0.0104443886775467,-0.0215128838208693,0.0196715809376295,0.0054910339045199,-0.019147705538288,0.0016492635849083,1,6,0,0,1,xg_AAPL,0.31781852,1.9453349
2024-06-26,211.6133728027344,213.21101716086312,209.0234031325178,209.87680350658064,66213200,67.40363415659733,201.84443130493167,202.69786598459248,6.546699979207403,6.751010237365534,183.0325400744456,201.84443130493167,220.65632253541776,0.0199932232345529,-0.0048532110671064,0.0294473755920887,0.019795983386416,0.0160944342864586,0.0202103586351951,0.796306402600391,1.2421673673865163,-0.0048532110671064,0.0294473755920887,-0.0343005866591952,207.91796264648437,210.2132080078125,201.84443130493167,0.9890813456343672,1.0414615188973824,0.0287010752728488,0.1919632329247502,107025880.0,0.6186653172111211,0.0044681669057333,0.0031326459263782,-0.0104443886775467,-0.0109845438568452,-0.0081683518657865,0.0726489309015396,0.0078209249499769,2,6,0,0,1,xg_AAPL,0.45211613,2.7673569
2024-06-27,212.45684814453125,214.0842609953053,210.72027890747495,213.0423164247351,49772700,68.18014011066606,203.02579421997072,203.6272928569676,6.533083732698344,6.707424936432097,184.69382977705,203.02579421997072,221.35775866289143,0.0039859264593034,0.0210797406829477,0.0048340179534804,0.0039780037004781,0.0134106770016101,0.0201899280783599,0.6641931935750546,0.2971982145726353,0.0210797406829477,0.0048340179534804,0.0162457227294672,208.79517822265623,210.31541595458984,203.0257942199707,0.9927716295782054,1.035904904411905,0.0271555567781027,-0.2482964121957555,92189720.0,0.5398942528516136,0.0199932232345529,0.0044681669057333,0.0031326459263782,-0.0215128838208693,0.0196715809376295,0.028578510140339,-0.0070964718221513,3,6,0,0,0,xg_AAPL,0.23692419,1.4501889
2024-06-28,209.00355529785156,214.411740437408,208.68601906723535,214.1140398112984,82542700,61.69970190201827,203.98487625122073,204.13931785133752,6.172488284186045,6.600437605982886,186.57777668838665,203.98487625122073,221.3919758140548,-0.016254090545156,0.0150849599868976,-0.016896897623974,-0.0163876373736862,0.0142589962585842,0.0208009514202113,0.6854643571915167,-1.1398383457058283,0.0150849599868976,-0.016896897623974,0.0319818576108716,209.41636962890624,209.95619506835936,203.9848762512207,0.9974288663438706,1.0292733408813337,0.0259875645174796,0.6583930548272448,90657720.0,0.9104872701409112,0.0039859264593034,0.0199932232345529,0.0044681669057333,-0.0104443886775467,-0.0109845438568452,0.0054910339045199,0.0123919708245618,4,6,0,0,1,xg_AAPL,0.28080925,1.718805
2024-07-01,215.0865173339844,215.84067914098924,210.29358412725625,210.46227761796723,60402900,67.55056577629686,205.20047454833983,205.1819082782563,6.304879268613689,6.541325938509048,188.28916432122512,205.20047454833983,222.11178477545457,0.0291045864146377,0.0413663558505128,0.0200480227433954,0.0286890905739483,0.0169686384010814,0.0214865063924054,0.7896978872838779,1.7150976188616387,0.0413663558505128,0.0200480227433954,0.0213183331071173,211.12515258789065,210.3789260864258,205.20047454833983,1.0035470591819555,1.025236060245397,0.027545557541159,-0.2682223867162087,89685740.0,0.6734950283066107,-0.016254090545156,0.0039859264593034,0.0199932232345529,0.0031326459263782,-0.0215128838208693,-0.0081683518657865,-0.019147705538288,0,7,1,0,1,xg_AAPL,0.4373063,2.6767075
2024-07-02,218.5795135498047,218.6886699462021,213.44919320249295,214.4911227279333,58046200,70.35141366294619,206.50240631103517,206.4578706850704,6.615397495639627,6.556140249935164,189.68576827402129,206.50240631103517,223.3190443480491,0.0162399589668207,0.0535705735692761,0.0166151338882332,0.0161095013556176,0.0166049609307939,0.0215947453557745,0.76889964468644,0.9779596034521274,0.0535705735692761,0.0166151338882332,0.0369554396810429,213.34796142578125,210.7361633300781,206.50240631103512,1.012393687226868,1.0205022163890238,0.0313183747349968,-0.0390163386195033,86117530.0,0.6740346593777055,0.0291045864146377,-0.016254090545156,0.0039859264593034,0.0044681669057333,-0.0104443886775467,0.0196715809376295,0.0726489309015396,1,7,0,0,1,xg_AAPL,0.2065477,1.2642576
2024-07-03,219.8496856689453,219.8496856689453,217.34902153194005,218.31157833867707,37369800,71.32080361895966,207.85196914672852,207.7332816359157,6.884616133205213,6.621835426589175,191.31580719884647,207.85196914672852,224.38813109461057,0.0058110300389666,0.0389215140665462,0.0338794086766234,0.0057942111292481,0.0160099582832549,0.0215647786045953,0.7423779394565169,0.3629408019283978,0.0389215140665462,0.0338794086766234,0.0050421053899227,214.99522399902344,211.45659332275392,207.85196914672852,1.0167345487821624,1.0173422661850309,0.0324915399836022,-0.3562059187336983,81860180.0,0.4565076695409116,0.0162399589668207,0.0291045864146377,-0.016254090545156,0.0199932232345529,0.0031326459263782,-0.0109845438568452,0.028578510140339,2,7,0,0,1,xg_AAPL,0.2603523,1.5935901
2024-07-05,224.6029052734375,224.71206166235044,219.94889718329503,219.94889718329503,60412400,74.65979050515249,209.3637763977051,209.3399124585368,7.396259465750802,6.776720234421501,192.493410752292,209.3637763977051,226.2341420431182,0.0216203156717254,0.0571695251764416,0.0794543846250761,0.0213899116697557,0.0142502547463076,0.0218188772305485,0.6530859269160708,1.5170815522280243,0.0571695251764416,0.0794543846250761,-0.0222848594486344,217.4244354248047,213.10980682373048,209.36377639770507,1.0202460349684563,1.0178924477313092,0.0358884895869284,0.6166102039614876,79284170.0,0.7619730395109041,0.0058110300389666,0.0162399589668207,0.0291045864146377,0.0039859264593034,0.0044681669057333,-0.0215128838208693,0.0054910339045199,4,7,0,0,1,xg_AAPL,0.1975753,1.2093383
2024-07-08,226.07156372070312,226.1013322692385,221.53662969916704,225.34715532852172,59085900,75.60487029977332,211.01798248291016,210.9334030549336,7.829989708230755,6.987374129183352,194.42291822100628,211.01798248291016,227.61304674481408,0.0065389111751588,0.0816637228899188,0.0979805768689918,0.0065176252363352,0.0127744580450644,0.0215509394201014,0.5927289324667312,0.5118337950853364,0.0816637228899188,0.0979805768689918,-0.016316853979073,220.838037109375,215.12720336914063,211.01798248291016,1.0265463114417708,1.0194733208889593,0.0434378144019779,-0.0219574127165945,61012250.0,0.9684268323164452,0.0216203156717254,0.0058110300389666,0.0162399589668207,-0.016254090545156,0.0199932232345529,-0.0104443886775467,-0.0081683518657865,0,7,0,0,1,xg_AAPL,0.107219644,0.6562806
2024-07-09,226.9249725341797,227.6394480565936,224.6327032088037,226.18072846013897,48076100,76.16123933361332,212.59528427124025,212.45640967200464,8.14865439377607,7.219630182101896,196.26432102382535,212.59528427124025,228.92624751865517,0.0037749498407986,0.0550404337144603,0.0986836117321721,0.0037678425983553,0.0127406563164629,0.0215479794323444,0.591241750286309,0.296268377284762,0.0550404337144603,0.0986836117321721,-0.0436431780177117,223.20572814941409,217.16544036865236,212.59528427124025,1.0278142220535087,1.0214969777578944,0.0467574976860497,-0.1863354878236601,57747160.0,0.8325275216997541,0.0065389111751588,0.0216203156717254,0.0058110300389666,0.0291045864146377,0.0039859264593034,0.0031326459263782,0.0196715809376295,1,7,0,0,1,xg_AAPL,0.29690498,1.8173252
2024-07-10,231.1919403076172,231.29117889263895,227.49057123987387,227.54019053238477,62627700,78.76851586141834,214.57298736572267,214.24074592301537,8.64584319322367,7.504872784326251,199.38834638711987,214.57298736572267,229.75762834432547,0.0188034297229882,0.0577017788766314,0.1143634698362963,0.0186288305515267,0.0129133526132181,0.0207115355265823,0.6234559065279709,1.4560102458207915,0.0577017788766314,0.1143634698362963,-0.0566616909596648,225.72821350097655,219.5380874633789,214.57298736572267,1.0281961372130028,1.023139446202488,0.048250930029875,0.3026784618552669,58454960.0,1.0713838483509173,0.0037749498407986,0.0065389111751588,0.0216203156717254,0.0162399589668207,-0.016254090545156,0.0044681669057333,-0.0109845438568452,2,7,0,0,0,xg_AAPL,-0.08418688,-0.5152994
2024-07-11,225.823486328125,230.60648662367137,224.0372976764276,229.61416127735984,64710600,68.60235451780689,215.58615341186524,215.34386405683537,8.508597710743373,7.705617769609676,200.23046914766084,215.58615341186524,230.94183767606964,-0.0232207661406754,0.027172204686138,0.0671513020995948,-0.0234946157694011,0.0163330969326676,0.0158905048974109,1.0277879306023832,-1.4216130978281845,0.027172204686138,0.0671513020995948,-0.0399790974134568,226.9229736328125,220.95909881591797,215.58615341186524,1.0269908541845705,1.024922497660543,0.050202130900037,0.0332584463424332,58304700.0,1.1098693587309238,0.0188034297229882,0.0037749498407986,0.0065389111751588,0.0058110300389666,0.0291045864146377,0.0199932232345529,-0.0215128838208693,3,7,0,0,1,xg_AAPL,0.13407898,0.82068384
2024-07-12,228.7706756591797,230.8545649156238,226.92494993371523,227.16311346469493,53046500,70.82827636009341,216.45294876098637,216.62260801896335,8.539208544773231,7.872335924642387,200.15566526484196,216.45294876098637,232.75023225713073,0.013050853916817,0.0185561730854204,0.0767865458662475,0.0129664253064216,0.0164207201128201,0.015024953772753,1.092823814125951,0.7947312356534707,0.0185561730854204,0.0767865458662475,-0.0582303727808271,227.75652770996095,222.5904815673828,216.45294876098632,1.0232087468709403,1.028355043632017,0.0494100868321715,-0.1802502217565592,58632080.0,0.90473508700355,-0.0232207661406754,0.0188034297229882,0.0037749498407986,0.0216203156717254,0.0162399589668207,0.0039859264593034,-0.0104443886775467,4,7,0,0,1,xg_AAPL,0.28602174,1.75071
2024-07-15,232.60107421875,235.40935699641528,231.3011303310065,234.66511292556817,62631300,73.46162173287956,217.453214263916,218.14436670465733,8.771437333511358,8.052156206416182,199.7570633552975,217.453214263916,235.14936517253452,0.0167433983771452,0.0288824936253975,0.1129048684711107,0.016604772916791,0.0142827178531136,0.0152898937540181,0.9340669082446856,1.1722017019186184,0.0288824936253975,0.1129048684711107,-0.0840223748457131,229.06242980957032,224.95023345947263,217.453214263916,1.0182804715819,1.034476469896912,0.0499104124288626,0.1806867559593941,56640940.0,1.1057602504478017,0.013050853916817,-0.0232207661406754,0.0188034297229882,0.0065389111751588,0.0058110300389666,-0.016254090545156,0.0031326459263782,0,7,0,0,1,xg_AAPL,0.031399317,0.19219203
2024-07-16,233.01785278320312,234.4567215545301,230.54695713829173,233.19646408342908,43234300,73.73939886344424,218.56114654541017,219.56088918832836,8.886670858792343,8.219059136891415,199.85732138464184,218.56114654541017,237.26497170617847,0.0017918170234294,0.0268497564678815,0.0833680124234617,0.001790213634341,0.0129529241743558,0.0150111861103845,0.8628273110333881,0.1383223337818055,0.0268497564678815,0.0833680124234617,-0.0565182559555801,230.281005859375,226.74336700439457,218.56114654541017,1.015601950794494,1.0374367566619822,0.0502959716347092,-0.3097013793422777,54924080.0,0.7871647554223796,0.0167433983771452,0.013050853916817,-0.0232207661406754,0.0037749498407986,0.0216203156717254,0.0291045864146377,0.0044681669057333,1,7,0,0,0,xg_AAPL,0.34870592,2.1343935
2024-07-17,227.12342834472656,229.6836295353235,224.9006141352506,227.68904591405493,57345900,63.60024709358631,219.16696090698244,220.28113101274724,8.405470436398502,8.256341396792834,200.1653066659912,219.16696090698244,238.1686151479737,-0.02529602074722,-0.0175979835520095,0.0390883603690292,-0.0256214651062371,0.0162883536322907,0.0160480755296786,1.014909151755794,-1.552917403492002,-0.0175979835520095,0.0390883603690292,-0.0566863439210388,229.4673034667969,227.5977584838867,219.1669609069824,1.0082142504186504,1.0384674658169963,0.0453512992247574,0.3263982532387479,54854050.0,1.0454269101369718,0.0017918170234294,0.0167433983771452,0.013050853916817,0.0188034297229882,0.0065389111751588,0.0162399589668207,0.0199932232345529,2,7,0,0,0,xg_AAPL,0.03830762,0.23447704
2024-07-18,222.45950317382812,228.67146993188885,220.5641731481692,228.51269423226464,66034600,56.930052997201635,219.6576667785645,220.48859502808827,7.560621710788666,8.117197459592001,200.85933174367852,219.6576667785645,238.45600181345048,-0.0205347603498639,-0.0148965158983018,0.0118709176087372,-0.0207485300780563,0.0179970537685498,0.0166140347313771,1.0831788232475243,-1.1409433827643487,-0.0148965158983018,0.0118709176087372,-0.0267674335070391,228.7945068359375,227.858740234375,219.65766677856445,1.004106783881101,1.0373357032153037,0.0410719251235296,0.1515138832941849,57720530.0,1.1440400841780014,-0.02529602074722,0.0017918170234294,0.0167433983771452,-0.0232207661406754,0.0037749498407986,0.0058110300389666,0.0039859264593034,3,7,0,0,0,xg_AAPL,0.21441847,1.3124337
2024-07-19,222.5885009765625,225.0593965950336,221.56640705838353,223.0945966051545,49151500,57.06417957904721,220.383553314209,220.6885860708001,6.822832685406041,7.858324504754809,202.36404316609816,220.383553314209,238.40306346231984,0.0005798709468194,-0.0270234577259689,-0.0089687365994781,0.0005797028866281,0.0165311959823333,0.0156474804419611,1.0564090260166847,0.0350752524007761,-0.0270234577259689,-0.0089687365994781,-0.0180547211264907,227.55807189941407,227.6572998046875,220.383553314209,0.9995641347527244,1.03300494243374,0.0322322067569902,-0.2556705121254615,56594440.0,0.868486374279861,-0.0205347603498639,-0.02529602074722,0.0017918170234294,0.013050853916817,0.0188034297229882,0.0216203156717254,-0.016254090545156,4,7,0,0,0,xg_AAPL,0.5659883,3.464357
2024-07-22,222.24119567871097,226.03187070395737,221.3778623137636,225.26777593230435,48201800,56.55354044299178,221.20073318481445,220.8364536525059,6.139334505743108,7.514526504952469,204.5142096208595,221.20073318481445,237.8872567487694,-0.0015603020655955,-0.0445392549231998,-0.0169431660442015,-0.0015615206045547,0.0163301288461374,0.0153543104402203,1.0634841222984144,-0.0955415930090208,-0.0445392549231998,-0.0169431660442015,-0.0275960888789983,225.48609619140623,227.27426300048828,221.20073318481445,0.9921321192049002,1.0274570962230911,0.0192824871802213,-0.0193218925159964,55506030.0,0.8684065497027824,0.0005798709468194,-0.0205347603498639,-0.02529602074722,0.0167433983771452,-0.0232207661406754,0.0065389111751588,0.0291045864146377,0,7,0,0,1,xg_AAPL,0.5153842,3.1546144
2024-07-23,223.28314208984375,225.19833806517673,220.9710219946754,222.6480544130964,39960300,57.774343444209144,222.03776016235355,221.06947159891905,5.616984540163173,7.135018111994611,206.83351092467583,222.03776016235355,237.2420094000313,0.0046883585554458,-0.0417766732337733,-0.0160486102682568,0.0046774024332805,0.0163659664114265,0.0153539528915764,1.0658428278477257,0.2864525066888787,-0.0417766732337733,-0.0160486102682568,-0.0257280629655164,223.5391540527344,226.9100799560547,222.03776016235352,0.9851442214291533,1.021943654043972,0.0067241703799417,-0.1709790920671012,54694450.0,0.7306097785058497,-0.0015603020655955,0.0005798709468194,-0.0205347603498639,0.0017918170234294,0.013050853916817,0.0037749498407986,0.0162399589668207,1,7,0,0,0,xg_AAPL,0.43603915,2.6689513
2024-07-24,216.86279296875,223.0747598557794,215.46362561910504,222.28089648286087,61777600,48.69466402316441,222.50762634277345,220.66883553890293,4.6315601695484645,6.634326523505382,208.6811314307464,222.50762634277345,236.33412125480052,-0.0287542940367184,-0.0451764727697004,-0.0619794414969711,-0.0291757984546796,0.0167180330703115,0.0170103127632925,0.9827597260092852,-1.7198538884272074,-0.0451764727697004,-0.0619794414969711,0.0168029687272706,221.48702697753907,225.47716522216797,222.50762634277345,0.9823035816478476,1.0133457847184977,-0.0047061985657514,0.5459743795717249,54609440.0,1.1312622872528793,0.0046883585554458,-0.0015603020655955,0.0005798709468194,-0.02529602074722,0.0167433983771452,0.0188034297229882,0.0058110300389666,2,7,0,0,0,xg_AAPL,0.21192162,1.2971507
2024-07-25,215.8208465576172,219.15506035064124,212.97286249707204,217.2497823474704,51391200,47.39293518868681,222.7180000305176,220.20712230259,3.723604494024358,6.052182117609178,209.47365713247763,222.7180000305176,235.9623429285576,-0.0048046342891238,-0.0298420904546548,-0.0442940631780602,-0.0048162136490645,0.0156192334465112,0.0165546728735237,0.9434369455010128,-0.3075904278624544,-0.0298420904546548,-0.0442940631780602,0.0144519727234054,220.15929565429687,224.4769012451172,222.71800003051757,0.9807659248373812,1.0078974362842634,-0.0118556868672906,-0.1681256636709746,53277500.0,0.9645948101919016,-0.0287542940367184,0.0046883585554458,-0.0015603020655955,-0.0205347603498639,0.0017918170234294,-0.0232207661406754,0.0216203156717254,3,7,0,0,1,xg_AAPL,0.40423465,2.4742792
2024-07-26,216.28721618652344,217.8054725938896,214.35216985326556,217.0215271741731,41601300,48.062191282820656,222.9095184326172,219.83379791058368,3.007012245774064,5.443148143242155,210.1895374978571,222.9095184326172,235.6294993673773,0.0021609109423159,-0.0283091209222103,-0.0545675683156786,0.002158579532308,0.014613881468493,0.0165430434104012,0.8833319102212543,0.1478568914140344,-0.0283091209222103,-0.0545675683156786,0.0262584473934682,218.89903869628907,223.22855529785156,222.9095184326172,0.9806050055030564,1.0014312393094638,-0.0185423799290547,-0.1904975949189744,52132980.0,0.7979843085892885,-0.0048046342891238,-0.0287542940367184,0.0046883585554458,0.0005798709468194,-0.02529602074722,0.013050853916817,0.0065389111751588,4,7,0,0,1,xg_AAPL,0.22455467,1.3744763
2024-07-29,216.56509399414065,217.6169564626723,214.0941983741811,215.29491873308152,36311800,48.48273327074435,223.2875953674317,219.52249277568433,2.433478517458866,4.841214218085497,211.93156600635805,223.2875953674317,234.64362472850527,0.0012847629763637,-0.0255402769375671,-0.0689419869554355,0.0012839383746134,0.0126907728048021,0.0160360158063986,0.791342538911677,0.10122801566993,-0.0255402769375671,-0.0689419869554355,0.0434017100178684,217.763818359375,221.6249572753906,223.28759536743163,0.9825780500378494,0.99255382687379,-0.025506312703404,-0.1271474689492876,49501030.0,0.7335564532697455,0.0021609109423159,-0.0048046342891238,-0.0287542940367184,-0.0015603020655955,-0.0205347603498639,0.0167433983771452,0.0037749498407986,0,7,0,0,1,xg_AAPL,0.3974932,2.4330156
2024-07-30,217.12078857421875,218.63904514115285,214.46134877521007,217.50779485320817,41643800,49.36568639657098,223.3893089294434,219.2937590422114,2.000725693771301,4.273116513222658,212.3094830171152,223.3893089294434,234.4691348417716,0.0025659471239309,-0.0275988301577438,-0.0682225160823827,0.0025626607022655,0.0127528715168398,0.0147096828762608,0.8669122721297733,0.2011896639026818,-0.0275988301577438,-0.0682225160823827,0.0406236859246388,216.53134765625,220.03525085449215,223.38930892944336,0.9840757188467076,0.9849855926811136,-0.0315859265168848,0.1468393194498758,49341980.0,0.8439831559252214,0.0012847629763637,0.0021609109423159,-0.0048046342891238,0.0046883585554458,0.0005798709468194,0.0017918170234294,0.0188034297229882,1,7,0,0,1,xg_AAPL,0.31724334,1.9418143
2024-07-31,220.37562561035156,222.10227724921992,218.93675681546983,219.74053796301217,50036300,54.305663974352846,223.4791145324707,219.3967939534629,1.898519163066311,3.7981970431913887,212.53515267597845,223.4791145324707,234.42307638896295,0.0149909046365692,0.0161984109561281,-0.0297098488850442,0.0148796515044082,0.0126825156236577,0.0146421668748885,0.8661046979807905,1.181920303595302,0.0161984109561281,-0.0297098488850442,0.0459082598411724,217.23391418457032,219.3604705810547,223.4791145324707,0.9903056535625976,0.981570340655625,-0.0283388887977229,0.2015305999932763,48611020.0,1.0293201006685104,0.0025659471239309,0.0012847629763637,0.0021609109423159,-0.0287542940367184,-0.0015603020655955,-0.02529602074722,-0.0232207661406754,2,7,0,1,0,xg_AAPL,0.17088267,1.0459555
2024-08-01,216.6841735839844,222.7572001483694,215.35446119036925,222.64804374939,62501000,48.52356627271209,223.32083892822263,219.1384491563697,1.5023324698058786,3.339024128514287,212.06864498465188,223.32083892822263,234.57303287179343,-0.0167507273825919,0.0040002022053822,-0.0259612626453226,-0.0168926074442952,0.0121441885689203,0.0150751213002327,0.8055247319304083,-1.379206859369586,0.0040002022053822,-0.0259612626453226,0.0299614648507048,217.40657958984377,218.7829376220703,223.32083892822263,0.993709024811596,0.9796799021178186,-0.0272943761445808,0.2491131438575593,48257660.0,1.2951518992010531,0.0149909046365692,0.0025659471239309,0.0012847629763637,-0.0048046342891238,0.0046883585554458,-0.0205347603498639,0.013050853916817,3,8,1,0,1,xg_AAPL,0.23868306,1.4609548
2024-08-02,218.17263793945312,223.86859053089324,216.03914463167752,217.46808032420208,105568600,50.79837876594192,222.99932556152345,219.04646713571097,1.2935470892568048,2.92992872066279,211.5358895193603,222.99932556152345,234.46276160368657,0.0068692804409724,0.0087172130936472,-0.0198386844681358,0.0068457944274156,0.0124830005021336,0.0142692381010287,0.8747576889578131,0.5502467289871105,0.0087172130936472,-0.0198386844681358,0.0285558975617831,217.78366394042968,218.3413513183594,222.99932556152345,0.9974458004653616,0.9791121599518964,-0.0239061216399703,0.6890705748708021,53899370.0,1.95862400618037,-0.0167507273825919,0.0149909046365692,0.0025659471239309,0.0021609109423159,-0.0287542940367184,0.0005798709468194,0.0167433983771452,4,8,0,0,0,xg_AAPL,0.32257432,1.9744446
2024-08-05,207.6639404296875,211.8614726265992,194.4957781490091,197.562059997048,119548600,38.022892476355615,222.07894439697264,217.96241697323256,0.2769268662327135,2.3993283497767752,208.83632899251376,222.07894439697264,235.32155980143148,-0.0481668902618392,-0.0411015154856579,-0.0655920483351676,-0.0493655644553614,0.0192146713836603,0.0175441319010136,1.0951568498923745,-2.506646231616817,-0.0411015154856579,-0.0655920483351676,0.0244905328495096,216.00343322753903,216.88362579345704,222.07894439697264,0.9959416366141158,0.976605982986713,-0.0292564571242481,0.1324257402295758,61034050.0,1.9587197638039429,0.0068692804409724,-0.0167507273825919,0.0149909046365692,0.0012847629763637,-0.0048046342891238,-0.0015603020655955,0.0017918170234294,0,8,0,0,0,xg_AAPL,0.2994196,1.8327171
2024-08-06,205.6395568847656,208.3783842596741,199.52684486531663,203.7243764243061,69660500,36.137448366563035,221.0146736145019,216.7888112505214,-0.6842156068566396,1.7826195584500923,206.0965911557721,221.0146736145019,235.9327560732317,-0.009748363344802,-0.0528794675297916,-0.0790188862443489,-0.0097961897117739,0.0188110991538667,0.017485591236306,1.0757442030674786,-0.5181964684041259,-0.0528794675297916,-0.0790188862443489,0.0261394187145572,213.70718688964843,215.11926727294923,221.01467361450196,0.993435825618032,0.9733257242827432,-0.0355354136896357,-0.4173039249309486,64004070.0,1.0883760985824638,-0.0481668902618392,0.0068692804409724,-0.0167507273825919,0.0025659471239309,0.0021609109423159,0.0046883585554458,-0.02529602074722,1,8,0,0,1,xg_AAPL,0.50781685,3.1082954
2024-08-07,208.2097015380859,212.00037630720823,204.80601788828693,205.3120983398537,63516400,40.19230084667054,219.86556167602535,215.9717531826704,-1.2244243458286803,1.181210777594338,204.70960045343628,219.86556167602535,235.0215228986144,0.0124982989277717,-0.0552053977774127,-0.0399012265414796,0.0124208399258094,0.0182783789768881,0.0170906721843214,1.0694318718361115,0.6837376118507208,-0.0552053977774127,-0.0399012265414796,-0.015304171235933,211.2740020751953,214.2539581298828,219.86556167602535,0.9860914772324484,0.9744771145450632,-0.0412639734717572,-0.0882006301993238,64177950.0,0.9896919424817872,-0.009748363344802,-0.0481668902618392,0.0068692804409724,0.0149909046365692,0.0012847629763637,-0.0287542940367184,-0.0205347603498639,2,8,0,0,1,xg_AAPL,0.21272312,1.3020567
2024-08-08,211.67291259765625,212.5560815310077,207.22729938249148,211.47445056104476,47161100,45.23792358183607,219.15803298950195,215.56233979362145,-1.3574437081250323,0.6734798804504639,203.85271428084727,219.15803298950195,234.46335169815663,0.0166332838190867,-0.0231270281693455,-0.0192193387530502,0.0164964658243276,0.0193854531261035,0.0171874215180453,1.1278204403907348,0.8579848882563454,-0.0231270281693455,-0.0192193387530502,-0.0039076894162952,210.2717498779297,213.83916473388672,219.15803298950195,0.9833172989597274,0.9757304435385674,-0.0419812011018298,-0.2574972762939965,63754940.0,0.7397246393769528,0.0124982989277717,-0.009748363344802,-0.0481668902618392,-0.0167507273825919,0.0025659471239309,-0.0048046342891238,0.0005798709468194,3,8,0,0,1,xg_AAPL,0.28662303,1.7543905
2024-08-09,214.5804443359375,215.11629337558463,210.3432107490655,210.47221789303097,42201600,49.11892786064786,218.44852142333983,215.46882594050865,-1.2142518594843636,0.2959335324634984,203.7145006821395,218.44852142333983,233.18254216454017,0.013735965091612,-0.0164649134623037,-0.0078912285278758,0.0136424818057667,0.0199823817989386,0.0172219280676655,1.1602197791474094,0.6873693967225087,-0.0164649134623037,-0.0078912285278758,-0.0085736849344278,209.55331115722657,213.66848754882812,218.44852142333983,0.9807403682273872,0.9781182594262182,-0.0414539651720887,-0.1051608211004407,63814970.0,0.6613119147435051,0.0166332838190867,0.0124982989277717,-0.009748363344802,0.0068692804409724,0.0149909046365692,0.0021609109423159,-0.0015603020655955,4,8,0,0,1,xg_AAPL,0.3089282,1.8909181
2024-08-12,216.1103973388672,218.0774716082045,214.1929998012183,214.65993379251097,38028100,51.0834561584416,217.6239875793457,215.52992797844755,-0.9661793526577184,0.043510955439255,204.46296900878335,217.6239875793457,230.78500614990807,0.0071299740648056,0.0406736811971433,-0.0020995842260976,0.0071046759783452,0.0201288794607583,0.0167684906786403,1.2003274187925614,0.3541985474232468,0.0406736811971433,-0.0020995842260976,0.042773265423241,211.2426025390625,213.6230178833008,217.6239875793457,0.9888569342020124,0.9816152174190532,-0.0295283573528256,-0.0988943547164088,63986600.0,0.5943134968884017,0.013735965091612,0.0166332838190867,0.0124982989277717,-0.0481668902618392,-0.0167507273825919,0.0012847629763637,0.0046883585554458,0,8,0,0,1,xg_AAPL,0.343682,2.1036427
2024-08-13,219.82598876953125,220.44193777769505,217.58072790378117,217.58072790378117,44155300,55.570009175345874,216.96439437866215,215.9390766252174,-0.4644095040920319,-0.0580731364670023,205.8958480837819,216.96439437866215,228.03294067354236,0.0171930248447875,0.0689868821917143,0.0124594250650842,0.017046897331137,0.0208563229963474,0.0173688451838558,1.2007201431899963,0.8243159895351098,0.0689868821917143,0.0124594250650842,0.0565274571266301,214.0798889160156,213.89353790283204,216.96439437866212,1.0008712325534035,0.9858462653071516,-0.0131217672614253,0.1611229590749998,64237750.0,0.6873730789138678,0.0071299740648056,0.013735965091612,0.0166332838190867,-0.009748363344802,0.0068692804409724,0.0025659471239309,-0.0287542940367184,1,8,0,0,1,xg_AAPL,0.2309659,1.4137188
2024-08-14,220.27305603027344,221.57450454206744,218.2662343099079,219.13056699635615,41960600,56.09184254828463,216.62187576293948,216.35183656855608,-0.0303290776740539,-0.0525243247084126,206.4929147116515,216.62187576293948,226.75083681422743,0.0020337325138153,0.0579384841487844,-0.0004654306926823,0.0020316672794615,0.0203163126412438,0.0165590715649022,1.226825171716208,0.1000984997241655,0.0579384841487844,-0.0004654306926823,0.0584039148414667,216.49255981445313,213.8832809448242,216.62187576293945,1.0121995457433723,0.9873577181045544,-0.0005870711144469,-0.0497041125300926,63430180.0,0.6615242144985138,0.0171930248447875,0.0071299740648056,0.013735965091612,0.0124982989277717,-0.0481668902618392,0.0149909046365692,-0.0048046342891238,2,8,0,0,1,xg_AAPL,0.08428592,0.51590556
2024-08-15,223.2534637451172,223.87935717471936,221.30624816369337,223.13425172393937,46414000,59.50636436909193,216.6615737915039,217.00913439489523,0.5478613770019081,0.0675528156336514,206.43056989359397,216.6615737915039,226.8925776894139,0.0135305142106627,0.0547096508728683,0.030317351066651,0.0134397942126458,0.0197678747538719,0.0162358637605515,1.2174687824812118,0.6844352235077342,0.0547096508728683,0.030317351066651,0.0243922998062173,218.8086700439453,214.5402099609375,216.6615737915039,1.0198958511496985,0.9902088598663654,0.0096173032051708,0.1061328960977678,61821480.0,0.7507746498466108,0.0020337325138153,0.0171930248447875,0.0071299740648056,0.0166332838190867,-0.009748363344802,-0.0167507273825919,0.0021609109423159,3,8,0,0,1,xg_AAPL,0.21657416,1.3256285
2024-08-16,224.57476806640625,225.34967646095544,222.1904217176943,222.45866390325608,44340200,60.95597421555336,216.76088714599615,217.7296709350391,1.100019355702699,0.2740461236474609,206.25282749704365,216.76088714599615,227.26894679494868,0.0059184045753375,0.0465761162970754,0.0293443311105301,0.0059009596160226,0.0197503872350332,0.0162844239339433,1.2127646977533062,0.2996450074575011,0.0465761162970754,0.0293443311105301,0.0172317851865453,220.80753479003903,215.1804229736328,216.7608871459961,1.0261506680702814,0.9927087206867778,0.0180191553970407,-0.0446804843366225,55698640.0,0.7960732973013201,0.0135305142106627,0.0020337325138153,0.0171930248447875,0.013735965091612,0.0124982989277717,0.0068692804409724,0.0012847629763637,4,8,0,0,0,xg_AAPL,0.3261414,1.9962783
2024-08-19,224.41583251953125,224.51518597934856,221.58442566604344,224.2469437652095,40687800,60.6746065437587,216.86961898803716,218.3664482288003,1.507407308430345,0.5207183606040379,206.0815191766044,216.86961898803716,227.65771879946993,-0.0007077177380319,0.0384314465335089,0.0806682761349013,-0.0007079682884496,0.0086536125166649,0.0162796623522547,0.5315270551917365,-0.0817734747418399,0.0384314465335089,0.0806682761349013,-0.0422368296013924,222.46862182617187,216.8556121826172,216.8696189880371,1.025883626377296,0.9999354137039328,0.0249492327491977,-0.0823722040044925,47812560.0,0.8509855987631524,0.0059184045753375,0.0135305142106627,0.0020337325138153,0.0071299740648056,0.0166332838190867,-0.0481668902618392,0.0025659471239309,0,8,0,0,1,xg_AAPL,0.54024595,3.3067906
2024-08-20,225.03176879882812,225.68746521443904,223.97868888483964,224.2966078109087,30299000,61.41787128922261,216.95705032348633,219.00124066404103,1.8585419910135383,0.788283086685938,205.9245219640362,216.95705032348633,227.98957868293647,0.0027446204324432,0.023681367514533,0.094301953417111,0.0027408608393173,0.0064586457187059,0.016259855295094,0.3971897911578225,0.424887145822155,0.023681367514533,0.094301953417111,-0.0706205859025779,223.5097778320313,218.79483337402343,216.95705032348633,1.021549615159092,1.0084707228817729,0.0291191219067512,-0.2553296074007442,43876410.0,0.6905533064350368,-0.0007077177380319,0.0059184045753375,0.0135305142106627,0.0171930248447875,0.013735965091612,-0.009748363344802,0.0149909046365692,1,8,0,0,0,xg_AAPL,0.3809783,2.3319294
2024-08-21,224.9224853515625,226.4921759358446,223.58130467937312,225.04171252806572,34765500,61.19686587037176,217.36003494262695,219.56516872951929,2.10374977797332,1.0513764249434143,205.7674276959724,217.36003494262695,228.9526421892815,-0.0004856356409095,0.0211075716888862,0.0802689965453866,-0.0004857536000892,0.0069773590469341,0.0147388989655443,0.4733654595085281,-0.0695916672735386,0.0211075716888862,0.0802689965453866,-0.0591614248565004,224.43966369628907,220.4661117553711,217.36003494262695,1.0180234137087112,1.0142900088029705,0.0314758604174073,0.147414106076108,41001320.0,0.8479117257688082,0.0027446204324432,-0.0007077177380319,0.0059184045753375,0.0020337325138153,0.0071299740648056,0.0124982989277717,-0.0167507273825919,2,8,0,0,0,xg_AAPL,0.51095986,3.1275334
2024-08-22,223.064697265625,226.84983046212884,222.43880384726455,226.30341677619583,43695300,57.41455977743265,217.72222747802735,219.89845716152936,2.1236901651408573,1.2658391729829033,205.88209962609469,217.72222747802735,229.56235532996,-0.0082596814766371,-0.0008455254235504,0.0538178670485913,-0.0082939816485927,0.0078507539639491,0.0148418930873266,0.5289234327674552,-1.0519536799753206,-0.0008455254235504,0.0538178670485913,-0.0546633924721418,224.40191040039065,221.605290222168,217.72222747802735,1.0126198258869132,1.017834939450693,0.0299450473528274,0.2568580920740388,40654740.0,1.0747898031078031,-0.0004856356409095,0.0027446204324432,-0.0007077177380319,0.0135305142106627,0.0171930248447875,0.0166332838190867,0.0068692804409724,3,8,0,0,1,xg_AAPL,0.39045134,2.389913
2024-08-23,225.35964965820312,226.73064869689995,222.8660352522939,224.18735755669385,38677300,60.65000715027841,218.17584915161132,220.41857073264111,2.298184503610059,1.4723082391083346,205.8807796343778,218.17584915161132,230.47091866884483,0.0102882814748821,0.0034949678387947,0.0502338661643844,0.0102357173294267,0.0075064625410057,0.0149642487158962,0.5015929025644781,1.3704073005609518,0.0034949678387947,0.0502338661643844,-0.0467388983255896,224.55888671875,222.68321075439457,218.17584915161132,1.008423068618425,1.020659305877852,0.0283237819051442,-0.1148407265770002,40302310.0,0.9596794823919284,-0.0082596814766371,-0.0004856356409095,0.0027446204324432,0.0059184045753375,0.0020337325138153,0.013735965091612,-0.0481668902618392,4,8,0,0,1,xg_AAPL,0.53553367,3.2779472
2024-08-26,225.6973876953125,225.7967411465175,222.4288653159012,225.2801304868265,30602200,61.11818483326697,218.6324638366699,220.92131520527647,2.4356485209993934,1.6649762954865466,205.91810759918897,218.6324638366699,231.34682007415088,0.0014986624163713,0.0057106272823674,0.0443615414829516,0.0014975405425863,0.0075349714916831,0.0149636629999138,0.5035176195900007,0.1988678457747958,0.0057106272823674,0.0443615414829516,-0.0386509142005842,224.81519775390623,223.64190979003905,218.63246383666993,1.005246279487457,1.0229126355046314,0.0273939099622318,-0.2087813782244365,39559720.0,0.7735696814840759,0.0102882814748821,-0.0082596814766371,-0.0004856356409095,-0.0007077177380319,0.0135305142106627,0.0071299740648056,-0.009748363344802,0,8,0,0,1,xg_AAPL,0.39589998,2.4232635
2024-08-27,226.54185485839844,227.356510742363,223.42234738221904,224.52510403050715,35934600,62.32517779289795,219.1035171508789,221.45660469605,2.582956473319826,1.8485723310532025,205.93500575538135,219.1035171508789,232.27202854637645,0.0037415903290203,0.0067105461048047,0.0305508285278688,0.0037346079912037,0.0060461081197892,0.014967585783194,0.4039197962560675,0.6187404383883816,0.0067105461048047,0.0305508285278688,-0.0238402824230641,225.11721496582032,224.3134963989258,219.1035171508789,1.0035830147530007,1.023778619877011,0.0265456368700623,0.1742489102090698,38737650.0,0.9276401640264464,0.0014986624163713,0.0102882814748821,-0.0082596814766371,0.0027446204324432,0.0059184045753375,0.0171930248447875,0.0124982989277717,1,8,0,0,0,xg_AAPL,0.4749397,2.9070578
2024-08-28,225.0119476318359,228.35995039768437,224.2072209011831,226.43260827589475,38052200,58.76598712755045,219.33533325195313,221.7952087851725,2.546889403949706,1.9882357456325033,205.91176752051453,219.33533325195313,232.75889898339173,-0.0067533093499159,0.0003977471622438,0.0215137143278711,-0.0067762161328142,0.0067987177138637,0.0147807712685506,0.4599393124373779,-0.9931749572701748,0.0003977471622438,0.0215137143278711,-0.0211159671656273,225.135107421875,224.78738555908205,219.33533325195313,1.0015468922418762,1.0248571546877312,0.0257754053994121,0.0589292770755762,38346810.0,0.9923172227363636,0.0037415903290203,0.0014986624163713,0.0102882814748821,-0.0004856356409095,-0.0007077177380319,0.0020337325138153,0.0166332838190867,2,8,0,0,1,xg_AAPL,0.2672063,1.6355428
2024-08-29,228.29039001464844,231.3999685703833,227.38634017099784,228.59837969678284,51906300,63.567360767465125,219.91564407348633,222.413797473694,2.75113551513536,2.1408156995330745,205.98089586288583,219.91564407348633,233.8503922840868,0.0145700813548652,0.0234268031341629,0.0225614697529699,0.0144649575970658,0.006997094951431,0.0144399723727927,0.4845307345517678,2.08200681128023,0.0234268031341629,0.0225614697529699,0.0008653333811929,226.18024597167968,225.29107818603515,219.91564407348633,1.003946750989004,1.0244431638103588,0.0274413736723274,0.3640814460136339,38896040.0,1.33448803528582,-0.0067533093499159,0.0037415903290203,0.0014986624163713,-0.0082596814766371,0.0027446204324432,0.0135305142106627,0.013735965091612,3,8,0,0,0,xg_AAPL,0.4306528,2.635982
2024-08-30,227.5055389404297,228.89639643358683,225.99545426270925,228.68777538921813,52990800,61.71467099279964,220.38228912353512,222.8987252324307,2.8171962229342,2.2760918042132996,206.0732561414292,220.38228912353512,234.6913221056411,-0.0034379505601106,0.0095220652209975,0.0130503123714984,-0.0034438738921158,0.0070779702492773,0.0144677409918145,0.4891904729845968,-0.4856568736761672,0.0095220652209975,0.0130503123714984,-0.0035282471505009,226.609423828125,225.5841552734375,220.38228912353512,1.004544949326981,1.023603830283233,0.0273713542694024,0.0208934175620301,39761100.0,1.332729728302252,0.0145700813548652,-0.0067533093499159,0.0037415903290203,0.0102882814748821,-0.0004856356409095,0.0059184045753375,0.0071299740648056,4,8,0,0,0,xg_AAPL,0.38829803,2.3767328
2024-09-03,221.3162078857422,227.50554667965343,219.72664341730945,227.05848641015993,50190600,49.46989935396478,221.06490249633788,222.74800929465087,2.3431125768421737,2.2894959587390744,208.06812873783795,221.06490249633788,234.0616762548378,-0.0272051884253601,-0.019411743548777,-0.0138119694987175,-0.0275821012809212,0.0114999347580736,0.0109615530453451,1.049019759403275,-2.3654762849830187,-0.019411743548777,-0.0138119694987175,-0.0055997740500595,225.73318786621093,225.2741928100586,221.06490249633788,1.0020374950651332,1.0190409706207906,0.0210932828393802,-0.0528431350347607,40711380.0,1.2328395647604864,-0.0034379505601106,0.0145700813548652,-0.0067533093499159,0.0014986624163713,-0.0082596814766371,-0.0007077177380319,0.0171930248447875,1,9,0,0,0,xg_AAPL,0.16319054,0.99887276
2024-09-04,219.40872192382812,220.33264539565292,216.06070449558095,220.2134333758585,43840200,46.41350783620695,221.75336074829104,222.4299819260011,1.792813260841399,2.1901594191595395,210.9180018644339,221.75336074829104,232.58871963214813,-0.0086188263396362,-0.0314870421584079,-0.024987791301711,-0.0086561832266012,0.0116134572446515,0.0108937796117011,1.0659653208752025,-0.7420774090502791,-0.0314870421584079,-0.024987791301711,-0.0064992508566968,224.3065612792969,224.7118881225586,221.75336074829104,0.9981962376505836,1.013341522150033,0.0116367321618703,-0.1265256840922404,42065500.0,1.0421889672058804,-0.0272051884253601,-0.0034379505601106,0.0145700813548652,0.0037415903290203,0.0102882814748821,0.0027446204324432,0.0020337325138153,2,9,0,0,1,xg_AAPL,0.4641874,2.841244
2024-09-05,220.9287567138672,224.0085170705176,220.07436845302396,220.1836512012438,36615400,49.111640328696765,222.3893135070801,222.2870080962741,1.462492489267362,2.044626033181104,213.6013515379987,222.3893135070801,231.17727547616136,0.006927868576559,-0.0181465515984494,-0.0177560221756084,0.0069039811575262,0.0119846260408912,0.0107160536243,1.1182762036122509,0.5780147447386816,-0.0181465515984494,-0.0177560221756084,-0.000390529422841,223.48992309570312,224.31251525878903,222.3893135070801,0.9963328298372612,1.0086479054293576,0.0049817398377363,-0.1647985182549349,42250490.0,0.8666266355727267,-0.0086188263396362,-0.0272051884253601,-0.0034379505601106,-0.0067533093499159,0.0014986624163713,-0.0004856356409095,0.0135305142106627,3,9,0,0,0,xg_AAPL,0.41273376,2.5263014
2024-09-06,219.37892150878903,223.7700744804958,218.33577084564575,222.4884846157397,48423000,46.53864860835287,222.77461395263668,222.01004746889453,1.0633940052727269,1.8483796275994289,215.4034554801984,222.77461395263668,230.14577242507497,-0.007015090421594,-0.0390356707756625,-0.016523348615971,-0.0070398118516257,0.0119154850961592,0.0104363869973414,1.1416157223253542,-0.5886878861498425,-0.0390356707756625,-0.016523348615971,-0.0225123221596914,221.70762939453124,223.94393768310547,222.7746139526367,0.9900139815718576,1.0052489092438397,-0.0048636603314814,0.3224763350939768,42723260.0,1.133410699464387,0.006927868576559,-0.0086188263396362,-0.0272051884253601,0.0145700813548652,0.0037415903290203,-0.0082596814766371,0.0059184045753375,4,9,0,0,0,xg_AAPL,0.25951776,1.5884819
2024-09-09,219.4683380126953,219.82598924771256,215.2957503769675,219.37892899374344,67180000,46.71210860407793,223.0190086364746,221.76797990163743,0.7457244981210351,1.62784860170375,216.51914853309623,223.0190086364746,229.518868739853,0.0004075893130084,-0.0353274956080909,-0.0261418211043681,0.0004075062710482,0.0112088148202437,0.0100554774578108,1.1145865803674495,0.0363600397994421,-0.0353274956080909,-0.0261418211043681,-0.0091856745037227,220.1001892089844,223.35480651855468,223.0190086364746,0.9854284877039352,1.0015056917530625,-0.0132995012124318,0.3873572475889557,45573530.0,1.4741013039805897,-0.007015090421594,0.006927868576559,-0.0086188263396362,-0.0034379505601106,-0.0067533093499159,0.0102882814748821,-0.0007077177380319,0,9,0,0,0,xg_AAPL,0.56796795,3.4764743
2024-09-10,218.6735687255859,220.03462329185413,215.3156216628219,217.49133220778623,51591000,45.305044027996615,223.14716720581055,221.47327407534684,0.4249394482684465,1.3872667710166895,217.13832622716816,223.14716720581055,229.15600818445296,-0.0036213391612935,-0.0119405586486489,-0.0311205151351092,-0.0036279120832718,0.0111179465665462,0.0100076406144968,1.1108348271035602,-0.3256908502635652,-0.0119405586486489,-0.0311205151351092,0.0191799564864603,219.57166137695313,222.65242462158204,223.14716720581055,0.9861633519155923,0.9977828865567798,-0.0163508825035197,-0.232048228639476,47672410.0,1.0821982777879051,0.0004075893130084,-0.007015090421594,0.006927868576559,-0.0272051884253601,0.0145700813548652,0.0014986624163713,0.0027446204324432,1,9,0,0,1,xg_AAPL,0.42988735,2.6312969
2024-09-11,221.20692443847656,221.63411098197892,216.4680492147489,220.01475867053273,44587100,50.43056813340484,223.21621398925785,221.44790744326392,0.3708605692325477,1.1839855306598612,217.33773810943453,223.21621398925785,229.09468986908112,0.0115851025236148,0.0081956747155782,-0.0235494249981157,0.0115185090579581,0.011903214358465,0.0095891838581088,1.2411872946940896,0.9731933729315568,0.0081956747155782,-0.0235494249981157,0.0317450997136939,219.9313018798828,222.11893157958983,223.21621398925785,0.9901510884995268,0.9950842172705217,-0.014849951545204,-0.1357581748754628,48537660.0,0.9186083548320848,-0.0036213391612935,0.0004075893130084,-0.007015090421594,-0.0086188263396362,-0.0034379505601106,0.0037415903290203,-0.0004856356409095,2,9,0,0,0,xg_AAPL,0.2685018,1.6434722
2024-09-12,221.3162078857422,222.0911163953203,218.38546260882887,221.04796566036197,37455600,50.64543094911087,223.2683715820312,221.43536462826188,0.3329825137101636,1.0137849272699218,217.48205906089743,223.2683715820312,229.054684103165,0.0004940326689277,0.0017537380721188,-0.0164246378247464,0.0004939106749661,0.0118233963973385,0.0095811920188811,1.2338926598466495,0.0417807939049621,0.0017537380721188,-0.0164246378247464,0.0181783758968653,220.0087921142578,221.74935760498047,223.26837158203125,0.992150752951342,0.9931964659110138,-0.0147281552440852,-0.1599453653635244,48478000.0,0.7726308841123649,0.0115851025236148,-0.0036213391612935,0.0004075893130084,0.006927868576559,-0.0272051884253601,-0.0067533093499159,-0.0082596814766371,3,9,0,0,0,xg_AAPL,0.45559666,2.788661
2024-09-13,221.0479431152344,222.5778862537105,220.461797151476,222.12089674811224,36766600,50.07166692783221,223.15809555053713,221.39846734130688,0.2781112632893041,0.8666501944737983,217.28713984813032,223.15809555053713,229.02905125294393,-0.0012121334134113,0.0076079397007087,-0.0317247121043917,-0.001212868641307,0.0103932549542453,0.0090611129307321,1.1468909109484755,-0.1166157092304372,0.0076079397007087,-0.0317247121043917,0.0393326518051004,220.34259643554688,221.02511291503907,223.1580955505371,0.9969120410323936,0.9904418316967802,-0.0127370518599328,-0.0183951131472996,46964030.0,0.7828672283873258,0.0004940326689277,0.0115851025236148,-0.0036213391612935,-0.007015090421594,-0.0086188263396362,0.0145700813548652,0.0102882814748821,4,9,0,0,0,xg_AAPL,0.24377616,1.4921291
2024-09-16,214.9082946777344,215.80241517960704,212.52394807405793,215.126845002842,59357400,39.142124536236615,222.6747718811035,220.78035565906188,-0.2578209166790657,0.6417559722432256,215.79071261168383,222.6747718811035,229.5588311505232,-0.0277751891783012,-0.0207776819939153,-0.0553711541326198,-0.0281682144107788,0.0129885032092368,0.010782159226805,1.2045174272257506,-2.1382795578009697,-0.0207776819939153,-0.0553711541326198,0.0345934721387044,219.4305877685547,219.76538848876953,222.6747718811035,0.998476553917261,0.986934382517803,-0.0150956672817754,0.6144381041488742,47600690.0,1.2469861256212622,-0.0012121334134113,0.0004940326689277,0.0115851025236148,0.0004075893130084,0.006927868576559,-0.0034379505601106,0.0014986624163713,0,9,0,0,1,xg_AAPL,0.40559924,2.4826317
2024-09-17,215.3751983642578,215.48448109873988,213.10014982176023,214.3419921866889,45519300,40.2109337349314,222.22274017333984,220.26557877384244,-0.6375267930378072,0.385899419187019,214.6656644342116,222.22274017333984,229.7798159124681,0.0021725717344858,-0.0150835346976352,-0.0268439875155981,0.0021702151131837,0.0106761899182996,0.0108214847053891,0.9864823290517952,0.2034778580422397,-0.0150835346976352,-0.0268439875155981,0.0117604528179628,218.77091369628903,219.1712875366211,222.22274017333984,0.9981732377227326,0.9862684951398828,-0.0160270379471122,-0.2331318420281212,47133560.0,0.9657513669665316,-0.0277751891783012,-0.0012121334134113,0.0004940326689277,-0.0036213391612935,-0.007015090421594,-0.0272051884253601,0.0037415903290203,1,9,0,0,1,xg_AAPL,0.42172885,2.5813594
2024-09-18,219.2497711181641,221.25659276615585,216.12031904206836,216.13026348358335,59894900,48.32187641859517,221.93364028930665,220.16883518758735,-0.6186691626022878,0.1849857028291577,214.38665136686893,221.93364028930665,229.48062921174431,0.0179898743371245,-0.008847613271061,-0.0007244507158618,0.017829971455213,0.0122303428745693,0.0116762887108823,1.04736152178644,1.4708012457510244,-0.008847613271061,-0.0007244507158618,-0.0081231625551992,218.37948303222657,219.1553924560547,221.93364028930665,0.9964595467392676,0.987481628158623,-0.0162105403301177,0.3158132923836703,48739030.0,1.2288898650629438,0.0021725717344858,-0.0277751891783012,-0.0012121334134113,0.0115851025236148,0.0004075893130084,-0.0086188263396362,-0.0067533093499159,2,9,0,0,1,xg_AAPL,0.094542086,0.57868254
2024-09-19,227.3763885498047,228.32020097310811,223.16406850984052,223.52171975466865,66781300,60.44301513005899,222.05633544921872,220.85526884113185,0.0514328690390755,0.1582751360711412,214.23012872802195,222.05633544921872,229.8825421704155,0.0370655685987502,0.0273824530157824,0.0291842127382633,0.0363951563697773,0.0169363057179266,0.0144846173092742,1.1691808057833608,2.1883981558837657,0.0273824530157824,0.0291842127382633,-0.0018017597224808,219.59151916503907,219.80015563964844,222.05633544921875,0.9990507901416076,0.9898396062197188,-0.0108402473093189,0.1149747307366737,51755620.0,1.2903197759006406,0.0179898743371245,0.0021725717344858,-0.0277751891783012,0.0004940326689277,-0.0036213391612935,0.006927868576559,0.0145700813548652,3,9,0,0,0,xg_AAPL,0.1571335,0.96179825
2024-09-20,226.7107391357422,231.56882586153637,226.13452245924367,228.46919216926284,318679900,59.21780822350893,222.2386375427246,221.4129326787138,0.5227552155674573,0.2311711519704045,214.14813395600143,222.2386375427246,230.32914112944775,-0.0029275221508617,0.0256179539185112,0.0334207934678876,-0.0029318157255708,0.0167153766218187,0.0143606869272143,1.1638867151563073,-0.1751289897979855,0.0256179539185112,0.0334207934678876,-0.0078028395493763,220.7240783691406,220.53333740234376,222.2386375427246,1.0008649076327578,0.9923267161856452,-0.0066805797526739,3.7719930579368777,78781310.0,4.0451206003047675,0.0370655685987502,0.0179898743371245,0.0021725717344858,-0.0012121334134113,0.0115851025236148,-0.007015090421594,-0.0034379505601106,4,9,0,0,0,xg_AAPL,0.4301173,2.6327045
2024-09-23,224.99203491210935,227.95258288382507,224.336338501163,225.8563523524968,54146000,56.05813455464494,222.2202568054199,221.7537995580848,0.7489629254572492,0.3347295066677734,214.15798727016264,222.2202568054199,230.28252634067712,-0.00758104459535,0.0469211309386452,0.0251685366072917,-0.0076099267779312,0.0170625210281893,0.0143021750836147,1.1929184204516627,-0.4442837198035485,0.0469211309386452,0.0251685366072917,0.0217525943313534,222.74082641601564,221.08570709228516,222.22025680541992,1.0074863244010597,0.9948944811357672,0.002313724620514,-0.8300928298270459,77477910.0,0.6988572613793957,-0.0029275221508617,0.0370655685987502,0.0179898743371245,-0.0277751891783012,0.0004940326689277,0.0004075893130084,-0.0272051884253601,0,9,0,0,1,xg_AAPL,0.2098184,1.2842771
2024-09-24,225.8861846923828,227.8532741806864,224.2568878942957,227.15783023434295,43556100,57.33360290408968,222.2296966552734,222.14736004706555,0.9889841857578858,0.4655804424857959,214.14986199551953,222.2296966552734,230.3095313150273,0.0039741397095356,0.0488031417171259,0.0329834831380468,0.0039662636763955,0.0169223460904653,0.0143263794964663,1.181119415077897,0.2348317932098949,0.0488031417171259,0.0329834831380468,0.015819658579079,224.84302368164063,221.80696868896484,222.22969665527344,1.0136878250968444,0.99809778813241,0.011569220268721,-0.1955804676245706,76674420.0,0.5680655947576706,-0.00758104459535,-0.0029275221508617,0.0370655685987502,0.0021725717344858,-0.0012121334134113,-0.0036213391612935,-0.0086188263396362,1,9,0,0,0,xg_AAPL,0.22877651,1.4003178
2024-09-25,224.8927001953125,225.8066944385944,222.55804543582803,223.462095237407,42308700,55.40914614342095,222.14723892211913,222.40882101356524,1.0865122311187747,0.5897668002123917,214.2204873800918,222.14723892211913,230.07399046414645,-0.0043981640507287,0.0257374456920511,0.0166621174549219,-0.0044078644272511,0.0168155852047339,0.0143342668795561,1.173022124109536,-0.2615372857915695,0.0257374456920511,0.0166621174549219,0.0090753282371291,225.97160949707032,222.17554626464843,222.14723892211913,1.0170858732936348,1.0001274260380937,0.0170053121850101,-0.0286389277276891,76446580.0,0.5534413704314758,0.0039741397095356,-0.00758104459535,-0.0029275221508617,0.0179898743371245,-0.0277751891783012,0.0115851025236148,0.006927868576559,2,9,0,0,1,xg_AAPL,0.25646928,1.5698224
2024-09-26,226.03521728515625,227.00881759745033,223.9389864593978,225.81665178414175,36636700,57.18882784928313,222.19840240478516,222.75419208705011,1.2416821515330128,0.7201498704765159,214.1811044183764,222.19840240478516,230.21570039119393,0.005080276455623,-0.0058984632186409,0.0213224754051919,0.0050674153913075,0.016839134130556,0.014296659162499,1.1777546197718176,0.3016767215888721,-0.0058984632186409,0.0213224754051919,-0.0272209386238329,225.70337524414063,222.64744720458984,222.19840240478516,1.0137254124308137,1.0020209182196849,0.0155063130491464,-0.1340622614261369,76364690.0,0.4797596899823664,-0.0043981640507287,0.0039741397095356,-0.00758104459535,0.0370655685987502,0.0021725717344858,0.0004940326689277,-0.007015090421594,3,9,0,0,1,xg_AAPL,0.38033324,2.3279812
2024-09-27,226.3034210205078,228.0221418429688,225.8166284941723,226.9690618971705,34026000,57.616469968785026,222.09905395507815,223.09221389023656,1.3704989723239578,0.8502196908460044,214.35502357819163,222.09905395507815,229.84308433196463,0.0011865572921463,-0.0017966423504556,0.0237752852671135,0.0011858538894058,0.0168015563594845,0.0139025270050776,1.2084384310073584,0.0706176647624553,-0.0017966423504556,0.0237752852671135,-0.0255719276175692,225.62191162109377,223.1729949951172,222.09905395507812,1.010973176329108,1.004835414743623,0.015566966023445,-0.071259147248524,76090630.0,0.44717726742438,0.005080276455623,-0.0043981640507287,0.0039741397095356,-0.0029275221508617,0.0179898743371245,-0.0012121334134113,0.0004075893130084,4,9,0,0,1,xg_AAPL,0.2571376,1.5739131
2024-09-30,231.47943115234375,231.47943115234375,228.1512873446241,228.5387415800987,54541900,64.90282730816284,222.29774856567383,223.89099648662773,1.868706703149087,1.0539170933066209,213.80218518766085,222.29774856567383,230.7933119436869,0.022871992427224,0.0288338929098919,0.077107942713233,0.0226143495479718,0.0140819223739509,0.0148096695898766,0.9507957954565492,1.6240941915244969,0.0288338929098919,0.077107942713233,-0.0482740498033411,226.9193908691406,224.83010864257812,222.29774856567383,1.009292715460472,1.011391748649025,0.0199656715953528,0.6029477458414154,75609080.0,0.7213670633209567,0.0011865572921463,0.005080276455623,-0.0043981640507287,-0.00758104459535,0.0370655685987502,-0.0277751891783012,-0.0036213391612935,0,9,0,1,0,xg_AAPL,0.12833507,0.785526
2024-10-01,224.73377990722656,228.15131803302592,222.27989769941507,228.02217670997004,63285000,52.286888142972394,222.4686271667481,223.9712615743038,1.6996299632660057,1.183059667298498,213.9188820435999,222.4686271667481,231.01837228989632,-0.0291414714972133,-0.0051017054749302,0.0434524569869037,-0.0295745180071653,0.0182683194935257,0.0150085452422875,1.217113456712666,-1.5951043774531657,-0.0051017054749302,0.0434524569869037,-0.0485541624618339,226.68890991210935,225.765966796875,222.46862716674804,1.004088052456838,1.014821593822555,0.0187790315594902,0.1603006129232755,77385650.0,0.8177872770985213,0.022871992427224,0.0011865572921463,0.005080276455623,0.0039741397095356,-0.0029275221508617,0.0021725717344858,0.0115851025236148,1,10,1,0,1,xg_AAPL,0.23307644,1.4266372
2024-10-02,225.3000335693359,225.8861795938886,221.56457676904253,224.41584231153624,32880600,53.11083703329621,222.7631927490235,224.0978112881164,1.5929646618932054,1.2650406662174394,214.2514715746722,222.7631927490235,231.2749139233748,0.002519664210441,0.0018112343071592,0.0275952965438264,0.0025164951787211,0.0176347940042406,0.0148435353183444,1.1879653775654428,0.1428721729135167,0.0018112343071592,0.0275952965438264,-0.0257840622366671,226.77037658691407,226.3709930419922,222.76319274902343,1.001764287639308,1.0161956750953622,0.0177859886410422,-0.4804361223038634,74684220.0,0.4402616777680688,-0.0291414714972133,0.022871992427224,0.0011865572921463,-0.0043981640507287,-0.00758104459535,0.0179898743371245,0.0004940326689277,2,10,0,0,0,xg_AAPL,0.40423232,2.474265
2024-10-03,224.197265625,225.3298253274289,221.8626109260752,223.6707256415415,34044200,51.25451857709916,222.9266181945801,224.10728312972435,1.4032714454644406,1.2926868220668395,214.4377165939023,222.9266181945801,231.41551979525784,-0.0048946639148925,-0.0081312623857086,-0.0139817636522462,-0.0049066820147229,0.0129672278638941,0.0148484809731724,0.8732445186010986,-0.3774350640861407,-0.0081312623857086,-0.0139817636522462,0.0058505012665376,226.4027862548828,226.0530807495117,222.92661819458007,1.0015470061465723,1.0140246264903312,0.0155049529734992,0.0353886486256334,71410510.0,0.4767393483116074,0.002519664210441,-0.0291414714972133,0.022871992427224,0.005080276455623,0.0039741397095356,0.0370655685987502,-0.0012121334134113,3,10,0,0,1,xg_AAPL,0.26800126,1.6404085
2024-10-04,225.3199005126953,226.5120662505933,222.66732681912907,226.41271278943103,37245100,53.05344000910421,223.22366714477545,224.22277049953112,1.328214626534816,1.299792382960435,214.8423749917023,223.22366714477545,231.60495929784855,0.0050073531653729,-0.004346025806315,-0.0061348599027508,0.004994858066734,0.0131007674678365,0.0147568555495997,0.8877148460903478,0.3821891342267722,-0.004346025806315,-0.0061348599027508,0.0017888340964358,226.20608215332032,225.91399688720705,223.2236671447754,1.0012929046900052,1.012052170707718,0.0132363586250425,0.0940218891911104,43267030.0,0.8608194276334461,-0.0048946639148925,0.002519664210441,-0.0291414714972133,0.0011865572921463,-0.0043981640507287,-0.0029275221508617,-0.0277751891783012,4,10,0,0,0,xg_AAPL,0.21376453,1.308431
2024-10-07,220.2432403564453,224.21713611955545,219.885589131397,223.0348997045567,39505400,44.971124188511574,223.26241226196296,223.84376762876104,0.8492973385382641,1.2096933740760007,214.94731249669425,223.26241226196296,231.5775120272316,-0.0225309000434427,-0.0485407741843963,-0.0211065007591005,-0.0227885989199041,0.014743805488913,0.0157024431865886,0.938889981880206,-1.5280567831419785,-0.0485407741843963,-0.0211065007591005,-0.0274342734252958,223.95884399414064,225.43911743164065,223.26241226196288,0.9934338217148636,1.00974953709236,0.0031621026418365,0.0606871776421595,41802970.0,0.9450381157128084,0.0050073531653729,-0.0048946639148925,0.002519664210441,0.022871992427224,0.005080276455623,-0.00758104459535,0.0021725717344858,0,10,0,0,1,xg_AAPL,0.09938962,0.6083538
2024-10-08,224.2966156005859,224.5052366387564,221.79305702807565,222.83620769655573,31855700,51.34460487242134,223.54356460571293,223.8868960070301,0.7877448122782482,1.1253036617164502,215.5061473949862,223.54356460571293,231.58098181643965,0.0184040846728397,-0.0019452540994109,-0.0070370354608522,0.0182367791257966,0.0160456666634227,0.0161785932761637,0.991722498183052,1.146910137716669,-0.0019452540994109,-0.0070370354608522,0.0050917813614412,223.8714111328125,225.28016052246093,223.5435646057129,0.9937466779747436,1.0077684898682324,0.0014616650644583,-0.1936368192702769,40632930.0,0.7839872733765253,-0.0225309000434427,0.0050073531653729,-0.0048946639148925,-0.0291414714972133,0.0011865572921463,0.0039741397095356,0.0179898743371245,1,10,0,0,1,xg_AAPL,0.3190458,1.952847
2024-10-09,228.0419921875,228.250628376416,223.3627386107029,223.76012210676075,33591100,56.372744098047825,223.8853179931641,224.2826194527891,1.0293192295516749,1.1061067752834952,215.6865964738005,223.8853179931641,232.0840395125277,0.0166983196642771,0.0121702539263948,0.0140035314149922,0.0165604355625657,0.0168556898967695,0.016387161098708,1.0285284477767498,0.990604903248371,0.0121702539263948,0.0140035314149922,-0.0018332774885974,224.4198028564453,225.5950897216797,223.88531799316405,0.9947902817092148,1.0076368193494842,0.0023438001841423,0.0544769068016084,39761170.0,0.8448217192803722,0.0184040846728397,-0.0225309000434427,0.0050073531653729,0.002519664210441,0.022871992427224,-0.0043981640507287,0.0370655685987502,2,10,0,0,0,xg_AAPL,0.32982776,2.0188422
2024-10-10,227.54527282714844,228.00227752622936,225.68748134269669,226.2935010745161,28183500,55.55280320096529,224.19677124023443,224.59334834558527,1.167232465284286,1.1183319132836531,215.9359532067911,224.19677124023443,232.4575892736777,-0.0021781925143995,0.0149333097030204,0.0066806206578293,-0.0021805682261799,0.0168416244248168,0.0164079643383804,1.026367300063197,-0.1293261940336373,0.0149333097030204,0.0066806206578293,0.008252689045191,225.089404296875,225.7460952758789,224.19677124023437,0.9970910195447616,1.006910554630532,0.0039228811284455,-0.1609831175519706,38915850.0,0.7242164824871942,0.0166983196642771,0.0184040846728397,-0.0225309000434427,-0.0048946639148925,-0.0291414714972133,0.005080276455623,-0.0029275221508617,3,10,0,0,0,xg_AAPL,0.17122494,1.0480504
2024-10-11,226.0650177001953,227.9128799953492,225.8563814846346,227.8035972460956,31759200,53.07529032016562,224.44762496948243,224.7335073317386,1.143899321155061,1.1234453948579348,216.28529856391057,224.44762496948243,232.6099513750543,-0.0065053213743428,0.0033069302170138,-0.0010534675933638,-0.0065265731941854,0.016996655002387,0.0164967436341678,1.030241188085017,-0.3827187558183362,0.0033069302170138,-0.0010534675933638,0.0043603978103777,225.238427734375,225.72225494384764,224.44762496948243,0.9978565374088036,1.0056789639655956,0.0034981209075935,0.1268721060194795,38689170.0,0.8208808821693301,-0.0021781925143995,0.0166983196642771,0.0184040846728397,0.0050073531653729,0.002519664210441,0.0011865572921463,-0.00758104459535,4,10,0,0,1,xg_AAPL,0.23428714,1.4340478
2024-10-14,229.79052734375,230.21771386522883,227.1081507143634,227.20748901369805,39882100,58.13571975282245,225.1917366027832,225.2151282852635,1.409774130554979,1.1807111419973435,218.04020810105612,225.1917366027832,232.3432651045103,0.0164798148844744,0.0433488309191836,-0.0072961290780182,0.0163454964217875,0.0161405889798777,0.0153247322860946,1.0531691849088598,1.0209536932837522,0.0433488309191836,-0.0072961290780182,0.0506449599972018,227.14788513183595,225.5533645629883,225.1917366027832,1.0070693716847765,1.0016058669188337,0.008512746594321,0.2557652585707448,37223190.0,1.071431545764856,-0.0065053213743428,-0.0021781925143995,0.0166983196642771,-0.0225309000434427,-0.0048946639148925,0.022871992427224,0.0039741397095356,0,10,0,0,1,xg_AAPL,0.48796943,2.9868114
2024-10-15,232.3238983154297,235.9401430278398,230.8535458975589,232.08545910083197,64751400,61.19991370829989,226.03917160034177,225.89215400242216,1.8041070743435623,1.3053903284665875,219.83092418627984,226.03917160034177,232.2474190144037,0.0110246971490253,0.0357886929918651,0.0337738207906992,0.0109643681761921,0.0129313941419464,0.0154130291250123,0.8389366619894798,0.8524869430994592,0.0357886929918651,0.0337738207906992,0.0020148722011659,228.7533416748047,226.3123764038086,226.0391716003418,1.0107858231608189,1.0012086613197726,0.0116826985692957,0.6235704739720325,37369830.0,1.732718612848875,0.0164798148844744,-0.0065053213743428,-0.0021781925143995,0.0184040846728397,0.0050073531653729,-0.0291414714972133,-0.0043981640507287,1,10,0,0,0,xg_AAPL,0.17637517,1.0795745
2024-10-16,230.26739501953125,230.60517253033711,228.3400530967301,230.0885769817669,34082200,57.51944911689685,226.59005279541012,226.3088436230992,1.928446216677827,1.4300015061088356,220.99327537045968,226.59005279541012,232.18683022036055,-0.0088518801156921,0.0097587414084747,0.0220477616958127,-0.0088912907510021,0.0135049270569109,0.0152903807754481,0.8831725045127647,-0.6554070726424294,0.0097587414084747,0.0220477616958127,-0.012289020287338,229.19842224121095,226.80911254882812,226.59005279541017,1.010534451925376,1.000966766858101,0.0113275674377588,-0.4736453574748963,37489990.0,0.90910133611663,0.0110246971490253,0.0164798148844744,-0.0065053213743428,0.0166983196642771,-0.0225309000434427,0.002519664210441,0.005080276455623,2,10,0,0,1,xg_AAPL,0.3732719,2.2847595
2024-10-17,230.6349639892578,232.3238817771462,229.01561181125544,231.90660939150175,32993800,58.00556265411082,226.7529815673828,226.72085508654288,2.0332080697477863,1.550642818836626,220.87705968604888,226.7529815673828,232.6289034487167,0.001596270152339,0.013578357940472,0.0287144374678758,0.0015949974673254,0.0132766142939802,0.0129571693654207,1.0245748392060172,0.1202226632733865,0.013578357940472,0.0287144374678758,-0.0151360795274038,229.8163604736328,227.4528823852539,226.7529815673828,1.0103910667721314,1.0030866223369288,0.0132823699115832,-0.0319345582151386,37384950.0,0.8825423064628712,-0.0088518801156921,0.0110246971490253,0.0164798148844744,-0.0021781925143995,0.0184040846728397,-0.0048946639148925,0.0011865572921463,3,10,0,0,1,xg_AAPL,0.22190455,1.3582551
2024-10-18,233.46636962890625,234.6386615701971,232.4828249974097,234.6386615701971,46431500,61.64640281617583,227.09076309204096,227.36328504295844,2.317983098879978,1.7041108748452964,220.4927323976057,227.09076309204096,233.68879378647625,0.0122765672241278,0.0327399259027618,0.0361551247700464,0.0122018212998504,0.0135990261160879,0.0131717158133751,1.032363129118746,0.9026870330495512,0.0327399259027618,0.0361551247700464,-0.0034151988672845,231.296630859375,228.267529296875,227.09076309204104,1.0132699625383883,1.0051819201662422,0.0180148762925435,0.4072795494911165,38303590.0,1.2121970812657192,0.001596270152339,-0.0088518801156921,0.0110246971490253,-0.0065053213743428,0.0166983196642771,0.0050073531653729,0.022871992427224,4,10,0,0,1,xg_AAPL,0.24639937,1.5081855
2024-10-21,234.9367218017578,235.3043174814563,232.9199708414818,232.9199708414818,36254500,63.42000979714633,227.58799743652335,228.08456473427267,2.6319747269588447,1.889683645268006,220.2038592272185,227.58799743652335,234.9721356458283,0.0062979185190084,0.0223951549156309,0.0667147896186612,0.0062781695052533,0.0100186628078039,0.013030067351641,0.7688290250869001,0.6285559344475355,0.0223951549156309,0.0667147896186612,-0.0443196347030303,232.32586975097655,229.73687744140625,227.58799743652344,1.0112693805992494,1.0094419742213434,0.0201665890207278,-0.2191830976815308,37978500.0,0.9546058954408164,0.0122765672241278,0.001596270152339,-0.0088518801156921,0.0164798148844744,-0.0021781925143995,-0.0225309000434427,-0.0291414714972133,0,10,0,0,0,xg_AAPL,0.21804635,1.3346395
2024-10-22,234.32077026367188,234.67842149785605,231.0820505913223,232.36362533760988,38846600,62.12396412319196,228.00972671508785,228.67848907040593,2.7988498145583947,2.071516879126084,220.0907546548032,228.00972671508785,235.92869877537248,-0.0026217763377395,0.0085952067898369,0.0446915109987053,-0.0026252192122706,0.0094379385134522,0.013067440422873,0.722193177460828,-0.2777617773442431,0.0085952067898369,0.0446915109987053,-0.0360963042088684,232.725244140625,230.73929290771488,228.00972671508788,1.0086069052560738,1.011971270839852,0.0201241973566019,0.0714973313657614,38677590.0,1.0043697138316787,0.0062979185190084,0.0122765672241278,0.001596270152339,0.0110246971490253,-0.0065053213743428,0.0184040846728397,0.002519664210441,1,10,0,0,0,xg_AAPL,0.40134877,2.456615
2024-10-23,229.25404357910156,233.60546433739609,226.27362172475395,232.55238437433343,52287000,52.60134399884742,228.2277938842773,228.7333037855198,2.4935133549107604,2.155916174283019,220.43097311299704,228.2277938842773,236.02461465555757,-0.0216230369969718,-0.0044007595619159,0.0053150359719933,-0.0218602404679089,0.0114621501828687,0.0140371438493547,0.8165004081644018,-1.8863084450630936,-0.0044007595619159,0.0053150359719933,-0.0097157955339093,232.52257385253907,230.860498046875,228.22779388427733,1.0071994811573464,1.0115354230866929,0.0187337152322893,0.3459865213429232,40547180.0,1.2895348085859168,-0.0026217763377395,0.0062979185190084,0.0122765672241278,-0.0088518801156921,0.0164798148844744,0.0166983196642771,-0.0048946639148925,2,10,0,0,0,xg_AAPL,0.3160661,1.9346085
2024-10-24,229.0653076171875,229.3136761173618,226.91940013747097,228.47914643577636,31109500,52.27987161066985,228.37929840087887,228.7649231980596,2.210817666146255,2.1668964726556665,220.64435469814416,228.37929840087887,236.11424210361355,-0.0008232612126159,-0.0068058040503495,0.006680142246654,-0.0008236002782338,0.0114337713882024,0.0140100846536668,0.8160518383000476,-0.0719962983663479,-0.0068058040503495,0.006680142246654,-0.0134859462970036,232.208642578125,231.01250152587892,228.3792984008789,1.0051778195740289,1.011529955400677,0.016717259444829,-0.4050241933941515,40839780.0,0.7617450436804322,-0.0216230369969718,-0.0026217763377395,0.0062979185190084,0.001596270152339,0.0110246971490253,-0.0021781925143995,0.0050073531653729,3,10,0,0,1,xg_AAPL,0.5610355,3.4340415
2024-10-25,229.8998260498047,231.69801159617745,228.07183749564092,228.24072625952675,38802300,53.629319937379755,228.55911865234373,228.87300918394007,2.0307092075663604,2.1396590196378056,220.86024022579315,228.55911865234373,236.2579970788943,0.0036431463205761,-0.0152764767995089,0.0169632983847818,0.0036365261370123,0.011168005198349,0.0140247855650741,0.7962481064988385,0.3261835996920013,-0.0152764767995089,0.0169632983847818,-0.0322397751842907,231.49533386230468,231.39598236083984,228.55911865234376,1.000429357072025,1.0124119471812068,0.0127717156659563,0.2472813770713127,41544090.0,0.9340028870532264,-0.0008232612126159,-0.0216230369969718,-0.0026217763377395,0.0122765672241278,-0.0088518801156921,-0.0065053213743428,-0.0225309000434427,4,10,0,0,1,xg_AAPL,0.31074178,1.9020189
2024-10-28,231.87681579589844,233.19813797949908,231.032372026897,231.7973512193415,36087100,56.74962931407448,228.57898788452147,229.15908600412655,2.0241651903324396,2.1165602537767327,220.84639852603323,228.57898788452147,236.3115772430097,0.0085993529445536,-0.0130243836825192,0.009079088142861,0.0085625891220644,0.0102528860170628,0.0131849660374512,0.777560475125013,0.838643313397864,-0.0130243836825192,0.009079088142861,-0.0221034718253803,230.8833526611328,231.6046112060547,228.5789878845215,0.9968858195820628,1.0132366642688162,0.0099378834779224,-0.0699752334268845,41164590.0,0.8766539397088402,0.0036431463205761,-0.0008232612126159,-0.0216230369969718,0.0062979185190084,0.001596270152339,0.0164798148844744,0.0184040846728397,0,10,0,0,1,xg_AAPL,0.42683035,2.6125853
2024-10-29,232.1450653076172,232.80076177889833,230.80388451731673,231.5787930163908,35417200,57.170757002044624,228.94955215454095,229.4434649854114,2.0173695231742386,2.096722107656234,221.28279022743564,228.94955215454095,236.61631408164632,0.0011568621502671,-0.0092851562138791,-0.0007697572617764,0.0011561935008899,0.0096317554487442,0.011236702045004,0.8570929724041058,0.120096700930773,-0.0092851562138791,-0.0007697572617764,-0.0085153989521027,230.44821166992188,231.58672790527345,228.949552154541,0.9950838450646564,1.011518588815375,0.0064557026590032,-0.0185634201695342,38231170.0,0.9263959224894,0.0085993529445536,0.0036431463205761,-0.0008232612126159,-0.0026217763377395,0.0122765672241278,0.0110246971490253,0.0166983196642771,1,10,0,0,0,xg_AAPL,0.49398828,3.023652
2024-10-30,228.5983734130859,231.9463759413976,228.0519596813648,231.0919876952183,47070900,50.20962111209489,229.1144691467285,229.36298007376135,1.7061283277095924,2.0186033516669055,221.63872914193857,229.1144691467285,236.59020915151848,-0.015277912066886,-0.0028600157091206,-0.0072481890295574,-0.0153958218505607,0.0104637800207103,0.0118547515647168,0.8825910330181771,-1.4599362850103177,-0.0028600157091206,-0.0072481890295574,0.0043881733204368,230.31707763671875,231.4198257446289,229.1144691467285,0.9952348589652512,1.0100620297202791,0.0052607919821768,0.3290406920931072,39530040.0,1.190762771805918,0.0011568621502671,0.0085993529445536,0.0036431463205761,-0.0216230369969718,0.0062979185190084,-0.0088518801156921,-0.0021781925143995,2,10,0,0,0,xg_AAPL,0.23651691,1.447696
2024-10-31,224.43569946289065,228.330115454563,223.89921505082023,227.84330777090057,64370100,43.512958785268474,229.12639083862305,228.89371525367844,1.1107701719572276,1.83703671572497,221.682977308078,229.12639083862305,236.56980436916808,-0.0182095519230713,-0.0202108656367721,-0.0268791184959098,-0.0183773863962137,0.0117775140867021,0.012544812157759,0.9387605950578716,-1.5459973804021552,-0.0202108656367721,-0.0268791184959098,0.0066682528591377,229.3911560058594,230.79989929199215,229.12639083862305,0.9938962569288188,1.0073038659896136,0.0011796927488361,0.367513686800125,42667670.0,1.5086387421670435,-0.015277912066886,0.0011568621502671,0.0085993529445536,-0.0008232612126159,-0.0026217763377395,0.001596270152339,-0.0065053213743428,3,10,0,1,0,xg_AAPL,0.24872419,1.5224155
2024-11-01,221.45529174804688,223.87937072005496,218.83252100898451,219.52794977327943,65276700,39.45539107445164,228.93316040039065,228.1852939674278,0.3939098029106276,1.5484113331621017,220.89665741257312,228.93316040039065,236.96966338820812,-0.0132795616828176,-0.0367313644679679,-0.0514467154303677,-0.0133685235226774,0.0109181021930583,0.0128335757428157,0.850678854668788,-1.216177067310526,-0.0367313644679679,-0.0514467154303677,0.0147153509623997,227.7022491455078,229.59879150390623,228.93316040039065,0.9917397546129236,1.0029075346810898,-0.0055582833228624,0.0140841788345831,44552190.0,1.4651737658687156,-0.0182095519230713,-0.015277912066886,0.0011568621502671,0.0036431463205761,-0.0216230369969718,0.0122765672241278,0.0164798148844744,4,11,1,0,0,xg_AAPL,0.30447894,1.8636847
2024-11-04,220.5611267089844,221.33603510883145,218.27614895309117,219.54779428408165,44944500,38.30143598465731,228.9490547180176,227.459182799957,-0.243551341799332,1.190018798169815,220.98397644541947,228.9490547180176,236.91413299061568,-0.0040376774562685,-0.0488004333166032,-0.0611892214317338,-0.0040458508844185,0.010170906861862,0.011809794082193,0.8611535169507857,-0.396944005789832,-0.0488004333166032,-0.0611892214317338,0.0123887881151306,225.439111328125,228.1612319946289,228.9490547180176,0.9880693111502484,0.9965589605759282,-0.015913699037835,-0.311477142686441,45421190.0,0.9895051186461432,-0.0132795616828176,-0.0182095519230713,-0.015277912066886,0.0085993529445536,-0.0008232612126159,0.0062979185190084,0.0110246971490253,0,11,0,0,1,xg_AAPL,0.59821993,3.6616435
2024-11-05,221.9917449951172,222.4884819564664,219.6968226591573,220.3525190863484,28111300,41.26146802959918,228.83381118774415,226.9384744375913,-0.6260878016749132,0.8267974782008694,220.52598242732057,228.83381118774415,237.14163994816775,0.0064862666757248,-0.0437369637775661,-0.0526160154504499,0.0064653213704666,0.0109124318987546,0.0111201878339955,0.9812289893528556,0.5943379439115725,-0.0437369637775661,-0.0526160154504499,0.0088790516728837,223.408447265625,226.92832946777344,228.83381118774415,0.9844890137322044,0.9916730761504148,-0.024439485000843,-0.3745330351878427,44347660.0,0.6338846288620271,-0.0040376774562685,-0.0132795616828176,-0.0182095519230713,0.0011568621502671,0.0036431463205761,-0.0026217763377395,-0.0088518801156921,1,11,0,0,0,xg_AAPL,0.4348712,2.6618025
2024-11-06,221.2665100097656,224.5946536653585,219.7464961432124,221.15722727351368,54561100,40.208349485327176,228.49503707885745,226.39828734922696,-0.9765144536661694,0.4661350918274616,219.52506611444363,228.49503707885745,237.46500804327127,-0.0032669457387595,-0.0320731214918635,-0.034841407569677,-0.003272293857174,0.0092919861447988,0.0103698837786195,0.8959685927591837,-0.3515496190197147,-0.0320731214918635,-0.034841407569677,0.0027682860778134,221.94207458496095,226.12957611083985,228.49503707885745,0.9814818494869229,0.9896476483767076,-0.0296156996086179,0.9408956540608224,44575070.0,1.2240272421332996,0.0064862666757248,-0.0040376774562685,-0.0132795616828176,-0.015277912066886,0.0085993529445536,-0.0216230369969718,0.001596270152339,2,11,0,0,1,xg_AAPL,0.1643121,1.0057377
2024-11-07,225.99546813964844,226.39286684724487,223.10447023283905,223.16407624917585,42137700,49.29590409911172,228.4175468444824,226.3599236149814,-0.8626980543676268,0.2003684625884439,219.386460195916,228.4175468444824,237.4486334930488,0.0213722272280343,0.0069497351824623,-0.0134015906182937,0.0211470439747429,0.0121988571792999,0.011553119824845,1.0558015118614612,1.7518424120814795,0.0069497351824623,-0.0134015906182937,0.020351325800756,222.2540283203125,225.82259216308591,228.4175468444824,0.9841974896816512,0.9886394249599256,-0.0272727527454723,-0.2276970222374549,45677890.0,0.9224966389646956,-0.0032669457387595,0.0064862666757248,-0.0040376774562685,-0.0182095519230713,0.0011568621502671,-0.0008232612126159,0.0122765672241278,3,11,0,0,0,xg_AAPL,0.21247257,1.300523
2024-11-08,225.7269287109375,227.4176895436531,225.17991383614745,225.9357792784742,38328800,48.84193465180911,228.40064239501956,226.29963838602484,-0.7851162936250091,0.0032715113457533,219.34977077530425,228.40064239501956,237.4515140147349,-0.0011882513880543,0.0192889360609658,-0.0181509373476567,-0.0011889579184805,0.0120772169698746,0.0114631089331526,1.0534806534286292,-0.0983797021545536,0.0192889360609658,-0.0181509373476567,0.0374398734086225,223.1083557128906,225.4053024291992,228.40064239501953,0.9898097041571146,0.9868855886988276,-0.0234455264701986,-0.0903917394637106,45630540.0,0.8399812932303489,0.0213722272280343,-0.0032669457387595,0.0064862666757248,-0.0132795616828176,-0.015277912066886,0.0036431463205761,0.0062979185190084,4,11,0,0,0,xg_AAPL,0.28295854,1.7319605
2024-11-11,223.01174926757812,224.47376393957063,220.29658566640109,223.7775700900237,42005600,44.3906771482986,228.06170349121095,225.98650608902992,-0.931981179765586,-0.1837790268765145,218.72673681552627,228.06170349121095,237.39667016689563,-0.0120286022534616,0.0111108543702134,-0.0382317934541739,-0.0121015313025711,0.0118702374413937,0.0110701532107354,1.0721771450044963,-1.013255973763886,0.0111108543702134,-0.0382317934541739,0.0493426478243873,223.59848022460935,224.5187957763672,228.06170349121095,0.995900942063334,0.984465135265552,-0.020013399658358,0.0959278662520088,46222390.0,0.9087717013334684,-0.0011882513880543,0.0213722272280343,-0.0032669457387595,-0.0040376774562685,-0.0182095519230713,0.0085993529445536,-0.0026217763377395,0,11,0,0,0,xg_AAPL,0.2848757,1.7436951
2024-11-12,223.01174926757812,224.36436096493557,222.14648085284745,223.33001798502116,40398300,44.3906771482986,227.5960960388184,225.70319591555833,-1.0364253933541647,-0.3543083001720446,218.2273625916616,227.5960960388184,236.96482948597517,0.0,0.0045947846956353,-0.0393431410137296,0.0,0.0118218033889186,0.0106847030960788,1.106319657454898,0.0,0.0045947846956353,-0.0393431410137296,0.0439379257093649,223.80248107910157,223.60546417236327,227.59609603881836,1.0008810916471451,0.9824661673204866,-0.0170108300220768,-0.038263945759613,46720500.0,0.8646803865540638,-0.0120286022534616,-0.0011882513880543,0.0213722272280343,0.0064862666757248,-0.0132795616828176,0.0011568621502671,-0.0216230369969718,1,11,0,0,1,xg_AAPL,0.2996799,1.8343103
2024-11-13,223.89691162109375,225.4185978724207,221.54973296285615,222.79294167641655,48566200,46.24300810114302,227.27757186889647,225.53116883989503,-1.035832547955323,-0.4906131497287003,217.8582019649067,227.27757186889647,236.69694177288625,0.0039691287854684,0.0118879337465578,-0.0205664708886463,0.0039612725751556,0.0113278027859634,0.0106357782209951,1.0649655892612635,0.3503573025727132,0.0118879337465578,-0.0205664708886463,0.0324544046352042,224.3285614013672,223.13531799316405,227.27757186889647,1.0053476223259272,0.9817744714462108,-0.01317128693816,0.2021842503273652,46870030.0,1.036188796977492,0.0,-0.0120286022534616,-0.0011882513880543,-0.0032669457387595,-0.0040376774562685,-0.015277912066886,-0.0008232612126159,2,11,0,0,1,xg_AAPL,0.14158982,0.8666569
2024-11-14,226.9800720214844,227.62653447284012,223.77756520755415,223.7974607959322,44923900,52.21379274762172,227.09482727050784,225.669159619094,-0.7776135910110611,-0.5480132379851725,217.80884431782235,227.09482727050784,236.38081022319335,0.0137704463097212,0.0043567417078804,0.0113367550914709,0.0136764952302561,0.0107482695241196,0.0111491385954825,0.963958378820006,1.2810587992814295,0.0043567417078804,0.0113367550914709,-0.0069800133835904,224.5254821777344,223.38975524902344,227.0948272705078,1.0050840600431514,0.9836849123072672,-0.0113196945876827,-0.0749966025754537,44925410.0,0.999966388731878,0.0039691287854684,0.0,-0.0120286022534616,0.0213722272280343,0.0064862666757248,-0.0182095519230713,0.0036431463205761,3,11,0,0,0,xg_AAPL,0.33376676,2.0429525
2024-11-15,223.777587890625,225.68715481951833,223.05155818805096,225.16997570047775,47923700,46.44351072000515,226.61038818359376,225.4890099306684,-0.8219124176217179,-0.6027930739124816,217.72155512255392,226.61038818359376,235.49922124463365,-0.0141090982231968,-0.0086358363685034,0.0104865235969173,-0.0142095777865538,0.0108747208114104,0.0110888626159406,0.9806001379835932,-1.2973023552051852,-0.0086358363685034,0.0104865235969173,-0.0191223599654207,224.13561401367187,223.62198486328128,226.61038818359376,1.002296863390711,0.9868125934372816,-0.011059079656947,0.0667751464142694,43190110.0,1.109598933644737,0.0137704463097212,0.0039691287854684,0.0,-0.0011882513880543,-0.0032669457387595,-0.0132795616828176,0.0085993529445536,4,11,0,0,1,xg_AAPL,0.31427342,1.9236357
2024-11-18,226.7811584472656,228.49181480220403,223.9466365911711,224.02620376766677,44633700,51.82128474788756,226.2026100158692,225.61207169415383,-0.6076518821844274,-0.6037648355668708,218.22000263390964,226.2026100158692,234.18521739782875,0.0134221241052461,0.0169022896419901,0.0282009428909388,0.0133328453836787,0.0113500074898311,0.0114789902307747,0.9886774519550412,1.1824610385704044,0.0169022896419901,0.0282009428909388,-0.0112986532489487,224.88949584960935,224.24398803710935,226.2026100158691,1.0028785958462048,0.9913412936366104,-0.0057902260278166,-0.0686507928227578,43159030.0,1.034168284134258,-0.0141090982231968,0.0137704463097212,0.0039691287854684,-0.0120286022534616,0.0213722272280343,-0.0040376774562685,0.0011568621502671,0,11,0,0,1,xg_AAPL,0.38918602,2.382168
2024-11-19,227.03973388671875,228.90952454109907,225.42854034251505,225.7467938634959,36211800,52.26566570046979,225.8385581970215,225.74803952201717,-0.4122320329574052,-0.5654582750449777,218.8074218218615,225.8385581970215,232.86969457218152,0.0011401980712311,0.0180617596712704,0.0227395342638194,0.0011395485390934,0.0112850404216823,0.0114939432541264,0.9817395503567398,0.1010272893441533,0.0180617596712704,0.0227395342638194,-0.004677774592549,225.6950927734375,224.74878692626953,225.83855819702148,1.0042105048045415,0.9951745561986752,-0.0006318956648159,-0.1886892639418197,43969080.0,0.8235742025987166,0.0134221241052461,-0.0141090982231968,0.0137704463097212,0.0,-0.0011882513880543,0.0064862666757248,-0.015277912066886,1,11,0,0,1,xg_AAPL,0.3408309,2.0861914
2024-11-20,227.75584411621097,228.68078414631773,224.6627401240164,226.82094870348703,35169600,53.54364162857886,225.763648223877,225.9392590071785,-0.1973019101795046,-0.4918270020718831,218.8548683214149,225.763648223877,232.6724281263391,0.003154118520283,0.0172353091750001,0.0293281351351317,0.0031491547233271,0.011113957941923,0.0105052286789135,1.0578446635403342,0.2837724206212614,0.0172353091750001,0.0293281351351317,-0.0120928259601316,226.46687927246097,225.3977203369141,225.76364822387697,1.0047434327816127,0.9983791549709544,0.0030876531459064,-0.028780673703047,42029930.0,0.8367751266775644,0.0011401980712311,0.0134221241052461,-0.0141090982231968,0.0039691287854684,-0.0120286022534616,-0.0032669457387595,-0.0182095519230713,2,11,0,0,0,xg_AAPL,0.2246528,1.375077
2024-11-21,227.2784423828125,228.9095315645878,224.48371169719937,227.63648708983084,42108300,52.53387722822775,225.67430496215823,226.0668002810484,-0.0647442381866767,-0.4064104492948419,218.90040161732583,225.67430496215823,232.4482083069906,-0.0020961118923248,0.0013145222779726,0.0056769910198875,-0.0020983118095765,0.0090841730450823,0.010512575735317,0.8640421939956106,-0.2307178830742722,0.0013145222779726,0.0056769910198875,-0.0043624687419148,226.52655334472655,225.5260177612305,225.6743049621582,1.0044364530240382,0.9993429149988848,0.0037497985890491,0.1972925481097311,42026990.0,1.0019347091000093,0.003154118520283,0.0011401980712311,0.0134221241052461,0.0137704463097212,0.0,0.0213722272280343,-0.0132795616828176,3,11,0,0,1,xg_AAPL,0.57782656,3.5368178
2024-11-22,228.62110900878903,229.46649702017743,226.82094518602503,226.82094518602503,38168300,55.09860273955918,225.61036911010743,226.31006777892844,0.1469566230045416,-0.2957370348349652,218.9818142821732,225.61036911010743,232.23892393804172,0.0059075845993128,0.0216443530552816,0.0128215995954907,0.0058902032423766,0.009205005510402,0.0105697598268249,0.8707988509059607,0.6417098700014604,0.0216443530552816,0.0128215995954907,0.0088227534597908,227.49525756835936,225.81543579101563,225.61036911010743,1.007438914755581,1.00090894173755,0.0082445950263476,-0.0935682513898684,42010940.0,0.9085323965614456,-0.0020961118923248,0.003154118520283,0.0011401980712311,-0.0141090982231968,0.0039691287854684,-0.0011882513880543,-0.0040376774562685,4,11,0,0,1,xg_AAPL,0.49012786,3.000023
2024-11-25,231.60482788085935,231.98276822235073,228.49184328283928,230.2024998510045,90152800,60.23996580532269,225.5967697143555,226.814330645779,0.549161861618586,-0.1267572555442549,219.02144512721023,225.5967697143555,232.1720943015008,0.0130509334199564,0.0212701507771662,0.0385319546683207,0.012966503785341,0.0085600663328276,0.0108095325008631,0.7918265203073173,1.524451851273745,0.0212701507771662,0.0385319546683207,-0.0172618038911545,228.45999145507812,226.67474365234375,225.59676971435547,1.007875812602539,1.0047783216903026,0.0123625304658827,1.361981015659592,46825660.0,1.9252862639842787,0.0059075845993128,-0.0020961118923248,0.003154118520283,0.0134221241052461,0.0137704463097212,-0.0120286022534616,0.0064862666757248,0,11,0,0,1,xg_AAPL,0.15107206,0.92469674
2024-11-26,233.78292846679688,234.2901673751303,232.0623317186483,232.0623317186483,45986200,63.52346357361188,225.67866287231448,227.47800662873308,1.0317732849195806,0.1049488525485121,218.7297571056406,225.67866287231448,232.62756863898835,0.0094043833449706,0.0297005042449645,0.0482987072860232,0.0093604374398292,0.0086100960029081,0.0110115478107613,0.7818441427781534,1.0921238529676836,0.0297005042449645,0.0482987072860232,-0.0185982030410587,229.80863037109376,227.7518615722656,225.67866287231445,1.0090307441819768,1.0091865073709878,0.0176658215630397,-0.4899082446690508,47384450.0,0.9704913742799384,0.0130509334199564,0.0059075845993128,-0.0020961118923248,0.0011401980712311,-0.0141090982231968,0.0,-0.0032669457387595,1,11,0,0,0,xg_AAPL,0.2983861,1.826391
2024-11-27,233.6536102294922,234.40949083683984,232.53970008294309,233.19611792325415,33498400,63.189804059762615,225.9314247131348,228.0661593526149,1.3878135630493773,0.3615217946486852,218.21047660287343,225.9314247131348,233.65237282339615,-0.000553155177552,0.0258951252652464,0.0435767449303183,-0.0005533082243189,0.0087735411036583,0.0103817392363204,0.8450121787675364,-0.0630409238520098,0.0258951252652464,0.0435767449303183,-0.0176816196650719,230.98818359375,228.72753143310547,225.93142471313476,1.0098836031958212,1.012375908856065,0.0216421174731626,-0.2715553796573755,45877670.0,0.7301678572603899,0.0094043833449706,0.0130509334199564,0.0059075845993128,0.003154118520283,0.0134221241052461,0.0039691287854684,0.0213722272280343,2,11,0,0,1,xg_AAPL,0.18813993,1.1515855
2024-11-29,236.04058837890625,236.51797629056327,232.698842645531,233.5342752849028,28481400,66.66981361100476,226.5116691589356,228.82562878369023,1.8413611710752775,0.6574896699340037,217.61002812352285,226.5116691589356,235.41331019434836,0.0102158838764339,0.0385524729236546,0.0399176732861563,0.0101640544249699,0.0084121938122296,0.0095009352208839,0.8853137404831782,1.2142694087926291,0.0385524729236546,0.0399176732861563,-0.0013652003625017,232.74061279296876,229.63358306884768,226.51166915893555,1.0135303803677076,1.0137825742996118,0.0263892904047254,-0.1497683471449382,44233420.0,0.643888715817121,-0.000553155177552,0.0094043833449706,0.0130509334199564,-0.0020961118923248,0.0011401980712311,0.0137704463097212,-0.0011882513880543,4,11,0,0,1,xg_AAPL,0.4884237,2.9895918
2024-12-02,238.28829956054688,239.4817769036961,235.8715090788613,235.9809120539101,48137100,69.58567720536298,227.35331954956055,229.72683552434327,2.3550251614136073,0.9969967682299244,217.34973255257313,227.35331954956055,237.35690654654803,0.0095225621876202,0.0422847679887083,0.0648443474911983,0.0094775083849132,0.0056350856277357,0.0088447755808025,0.6370369196303465,1.689570176286659,0.0422847679887083,0.0648443474911983,-0.0225595795024899,234.6740509033203,231.08465423583985,227.35331954956055,1.01553282142144,1.0164120528069347,0.030722160371536,0.6901240809791653,44254760.0,1.0877270603207183,0.0102158838764339,-0.000553155177552,0.0094043833449706,0.0059075845993128,0.003154118520283,-0.0141090982231968,-0.0120286022534616,0,12,0,0,1,xg_AAPL,0.1655325,1.0132077
2024-12-03,241.33168029785156,241.441083276618,237.60205398884364,238.50711361537608,38861000,73.02653458620365,228.39184722900393,230.83205883610597,2.9734073760629656,1.3922788897965328,217.124467982643,228.39184722900393,239.65922647536485,0.0127718429436833,0.0419976237369104,0.0641610703032433,0.0126909708203699,0.0055470456627229,0.0088687538284164,0.6253889081962596,2.302043587978522,0.0419976237369104,0.0641610703032433,-0.0221634465663329,236.61942138671876,232.53970642089843,228.3918472290039,1.017544164945474,1.0181611526077616,0.0340923916311376,-0.1927016791622262,43677490.0,0.889726035081208,0.0095225621876202,0.0102158838764339,-0.000553155177552,0.0130509334199564,-0.0020961118923248,0.0134221241052461,0.0,1,12,0,0,1,xg_AAPL,0.2742126,1.6784275
2024-12-04,241.6897125244141,242.78374225546824,239.9392801306149,241.55047375645148,44383900,73.40768395079066,229.37674560546876,231.86612109213533,3.452570857168581,1.8043372832709423,217.06926278781333,229.37674560546876,241.68422842312415,0.0014835691116916,0.0338210497638631,0.0645260562409086,0.0014824697102611,0.0055128454534576,0.0088817268606728,0.6206253484912473,0.2690625125811882,0.0338210497638631,0.0645260562409086,-0.0307050064770455,238.20077819824215,234.004704284668,229.37674560546876,1.0179315793090622,1.0201762330657502,0.0365097566653031,0.1421193484470291,44494700.0,0.9975098157757892,0.0127718429436833,0.0095225621876202,0.0102158838764339,0.0094043833449706,0.0059075845993128,0.0011401980712311,0.0039691287854684,2,12,0,0,0,xg_AAPL,0.39092594,2.392818
2024-12-05,241.71957397460935,243.2114245793576,240.81452947473787,242.6644248316612,40033900,73.44139227927924,230.39939880371097,232.80454517618048,3.7910204140940498,2.201673909435564,217.54265588587785,230.39939880371097,243.25614172154403,0.0001235528392307,0.0345210319549305,0.0613100836669353,0.0001235452072076,0.0057809341990454,0.0087612935189924,0.6597512610728202,0.0213687729706623,0.0345210319549305,0.0613100836669353,-0.0267890517120048,239.81397094726563,235.4010772705078,230.39939880371097,1.0187462764738615,1.0217087305468973,0.0389483234177122,-0.0980085120956022,44981130.0,0.8900154353614307,0.0014835691116916,0.0127718429436833,0.0095225621876202,-0.000553155177552,0.0130509334199564,0.003154118520283,0.0137704463097212,3,12,0,0,0,xg_AAPL,0.48646033,2.9775743
2024-12-06,241.52064514160156,243.3009285590703,240.76477968960373,241.5902721155965,36870600,72.77953876989902,231.1756576538086,233.634649934792,3.997115967296054,2.560762321007662,217.58470717057187,231.1756576538086,244.76660813704532,-0.000822973620782,0.0232165866062763,0.0626641163564489,-0.0008233124494836,0.0055942398513028,0.0078673074196099,0.710983894371044,-0.1470846009560182,0.0232165866062763,0.0626641163564489,-0.0394475297501726,240.90998229980468,236.8252975463867,231.1756576538086,1.0172476707333933,1.0244387317848085,0.0403043170089618,-0.0790155343346513,44457360.0,0.829347491618917,0.0001235528392307,0.0014835691116916,0.0127718429436833,0.0102158838764339,0.0094043833449706,-0.0020961118923248,-0.0141090982231968,4,12,0,0,1,xg_AAPL,0.4820129,2.950352
2024-12-09,245.40939331054688,245.89673657618508,240.43655859300793,240.51612576959505,44649200,77.12031823676203,232.15978088378907,234.75605406581627,4.423249192344031,2.933259695274936,217.42756195314675,232.15978088378907,246.8919998144314,0.0161011004531945,0.0298843617715716,0.0734327830642813,0.0159728525257394,0.0064208123956864,0.0082806239276148,0.7753083757252548,2.5072517633822065,0.0298843617715716,0.0734327830642813,-0.0435484212927097,242.33420104980468,238.5041259765625,232.15978088378907,1.016058737170939,1.027327494317154,0.0414589679260591,0.2109702581460568,45105450.0,0.9898848143627658,-0.000822973620782,0.0001235528392307,0.0014835691116916,0.0095225621876202,-0.000553155177552,0.0059075845993128,0.0134221241052461,0,12,0,0,1,xg_AAPL,0.4080651,2.497725
2024-12-10,246.4238739013672,246.861485816723,244.0070681600661,245.5486500706556,36914800,78.1014043167004,233.33038711547852,235.86727500253545,4.787634083118348,3.3041345728436187,217.95232144684857,233.33038711547852,248.7084527841085,0.0041338295047923,0.0211003942674696,0.0639841844235258,0.0041253087058867,0.0061192364652474,0.0073473612656923,0.8327348430481503,0.6754362398030652,0.0211003942674696,0.0639841844235258,-0.0428837901560561,243.3526397705078,239.98603057861328,233.33038711547852,1.014028354832894,1.0285245464399837,0.040670786058013,-0.1732259480573,39781650.0,0.9279353671856012,0.0161011004531945,-0.000822973620782,0.0001235528392307,0.0127718429436833,0.0102158838764339,0.0130509334199564,0.0011401980712311,1,12,0,0,0,xg_AAPL,0.51342374,3.1426146
2024-12-11,245.15081787109375,249.43739908317045,244.9220565413804,246.61283253090065,45205800,73.82341472704866,234.43734054565428,236.7514219423981,4.917006561132041,3.626708970501303,218.9995559289085,234.43734054565428,249.87512516240005,-0.005166122949528,0.0143204495984909,0.0486258320008656,-0.0051795135007584,0.0069586500997094,0.0076192657741389,0.9131768242684052,-0.7422963619598776,0.0143204495984909,0.0486258320008656,-0.0343053824023746,244.04486083984375,241.12281951904296,234.4373405456543,1.0121184769099385,1.0285171251210583,0.0391902436941544,0.2245982641108714,39703610.0,1.1385816050479758,0.0041338295047923,0.0161011004531945,-0.000822973620782,0.0014835691116916,0.0095225621876202,0.0094043833449706,0.003154118520283,2,12,0,0,1,xg_AAPL,0.17702077,1.0835261
2024-12-12,246.61282348632812,247.38858448031883,244.3451969163318,245.54862958315107,32777500,75.48419882091936,235.573136138916,237.69060304182003,5.078959730464817,3.917159122494006,220.05821441664884,235.573136138916,251.08805786118316,0.0059636987056805,0.0202434971701248,0.0554633555377446,0.0059459862408708,0.0067040933680547,0.0076212682599811,0.8795404647790898,0.8894281374355815,0.0202434971701248,0.0554633555377446,-0.0352198583676197,245.0235107421875,242.41874084472656,235.57313613891603,1.0107449196724,1.0290593605791014,0.0383206942350887,-0.274927111122909,39631520.0,0.82705634303199,-0.005166122949528,0.0041338295047923,0.0161011004531945,0.0001235528392307,0.0127718429436833,-0.000553155177552,-0.0020961118923248,3,12,0,0,0,xg_AAPL,0.15238029,0.93270427
2024-12-13,246.7819061279297,247.9355922748061,244.9021751692399,246.47359279661413,33155300,75.67640292289519,236.56322784423827,238.55644143097336,5.161454307699842,4.166018159535173,220.83142349582403,236.56322784423827,252.29503219265249,0.0006856198279199,0.0217838975349022,0.0455062318849199,0.0006853848980208,0.0066255149177121,0.0073747269651247,0.8982863586247262,0.1034661260759134,0.0217838975349022,0.0455062318849199,-0.0237223343500176,246.0757629394531,243.4928726196289,236.56322784423827,1.0106076629350011,1.0292929921464944,0.0385463231258276,0.011526199374571,40098910.0,0.8268379364925175,0.0059636987056805,-0.005166122949528,0.0041338295047923,-0.000822973620782,0.0014835691116916,0.0102158838764339,0.0059075845993128,4,12,0,0,1,xg_AAPL,0.47670975,2.917892
2024-12-16,249.67608642578125,250.01425073054844,246.3045049916291,246.6426692963963,51694800,78.74777362115157,237.85815277099607,239.61545524000263,5.398141600716002,4.412442847771339,222.29494526025016,237.85815277099607,253.421360281742,0.011727684347941,0.0173860220168313,0.0477899539601223,0.0116594480422689,0.0068450609491743,0.0061582190969327,1.1113520791269085,1.7130557900387062,0.0173860220168313,0.0477899539601223,-0.0304039319432909,246.9291015625,244.63165130615235,237.8581527709961,1.0093914677192464,1.0284770501084215,0.0363308674104851,0.5591715351693394,40454680.0,1.277844738853421,0.0006856198279199,0.0059636987056805,-0.005166122949528,0.0161011004531945,0.0001235528392307,0.0095225621876202,0.0130509334199564,0,12,0,0,1,xg_AAPL,0.28134367,1.722076
2024-12-17,252.10284423828125,252.4509487659927,248.42294929569397,248.7213224371769,51356400,80.92298017943338,239.12423706054685,240.80473038269585,5.715650597657856,4.673084397748642,223.23868701429225,239.12423706054685,255.00978710680147,0.0097196245232775,0.0230455363232666,0.0446322004932626,0.0096726928333961,0.0065047436725387,0.0059602737657275,1.0911667419026674,1.4940066827878302,0.0230455363232666,0.0446322004932626,-0.0215866641699959,248.0648956298828,245.70876770019532,239.12423706054688,1.0095891080800272,1.027536023619309,0.0354643304257426,-0.0065461129552681,41704220.0,1.2314437244000431,0.011727684347941,0.0006856198279199,0.0059636987056805,0.0041338295047923,-0.000822973620782,0.0127718429436833,0.0094043833449706,1,12,0,0,0,xg_AAPL,0.47477838,2.9060702
2024-12-18,246.70236206054688,252.89851058988313,246.39404870034855,250.79003328074216,56774100,64.98303434284773,240.10736846923825,241.36640959011024,5.468467893361009,4.832161096871116,224.95392425060368,240.10736846923825,255.26081268787283,-0.0214217423609468,0.0063289374391113,0.0207400202672112,-0.0216545181962786,0.010468819989106,0.0084209119628893,1.243045526388348,-2.046046864534096,0.0063289374391113,0.0207400202672112,-0.0144110828280998,248.37520446777344,246.21003265380855,240.10736846923828,1.008794003195675,1.02541639693724,0.0335134042879817,0.1054922073977147,42943240.0,1.3220730433939936,0.0097196245232775,0.011727684347941,0.0006856198279199,-0.005166122949528,0.0161011004531945,0.0014835691116916,-0.000553155177552,2,12,0,0,1,xg_AAPL,0.21427919,1.3115811
2024-12-19,248.4328765869141,250.6308762664829,245.7475488049507,246.15532490458145,60882300,67.21177855324972,241.1412200927734,242.0394064469487,5.350534250863035,4.9358357276695,226.7328556470856,241.1412200927734,255.5495845384612,0.0070145843433089,0.0073802046254374,0.027773102947012,0.0069900965941194,0.0105504232516656,0.0084400130906561,1.2499001172435698,0.664799826146827,0.0073802046254374,0.027773102947012,-0.0203928983215746,248.7392150878906,246.88136291503903,241.14122009277344,1.0075252832004613,1.0238040714070256,0.0305836936701049,0.0723604601393945,45028080.0,1.3520962919138158,-0.0214217423609468,0.0097196245232775,0.011727684347941,0.0059636987056805,0.0041338295047923,0.0001235528392307,0.0102158838764339,3,12,0,0,1,xg_AAPL,0.3597417,2.2019424
2024-12-20,253.10736083984375,253.6145845456153,244.35516822034683,246.69239156062656,147495300,72.33412813531436,242.432666015625,243.09349734151013,5.570054679329218,5.062679518001444,228.6389996154347,242.432666015625,256.22633241581525,0.018815884262783,0.0256317604931497,0.0479740176722738,0.0186410551508027,0.011580016935271,0.0088783707655282,1.3041483727909324,1.6247177918786624,0.0256317604931497,0.0479740176722738,-0.022342257179124,250.00430603027343,248.04003448486327,242.432666015625,1.0079191713929956,1.0231295912444278,0.0299147365352186,1.422630222577005,56090550.0,2.6295926853988307,0.0070145843433089,-0.0214217423609468,0.0097196245232775,0.0006856198279199,-0.005166122949528,-0.000822973620782,0.0095225621876202,4,12,0,0,1,xg_AAPL,0.37428412,2.290955
2024-12-23,253.8831024169922,254.26102752773247,252.0729833346063,253.38581895601413,40858800,73.08558549511808,243.69576568603512,244.12107877727033,5.740449731383478,5.198233560677851,230.61943248932064,243.69576568603512,256.7720988827497,0.0030648716598933,0.0168498956044855,0.0345288702772776,0.003060184515303,0.0108733227823452,0.0088931311362631,1.2225278237704904,0.2818448303621486,0.0168498956044855,0.0345288702772776,-0.0176789746727921,250.84570922851563,248.8874053955078,243.69576568603512,1.007868231941652,1.0213037747900853,0.0281623450887921,-0.7229823594378939,55711510.0,0.7333996152679988,0.018815884262783,0.0070145843433089,-0.0214217423609468,0.011727684347941,0.0059636987056805,0.0161011004531945,0.0127718429436833,0,12,0,0,1,xg_AAPL,0.524336,3.2094073
2024-12-24,256.7972106933594,256.80713572411884,253.90300191480816,254.10192745486225,23234700,75.75023899260093,244.95538482666012,245.32832943594548,6.04099637562183,5.366786123666647,231.9296685330125,244.95538482666012,257.9811011203078,0.0114781497808424,0.0186208389249313,0.0420955024680125,0.0114127755938655,0.0111683893212976,0.008827620763367,1.2650208476095188,1.027643450385968,0.0186208389249313,0.0420955024680125,-0.0234746635430811,251.78458251953128,249.92473907470705,244.95538482666015,1.0074416140303273,1.0202867728405456,0.0265937378152671,-0.4313415959352698,54343500.0,0.4275525131800413,0.0030648716598933,0.018815884262783,0.0070145843433089,0.0097196245232775,0.0006856198279199,0.0041338295047923,0.0014835691116916,1,12,0,0,1,xg_AAPL,0.31141353,1.9061306
2024-12-26,257.61273193359375,258.6868812844183,256.23029959445824,256.78725468311694,27237100,76.4528397621604,246.14687499999997,246.4982725309596,6.27267995507944,5.547964889949206,233.06477971006163,246.14687499999997,259.2289702899383,0.0031757402583636,0.04422482939328,0.0508336630108767,0.0031707082460314,0.0106935022239867,0.0087817261980754,1.2175606961685836,0.2969507314927431,0.04422482939328,0.0508336630108767,-0.0066088336175966,253.96665649414064,251.17093048095705,246.146875,1.01113077061836,1.0204108034317194,0.0303547943280861,0.1722595944858336,52546630.0,0.5183415187615168,0.0114781497808424,0.0030648716598933,0.018815884262783,-0.0214217423609468,0.011727684347941,-0.005166122949528,0.0001235528392307,3,12,0,0,0,xg_AAPL,0.28231454,1.7280186
2024-12-27,254.20135498046875,257.29447387899233,251.68510189149424,256.4291751646687,42355300,67.6262025458832,247.17426223754885,247.23189943091288,6.110582262324527,5.660488364424271,235.02949274183968,247.17426223754885,259.31903173325804,-0.0132422684528044,0.0232194646409311,0.0307710336667117,-0.0133307291040853,0.0121334455324301,0.0096153750543459,1.261748368159436,-1.0912957182438685,0.0232194646409311,0.0307710336667117,-0.0075515690257805,255.12035217285157,251.9297836303711,247.1742622375488,1.0126645150744131,1.0192395492547357,0.0312590384733129,0.555059092194103,53504410.0,0.7916225970905801,0.0031757402583636,0.0114781497808424,0.0030648716598933,0.0070145843433089,0.0097196245232775,0.0059636987056805,-0.000822973620782,4,12,0,0,0,xg_AAPL,0.33382887,2.0433326
2024-12-30,250.82977294921875,252.1227129740064,249.3876539575231,250.85960874260036,35557500,60.225533028824216,247.9137214660645,247.5745540517039,5.644988269641061,5.65738834546763,236.87244636852031,247.9137214660645,258.95499656360863,-0.0132634306040935,-0.0089985051523893,0.0164026078118979,-0.0133521754809802,0.0131972647129173,0.0102624202863331,1.285854456383411,-1.0049374590215925,-0.0089985051523893,0.0164026078118979,-0.0254011129642872,254.66483459472656,252.3345703125,247.9137214660645,1.0092348197844658,1.0178322071900352,0.0269151187647444,-0.1604946724494927,53744630.0,0.661600982274868,-0.0132422684528044,0.0031757402583636,0.0114781497808424,0.018815884262783,-0.0214217423609468,0.0006856198279199,0.0161011004531945,0,12,0,0,0,xg_AAPL,0.3814234,2.334654
2024-12-31,249.05946350097656,251.90392569582917,248.07483671879712,251.0684930674946,39480700,56.715905559201694,248.45227966308596,247.7159739992537,5.07465503426414,5.540841683226932,238.37955025434556,248.45227966308596,258.5250090718264,-0.0070578122661721,-0.0189994484473133,-0.0024696915657078,-0.0070828364366084,0.0129470078236501,0.0103846850534016,1.2466204932152882,-0.5450886624644107,-0.0189994484473133,-0.0024696915657078,-0.0165297568816055,253.70010681152343,252.2729080200195,248.45227966308593,1.0056573605255728,1.015377715036926,0.0210705791888808,0.1103339661112283,52523220.0,0.7516808756203304,-0.0132634306040935,-0.0132422684528044,0.0031757402583636,0.0030648716598933,0.0070145843433089,0.011727684347941,0.0041338295047923,1,12,0,1,0,xg_AAPL,0.66159004,4.0495253
2025-01-02,242.5251617431641,247.74663833648884,240.50619200781617,247.57754859678104,55740700,46.04906372725735,248.5119537353516,247.2216109272451,4.048727088154578,5.242418764212462,238.60405161642535,248.5119537353516,258.41985585427784,-0.0262359103563508,-0.0555771182703284,-0.0379911719126205,-0.0265862124346991,0.0147605109027517,0.0118649482639421,1.2439385858107526,-1.7773187669739197,-0.0555771182703284,-0.0379911719126205,-0.0175859463577078,250.84569702148437,251.3151397705078,248.51195373535157,0.9981320554366436,1.0112798840982171,0.0096226852065941,0.4118468010952187,52961650.0,1.0524728742401144,-0.0070578122661721,-0.0132634306040935,-0.0132422684528044,0.0114781497808424,0.018815884262783,0.0097196245232775,-0.005166122949528,3,1,0,0,0,xg_AAPL,0.5733974,3.5097072
2025-01-03,242.03781127929688,242.853348279154,240.57579666249651,242.03781127929688,40244100,45.363785158072346,248.52935867309571,246.72791572267863,3.1599210866701526,4.8259192287040005,238.6708173306276,248.52935867309571,258.38790001556384,-0.0020094841309015,-0.0604586603208404,-0.0189076048655959,-0.0020115058530034,0.0133939331368319,0.0118725307530323,1.1280497280399389,-0.1500182278160127,-0.0604586603208404,-0.0189076048655959,-0.0415510554552445,247.730712890625,250.8486846923828,248.52935867309571,0.9875703083491092,1.009332201361119,-0.0032996736264034,-0.2780122962216118,51308650.0,0.7843531256425421,-0.0262359103563508,-0.0070578122661721,-0.0132634306040935,0.0031757402583636,0.0030648716598933,-0.0214217423609468,0.0059636987056805,4,1,0,0,1,xg_AAPL,0.31361908,1.9196305
2025-01-06,243.6688995361328,245.9862423201747,241.8786760145675,242.9826459215422,45045600,48.14514105309584,248.6268249511719,246.4365808477695,2.5576679141246075,4.372268965788122,239.01633310187583,248.6268249511719,258.23731680046797,0.0067389811873392,-0.0414335141728303,-0.0191761135491848,0.0067163757551762,0.0133739896700442,0.0119638732975206,1.1177711069297778,0.5038494498752755,-0.0414335141728303,-0.0191761135491848,-0.0222574006236455,245.6242218017578,250.37228698730468,248.62682495117187,0.9810359794900638,1.0070204091472257,-0.0123224718260313,0.1193094142992388,49724980.0,0.9058947836680696,-0.0020094841309015,-0.0262359103563508,-0.0070578122661721,-0.0132422684528044,0.0114781497808424,0.0070145843433089,0.0006856198279199,0,1,0,0,0,xg_AAPL,0.3464774,2.120753
2025-01-07,240.89407348632812,244.215923537777,240.0387452815234,241.6598791297847,40856000,44.037940193962775,248.5954963684082,245.9087230038227,1.83531628021845,3.864878428674188,238.8839145290218,248.5954963684082,258.3070782077946,-0.0113876906535346,-0.0396113242302464,-0.048253386677457,-0.0114530268956105,0.0114611540323562,0.0122536856567851,0.9352466765241358,-0.99350354404491,-0.0396113242302464,-0.048253386677457,0.0086420624472105,243.6370819091797,249.1509582519531,248.5954963684082,0.9778693351955824,1.0022344004282433,-0.0205833808506289,-0.0930079741417585,39061050.0,1.0459524257540171,0.0067389811873392,-0.0020094841309015,-0.0262359103563508,-0.0132634306040935,0.0031757402583636,0.018815884262783,0.011727684347941,1,1,0,0,1,xg_AAPL,0.49390206,3.0231245
2025-01-08,241.38140869140625,242.38593107741448,238.74581220273615,240.6056476428208,37628900,44.92655275205451,248.3940971374512,245.477550212164,1.2873317255094037,3.3493690880412315,238.24701065935545,248.3940971374512,258.54118361554697,0.0020230269596308,-0.030828199425316,-0.0492419290869245,0.0020209833962496,0.011385455918608,0.011666870239882,0.9757955551897848,0.1776695904407602,-0.030828199425316,-0.0492419290869245,0.0184137296616085,242.1014709472656,247.90078887939453,248.3940971374512,0.976606294968467,0.9980140097379864,-0.0260692247356562,-0.0789871744664186,38738060.0,0.9713676936841708,-0.0113876906535346,0.0067389811873392,-0.0020094841309015,-0.0070578122661721,-0.0132422684528044,0.0030648716598933,0.0097196245232775,2,1,0,0,0,xg_AAPL,0.5014171,3.0691233
2025-01-10,235.56317138671875,238.85518532841937,231.7340828318044,238.70599119102164,61710900,37.30950657137092,247.8510620117188,244.5333236573597,0.3791957597593409,2.7553344223848537,236.20786556114592,247.8510620117188,259.49425846229167,-0.0241039164375986,-0.0287062600284672,-0.0826879670900947,-0.0243991699973991,0.0112301180332656,0.0127055747246914,0.8838037218199509,-2.1461724795523445,-0.0287062600284672,-0.0826879670900947,0.0539817070616275,240.70907287597657,245.7773849487305,247.8510620117187,0.9793784441403706,0.9916333743089216,-0.0303187849513934,0.6399868186420543,42585680.0,1.4490997912913108,0.0020230269596308,-0.0113876906535346,0.0067389811873392,-0.0262359103563508,-0.0132634306040935,0.0114781497808424,-0.0214217423609468,4,1,0,0,0,xg_AAPL,-0.0050878106,-0.031141972
2025-01-13,233.12649536132812,233.39503269669683,228.47192915300568,232.2612269401141,49630700,34.659217254539854,247.24984588623053,243.44695905773764,-0.5310068109849624,2.0980661757108905,233.9024910127112,247.24984588623053,260.59720075974985,-0.0103440449160466,-0.0368178668897548,-0.0950505683025696,-0.01039791636983,0.0104501897468887,0.0128219732813117,0.8149583967486567,-0.989748073335484,-0.0368178668897548,-0.0950505683025696,0.0582327014128147,238.9268096923828,243.3287612915039,247.24984588623047,0.9819094480415836,0.9841412051009696,-0.0357018029244063,-0.1957547208029699,44825040.0,1.1072092741021289,-0.0241039164375986,0.0020230269596308,-0.0113876906535346,-0.0020094841309015,-0.0070578122661721,0.0031757402583636,0.0070145843433089,0,1,0,0,0,xg_AAPL,0.34591293,2.117298
2025-01-14,232.0125732421875,234.83713969366363,231.2069764534674,233.47458784982285,39435300,33.48808533195201,246.51983337402348,242.35796993244716,-1.3269370076991152,1.4130655390288895,231.52978927591943,246.51983337402348,261.50987747212747,-0.004778187556134,-0.0478367420550395,-0.0872882118979503,-0.0047896395888313,0.0104910411921198,0.0126758880287635,0.8275722849579482,-0.4554106744951316,-0.0478367420550395,-0.0872882118979503,0.0394514698429108,236.59554443359377,241.1098831176758,246.51983337402345,0.9812768409751218,0.9780547058534652,-0.0427747893217415,-0.20542527105199,44533040.0,0.8855290364187829,-0.0103440449160466,-0.0241039164375986,0.0020230269596308,0.0067389811873392,-0.0262359103563508,-0.0132422684528044,0.018815884262783,1,1,0,0,1,xg_AAPL,0.27432796,1.6791337
2025-01-15,236.57765197753903,237.66174156203553,233.1563390036856,233.36520475508792,39832000,42.1197678984968,246.00962066650396,241.80746346055116,-1.5712414278579558,0.8162041456515206,230.37629793349333,246.00962066650396,261.6429433995146,0.019675997173594,-0.01791833832323,-0.0568198934444879,0.019484927004977,0.0136989444654018,0.0136388206156092,1.0043346500997912,1.4362099951050349,-0.01791833832323,-0.0568198934444879,0.0389015551212578,235.73226013183591,239.6846710205078,246.0096206665039,0.983509955510114,0.9742898280609508,-0.0434418063107825,0.0100595152059195,44960490.0,0.8859334050852007,-0.004778187556134,-0.0103440449160466,-0.0241039164375986,-0.0113876906535346,-0.0020094841309015,-0.0132634306040935,0.0030648716598933,2,1,0,0,0,xg_AAPL,0.15913616,0.9740563
2025-01-16,227.0198516845703,236.7168796666606,226.79110553013876,236.06047699847065,71759100,32.58503442445593,244.8768089294434,240.39911948188632,-2.507187747047084,0.1515257671117997,227.21086304093535,244.8768089294434,262.5427548179514,-0.0404002669443863,-0.0594973618088228,-0.0884913646990163,-0.0412390261996158,0.0175652693249406,0.015698573847973,1.1188373324673726,-2.2998774638520367,-0.0594973618088228,-0.0884913646990163,0.0289940028901934,232.85994873046872,237.4807098388672,244.87680892944337,0.9805425833890522,0.9697966535789544,-0.0529330810050536,0.8015439847358907,48188330.0,1.4891385528404597,0.019675997173594,-0.004778187556134,-0.0103440449160466,0.0020230269596308,0.0067389811873392,-0.0070578122661721,0.0114781497808424,3,1,0,0,1,xg_AAPL,0.21850927,1.337473
2025-01-17,228.73049926757812,231.0279464573329,227.23864886634655,230.85887189963304,68488300,35.403538061152155,243.7081916809082,239.28782231861888,-3.075445167174138,-0.4938684197453878,224.99382223086516,243.7081916809082,262.4225611309513,0.0075352334622464,-0.0290056891275402,-0.0568793043016073,0.0075069854056328,0.0171421672174194,0.0156008018782181,1.0987299640916364,0.4395473349049419,-0.0290056891275402,-0.0568793043016073,0.0278736151740671,231.49341430664063,236.1012435913086,243.7081916809082,0.980483672112104,0.9687866540835872,-0.0534024863906682,-0.0455802818039802,49463090.0,1.384634481994526,-0.0404002669443863,0.019675997173594,-0.004778187556134,-0.0241039164375986,-0.0113876906535346,-0.0262359103563508,0.0031757402583636,4,1,0,0,0,xg_AAPL,0.54603994,3.342255
2025-01-21,221.4304046630859,223.2007327760936,218.18812158355377,222.78301644137267,98070400,29.69749853619224,242.44459381103516,237.5871158752348,-4.067957015584483,-1.2086861389132069,221.32347761146616,242.44459381103516,263.56571001060416,-0.0319157026626006,-0.0501705766224219,-0.0851412699003102,-0.0324361114709148,0.0189402243137497,0.0163500024878247,1.1583524819259847,-1.6849862571677845,-0.0501705766224219,-0.0851412699003102,0.0349706932778882,229.1541961669922,234.0405029296875,242.44459381103516,0.9791219609361236,0.9653360351359374,-0.060020653732105,0.4319292492294304,55245720.0,1.7751673794820346,0.0075352334622464,-0.0404002669443863,0.019675997173594,-0.0103440449160466,0.0020230269596308,-0.0020094841309015,-0.0132422684528044,1,1,0,0,1,xg_AAPL,0.30163547,1.8462801
2025-01-22,222.61392211914065,222.90233985709415,218.59586314481808,218.59586314481808,64126500,31.621642822422224,241.1536460876465,236.16109742227343,-4.704795880202624,-1.9079080871710905,218.4748943868424,241.1536460876465,263.8323977884506,0.0053448732926062,-0.0405092318563098,-0.0864081442361912,0.0053306401510493,0.0188187346210267,0.0162881695089485,1.1552912265225423,0.284003648310458,-0.0405092318563098,-0.0864081442361912,0.0458989123798814,227.2744659423828,231.93500518798828,241.15364608764648,0.9799058393888064,0.9617727492442404,-0.0623464157728449,-0.3461176868861553,57153810.0,1.121998690900902,-0.0319157026626006,0.0075352334622464,-0.0404002669443863,-0.004778187556134,-0.0241039164375986,0.0067389811873392,-0.0132634306040935,2,1,0,0,0,xg_AAPL,0.647501,3.9632878
2025-01-23,222.4448699951172,225.79655609657792,221.09225820038623,223.51900422998196,60234800,31.489069137719785,239.6205215454102,234.85479004825856,-5.16361344066371,-2.5590491578696146,216.2103796221447,239.6205215454102,263.03066346867575,-0.0007593960090824,-0.0597384489375337,-0.0765863735217962,-0.000759684496292,0.0189581629500531,0.0153192898668818,1.2374545857017571,-0.0400543004500286,-0.0597384489375337,-0.0765863735217962,0.0168479245842624,224.44790954589843,230.0900848388672,239.62052154541016,0.9754784075249484,0.9602269595063172,-0.0682084149652216,-0.0606878591533921,59091690.0,1.0193446828140975,0.0053448732926062,-0.0319157026626006,0.0075352334622464,0.019675997173594,-0.0103440449160466,-0.0113876906535346,-0.0070578122661721,3,1,0,0,0,xg_AAPL,0.29661477,1.8155489
2025-01-24,221.5696258544922,224.4041477572621,220.2070739772995,223.5587597719764,54697900,30.769800956116654,238.0048477172852,233.58953631551887,-5.534061336109971,-3.154051593517686,214.28112819943135,238.0048477172852,261.72856723513905,-0.0039346564415903,-0.0240077058884298,-0.082076672533809,-0.0039424175671776,0.0187081025080623,0.0151727833089408,1.2329227409646095,-0.2103070652317356,-0.0240077058884298,-0.082076672533809,0.0580689666453791,223.3578643798828,228.1089065551758,238.00484771728512,0.9791720444105334,0.9584212621842716,-0.0661055561244717,-0.0919219454534587,60798590.0,0.8996573769227066,-0.0007593960090824,0.0053448732926062,-0.0319157026626006,-0.0404002669443863,-0.004778187556134,0.0020230269596308,-0.0262359103563508,4,1,0,0,1,xg_AAPL,0.6422123,3.930916
2025-01-27,228.61117553710935,230.888727332658,222.76311661057,222.8029077898175,94863400,42.207226556252,236.5955459594727,233.1154067175751,-5.1995130021783496,-3.563143875249819,214.26437273372963,236.5955459594727,258.92671918521575,0.0317803022659859,-0.0005216782670035,-0.0295122357569064,0.0312857589948807,0.0216073577053248,0.0170180068939919,1.269601560179913,1.4707412150139707,-0.0005216782670035,-0.0295122357569064,0.0289905574899028,223.33399963378903,227.41370697021483,236.59554595947264,0.9820604158351804,0.96119183498564,-0.0580091777863716,0.7343152113700893,64113840.0,1.4796087708987409,-0.0039346564415903,-0.0007593960090824,0.0053448732926062,0.0075352334622464,0.019675997173594,-0.0241039164375986,-0.0020094841309015,0,1,0,0,1,xg_AAPL,0.13633403,0.8344868
2025-01-28,236.96551513671875,238.88503723433337,229.55599442275545,229.5957855991,75707600,52.28024190790459,235.56318511962897,233.4820837098745,-4.211705729731136,-3.6928562461460825,215.5324952104465,235.56318511962897,255.59387502881137,0.0365438810241072,0.0701579825826992,0.0164675395194373,0.035891987766119,0.0246557798359591,0.01939876032342,1.270932188074189,1.482102742825003,0.0701579825826992,0.0164675395194373,0.0536904430632618,226.44102172851564,227.7976089477539,235.5631851196289,0.9940447697168348,0.9670339991033348,-0.0384957422427064,-0.2019303545940795,66721530.0,1.134680214917117,0.0317803022659859,-0.0039346564415903,-0.0007593960090824,-0.0319157026626006,-0.0404002669443863,-0.0103440449160466,0.0067389811873392,1,1,0,0,1,xg_AAPL,0.35321778,2.1620102
2025-01-29,238.05953979492188,238.5568232574634,232.73860067537265,232.8480036441672,45486100,53.42506372577077,234.75609436035157,233.91803190845044,-3.302513384228007,-3.614787673762468,216.6822222172839,234.75609436035157,252.8299665034192,0.0046168095706748,0.0693829816605759,0.0260630985132956,0.0046061847945306,0.02455142124923,0.0193614300386415,1.2679927674487557,0.1880388709451484,0.0693829816605759,0.0260630985132956,0.0433198831472803,229.53014526367187,228.40230560302737,234.75609436035157,1.0049379521702586,0.9729345098595348,-0.021952277573844,-0.3991871357697245,67326610.0,0.675603598636547,0.0365438810241072,0.0317803022659859,-0.0039346564415903,0.0053448732926062,0.0075352334622464,-0.004778187556134,-0.0113876906535346,2,1,0,0,0,xg_AAPL,0.46332288,2.8359523
2025-01-30,236.2991485595703,239.48175963713217,235.92122345328548,237.3732826437262,55658300,51.29269665782768,234.02956314086916,234.1448049228428,-2.6929777888991566,-3.430425696789806,217.5811175045969,234.02956314086916,250.4780087771414,-0.0073947519047884,0.062281852419241,-0.0011772177787746,-0.0074222286221301,0.0239755403229878,0.0192433470798098,1.2458484677893678,-0.308416135321184,0.062281852419241,-0.0011772177787746,0.0634590701980156,232.3010009765625,228.37445526123048,234.02956314086913,1.0171934541051912,0.9758359251551708,-0.0073151434308738,0.2236331538645872,68909240.0,0.8077044529877153,0.0046168095706748,0.0365438810241072,0.0317803022659859,-0.0007593960090824,-0.0319157026626006,0.019675997173594,0.0020230269596308,3,1,0,0,0,xg_AAPL,0.20557937,1.2583305
2025-01-31,234.71778869628903,245.8469947494795,232.1716998572169,245.8469947494795,100959800,49.38580823941801,233.31247940063477,234.19937480602815,-2.3108805703830626,-3.2065166715084574,218.448814441697,233.31247940063477,248.17614435957253,-0.006692194503962,0.0593409985285231,0.0339086514002948,-0.0067146876460881,0.0196153878535477,0.0192392657040314,1.0194967239687152,-0.3411532517568859,0.0593409985285231,0.0339086514002948,0.0254323471282282,234.93063354492188,229.14424896240232,233.31247940063477,1.0252521484118458,0.9821345585588034,0.0068940413646317,0.8139217331467186,71829310.0,1.4055515777612035,-0.0073947519047884,0.0046168095706748,0.0365438810241072,-0.0039346564415903,0.0053448732926062,-0.0404002669443863,-0.0241039164375986,4,1,0,1,0,xg_AAPL,0.30484232,1.8659089
2025-02-03,226.77120971679688,230.5704628324937,224.47376244068877,228.7404632470789,73063300,41.11410785010987,232.52478179931643,233.49193051181567,-2.619096963694517,-3.0890327299456697,218.0521878153699,232.52478179931643,246.99737578326295,-0.0338558872066342,-0.0080484508947979,-0.0085659304598867,-0.0344422708103069,0.0227834186147731,0.019795522348991,1.150879847133068,-1.4859228044854498,-0.0080484508947979,-0.0085659304598867,0.0005174795650887,234.56264038085936,228.9483200073242,232.5247817993164,1.0245222169499018,0.9846190080716692,0.008986407860539,-0.2763129483220053,72286810.0,1.0107417936965124,-0.006692194503962,-0.0073947519047884,0.0046168095706748,0.0317803022659859,-0.0007593960090824,0.0075352334622464,-0.0103440449160466,0,2,0,0,1,xg_AAPL,0.59781617,3.659172
2025-02-04,231.5352020263672,231.86341095944584,225.4186058340825,226.0153521080233,45067300,46.86038494634215,231.99965133666996,233.30557541796344,-2.4506962105261323,-2.9613654260617626,218.23560827131223,231.99965133666996,245.76369440202768,0.0210079238697002,-0.0229160479625843,0.0456341909262916,0.0207903000434024,0.0207651384546034,0.0205220493425801,1.0117959620903407,1.0116432535411168,-0.0229160479625843,0.0456341909262916,-0.068550238888876,233.47657775878903,229.95879974365235,231.99965133666993,1.015297427274182,0.991203212671833,0.0063788417881741,-0.3831745897050913,66986500.0,0.6727818291745251,-0.0338558872066342,-0.006692194503962,-0.0073947519047884,0.0365438810241072,-0.0039346564415903,-0.0319157026626006,-0.004778187556134,1,2,0,0,0,xg_AAPL,0.42698702,2.6135442
2025-02-05,231.2069854736328,231.4058958330951,227.0298072213747,227.2883891710869,39620300,46.52354605723313,231.37655563354497,233.10570970897956,-2.3170126535835607,-2.8324948715661225,218.7559860603312,231.37655563354497,243.9971252067587,-0.0014175665292441,-0.0287850439734204,0.0386007455090489,-0.0014185722272186,0.0208505007707587,0.0204197198597145,1.0210463154088902,-0.0679839089199815,-0.0287850439734204,0.0386007455090489,-0.0673857894824693,232.10606689453124,230.81810607910157,231.3765556335449,1.005579981732405,0.9975864038907736,0.0031552301912154,-0.1208636860872517,64535880.0,0.6139267024792935,0.0210079238697002,-0.0338558872066342,-0.006692194503962,0.0046168095706748,0.0317803022659859,0.0053448732926062,0.019675997173594,2,2,0,0,1,xg_AAPL,0.37271222,2.2813337
2025-02-06,231.95291137695312,232.5297620441898,229.1780610151748,230.03338922164468,29925300,47.448084172572294,230.9294975280762,232.9959193916437,-2.1263660608015016,-2.691269109413198,219.12115071615696,230.9294975280762,242.73784433999543,0.00322622563411,-0.0183929447444518,0.0427433610046599,0.0032210325345989,0.0207876376861555,0.0203433662218758,1.0217884135315578,0.155191777489997,-0.0183929447444518,0.0427433610046599,-0.0611363057491117,231.2368194580078,231.76891021728517,230.92949752807615,0.997704218573671,1.0036349305662302,0.0013249324102346,-0.2446977938077198,61504930.0,0.4865512406891531,-0.0014175665292441,0.0210079238697002,-0.0338558872066342,-0.0073947519047884,0.0365438810241072,-0.0007593960090824,-0.0404002669443863,3,2,0,0,0,xg_AAPL,0.16650209,1.0191424
2025-02-07,226.3932952880859,232.72868233994456,226.02529517161955,231.33629458433444,39707200,41.66607696966022,230.1800918579102,232.3670980484477,-2.396269118436834,-2.632269111217926,219.29863960216696,230.1800918579102,241.06154411365347,-0.0239687273415254,-0.0354659672555731,0.0217704453622242,-0.024260651424095,0.0225680064703954,0.0209157018002282,1.0789467042145802,-1.062019605203535,-0.0354659672555731,0.0217704453622242,-0.0572364126177974,229.5719207763672,232.25127716064452,230.18009185791016,0.9884635451006624,1.008998107898979,-0.0026863475827279,0.3268772577050187,60005860.0,0.6617220384808974,0.00322622563411,-0.0014175665292441,0.0210079238697002,-0.006692194503962,0.0046168095706748,-0.0039346564415903,0.0075352334622464,4,2,0,0,1,xg_AAPL,0.123218,0.75420487
2025-02-10,226.66209411621097,229.58933825388897,226.21404995469493,228.5737755391387,33115600,42.03386832499669,229.7350379943848,231.82376434061564,-2.5589810762387515,-2.6176115042220913,219.05435381326464,229.7350379943848,240.41572217550495,0.0011873091373266,-0.0004811704304182,-0.008525748648635,0.0011866048432542,0.0200764300896674,0.0203283847650385,0.9875571898365488,0.0591365096042697,-0.0004811704304182,-0.008525748648635,0.0080445782182168,229.55009765625,232.05636901855468,229.73503799438475,0.989199730337484,1.0101043839217363,-0.0008159297162407,-0.1660051577547648,53831080.0,0.6151762141870344,-0.0239687273415254,0.00322622563411,-0.0014175665292441,-0.0338558872066342,-0.0073947519047884,0.0317803022659859,-0.0319157026626006,0,2,0,0,1,xg_AAPL,0.41822833,2.5599332
2025-02-11,231.61053466796875,234.2092091135714,227.1400288616486,227.20971719471092,53718400,48.47449675520682,229.65923995971684,231.8034567527445,-2.262552382909263,-2.5465996799595256,219.05867972527057,229.65923995971684,240.25980019416312,0.0218317957885834,0.0003253615041785,-0.0225981424582408,0.021596894859063,0.0174076691411202,0.0208763648408547,0.8338058597824216,1.2540760934456223,0.0003253615041785,-0.0225981424582408,0.0229235039624193,229.5651641845703,231.5208709716797,229.6592399597168,0.9915527840798912,1.0081060575324094,-0.000406180898815,0.622147869886096,51632160.0,1.0404058245868266,0.0011873091373266,-0.0239687273415254,0.00322622563411,0.0210079238697002,-0.006692194503962,0.0365438810241072,0.0053448732926062,1,2,0,0,1,xg_AAPL,0.09927976,0.60768133
2025-02-12,235.84210205078125,235.93172304376256,229.67896101319025,230.19670873650108,45243300,53.25732789887108,229.85071640014655,232.1880896382718,-1.6669626765958867,-2.370672279286798,218.93744337425807,229.85071640014655,240.76398942603504,0.0182701852870326,0.0200474763669156,-0.0093146350952827,0.0181052908579131,0.0184982987462939,0.0212386097117541,0.8709340236161152,0.987615019228379,0.0200474763669156,-0.0093146350952827,0.0293621114621983,230.4921875,231.2991271972656,229.8507164001465,0.9965112721909348,1.0063015283128272,0.0027199176664198,-0.1577690325847381,51607880.0,0.8766742598223203,0.0218317957885834,0.0011873091373266,-0.0239687273415254,-0.0014175665292441,-0.0338558872066342,0.0046168095706748,-0.0007593960090824,2,2,0,0,1,xg_AAPL,0.17593561,1.076884
2025-02-13,240.48187255859375,241.2883551100076,234.54774465400956,235.8819260401158,53614100,57.874612434547934,230.04592742919925,232.97797372592152,-0.8112116960793117,-2.058780162645301,218.50441944837627,230.04592742919925,241.58743541002224,0.0196732070629759,0.0367702269008383,0.0177009694047585,0.0194821907294899,0.0193821957131252,0.0212384808265687,0.9125550606152194,1.0149619987407077,0.0367702269008383,0.0177009694047585,0.0190692574960797,232.19797973632816,231.71739959716797,230.0459274291992,1.0020739924580355,1.0072658194241808,0.008948916956743,0.1850174500975834,51403460.0,1.0430056653773687,0.0182701852870326,0.0218317957885834,0.0011873091373266,0.00322622563411,0.0210079238697002,-0.0073947519047884,-0.0039346564415903,3,2,0,0,1,xg_AAPL,0.45540687,2.7874992
2025-02-14,243.53857421875,244.48444869345937,239.94423906079516,240.2031053319298,40896200,60.63354239443188,230.87186355590825,233.983745201429,0.1123325002476178,-1.6245576300667173,217.959353065719,230.87186355590825,243.7843740460975,0.012710736271448,0.0757322733822425,0.0375803877987046,0.0126306329306427,0.0193947492036293,0.0189860121647171,1.0214745234992706,0.6553361841299534,0.0757322733822425,0.0375803877987046,0.0381518855835378,235.62703552246097,232.59947814941407,230.8718635559082,1.0130161829989237,1.0074830018993957,0.0195253338482699,-0.2372118528521415,45397100.0,0.900854900423135,0.0196732070629759,0.0182701852870326,0.0218317957885834,-0.0239687273415254,-0.0014175665292441,-0.006692194503962,0.0317803022659859,4,2,0,0,0,xg_AAPL,0.39738885,2.4323769
2025-02-18,243.40911865234375,244.11602908498713,240.7905267294893,243.0905000064508,48822500,60.45296361140179,231.6057945251465,234.88139981580184,0.8242999308160961,-1.1347861178901546,217.58471539412653,231.6057945251465,245.62687365616648,-0.0005315608290042,0.0738854222689149,0.0733687003580618,-0.0005317021575477,0.0144172685560416,0.0189856985067461,0.7593352025323955,-0.0368671749272944,0.0738854222689149,0.0733687003580618,0.000516721910853,238.9764404296875,234.26326904296872,231.60579452514648,1.0201191224128878,1.0114741279391166,0.0302808947559124,0.1938150732830923,42973020.0,1.136119825881422,0.012710736271448,0.0196732070629759,0.0182701852870326,0.0011873091373266,0.00322622563411,-0.0338558872066342,0.0365438810241072,1,2,0,0,1,xg_AAPL,0.23577611,1.4431616
2025-02-19,243.807373046875,244.94242536854557,242.1048021606556,243.5982928571997,32204200,60.8393556241099,232.72464294433595,235.73149250447548,1.404485021214782,-0.6269318900691673,218.551954911462,232.72464294433595,246.89733097720992,0.001636152321393,0.0526609827847051,0.053003478145454,0.0016348152823848,0.0136359378473196,0.0171002378753321,0.7973655443381058,0.1199794513776865,0.0526609827847051,0.053003478145454,-0.0003424953607489,241.41580810546876,235.49048614501953,232.72464294433593,1.025161619297012,1.0118846167973072,0.0356476715716954,-0.3403819960059399,41686710.0,0.7725291825620019,-0.0005315608290042,0.012710736271448,0.0196732070629759,0.0218317957885834,-0.0239687273415254,0.0210079238697002,0.0046168095706748,2,2,0,0,1,xg_AAPL,0.010767805,0.06590864
2025-02-20,244.76319885253903,245.70907319749273,243.22987332307676,243.8770617009929,32316900,61.80393003248451,233.83210678100588,236.5916550138149,1.9192886745862268,-0.1176877771380884,219.52509864457295,233.83210678100588,248.13911491743875,0.0039204138649255,0.0378265658429253,0.0586323693946184,0.0039127490687409,0.0134486077118384,0.0171015332726509,0.7863517934705269,0.2914890864418906,0.0378265658429253,0.0586323693946184,-0.0208058035516931,243.2000274658203,236.84610748291016,233.83210678100585,1.026827208816884,1.0128895930648525,0.03827340355385,0.0034995435377993,40956370.0,0.7890567450191316,0.001636152321393,-0.0005315608290042,0.012710736271448,0.0182701852870326,0.0011873091373266,-0.0014175665292441,-0.0073947519047884,3,2,0,0,0,xg_AAPL,0.2656267,1.625874
2025-02-21,244.4844207763672,247.6107939080121,244.155851012499,244.88267886995575,53197400,61.32944828310639,234.9340843200684,237.3433469912008,2.278513927708701,0.3615525638312695,220.9281056678402,234.9340843200684,248.9400629722966,-0.0011389705539017,0.0166438666465316,0.0540260923004702,-0.001139619673796,0.0136111323122906,0.0171083449591459,0.7955378972597485,-0.0836731915155847,0.0166438666465316,0.0540260923004702,-0.0373822256539386,244.000537109375,238.09925842285156,234.93408432006837,1.0247849519801655,1.0134726049306284,0.0370839694427802,0.646117047117762,43283580.0,1.229043438643448,0.0039204138649255,0.001636152321393,-0.0005315608290042,0.0196732070629759,0.0218317957885834,0.00322622563411,-0.006692194503962,4,2,0,0,1,xg_AAPL,0.25441182,1.5572289
2025-02-24,246.0277099609375,247.7800669312537,243.3593319822528,243.86711335623195,51326400,63.02191902049051,236.15698852539063,238.17042917879476,2.6571036315999095,0.8206627773849976,222.80865753249577,236.15698852539063,249.5053195182855,0.0063124234242393,0.010220704256697,0.0867270148078667,0.0062925835276086,0.0089222670572295,0.016983660853488,0.5253132302254521,0.7074116894355438,0.010220704256697,0.0867270148078667,-0.0765063105511696,244.4983642578125,240.0626998901367,236.15698852539063,1.0184771077293795,1.0165386228420936,0.0339042123903289,-0.035170891810502,44445500.0,1.1548165731063629,-0.0011389705539017,0.0039204138649255,0.001636152321393,0.012710736271448,0.0182701852870326,-0.0239687273415254,-0.0338558872066342,0,2,0,0,0,xg_AAPL,0.39931253,2.4441514
2025-02-25,245.9679718017578,248.91513366913293,243.84722519384715,246.92381259977984,48013300,62.90714859095294,237.02482833862305,238.9130522857436,2.918673676006307,1.2402649571092594,223.48659089778184,237.02482833862305,250.56306577946427,-0.000242810694735,0.0105125607601777,0.085174708019986,-0.0002428401780241,0.0090608785978722,0.0158349928444208,0.5721699098307234,-0.0267947415221493,0.0105125607601777,0.085174708019986,-0.0746621472598083,245.0101348876953,241.9932876586914,237.02482833862305,1.0124666566506542,1.0209617674017264,0.0324648225156247,-0.0645496274821534,45935270.0,1.0452382232650197,0.0063124234242393,-0.0011389705539017,0.0039204138649255,-0.0005315608290042,0.0196732070629759,0.0011873091373266,0.0210079238697002,1,2,0,0,0,xg_AAPL,0.5151091,3.1529307
2025-02-26,239.31695556640625,243.91690216055417,238.0922974197643,243.26972892021308,44433600,51.63293939892572,237.14240036010744,238.9515192648543,2.5597808353165306,1.5041681327507137,223.5655449584397,237.14240036010744,250.71925576177523,-0.0270401718834844,-0.0184178904204238,0.0332731881539207,-0.0274124842707337,0.0131673363634519,0.0152851130537776,0.8613920567725948,-2.0534235409214676,-0.0184178904204238,0.0332731881539207,-0.0516910785743446,244.11205139160157,242.76392974853516,237.14240036010744,1.005553220548303,1.0237052900699803,0.029123097504724,-0.0745564249905755,45006790.0,0.9872643661100696,-0.000242810694735,0.0063124234242393,-0.0011389705539017,0.001636152321393,0.012710736271448,0.0218317957885834,-0.0014175665292441,2,2,0,0,0,xg_AAPL,0.13378881,0.81890774
2025-02-27,236.2702484130859,241.40786042901627,236.0312844149354,238.37109275336516,41153600,47.438761756676165,237.05293579101564,238.6961601361145,2.006383528125866,1.6046112118257445,223.4779457188442,237.05293579101564,250.62792586318707,-0.0127308453599098,-0.03469864129603,0.0018153941072509,-0.0128125769878035,0.0129130233630592,0.0155356641057233,0.8311322993912452,-0.985815574434115,-0.03469864129603,0.0018153941072509,-0.036514035403281,242.41346130371093,242.80674438476564,237.0529357910156,0.9983802629451204,1.0242722519953202,0.0226881105374011,-0.0738180115948291,44597820.0,0.9227715614798904,-0.0270401718834844,-0.000242810694735,0.0063124234242393,0.0039204138649255,-0.0005315608290042,0.0182701852870326,0.00322622563411,3,2,0,0,1,xg_AAPL,0.44307938,2.712044
2025-02-28,240.79052734375,241.03944246427383,229.2010399398617,235.92174819400608,56833400,53.476958705895946,237.27750473022465,238.8956236796988,1.910537421198967,1.6657964537003889,223.606756399046,237.27750473022465,250.9482530614032,0.0191318160497337,-0.0151089113199406,0.0012834846214075,0.0189511041176464,0.0128233973254828,0.0160194514667129,0.8004391981166783,1.4918296403463505,-0.0151089113199406,0.0012834846214075,-0.0163923959413482,241.6746826171875,242.83760986328124,237.27750473022465,0.9952110908736564,1.0234329214620588,0.0182614238835297,0.3810067649002759,44919750.0,1.2652207547904593,-0.0127308453599098,-0.0270401718834844,-0.000242810694735,-0.0011389705539017,0.001636152321393,0.0196732070629759,-0.0239687273415254,4,2,0,1,0,xg_AAPL,0.16474229,1.0083709
2025-03-03,236.9970703125,242.97103338088397,235.08540395372597,240.7407483660274,47184000,48.44701286141918,237.39146881103517,238.71480907329897,1.5110598543480194,1.6348491338299151,223.77266446794928,237.39146881103517,251.01027315412105,-0.0157541788420708,-0.0367057826529837,-0.0268602373452935,-0.0158795948793386,0.0128974699589369,0.0163746094465171,0.7876024401449115,-1.2213990412991005,-0.0367057826529837,-0.0268602373452935,-0.0098455453076902,239.8685546875,242.18345947265624,237.39146881103517,0.990441523999216,1.0201860272638337,0.0104519683437376,-0.1697839650627975,45548530.0,1.0359060983965669,0.0191318160497337,-0.0127308453599098,-0.0270401718834844,0.0063124234242393,0.0039204138649255,0.012710736271448,0.0011873091373266,0,3,0,0,0,xg_AAPL,0.23767112,1.4547608
2025-03-04,234.9061737060547,239.02822274747484,233.6615980851158,236.6784633674393,53798100,45.88517816624205,237.7982170104981,238.35208189546617,1.014063628473707,1.5106920327586737,225.05732464055112,237.7982170104981,250.53910938044504,-0.0088224576096586,-0.0449725141638301,-0.0349327296913376,-0.008861605915059,0.0130125724855814,0.0144442673681234,0.900819081708132,-0.6779427877651243,-0.0449725141638301,-0.0349327296913376,-0.0100397844724925,237.65619506835935,241.33316497802736,237.79821701049804,0.9847639262096332,1.0148653257874227,-0.0006045900790856,0.1401767548321464,46046090.0,1.1683532738610125,-0.0157541788420708,0.0191318160497337,-0.0127308453599098,-0.000242810694735,-0.0011389705539017,-0.0005315608290042,0.0218317957885834,1,3,0,0,0,xg_AAPL,0.36211094,2.2164443
2025-03-05,234.7169952392578,235.5234777567522,228.23523611666363,234.3983766092207,47227600,45.64997214125361,237.95730667114265,238.00588316630345,0.5980316806114843,1.328159962329236,225.4687309415799,237.95730667114265,250.4458824007053,-0.0008053362915595,-0.0192212052683915,-0.0372850816364337,-0.0008056607490409,0.0129286974470825,0.0137283864387861,0.9416806428114214,-0.0622857800699166,-0.0192212052683915,-0.0372850816364337,0.0180638763680421,236.7362030029297,240.4241271972656,237.9573066711426,0.98466075664981,1.0103666517352718,-0.0052024510068738,-0.1221325660199895,47548430.0,0.99325256375445,-0.0088224576096586,-0.0157541788420708,0.0191318160497337,-0.0270401718834844,0.0063124234242393,0.001636152321393,0.0182701852870326,2,3,0,0,0,xg_AAPL,0.3603825,2.2058647
2025-03-06,234.3087921142578,236.82781201573715,232.1482106078643,233.42265485870865,45170400,45.11261462776908,238.11239700317387,237.6537792565848,0.232702336211048,1.1090684371055983,225.9028644908309,238.11239700317387,250.32192951551684,-0.0017391289650069,-0.0083017490014178,-0.0427123308867181,-0.0017406430054478,0.0126786770534816,0.0137312742013331,0.9232758440150284,-0.137158774444449,-0.0083017490014178,-0.0427123308867181,0.0344105818853002,236.34391174316409,239.3786865234375,238.11239700317384,0.9873222849354372,1.0053180327282447,-0.0075476692276549,-0.0435592746614268,48833780.0,0.924982665687544,-0.0008053362915595,-0.0088224576096586,-0.0157541788420708,-0.0127308453599098,-0.000242810694735,0.0039204138649255,0.0196732070629759,3,3,0,0,1,xg_AAPL,0.35996053,2.2032819
2025-03-07,238.03257751464844,240.3225846499647,233.74126773670764,234.0897550099468,46273600,50.80197543857755,238.41638031005863,237.6898552811623,0.2408778694189379,0.9354303235682664,226.5547727083428,238.41638031005863,250.2779879117745,0.015892640505674,-0.011453730591172,-0.0263895885113282,0.0157676747793225,0.014200557429946,0.014137289630379,1.0044041960657837,1.1190772972661494,-0.011453730591172,-0.0263895885113282,0.0149358579201561,235.79232177734377,238.73350219726564,238.4163803100586,0.9876800683906878,1.001330117866879,-0.0110239470584793,0.0244230735171704,48141400.0,0.9612017930512832,-0.0017391289650069,-0.0008053362915595,-0.0088224576096586,0.0191318160497337,-0.0270401718834844,-0.0011389705539017,0.012710736271448,4,3,0,0,0,xg_AAPL,0.13805111,0.8449968
2025-03-10,226.4928436279297,235.13518456664028,223.24699590534985,234.5178647329352,72071200,37.74491939019999,238.4213577270508,236.62347321894967,-0.676010417400505,0.6131421753745121,226.58092833554792,238.4213577270508,250.26178711855368,-0.0484796409264971,-0.0443221794713311,-0.0794010818379337,-0.049694195655606,0.0198393790944826,0.0171851444244319,1.1543821932671996,-2.443483599563821,-0.0443221794713311,-0.0794010818379337,0.0350789023666026,233.69147644042968,236.78001556396484,238.4213577270508,0.9869560819303992,0.993115792231311,-0.0208831378990105,0.5575014695204177,50215880.0,1.4352272627702345,0.015892640505674,-0.0017391289650069,-0.0008053362915595,-0.0157541788420708,-0.0127308453599098,0.0063124234242393,-0.0005315608290042,0,3,0,0,0,xg_AAPL,0.49847525,3.0511165
2025-03-11,219.8816680908203,224.85997074742775,216.5063794973434,222.83878108425105,76137400,32.5787703152261,238.08233642578128,235.0290155876993,-1.9140535861891692,0.1077030230617758,224.55598007883847,238.08233642578128,251.60869277272408,-0.0291893352178925,-0.0639596030116901,-0.106055693023164,-0.0296238196295579,0.0206667100230109,0.0183900623654393,1.123736607073227,-1.4123158872170103,-0.0639596030116901,-0.106055693023164,0.0420960900114739,230.6865753173828,234.1713851928711,238.08233642578125,0.9851185495075836,0.9835731146979512,-0.0336351873833505,0.0564192076724128,53028290.0,1.43578833109645,-0.0484796409264971,0.015892640505674,-0.0017391289650069,-0.0088224576096586,0.0191318160497337,-0.000242810694735,0.001636152321393,1,3,0,0,0,xg_AAPL,0.5905205,3.614516
2025-03-12,216.03842163085935,220.78772670269151,213.9774121949233,219.1847126113749,62547500,30.007528677093568,237.30373077392585,233.22038759180975,-3.16880161453966,-0.5475979044585114,220.7539880353458,237.30373077392585,253.85347351250584,-0.0174787034013838,-0.0795791271499473,-0.0972707256803102,-0.0176332595462955,0.020051806128507,0.0178749949147537,1.121716929554368,-0.8716337897734955,-0.0795791271499473,-0.0972707256803102,0.0176915985303629,226.95086059570312,231.8435317993164,237.3037307739258,0.9788966672236156,0.9769906736956816,-0.0479214303644211,-0.1784917793357797,54839680.0,1.1405518777644008,-0.0291893352178925,-0.0484796409264971,0.015892640505674,-0.0008053362915595,-0.0157541788420708,-0.0270401718834844,0.0039204138649255,2,3,0,0,0,xg_AAPL,0.41539502,2.5425909
2025-03-13,208.77008056640625,215.899013195213,207.51555384047248,215.01287598245443,61368300,25.852018021392237,235.95012969970705,230.8917869227237,-4.695565293009508,-1.377191382168711,215.042389779734,235.95012969970705,256.8578696196801,-0.0336437426712566,-0.1089959592100919,-0.1163928511159788,-0.0342227163517323,0.0214129045672866,0.0183380607935893,1.1676118427379814,-1.5711166810116977,-0.1089959592100919,-0.1163928511159788,0.0073968919058868,221.8431182861328,229.09351501464843,235.95012969970705,0.9683518028519836,0.9709404072217084,-0.067571997746521,-0.0188528718174187,56861150.0,1.079265895958821,-0.0174787034013838,-0.0291893352178925,-0.0484796409264971,-0.0017391289650069,-0.0088224576096586,-0.0127308453599098,-0.0011389705539017,3,3,0,0,1,xg_AAPL,0.5498817,3.36577
2025-03-14,212.5635528564453,213.02154815111564,208.67051688888432,210.3332680009786,60107600,31.206619148013495,234.55421371459963,229.14624082117336,-5.535623772457001,-2.208877860226369,211.32171288619784,234.55421371459963,257.7867145430015,0.0181705744412568,-0.1069980627195273,-0.1172262663265326,0.0180074624822248,0.0212587832870873,0.0182304657254251,1.166049049881951,0.8546923642581608,-0.1069980627195273,-0.1172262663265326,0.0102282036070052,216.7493133544922,226.270817565918,234.5542137145996,0.957919875334114,0.9646845135821748,-0.0837627152954671,-0.0205431794591018,57188570.0,1.0510421925220188,-0.0336437426712566,-0.0174787034013838,-0.0291893352178925,0.015892640505674,-0.0008053362915595,0.0191318160497337,0.0063124234242393,4,3,0,0,1,xg_AAPL,0.71934825,4.4030576
2025-03-17,213.07135009765625,214.28605714072168,209.0588394397278,212.3843419118567,48073400,31.915404534977377,233.03085250854497,227.61529884750507,-6.090197174178741,-2.9851417230168433,208.3297325328436,233.03085250854497,257.7319724842463,0.0023889196166846,-0.0592579143574246,-0.1009536539135093,0.0023860706845617,0.021690149293554,0.0178145219505662,1.217486041314925,0.1101333813323828,-0.0592579143574246,-0.1009536539135093,0.0416957395560846,214.0650146484375,223.8782455444336,233.0308525085449,0.9561671082773944,0.9607236257963924,-0.0890116754383677,-0.200210955020663,57277510.0,0.8393067366231381,0.0181705744412568,-0.0336437426712566,-0.0174787034013838,-0.0484796409264971,-0.0017391289650069,-0.0157541788420708,-0.000242810694735,0,3,0,0,0,xg_AAPL,0.5317654,3.254882
2025-03-18,211.76702880859375,214.21634506867483,210.57223927739028,213.23065092190424,42432400,31.03101615386969,231.4487480163574,226.1059397961802,-6.559336470106132,-3.6999806724347017,205.5234666913302,231.4487480163574,257.3740293413846,-0.0061215235575533,-0.0369045739587298,-0.098503775070704,-0.0061403368997261,0.0217283524516995,0.017759600494437,1.2234019034719747,-0.281716796262585,-0.0369045739587298,-0.098503775070704,0.0615992011119742,212.44208679199215,221.5643310546875,231.44874801635743,0.9588280107214382,0.9572932796293572,-0.0897526934730924,-0.1173413987777024,56140940.0,0.7558191936223235,0.0023889196166846,0.0181705744412568,-0.0336437426712566,-0.0291893352178925,0.015892640505674,-0.0088224576096586,-0.0270401718834844,1,3,0,0,1,xg_AAPL,0.2024611,1.2392437
2025-03-19,214.30596923828125,217.8106832228152,212.8224296395377,213.29039128502816,54385400,34.81741917782659,229.97367782592775,224.9821330763803,-6.649608915884926,-4.289906321124747,203.65500878175695,229.97367782592775,256.2923468700985,0.011989309402751,-0.0080191864923837,-0.0869601537808144,0.0119180069782025,0.0226918529802296,0.0181643076590608,1.2491862734243817,0.5283297526845249,-0.0080191864923837,-0.0869601537808144,0.0789409672884307,212.09559631347656,219.52322845458983,229.97367782592772,0.9661647097967596,0.9545580630351616,-0.0834231616412559,0.2816951197669706,56856720.0,0.9565342496014376,-0.0061215235575533,0.0023889196166846,0.0181705744412568,-0.0174787034013838,-0.0484796409264971,-0.0008053362915595,-0.0127308453599098,2,3,0,0,0,xg_AAPL,0.35711128,2.1858418
2025-03-20,213.17091369628903,216.5462020975973,211.29906714235267,213.0613904363763,48862900,33.920839504556305,228.3940635681152,223.85725504018112,-6.735101913324826,-4.778945439564763,202.020660129887,228.3940635681152,254.7674670063434,-0.0052964252280354,0.0210798075947618,-0.0902137654640853,-0.0053105010110208,0.0225961785623989,0.0180084379820648,1.254685381348489,-0.2343843596849969,0.0210798075947618,-0.0902137654640853,0.1112935730588471,212.97576293945312,217.40944061279296,228.39406356811523,0.97960678404377,0.9519049541668746,-0.0723283508116356,-0.1015437966807267,57225970.0,0.8538588336728787,0.011989309402751,-0.0061215235575533,0.0023889196166846,-0.0336437426712566,-0.0291893352178925,-0.0017391289650069,0.0191318160497337,3,3,0,0,1,xg_AAPL,0.54962337,3.364189
2025-03-21,217.32281494140625,217.89033350890864,210.36314278996363,210.64192650603025,94127800,40.006542952936215,227.0359832763672,223.2349274117264,-6.394124510986927,-5.101981253849195,201.36323199642905,227.0359832763672,252.70873455630533,0.0194768656432768,0.0223898312810715,-0.0870039000101476,0.0192896189095606,0.0230616481989185,0.0189126211283792,1.219314273157102,0.844519912686793,0.0223898312810715,-0.0870039000101476,0.1093937312912192,213.9276153564453,215.33846435546872,227.0359832763672,0.9934482257814632,0.948477246857124,-0.0603174955351839,0.926365401971639,62011390.0,1.517911467554565,-0.0052964252280354,0.011989309402751,-0.0061215235575533,0.0181705744412568,-0.0174787034013838,0.015892640505674,-0.0157541788420708,4,3,0,0,1,xg_AAPL,0.40270942,2.4649434
2025-03-24,219.77215576171875,220.51890119737195,217.63149158987616,220.04098837247489,44299500,43.32275208991085,225.72320556640625,222.9051396355352,-5.858720446440998,-5.253329092367556,201.49495735889272,225.72320556640625,249.95145377391975,0.0112705185646195,0.0314486469485049,-0.029672848636451,0.0112074794834775,0.0190324152080962,0.0191098204592037,0.9958973372558816,0.5921437871972357,0.0314486469485049,-0.029672848636451,0.0611214955849559,215.2677764892578,214.6663955688477,225.72320556640625,1.0028014674528658,0.951016068685478,-0.0475739478502655,-0.5293685818642314,59234220.0,0.7478700656478511,0.0194768656432768,-0.0052964252280354,0.011989309402751,0.0023889196166846,-0.0336437426712566,-0.0484796409264971,-0.0088224576096586,0,3,0,0,1,xg_AAPL,0.14593373,0.8932456
2025-03-25,222.7790374755859,223.1275247285548,219.1249652538438,219.81197343150768,34493600,47.18257230700472,224.56375885009768,222.8931299060162,-5.132613074577279,-5.229185888809501,202.27276805590597,224.56375885009768,246.85474964428937,0.0136818138014138,0.0520005816247504,0.013176948355553,0.0135890628303831,0.0171764450507434,0.0195579694119595,0.8781876329455623,0.7964987669002443,0.0520005816247504,0.013176948355553,0.0388236332691973,217.47017822265624,214.9561325073242,224.56375885009768,1.0116956221997824,0.9572164876827396,-0.0318413290039409,-0.2213546428289258,55069840.0,0.626360999051375,0.0112705185646195,0.0194768656432768,-0.0052964252280354,-0.0061215235575533,0.0181705744412568,-0.0291893352178925,-0.0008053362915595,1,3,0,0,0,xg_AAPL,0.14289412,0.8746404
2025-03-26,220.5686798095703,224.0435405886843,219.51328206033224,222.54008343913912,34466100,44.76896680147184,223.62634506225584,222.6717537063547,-4.681559043487823,-5.119660519745166,202.39603784636992,223.62634506225584,244.85665227814175,-0.0099217488820411,0.0292232203962816,0.0209696874496321,-0.009971297443827,0.016400124613511,0.0188946969913581,0.8679290645384256,-0.6049432045573087,0.0292232203962816,0.0209696874496321,0.0082535329466495,218.72272033691405,215.4091583251953,223.6263450622559,1.015382642212066,0.9632548359417448,-0.0222317362989858,-0.0007972493448059,52261700.0,0.6594906021043966,0.0136818138014138,0.0112705185646195,0.0194768656432768,0.011989309402751,0.0023889196166846,-0.0174787034013838,-0.0017391289650069,2,3,0,0,1,xg_AAPL,-0.046305828,-0.28343326
2025-03-27,222.8786163330078,224.0136687326393,219.6028846724205,220.42928473771144,37094800,47.775599078568035,222.9567634582519,222.6914549088931,-4.090549592263301,-4.913838334248793,202.5778669843153,222.9567634582519,243.33565993218855,0.0104726406552,0.0455395272666028,0.0675792993341011,0.0104181824382987,0.0105922505301398,0.0190357085512737,0.5564118661380228,0.9886144602549826,0.0455395272666028,0.0675792993341011,-0.0220397720674982,220.6642608642578,216.82001190185548,222.9567634582519,1.017730139061806,0.9724755981329736,-0.010285879514654,0.076269145624251,49834350.0,0.7443620715430072,-0.0099217488820411,0.0136818138014138,0.0112705185646195,-0.0052964252280354,-0.0061215235575533,-0.0336437426712566,0.015892640505674,3,3,0,0,0,xg_AAPL,0.3095973,1.8950137
2025-03-28,216.9544219970703,222.8387793372666,216.73537546649092,220.7080664246457,39818600,41.531263608697415,221.764958190918,222.1450708220528,-4.053477352805913,-4.741766137960218,203.05808230956683,221.764958190918,240.47183407226913,-0.0265803621424409,-0.0016951416004585,0.0206567357461811,-0.0269400072870471,0.0140536611355164,0.0190158060918003,0.7390126958057391,-1.8912133054045588,-0.0016951416004585,0.0206567357461811,-0.0223518773466396,220.59058227539063,217.259098815918,221.764958190918,1.0153341493066552,0.9796818243434072,-0.005413007509675,0.0734280815639927,47805450.0,0.8329301366266643,0.0104726406552,-0.0099217488820411,0.0136818138014138,0.0194768656432768,0.011989309402751,0.0181705744412568,-0.0484796409264971,4,3,0,0,1,xg_AAPL,0.36187157,2.2149792
2025-03-31,221.1660614013672,224.6409066608951,215.29165561007284,216.0682695484103,65299300,46.84979354800687,220.97340774536133,222.05183182960656,-3.64226744231496,-4.5218663988311665,203.6951304164254,220.97340774536133,238.25168507429728,0.019412553869742,0.0063425033749942,0.0379906134729091,0.0192265338075028,0.0150812003204959,0.0195886956211303,0.7698537339308442,1.2871168302519778,0.0063425033749942,0.0379906134729091,-0.0316481100979149,220.8693634033203,218.06856994628907,220.97340774536133,1.0128436365576252,0.9868543557855628,-0.0004704353886024,0.6399195350916407,49528040.0,1.318430933265251,-0.0265803621424409,0.0104726406552,-0.0099217488820411,0.0112705185646195,-0.0052964252280354,0.0023889196166846,-0.0291893352178925,0,3,0,1,1,xg_AAPL,0.4320883,2.6447685
2025-04-01,222.22146606445312,222.70932997882656,217.95007407622177,218.85612876373423,36412700,48.12327597059912,220.33917236328125,222.0679874710205,-3.1943952892646053,-4.256372176917854,204.32963433602708,220.33917236328125,236.34871039053544,0.0047720009860401,-0.0025028001622184,0.0493676343984059,0.0047606510828455,0.0146696544437555,0.0196215794091171,0.74759052507336,0.3252752632362143,-0.0025028001622184,0.0493676343984059,-0.0518704345606244,220.75784912109376,219.114013671875,220.33917236328125,1.0075021922225404,0.994439669177906,0.0018840518210381,-0.4423722765787689,48926070.0,0.7442392164340863,0.019412553869742,-0.0265803621424409,0.0104726406552,0.0136818138014138,0.0194768656432768,-0.0061215235575533,-0.0174787034013838,1,4,1,0,1,xg_AAPL,0.28146708,1.7228315
2025-04-02,222.91842651367188,224.21278818927524,220.06088576879955,220.3595869543347,35905900,48.99242939751432,219.7492439270019,222.14898166555872,-2.751496953583598,-3.955397132251003,205.16431542356167,219.7492439270019,234.3341724304422,0.0031363326935147,0.0106531294748204,0.0401876686216549,0.0031314246616016,0.0144618052446479,0.0196601679582218,0.7355516862160946,0.2168550734426428,0.0106531294748204,0.0401876686216549,-0.0295345391468344,221.2277984619141,219.97525939941409,219.7492439270019,1.0056939997066932,1.0010285153585656,0.006632715644175,-0.0139182208405309,47078120.0,0.7626876349352786,0.0047720009860401,0.019412553869742,-0.0265803621424409,-0.0099217488820411,0.0112705185646195,0.011989309402751,-0.0336437426712566,2,4,0,0,0,xg_AAPL,0.04024828,0.24635562
2025-04-03,202.30825805664065,206.58960121618028,200.37667426890133,204.64805110026137,103419000,31.946894282215226,218.14921722412103,220.25938894089987,-4.01725674466698,-3.9677690547341986,203.27128232141004,218.14921722412103,233.02715212683208,-0.0924561005537475,-0.0922939966821785,-0.0509574943940275,-0.0970133399676598,0.0339073306757525,0.028138796286635,1.2049600619126306,-2.7266485465727093,-0.0922939966821785,-0.0509574943940275,-0.041336502288151,217.1137268066406,218.8889938354492,218.1492172241211,0.9918896469041144,1.003391149511062,-0.0051183793851389,1.8802787285655005,52533730.0,1.9686209222150803,0.0031363326935147,0.0047720009860401,0.019412553869742,0.0104726406552,0.0136818138014138,-0.0052964252280354,0.0181705744412568,3,4,0,0,0,xg_AAPL,0.42308187,2.5896413
2025-04-04,187.56253051757812,199.01262630823257,186.52703508606032,193.0486144227304,125910900,25.193286481838644,215.62571487426757,217.14540242439304,-6.1394655385786905,-4.402108351503097,198.0682147335947,215.62571487426757,233.1832150149405,-0.0728874227908884,-0.1354749592515293,-0.1369404516127401,-0.0756802782773009,0.0388217259046585,0.0311873089047536,1.2447525136170945,-1.8774421705958133,-0.1354749592515293,-0.1369404516127401,0.0014654923612108,211.2353485107422,215.9129653930664,215.62571487426757,0.9783356368905004,1.001332171902439,-0.0234074809686677,0.2174832477591157,55712040.0,2.2600303273762323,-0.0924561005537475,0.0031363326935147,0.0047720009860401,-0.0265803621424409,-0.0099217488820411,0.0194768656432768,0.0023889196166846,4,4,0,0,0,xg_AAPL,0.8046586,4.9252334
2025-04-07,180.6725616455078,193.30748067285785,173.86223225537526,176.43103817745248,160466300,22.771002380705028,213.33470077514647,213.67179854068968,-8.281826463334738,-5.178051973869425,190.5639155939992,213.33470077514647,236.10548595629376,-0.0367342499221857,-0.183090929500131,-0.1779096809634223,-0.0374259446333562,0.0383269297278577,0.0305558174745907,1.2542840811130969,-0.9584198829159926,-0.183090929500131,-0.1779096809634223,-0.0051812485367087,203.13664855957032,212.0030059814453,213.33470077514647,0.9581781523293544,0.9937577206668092,-0.0564449417371158,0.274443276952194,67328720.0,2.3833261645252963,-0.0728874227908884,-0.0924561005537475,0.0031363326935147,0.019412553869742,0.0104726406552,0.0112705185646195,-0.0061215235575533,0,4,0,0,0,xg_AAPL,0.716822,4.3875947
2025-04-08,171.6717987060547,189.51403482217904,168.47573669018362,185.88983084847527,120859500,20.05786544329855,210.9242073059082,209.67179855643872,-10.583944157805576,-6.259230410656656,181.7617181446956,210.9242073059082,240.0866964671208,-0.0498180955507414,-0.2274742771417817,-0.2294077546462691,-0.051101834349553,0.0376176441358905,0.0315423035622865,1.192571477543861,-1.3242926930269612,-0.2274742771417817,-0.2294077546462691,0.0019334775044874,193.02671508789064,206.89228210449215,210.9242073059082,0.9329817097304836,0.9808844833273764,-0.1042541195054557,-0.246823164739263,75965310.0,1.5909827788499569,-0.0367342499221857,-0.0728874227908884,-0.0924561005537475,0.0047720009860401,-0.0265803621424409,0.0136818138014138,0.011989309402751,1,4,0,0,1,xg_AAPL,0.8167506,4.9992476
2025-04-09,197.98709106445312,199.7394480269994,171.14407803694525,171.20381523449285,184395900,41.866540912000474,210.0216407775879,208.5589692714877,-10.167757272657724,-7.04093578305687,180.411676456906,210.0216407775879,239.6316050982698,0.1532883825808619,-0.1118406218773918,-0.1023789450279757,0.1426173250011206,0.0680287144312897,0.0484877233720477,1.402980109608459,2.25325629928498,-0.1118406218773918,-0.1023789450279757,-0.0094616768494161,188.0404479980469,204.63412322998047,210.0216407775879,0.9189105171218948,0.9743477980285242,-0.1110233634999223,0.5257046405123305,90958290.0,2.0272577683683144,-0.0498180955507414,-0.0367342499221857,-0.0728874227908884,0.0031363326935147,0.019412553869742,-0.0099217488820411,-0.0052964252280354,2,4,0,0,0,xg_AAPL,0.42005828,2.571134
2025-04-10,189.5936584472656,193.9347385570105,182.205859833413,188.24952597387417,121880000,38.27950326015998,209.0628196716309,206.75274919299036,-10.39537462529293,-7.711823551504082,178.07245872723587,209.0628196716309,240.0531806160259,-0.0423938377601351,-0.0628476550167088,-0.1493411904352924,-0.0433186896715005,0.0684228541417058,0.0488145844675963,1.4016600413157967,-0.6195768755197198,-0.0628476550167088,-0.1493411904352924,0.0864935354185836,185.49752807617188,201.30562744140624,209.06281967163085,0.9214721437937168,0.962895400327956,-0.1242936698856598,-0.3390308569767549,99436810.0,1.2257030369336943,0.1532883825808619,-0.0498180955507414,-0.0367342499221857,-0.0924561005537475,0.0047720009860401,0.0104726406552,0.0194768656432768,3,4,0,0,1,xg_AAPL,0.6405242,3.9205837
2025-04-11,197.2901306152344,198.67409816298056,185.2525982906751,185.29243322025624,87435900,43.09413079068342,208.2991485595703,205.85154742368027,-9.84127790953903,-8.137714423111072,176.92168784954745,208.2991485595703,239.67660926959317,0.0405945654037238,0.0518632376669956,-0.0906378915941222,0.0397922473001015,0.0703244390239148,0.0495948268950709,1.417950731473822,0.5772387057536785,0.0518632376669956,-0.0906378915941222,0.1425011292611179,187.44304809570312,199.33919830322264,208.2991485595703,0.9403220725839188,0.956985180600557,-0.1057128422938796,-0.2826066622907778,104198540.0,0.8391278802946679,-0.0423938377601351,0.1532883825808619,-0.0498180955507414,-0.0728874227908884,0.0031363326935147,-0.0265803621424409,0.0112705185646195,4,4,0,0,1,xg_AAPL,0.3649739,2.2339683
2025-04-14,201.6411590576172,212.0159391476751,200.28706023476008,210.52244846919623,101352900,45.67416006805778,207.72763900756837,205.45055805548375,-8.94791464783762,-8.299754468056383,176.29982231021935,207.72763900756837,239.1554557049174,0.0220539589528094,0.116058560420764,-0.0882816387832519,0.0218142877975724,0.0704408203546899,0.0498926974055505,1.4118180054311538,0.3130804803419757,0.116058560420764,-0.0882816387832519,0.2043401992040159,191.636767578125,197.38670806884767,207.72763900756837,0.9708696672284683,0.9502188009832244,-0.0797995384704447,0.1591680305229317,107803900.0,0.940159864346272,0.0405945654037238,-0.0423938377601351,0.1532883825808619,-0.0367342499221857,-0.0924561005537475,0.019412553869742,0.0136818138014138,0,4,0,0,0,xg_AAPL,0.46809486,2.8651612
2025-04-15,201.2628173828125,202.62686743682656,198.93297540670017,200.98403365195668,51343900,45.481063246603966,207.20242843627932,205.05172561046743,-8.176196731413938,-8.275042920727895,175.70782832430783,207.20242843627932,238.6970285482508,-0.0018763117439558,0.1723697130209784,-0.0943142399913866,-0.0018780742218194,0.0703482162202571,0.0498814915239224,1.410278718466175,-0.0266713951450616,0.1723697130209784,-0.0943142399913866,0.2666839530123651,197.55497131347656,195.2908432006836,207.2024284362793,1.011593621470856,0.9425123280383808,-0.0479346222429787,-0.4934145939583376,109297020.0,0.4697648664162987,0.0220539589528094,0.0405945654037238,-0.0423938377601351,-0.0498180955507414,-0.0728874227908884,0.0047720009860401,-0.0099217488820411,1,4,0,0,0,xg_AAPL,0.42022312,2.572143
2025-04-16,193.4269561767578,199.8290454554037,191.535192242388,197.49920369317184,59732400,41.56195087272631,206.15847778320312,203.94460471201893,-8.10348134630675,-8.240730605843666,174.27355837560555,206.15847778320312,238.0433971908007,-0.0389334766746828,-0.0230324859220786,-0.1322971402505629,-0.0397116493844249,0.0708834569047419,0.0504588792714313,1.404748840627405,-0.5492526623573285,-0.0230324859220786,-0.1322971402505629,0.1092646543284843,196.6429443359375,192.3416961669922,206.15847778320312,1.0223625363333124,0.9329798038636048,-0.0491944537377206,0.1633787071102896,111679670.0,0.5348547322892292,-0.0018763117439558,0.0220539589528094,0.0405945654037238,0.1532883825808619,-0.0367342499221857,0.0031363326935147,0.0104726406552,2,4,0,0,1,xg_AAPL,0.5788144,3.542864
2025-04-17,196.1251983642578,197.9671763411939,193.5763099497932,196.34424488667963,52164700,43.3715026804916,205.30619201660156,203.19989934556548,-7.738918846193627,-8.140368253913659,173.29947224635663,205.30619201660156,237.31291178684648,0.0139496698952046,0.0344502024513069,-0.0305625670043174,0.0138532687252936,0.0652093564564806,0.0506148681506921,1.2883184431874457,0.2139180132302174,0.0344502024513069,-0.0305625670043174,0.0650127694556244,197.94925231933593,191.7233901977539,205.30619201660156,1.0324731485040002,0.933841246162954,-0.0375114455389959,-0.1266933858341536,106554240.0,0.4895600588019727,-0.0389334766746828,-0.0018763117439558,0.0220539589528094,-0.0423938377601351,-0.0498180955507414,-0.0924561005537475,-0.0265803621424409,3,4,0,0,0,xg_AAPL,0.3616937,2.2138906
2025-04-21,192.32177734375,192.958999427942,188.98630873883343,192.43130060162235,46742500,41.4243107509912,204.05614013671877,202.16388772634497,-7.668506953482336,-8.045995993827395,172.07263705853185,204.05614013671877,236.03964321490568,-0.0193928217905168,-0.0251829792802659,0.0253741875471542,-0.0195833295700111,0.0607217365447713,0.0504534066294658,1.2034971888720876,-0.3193667297292894,-0.0251829792802659,0.0253741875471542,-0.0505571668274201,196.95558166503903,192.1993148803711,204.0561401367187,1.0247465335015806,0.9418942980671716,-0.036920199936528,-0.1039438547523516,98637400.0,0.4738821177362697,0.0139496698952046,-0.0389334766746828,-0.0018763117439558,0.0405945654037238,0.1532883825808619,-0.0728874227908884,0.019412553869742,0,4,0,0,1,xg_AAPL,0.46211892,2.828583
2025-04-22,198.87322998046875,200.7151927551101,195.11958571249497,195.26892870764283,52976400,45.927580678973214,203.0111938476563,201.85049175054723,-7.003327545682737,-7.837462304198464,171.83422061724698,203.0111938476563,234.1881670780656,0.0340650587115201,-0.0137270043977356,0.1007384196537375,0.0334976935571047,0.0595511835115385,0.0510917720675533,1.1655500592686916,0.5720203139977199,-0.0137270043977356,0.1007384196537375,-0.1144654240514732,196.40199584960936,194.0193817138672,203.01119384765624,1.012280289292211,0.9557078013119972,-0.0332332209754725,0.133366850296839,87888410.0,0.6027688975144664,-0.0193928217905168,0.0139496698952046,-0.0389334766746828,0.0220539589528094,-0.0423938377601351,-0.0367342499221857,0.0047720009860401,1,4,0,0,1,xg_AAPL,0.32956523,2.0172353
2025-04-23,203.7121429443359,207.09738254349836,201.9199510184256,205.1060615575032,52929200,49.04362742832483,202.0578491210938,202.0277918642414,-6.016355436520627,-7.4732409306628975,172.29187154979883,202.0578491210938,231.82382669238876,0.0243316456636339,0.0121697867165631,0.186637202381402,0.0240403469002616,0.0556011288263989,0.0513382274502184,1.083014521017347,0.437602771282414,0.0121697867165631,0.186637202381402,-0.1744674156648389,196.8918609619141,197.22341613769532,202.05784912109377,0.9983188853419424,0.976074015414758,-0.0253592549001424,-0.000890962768327,81095380.0,0.652678364661456,0.0340650587115201,-0.0193928217905168,0.0139496698952046,-0.0018763117439558,0.0405945654037238,-0.0498180955507414,0.0031363326935147,2,4,0,0,1,xg_AAPL,0.15515178,0.94966835
2025-04-24,207.46575927734375,207.92376976062596,202.05933042602183,204.00086522918792,47311000,51.3840469923139,201.40270309448243,202.54569352263212,-4.875090453358553,-6.953610835202029,172.79805105532,201.40270309448243,230.0073551336449,0.0184260804425071,0.0725793518032562,0.0478751829825354,0.0182583771657753,0.0295432049995401,0.0515351617736836,0.5732519454839587,0.6236783302442542,0.0725793518032562,0.0478751829825354,0.0247041688207207,199.69962158203128,198.17128295898436,201.40270309448243,1.0077122103678524,0.9839554281752508,-0.0082089763553438,-0.106145568041837,67386890.0,0.7020801820650767,0.0243316456636339,0.0340650587115201,-0.0193928217905168,-0.0389334766746828,0.0220539589528094,0.1532883825808619,-0.0924561005537475,3,4,0,0,1,xg_AAPL,0.40788805,2.4966414
2025-04-25,208.371826171875,208.8397878176709,205.30519003897632,205.4744504992001,38222300,51.95765405164707,200.67736358642583,203.1005632987505,-3.8531015495697143,-6.3335089780755665,173.67480799260477,200.67736358642583,227.67991918024688,0.0043673081171915,0.0624429084572388,0.099044281746546,0.0043577991029071,0.024456449765068,0.0514765104494877,0.4750899868995398,0.1785676004302486,0.0624429084572388,0.099044281746546,-0.0366013732893071,202.1489471435547,200.04909973144532,200.67736358642577,1.010496660144576,0.9968692838905576,0.0070622962046466,-0.1921054300268436,59021120.0,0.6476037730222564,0.0184260804425071,0.0243316456636339,0.0340650587115201,0.0139496698952046,-0.0018763117439558,-0.0423938377601351,-0.0728874227908884,4,4,0,0,1,xg_AAPL,0.43932554,2.6890671
2025-04-28,209.2281036376953,210.5822025692478,206.55974070372147,209.08871177088432,38743100,52.52770652403095,200.29104766845708,203.6841385691262,-2.940180968990859,-5.654843376258626,174.05891283152584,200.29104766845708,226.52318250538832,0.004109372565147,0.0879064582672166,0.060509732469806,0.0041009521542285,0.0219367756606667,0.0511659007283856,0.4287298106468462,0.187319472525876,0.0879064582672166,0.060509732469806,0.0273967257974105,205.53021240234375,201.2428970336914,200.29104766845705,1.021304182318219,1.00475233105181,0.0250404445808054,0.0136255536689315,54151840.0,0.7154530667840517,0.0043673081171915,0.0184260804425071,0.0243316456636339,-0.0193928217905168,-0.0389334766746828,0.0405945654037238,-0.0367342499221857,0,4,0,0,1,xg_AAPL,0.20266655,1.2405014
2025-04-29,210.29347229003903,211.31900144522857,207.46578477039023,207.7844034400983,36827600,53.27064103526197,199.74741821289064,204.31359892349883,-2.106436792920306,-4.945162059590962,174.92397892341845,199.74741821289064,224.57085750236288,0.0050919003414022,0.0574247338904883,0.042909459918099,0.0050789804561448,0.0212107319179817,0.0509709415863244,0.416125642027191,0.2400511359039824,0.0574247338904883,0.042909459918099,0.0145152739723892,207.81426086425785,202.1081283569336,199.74741821289064,1.028233067881599,1.0118184763796392,0.0383599289294215,-0.0494410617632559,47699310.0,0.7720782543814414,0.004109372565147,0.0043673081171915,0.0184260804425071,0.0340650587115201,0.0139496698952046,0.0220539589528094,-0.0498180955507414,1,4,0,0,1,xg_AAPL,0.34356248,2.102911
2025-04-30,211.57785034179688,212.65316547487808,205.7731479657814,208.39173986928208,52286500,54.201196147950085,199.21523742675785,205.00543239190816,-1.326755935255619,-4.221480834723894,176.01733881053423,199.21523742675785,222.41313604298148,0.0061075507374115,0.0386118730271776,0.0512515580032084,0.0060889752448787,0.0210976163392791,0.0509802103701198,0.4138312171506323,0.2894763637196981,0.0386118730271776,0.0512515580032084,-0.0126396849760308,209.38740234375,203.13963165283204,199.21523742675785,1.0307560402669012,1.019699267369129,0.0480776456541145,0.4197639813618048,47793570.0,1.0940069971755386,0.0050919003414022,0.004109372565147,0.0043673081171915,0.0243316456636339,-0.0193928217905168,-0.0018763117439558,0.1532883825808619,2,4,0,1,1,xg_AAPL,0.31500342,1.928104
2025-05-01,212.39431762695312,213.62892699621815,207.99348458901505,208.17271138967985,57365700,54.817161638417005,198.6890319824219,205.70913574762673,-0.635643845275041,-3.504313436834124,177.35220434552778,198.6890319824219,220.02585961931604,0.0038589449880375,0.0237560085422134,0.0980595560468962,0.0038515183596627,0.0144370421207299,0.0509837375009958,0.2831639982543389,0.2672761968533743,0.0237560085422134,0.0980595560468962,-0.0743035475046827,210.37311401367188,205.03636779785157,198.68903198242188,1.026028290849757,1.031946080526434,0.0550112741329162,0.0971417096191178,47556900.0,1.2062539820719769,0.0061075507374115,0.0050919003414022,0.004109372565147,0.0184260804425071,0.0340650587115201,-0.0389334766746828,-0.0423938377601351,3,5,1,0,0,xg_AAPL,0.38632202,2.3646379
2025-05-02,204.4588928222656,206.0917754590827,201.2827333487594,205.19567188008233,101010600,48.05266069127864,198.7965637207032,205.59006499283043,-0.7199557951482234,-2.947441908496944,177.36148548617754,198.7965637207032,220.2316419552288,-0.0373617566295969,-0.0187786104364312,0.0424917069683714,-0.0380775936581798,0.0205153514772377,0.0471375821618243,0.4352135880287959,-1.8210721663181009,-0.0187786104364312,0.0424917069683714,-0.0612703174048027,209.59052734375,205.8697372436523,198.79656372070312,1.018073516534847,1.0355799586802044,0.0527928302557619,0.7608187470910317,52441490.0,1.9261580858972176,0.0038589449880375,0.0061075507374115,0.0050919003414022,0.0043673081171915,0.0243316456636339,0.0139496698952046,0.0405945654037238,4,5,0,0,0,xg_AAPL,0.40365666,2.4707415
2025-05-05,198.02691650390625,203.21431440062256,197.34987465543003,202.2186538992821,69018500,43.37996640366319,199.3197830200195,204.8697651367424,-1.290899669645654,-2.616133460726686,178.53841010555865,199.3197830200195,220.10115593448043,-0.0314585305122953,-0.0535357676098108,0.0296645509362107,-0.0319639787887728,0.0223411359284521,0.0445329759454048,0.5016649749809134,-1.4080359466542194,-0.0535357676098108,0.0296645509362107,-0.0832003185460216,207.35028991699215,206.440251159668,199.3197830200195,1.00440824283158,1.0357238405127769,0.0405526028418173,-0.3167202254020865,54669090.0,1.2624775718783454,-0.0373617566295969,0.0038589449880375,0.0061075507374115,0.004109372565147,0.0184260804425071,-0.0193928217905168,0.0220539589528094,0,5,0,0,0,xg_AAPL,0.50346655,3.0816677
2025-05-06,197.6485595703125,199.77927242381972,196.16503515467957,197.3498735756035,51216500,43.114375028744846,200.16858291625977,204.1820312732729,-1.7536915811807887,-2.443645084817507,181.2948984599168,200.16858291625977,219.0422673726027,-0.0019106338687361,-0.0601298394192975,-0.0061580455563402,-0.0019124614579002,0.0195301807999486,0.0435421485134263,0.4485247729370474,-0.0978248006767288,-0.0601298394192975,-0.0061580455563402,-0.0539717938629572,204.8213073730469,206.31778411865236,200.16858291625977,0.9927467389590376,1.0307201115819713,0.0235403914245674,-0.257930844628614,54493100.0,0.9398712864564333,-0.0314585305122953,-0.0373617566295969,0.0038589449880375,0.0050919003414022,0.0043673081171915,0.0340650587115201,-0.0018763117439558,1,5,0,0,0,xg_AAPL,0.66405785,4.0646305
2025-05-07,195.39837646484375,198.574535944944,192.41139491378885,198.3057033514284,68536700,41.48754082548374,201.35491180419925,203.34549272008917,-2.2757945336040564,-2.4100749745748167,187.78585669838057,201.35491180419925,214.92396691001795,-0.0113847685526301,-0.0764705466607952,-0.040811344671603,-0.0114500711397909,0.017673478797599,0.0417919361003134,0.4228819615635101,-0.6441360270367193,-0.0764705466607952,-0.040811344671603,-0.0356592019891921,201.58541259765624,205.4864074707031,201.3549118041992,0.9810158008937744,1.020518474714545,0.0011796453871688,0.3381761736940243,56053850.0,1.2226938916773564,-0.0019106338687361,-0.0314585305122953,-0.0373617566295969,0.0061075507374115,0.004109372565147,0.0243316456636339,-0.0389334766746828,2,5,0,0,1,xg_AAPL,0.533439,3.2651258
2025-05-08,196.63299560546875,199.1818840286168,193.83517686729027,196.86199326420865,50478900,42.763664741103106,201.28720703125,202.70620728060152,-2.560426436294875,-2.4401452669188286,187.6341444055994,201.28720703125,214.94026965690065,0.0063184718469098,-0.0742078328534541,-0.0522147062224064,0.0062985939915094,0.0163288253317725,0.0238263747967388,0.6852968684576809,0.386928317880786,-0.0742078328534541,-0.0522147062224064,-0.0219931266310476,198.4331481933594,204.4031311035156,201.28720703125,0.9707930946168684,1.0154799905976233,-0.0145146486178601,-0.2634763564630337,56370640.0,0.8954821162221878,-0.0113847685526301,-0.0019106338687361,-0.0314585305122953,0.0038589449880375,0.0050919003414022,0.0184260804425071,0.0139496698952046,3,5,0,0,1,xg_AAPL,0.6974301,4.2688985
2025-05-09,197.66848754882812,199.66975978270045,196.68277813613463,198.13644922219603,36453900,43.86937858929232,201.69094848632815,202.22642444900404,-2.67164664450209,-2.4864455424354808,189.05411864994423,201.69094848632815,214.32777832271205,0.0052661148764525,-0.033211591727342,-0.0513665346207516,0.0052522973819533,0.0163898591407859,0.0216551916183836,0.7568209327660756,0.3212836393272824,-0.033211591727342,-0.0513665346207516,0.0181549428934096,197.07506713867187,203.33279724121093,201.69094848632812,0.969224197043256,1.008140418631598,-0.0233516298166445,-0.2778388594046225,56193800.0,0.6487174741697367,0.0063184718469098,-0.0113847685526301,-0.0019106338687361,-0.0373617566295969,0.0061075507374115,0.0043673081171915,-0.0193928217905168,4,5,0,0,1,xg_AAPL,0.4431747,2.7126274
2025-05-12,210.1504821777344,210.62903686932515,206.12274573806783,210.32994399020487,63775800,55.12350543968871,202.3339660644531,202.98109661364504,-1.7326241974069203,-2.3356812734297687,189.33637880076927,202.3339660644531,215.331553328137,0.0631461027687732,0.0612218070546435,0.0044084830097026,0.0612325337240937,0.027174583315589,0.0241920426567709,1.1232395900390664,2.323633757386541,0.0612218070546435,0.0044084830097026,0.0568133240449408,199.4997802734375,203.42503509521484,202.3339660644531,0.9807041703596604,1.0053924165674395,-0.0134864586635525,0.7494918239200743,58697070.0,1.0865244210656326,0.0052661148764525,0.0063184718469098,-0.0113847685526301,-0.0314585305122953,0.0038589449880375,0.004109372565147,0.0340650587115201,0,5,0,0,1,xg_AAPL,0.44066763,2.6972818
2025-05-13,212.28399658203125,212.75257189298435,208.36592688565332,209.79158118866215,51909300,56.72080865052897,202.86610794067383,203.86708708682468,-0.8069829636145869,-2.0299416114667324,189.1370631934422,202.86610794067383,216.59515268790545,0.0101523174355242,0.0740477797740402,0.009465459247574,0.0101011288246857,0.0273108383178992,0.0238540582746351,1.1448657137399911,0.3717185682397207,0.0740477797740402,0.009465459247574,0.0645823205264661,202.42686767578124,203.62408752441405,202.86610794067383,0.9941204409400276,1.0037363539500737,-0.002069116240342,-0.1860658745166662,60205240.0,0.862205681764563,0.0631461027687732,0.0052661148764525,0.0063184718469098,-0.0019106338687361,-0.0373617566295969,0.0050919003414022,0.0243316456636339,1,5,0,0,0,xg_AAPL,0.41777015,2.5571287
2025-05-14,211.68582153320312,213.29093762104833,209.94113079478424,211.78550901932945,49325800,56.11771354382737,203.38725814819335,204.61172846267024,-0.1202867534147174,-1.6480106398563297,189.1331984317113,203.38725814819335,217.64131786467544,-0.0028178056681582,0.0833550685682888,0.0005103142471285,-0.0028217831561656,0.0272811278374721,0.0238647896066437,1.1431060227681578,-0.1032839404955792,0.0833550685682888,0.0005103142471285,0.0828447543211603,205.68435668945312,203.6348846435547,203.38725814819335,1.010064444751133,1.0012175123339384,0.01085145204635,-0.0497695018041083,59909170.0,0.8233430708520779,0.0101523174355242,0.0631461027687732,0.0052661148764525,-0.0113847685526301,-0.0314585305122953,0.0061075507374115,0.0184260804425071,2,5,0,0,0,xg_AAPL,0.51837075,3.1728947
2025-05-15,210.8085021972656,212.31393091132972,208.90429308394448,210.31001909194575,45029500,55.190831604537415,204.2563354492187,205.20189738977456,0.3491082990421716,-1.2485868520766292,190.4466677587509,204.2563354492187,218.0660031396866,-0.0041444407073806,0.0720911897219889,-0.0074663740885612,-0.0041530527046136,0.0272851507201821,0.0218455159064492,1.248947467734542,-0.1518880676824523,0.0720911897219889,-0.0074663740885612,0.0795575638105501,208.5194580078125,203.4763031005859,204.2563354492187,1.024784974124154,0.9961811106278916,0.0202227259060192,-0.0871004626382137,58675550.0,0.7674320905385503,-0.0028178056681582,0.0101523174355242,0.0631461027687732,0.0063184718469098,-0.0019106338687361,0.0038589449880375,0.0043673081171915,3,5,0,0,0,xg_AAPL,0.391777,2.3980274
2025-05-16,210.61907958984375,211.9251181254035,209.13360964796243,211.71574852428404,54737900,54.979684326832825,204.981029510498,205.71781950406685,0.6977788780212961,-0.8593137060570443,191.44959732091556,204.981029510498,218.5124617000804,-0.0008985529779277,0.0655167255115287,0.0301292190451856,-0.0008989569186477,0.0240436112455069,0.0217608994015567,1.1048489289398578,-0.0373702435341159,0.0655167255115287,0.0301292190451856,0.0353875064663431,211.1095764160156,204.09232177734376,204.98102951049805,1.034382746874365,0.9956644391177244,0.0290977765046367,0.2156008838650218,54048280.0,1.012759332951927,-0.0041444407073806,-0.0028178056681582,0.0101523174355242,0.0052661148764525,-0.0113847685526301,-0.0373617566295969,0.004109372565147,4,5,0,0,0,xg_AAPL,0.4247649,2.599943
2025-05-19,208.14659118652344,208.84446444770495,203.64029993754312,207.27923550566183,46140500,52.17387117681171,205.77227020263672,205.94913109287225,0.7657663948708944,-0.5342976858714565,193.57247512345612,205.77227020263672,217.97206528181732,-0.0117391473181593,-0.0095355050840005,0.0511025211182216,-0.0118085951486248,0.0215635446256568,0.0213959238593901,1.00778713647633,-0.5443726042882668,-0.0095355050840005,0.0511025211182216,-0.0606380262022222,210.70879821777345,205.10428924560543,205.77227020263672,1.0273251670785724,0.9967537853551722,0.0237165931327361,-0.1570648490351291,51760480.0,0.8914233407417997,-0.0008985529779277,-0.0041444407073806,-0.0028178056681582,0.0631461027687732,0.0063184718469098,-0.0314585305122953,0.0050919003414022,0,5,0,0,0,xg_AAPL,0.47042322,2.879413
2025-05-20,206.232421875,207.83753801206535,204.40797196423648,207.03996203611737,42496600,50.04453641463901,206.14022979736328,205.9761111673606,0.6576090183224608,-0.2959163450326731,194.38059009482717,206.14022979736328,217.89986949989935,-0.0091962558724207,-0.0285069755820843,0.0434299259420296,-0.0092388024806746,0.021950052309897,0.0203777904941718,1.0771028003931111,-0.4189437363909198,-0.0285069755820843,0.0434299259420296,-0.071936901524114,209.4984832763672,205.96267547607425,206.14022979736328,1.017167226013743,0.9991386721482576,0.0162838289366517,-0.0789740033159588,50888490.0,0.8350925720138123,-0.0117391473181593,-0.0008985529779277,-0.0041444407073806,0.0101523174355242,0.0052661148764525,-0.0019106338687361,0.0061075507374115,1,5,0,0,0,xg_AAPL,0.46593124,2.8519177
2025-05-21,201.47689819335935,206.4118779017609,200.10109516487896,204.54755595275296,59211800,45.117982530355825,206.0284675598145,205.5476146936462,0.1860181986357076,-0.1995294362989969,194.12999717504235,206.0284675598145,217.92693794458657,-0.0230590497769698,-0.048226769586656,0.0311083532959099,-0.0233290686604625,0.0231638941568614,0.0204012937724975,1.1353573483039752,-0.9954308282535228,-0.048226769586656,0.0311083532959099,-0.079335122882566,207.45669860839843,206.57052764892575,206.0284675598145,1.0042899196199893,1.002630996073171,0.0070888080042471,0.3933302899526079,49956000.0,1.1852790455600692,-0.0091962558724207,-0.0117391473181593,-0.0008985529779277,-0.0028178056681582,0.0631461027687732,-0.0113847685526301,0.0038589449880375,2,5,0,0,0,xg_AAPL,0.3890753,2.3814905
2025-05-22,200.7491149902344,202.1348974021487,199.0941474443519,200.1010930441042,46742400,44.397646924067494,205.692635345459,205.0906147218927,-0.2436384335463515,-0.2083512357484679,193.58761525885768,205.692635345459,217.7976554320603,-0.003612241451258,-0.0477181285488098,0.0209330045147884,-0.003618781349286,0.023233010662823,0.0199229835646541,1.166082605289801,-0.1554721439909651,-0.0477181285488098,0.0209330045147884,-0.0686511330635982,205.4448211669922,206.98213958740232,205.692635345459,0.9925727001205292,1.0062690831870458,-0.0012344471779058,-0.2105897810909311,49582350.0,0.942722561556664,-0.0230590497769698,-0.0091962558724207,-0.0117391473181593,-0.0041444407073806,0.0101523174355242,0.0063184718469098,-0.0373617566295969,3,5,0,0,0,xg_AAPL,0.6183382,3.7847855
2025-05-23,194.6775665283203,197.1001867487955,192.87306039619787,193.08241474951325,78432900,38.82817173329384,205.00792236328124,204.0988958463144,-1.0618275419494123,-0.3790464969886568,192.02370750252737,205.00792236328124,217.99213722403513,-0.0302444594199553,-0.0756888364177057,-0.0151309956260428,-0.0307112592676634,0.0253484344715787,0.0208710197794961,1.2144696459362323,-1.1931019389748063,-0.0756888364177057,-0.0151309956260428,-0.0605578407916629,202.2565185546875,206.68304748535155,205.00792236328124,0.9785830091799,1.008171026284057,-0.0141331323257191,0.677981875128363,53780250.0,1.458395972499171,-0.003612241451258,-0.0230590497769698,-0.0091962558724207,-0.0008985529779277,-0.0028178056681582,0.0052661148764525,-0.0314585305122953,4,5,0,0,1,xg_AAPL,0.36607966,2.2407365
2025-05-27,199.60260009765625,200.1309909415137,196.83102019804124,197.6983910952664,56288500,44.86960317790918,204.52664718627932,203.67067720358503,-1.2978781251449618,-0.5628128226199178,191.48762250730368,204.52664718627932,217.56567186525496,0.0252984134595677,-0.0410479510625796,-0.0501920432005352,0.0249837053012829,0.0156285285209455,0.0217790349923837,0.7175621401164236,1.6186293416122384,-0.0410479510625796,-0.0501920432005352,0.0091440921379556,200.54772033691407,205.62825927734377,204.5266471862793,0.975292603466641,1.005386154353086,-0.0199342435790842,-0.2823356015141605,53031520.0,1.0614159277350326,-0.0302444594199553,-0.003612241451258,-0.0230590497769698,-0.0117391473181593,-0.0041444407073806,0.0631461027687732,-0.0019106338687361,1,5,0,0,1,xg_AAPL,0.78309906,4.7932696
2025-05-28,199.8119659423828,202.11495545301855,199.29353925378825,199.98144837254895,45339700,45.11774596328564,204.00257186889647,203.30318089299433,-1.451325857982141,-0.7405154296923625,191.09761051828772,204.00257186889647,216.9075332195052,0.0010489134140743,-0.031132136616757,-0.0587516291404894,0.001048363688775,0.0148940404356698,0.0217271818835165,0.6854710861459028,0.0704203132985415,-0.031132136616757,-0.0587516291404894,0.0276194925237324,199.2636291503906,204.3810562133789,204.0025718688965,0.9749613434933736,1.001855292024091,-0.0237170116221787,-0.1945122005382982,52374560.0,0.8656817355601486,0.0252984134595677,-0.0302444594199553,-0.003612241451258,-0.0091962558724207,-0.0008985529779277,0.0101523174355242,-0.0113847685526301,2,5,0,0,0,xg_AAPL,0.5394632,3.3019996
2025-05-29,199.34336853027344,203.19165828241367,197.90773491315443,202.96236033905296,51396800,44.63351742266654,203.3908477783203,202.92605590606857,-1.5923901048122389,-0.910890364716338,190.84287805378608,203.3908477783203,215.9388175028546,-0.002345191940329,-0.0105894506130342,-0.0583055252049262,-0.0023479462099844,0.014905781249954,0.0216364065738736,0.6888894562785652,-0.1573238314164051,-0.0105894506130342,-0.0583055252049262,0.0477160745918919,198.83692321777343,203.14681091308591,203.3908477783203,0.9787843694127374,0.9988001580803658,-0.0228446253021719,0.1335937379382747,52581660.0,0.9774662876751898,0.0010489134140743,0.0252984134595677,-0.0302444594199553,-0.0230590497769698,-0.0117391473181593,-0.0028178056681582,0.0063184718469098,3,5,0,0,1,xg_AAPL,0.61886394,3.7880034
2025-05-30,200.24066162109375,201.3472946799051,196.18300200128655,198.7651407343476,70819900,45.83235963747562,202.78316497802737,202.67030406940427,-1.613184694316658,-1.051349230636402,190.91218780207697,202.78316497802737,214.6541421539778,0.0045012437455829,-0.0025327801278993,-0.0501300491489803,0.004491143445886,0.0152646403461995,0.0216472130460652,0.7051224188212617,0.2948611157804147,-0.0025327801278993,-0.0501300491489803,0.0475972690210809,198.7352325439453,202.09002685546875,202.78316497802737,0.9833995058354724,0.996581875410448,-0.0202153368916736,0.3779048501073996,55160700.0,1.2838832719671562,-0.002345191940329,0.0010489134140743,0.0252984134595677,-0.003612241451258,-0.0091962558724207,-0.0041444407073806,0.0052661148764525,4,5,0,0,1,xg_AAPL,0.2700221,1.6527778
2025-06-02,201.08807373046875,201.5167770946723,199.5128653541447,199.67238359256916,35423300,46.9995446961585,202.6146240234375,202.51961546569612,-1.5434930540714902,-1.1497779953234195,190.7481065966268,202.6146240234375,214.4811414502482,0.0042319681852556,0.032928843915952,-0.0452523383823323,0.0042230385922001,0.0155030860963312,0.0200858461379739,0.7718028997604991,0.2729582484876054,0.032928843915952,-0.0452523383823323,0.0781811822982844,200.017333984375,201.13692626953124,202.6146240234375,0.9944336810454388,0.9927068553860392,-0.0129161814068785,-0.4998114936620921,53229240.0,0.6654857367867612,0.0045012437455829,-0.002345191940329,0.0010489134140743,-0.0302444594199553,-0.0230590497769698,-0.0008985529779277,0.0631461027687732,0,6,0,0,1,xg_AAPL,0.39418632,2.4127743
2025-06-03,202.6533203125,203.1518034040851,200.35033086337637,200.73914706631285,46381600,49.1778830353797,202.84594421386723,202.5323492606298,-1.3464387019900812,-1.189110136656752,191.17725577675105,202.84594421386723,214.51463265098343,0.0077838857023875,0.0152839703157732,-0.0263913564123701,0.0077537475576283,0.0157195455104408,0.0187921474091873,0.8364509237423428,0.4951409413380632,0.0152839703157732,-0.0263913564123701,0.0416753267281433,200.62747802734376,200.5875991821289,202.8459442138672,1.0001988101227466,0.9888666986146036,-0.0109471001170988,0.3093528835540449,53253350.0,0.8709611695789867,0.0042319681852556,0.0045012437455829,-0.002345191940329,0.0252984134595677,-0.003612241451258,-0.0117391473181593,0.0101523174355242,1,6,0,0,0,xg_AAPL,0.14212003,0.8699023
2025-06-04,202.2046813964844,205.6143037964219,201.48686455307688,202.29440469878628,43604000,48.561799828337634,203.07375030517585,202.50114279737787,-1.2124962177111058,-1.1937873528676228,191.657120003956,203.07375030517585,214.4903806063957,-0.0022138246505104,0.0119748356551956,-0.0195301031811422,-0.0022162787829831,0.0155461014019989,0.0187950125675069,0.8270957122508977,-0.1423946878114404,0.0119748356551956,-0.0195301031811422,0.0315049388363378,201.10602111816405,200.18482513427733,203.0737503051758,1.0046017273450614,0.9857740098532822,-0.0097313730494369,-0.0598858167894165,53364090.0,0.8171037864601305,0.0077838857023875,0.0042319681852556,0.0045012437455829,0.0010489134140743,-0.0302444594199553,-0.0091962558724207,-0.0028178056681582,2,6,0,0,0,xg_AAPL,0.17645913,1.0800885
2025-06-05,200.0213165283203,204.12881205428337,199.54276184010465,202.8826044104843,55126100,45.5698054411146,203.30489730834964,202.26496886699144,-1.267909460620018,-1.208611774418102,192.36535257668265,203.30489730834964,214.24444204001665,-0.0107977958427328,0.0034009056987713,-0.0072245586371997,-0.010856515115293,0.0141051898662242,0.0187746023195362,0.7512509919081325,-0.7654650862588361,0.0034009056987713,-0.0072245586371997,0.0106254643359711,201.24161071777343,200.03926696777344,203.3048973083496,1.0060105386718583,0.983937276554518,-0.0103153335173856,0.2642441060453169,52955520.0,1.0409887392286763,-0.0022138246505104,0.0077838857023875,0.0042319681852556,-0.002345191940329,0.0252984134595677,-0.0230590497769698,-0.0041444407073806,3,6,0,0,1,xg_AAPL,0.14003354,0.8571311
2025-06-06,203.30133056640625,205.07592905349443,201.4370087789868,202.3841235560851,46607700,50.5035237489848,203.63831405639652,202.36366998122145,-1.0352217423609602,-1.1739337680066737,193.15813536388765,203.63831405639652,214.1184927489054,0.016398322413909,0.0152849522196649,0.0127134586685275,0.0162653219449069,0.0150252810027467,0.0190487438162257,0.7887392685012832,1.0913094471553857,0.0152849522196649,0.0127134586685275,0.0025714935511373,201.8537445068359,200.29448852539065,203.6383140563965,1.0077848172105228,0.9835795854699532,-0.0087779531230251,-0.1545257146796164,52942050.0,0.8803531408398262,-0.0107977958427328,-0.0022138246505104,0.0077838857023875,0.0045012437455829,0.0010489134140743,-0.003612241451258,-0.0008985529779277,4,6,0,0,0,xg_AAPL,0.2637691,1.6145039
2025-06-09,200.8388214111328,205.3750202901374,199.41316716451473,203.76990423179717,72862600,47.05504546756748,203.79683074951177,202.21844630787965,-1.0375586279933486,-1.1466587400040087,193.60490442491695,203.79683074951177,213.98875707410653,-0.0121126071748413,-0.0012395181609329,0.0316485098549668,-0.0121865626032198,0.0114571742386468,0.0192791161488446,0.5942481959235205,-1.0571149401784408,-0.0012395181609329,0.0316485098549668,-0.0328880280158997,201.80389404296875,200.91061401367188,203.7968307495117,1.0044461564844758,0.9858377741929298,-0.0099230651352173,0.5633167910023451,52385020.0,1.390905262611308,0.016398322413909,-0.0107977958427328,-0.0022138246505104,0.0042319681852556,-0.002345191940329,-0.0302444594199553,-0.0117391473181593,0,6,0,0,1,xg_AAPL,0.34312442,2.1002297
2025-06-10,202.0551300048828,203.73004106569937,199.96151019448257,199.99141796230995,54672600,48.91065565518258,203.39206314086917,202.2028923742609,-0.9305380251783504,-1.103434597038877,193.6285880353039,203.39206314086917,213.15553824643445,0.0060561428572623,-0.0029517912990261,0.0122870639261545,0.006037878129546,0.008585500569461,0.0126884212313263,0.6765872464116843,0.7053097834526116,-0.0029517912990261,0.0122870639261545,-0.0152388552251806,201.68425598144532,201.15586700439457,203.3920631408691,1.0026267639364417,0.9890054896836076,-0.0084521841112499,-0.2496479675443917,52223430.0,1.0468979153609588,-0.0121126071748413,0.016398322413909,-0.0107977958427328,0.0077838857023875,0.0045012437455829,0.0252984134595677,-0.0091962558724207,1,6,0,0,0,xg_AAPL,0.522943,3.2008812
2025-06-11,198.1769256591797,203.8795731269679,197.80805305990708,202.88260699920767,60989900,43.65671871508804,202.68670959472655,201.8194669728246,-1.1454579790383264,-1.111839273438767,193.61417643392832,202.68670959472655,211.75924275552484,-0.0191937930287114,-0.0199192012246594,-0.0081828947305118,-0.0193803853421474,0.0107524447174974,0.0129178220353082,0.8323084479459595,-1.7848971685770951,-0.0199192012246594,-0.0081828947305118,-0.0117363064941475,200.8787048339844,200.99236297607425,202.68670959472655,0.9994345151208388,0.9916405637940436,-0.0091231850263513,0.1155478246873205,53788450.0,1.1338846908583324,0.0060561428572623,-0.0121126071748413,0.016398322413909,-0.0022138246505104,0.0042319681852556,0.0010489134140743,-0.0230590497769698,2,6,0,0,1,xg_AAPL,0.33561215,2.0542479
2025-06-12,198.5956573486328,199.07419684911244,196.7612432530472,198.476026276637,43904600,44.351779010051246,202.03220138549807,201.51243748480633,-1.2673858083564369,-1.142948580422301,193.84798489198133,202.03220138549807,210.2164178790148,0.0021129184846335,-0.0071275362267982,-0.0037508706065989,0.0021106894117188,0.0107722414660546,0.0129754926694415,0.8301350557860879,0.1961265317677288,-0.0071275362267982,-0.0037508706065989,-0.0033766656201993,200.59357299804688,200.91759185791017,202.03220138549804,0.9983873046811528,0.9944830105302812,-0.0072440072792007,-0.2801332679673192,53039230.0,0.8277759688441777,-0.0191937930287114,0.0060561428572623,-0.0121126071748413,-0.0107977958427328,0.0077838857023875,-0.002345191940329,-0.003612241451258,3,6,0,0,0,xg_AAPL,0.35781562,2.1901531
2025-06-13,195.85400390625,199.76210952406473,195.1062792678608,199.1240517744725,51447300,40.802587299478176,201.2844764709473,200.97353904875337,-1.567177563956932,-1.2277943771292272,193.771309567609,201.2844764709473,208.79764337428563,-0.013805203391582,-0.0366319622178943,-0.0219069277904425,-0.0139013814092159,0.0113985457030144,0.0131941524209783,0.86384342820417,-1.2110310139755365,-0.0366319622178943,-0.0219069277904425,-0.0147250344274517,199.10410766601564,200.4789260864258,201.28447647094723,0.9931423294844592,0.9959979507677644,-0.0111326230837501,0.1717974881903035,51101970.0,1.0067576651154349,0.0021129184846335,-0.0191937930287114,0.0060561428572623,0.016398322413909,-0.0022138246505104,0.0045012437455829,-0.0302444594199553,4,6,0,0,1,xg_AAPL,0.21205772,1.2979838
2025-06-16,197.81802368164065,198.08720880439395,195.9636660151664,196.701426450214,43020700,44.24468109620522,200.64442367553715,200.67301377569495,-1.6275236289807822,-1.3077402274995382,194.40676903376377,200.64442367553715,206.88207831731057,0.0100279786791122,-0.0150409054796649,-0.0162617801650989,0.0099780321319711,0.0118958546593671,0.0135332894670243,0.8789419413816159,0.8429100771788074,-0.0150409054796649,-0.0162617801650989,0.0012208746854339,198.4999481201172,200.15192108154295,200.6444236755371,0.991746404668518,0.997545396054512,-0.0108406479627515,-0.1637909083664254,51861710.0,0.82952721767175,-0.013805203391582,0.0021129184846335,-0.0191937930287114,-0.0121126071748413,-0.0107977958427328,0.0042319681852556,0.0252984134595677,0,6,0,0,0,xg_AAPL,0.33143643,2.0286887
2025-06-17,195.0464630126953,197.7881200100286,194.6177748569289,196.60172782081943,38856200,40.65240707631946,199.98941726684575,200.13715179826644,-1.8773491905081416,-1.4216620201012589,194.34581685568648,199.98941726684575,205.63301767800505,-0.0140106579641385,-0.0346869044701717,-0.0375363072663926,-0.0141097337321802,0.0119869610411481,0.0136193692497975,0.880076069988068,-1.1687273520532475,-0.0346869044701717,-0.0375363072663926,0.0028494027962209,197.09821472167968,199.3912353515625,199.9894172668457,0.988499892556261,0.9970089321552198,-0.0148231477798078,-0.0968022370626233,51109170.0,0.7602588733098041,0.0100279786791122,-0.013805203391582,0.0021129184846335,0.0060561428572623,0.016398322413909,0.0077838857023875,0.0010489134140743,1,6,0,0,1,xg_AAPL,0.30109984,1.8430015
2025-06-18,195.9835968017578,196.97059871241268,194.4781834746436,195.3455391093887,45394700,42.35660423172388,199.4769760131836,199.74157513193228,-1.976930063910544,-1.532715628863116,194.38605236839717,199.4769760131836,204.5678996579701,0.0048046694853498,-0.011067528927126,-0.0307662738160262,0.0047931638998894,0.0122888196443658,0.0136523744621425,0.9000573212460966,0.3909471110548405,-0.011067528927126,-0.0307662738160262,0.0196987448889002,196.6595489501953,198.76912689208984,199.4769760131836,0.989386792733462,0.9964514745749556,-0.0143758309826213,0.1682743037147225,51288240.0,0.8850898373584104,-0.0140106579641385,0.0100279786791122,-0.013805203391582,-0.0191937930287114,-0.0121126071748413,-0.0022138246505104,-0.002345191940329,2,6,0,0,1,xg_AAPL,0.23574522,1.4429725
2025-06-20,200.3902130126953,201.0880863339216,196.26277341287405,197.63859168364695,96813500,49.67460180326112,199.42264175415045,199.80335016819544,-1.680895209277395,-1.5623515449459715,194.3988371411129,199.42264175415045,204.44644636718803,0.0224846175029378,0.0090362281231164,0.0018442858530169,0.0222355648147507,0.0143002934714539,0.0138321591744811,1.033769169506455,1.57220866404974,0.0090362281231164,0.0018442858530169,0.0071919422700994,197.01846008300785,198.80601654052737,199.4226417541504,0.9910085394364556,0.9969079478227793,-0.0119975004517324,1.1327049192967462,55456980.0,1.7457405722417314,0.0048046694853498,-0.0140106579641385,0.0100279786791122,0.0021129184846335,0.0060561428572623,-0.0107977958427328,0.0045012437455829,4,6,0,0,1,xg_AAPL,0.043427408,0.26581475
2025-06-23,200.888671875,201.686247808318,198.3563846401482,201.01828233775663,55814300,50.44103396085019,199.42961959838868,199.90671414027207,-1.3900404685202543,-1.5278893296608285,194.39767637187896,199.42961959838868,204.4615628248984,0.0024874411519943,0.0257062294787702,-0.0118674023661551,0.002484352590935,0.0131913360202322,0.0138197236312793,0.9544605891964512,0.1885519856513334,0.0257062294787702,-0.0118674023661551,0.0375736318449253,198.0253936767578,198.56475067138672,199.42961959838868,0.9972837223484772,0.9956632874858627,-0.0069900702141365,-0.4234863939429935,56377640.0,0.9900077406574488,0.0224846175029378,0.0048046694853498,-0.0140106579641385,-0.013805203391582,-0.0191937930287114,0.016398322413909,0.0042319681852556,0,6,0,0,0,xg_AAPL,0.46242616,2.8304636
2025-06-24,199.6923065185547,202.82277936444737,199.59260382672892,201.9753521214132,54064000,48.530645203372,199.68035659790044,199.8862943667752,-1.2417584582586585,-1.4706631553803946,195.17301136001257,199.68035659790044,204.18770183578832,-0.0059553649555199,0.0094747829446037,-0.0057086318497713,-0.0059731688624307,0.012757528778643,0.0119513216608736,1.067368260377838,-0.466775210437184,0.0094747829446037,-0.0057086318497713,0.0151834147943751,198.40025024414064,198.4500991821289,199.6803565979004,0.9997488087020682,0.993838866092127,-0.0064103939509597,-0.0313593469773875,54497780.0,0.9920404097194236,0.0024874411519943,0.0224846175029378,0.0048046694853498,0.0100279786791122,0.0021129184846335,-0.0121126071748413,0.0077838857023875,1,6,0,0,1,xg_AAPL,0.38229305,2.339977
2025-06-25,200.948486328125,203.052085424857,200.0113357524488,200.8388194477268,39525700,50.644363907072005,199.74765090942384,199.98745550595137,-1.011223924575063,-1.3787753092193284,195.2051428693706,199.74765090942384,204.29015894947707,0.0062905768953778,0.0302595762274628,-0.0054769392726187,0.006270873802582,0.0127711214338888,0.0106283864924564,1.2014918681292104,0.4925240437102901,0.0302595762274628,-0.0054769392726187,0.0357365155000816,199.58065490722657,198.3394348144531,199.74765090942384,1.0062580600470836,0.9929500242503012,-0.0008310388659737,-0.2689090707309854,52983090.0,0.7460059426507449,-0.0059553649555199,0.0024874411519943,0.0224846175029378,-0.0140106579641385,-0.013805203391582,0.0060561428572623,-0.0022138246505104,2,6,0,0,0,xg_AAPL,0.18316074,1.1211083
2025-06-26,200.3902130126953,202.02523702778157,198.85489170599743,200.81890119127095,50799100,49.66812529976986,199.7765632629395,200.02581336373652,-0.8636164042637802,-1.2757435282282188,195.2249797838081,199.7765632629395,204.3281467420709,-0.00277819119532,0.0224846175029378,0.0111682394211825,-0.0027820575310864,0.0110347961994995,0.010650322744625,1.036002425620617,-0.2517436118878363,0.0224846175029378,0.0111682394211825,0.0113163780817553,200.46197814941405,198.56076354980468,199.77656326293945,1.0095749762723516,0.9939142024806256,0.0034204010074642,0.2852169601044383,51964010.0,0.9775823690280836,0.0062905768953778,-0.0059553649555199,0.0024874411519943,0.0048046694853498,0.0100279786791122,-0.0191937930287114,-0.0107977958427328,3,6,0,0,0,xg_AAPL,0.36167803,2.2137945
2025-06-27,200.469970703125,202.6034778198992,199.39324535272064,201.27751091280393,73188600,49.816955903350625,199.8328933715821,200.0681140627259,-0.7317652674128112,-1.1669478760651373,195.2760009084056,199.8328933715821,204.38978583475856,0.0003980119050257,0.0003980119050257,0.0094378365545115,0.0003979327192986,0.0110317682086909,0.0106334924713176,1.037357282300483,0.0360754343331731,0.0003980119050257,0.0094378365545115,-0.0090398246494858,200.4779296875,198.7481948852539,199.83289337158203,1.0087031472323296,0.9945719722712958,0.0032176206424112,0.4407459974684591,54892410.0,1.3333100149911192,-0.00277819119532,0.0062905768953778,-0.0059553649555199,0.0224846175029378,-0.0140106579641385,0.0021129184846335,0.016398322413909,4,6,0,0,1,xg_AAPL,0.30045822,1.8390743
2025-06-30,204.5475311279297,206.7607970676305,198.65545787730727,201.3971146284011,91912800,56.84302827369296,200.04823684692383,200.4947252117929,-0.2948484138566698,-0.992527983623444,195.02682783192972,200.04823684692383,205.069645861918,0.0203400060892069,0.0182133677264109,0.0443877942155375,0.0201359110541208,0.0112246489775568,0.0115134590972072,0.9748307656309536,1.8119225115511963,0.0182133677264109,0.0443877942155375,-0.0261744264891266,201.2097015380859,199.61754760742187,200.04823684692383,1.0079760218966085,0.9978470730545276,0.0056782141772011,0.2558349251112879,58938960.0,1.5594574454655874,0.0003980119050257,-0.00277819119532,0.0062905768953778,0.0024874411519943,0.0048046694853498,-0.013805203391582,-0.0121126071748413,0,6,0,1,1,xg_AAPL,0.48969936,2.9974
2025-07-01,207.18951416015625,209.55231908550664,205.51460310500556,206.04299395149744,78788900,60.68398497243375,200.3533088684082,201.1323241592561,0.2615819373846477,-0.7417059994218256,194.40928387183243,200.3533088684082,206.29733386498395,0.012916230362977,0.0375437981177555,0.0473743004004409,0.012833527240029,0.0114207466011515,0.011796969879108,0.968026424730542,1.1308454664608658,0.0375437981177555,0.0473743004004409,-0.0098305022826854,202.70914306640623,200.55469665527343,200.3533088684082,1.0107424380832928,1.0010051632688408,0.0113704315951868,-0.1427864236537239,62515780.0,1.2603041983959689,0.0203400060892069,0.0003980119050257,-0.00277819119532,-0.0059553649555199,0.0224846175029378,0.0100279786791122,0.0060561428572623,1,7,1,0,1,xg_AAPL,0.5472474,3.3496459
2025-07-02,211.7954864501953,212.69274987948137,207.5085290616707,208.2761972389462,67941800,66.31293732744834,200.81041717529297,202.14786342505985,1.0619786409827157,-0.3809690713409173,193.00652175670348,200.81041717529297,208.6143125938824,0.022230721031947,0.0539790088508478,0.0858719670113157,0.0219872207372047,0.0105407096050833,0.0126121488443869,0.8356921602312001,2.1088345121200316,0.0539790088508478,0.0858719670113157,-0.0318929581604678,204.8785430908203,202.22959899902344,200.81041717529297,1.0130986962586503,1.0070672719258962,0.0192078026954742,-0.137672946316042,65424340.0,1.0384789514116453,0.012916230362977,0.0203400060892069,0.0003980119050257,0.0062905768953778,0.0024874411519943,-0.0140106579641385,-0.0191937930287114,2,7,0,0,1,xg_AAPL,0.39107534,2.3937325
2025-07-03,212.9021148681641,213.9987684566969,211.16738836812712,211.5063531929921,34955800,67.51627920366808,201.34528884887695,203.1720778482126,1.765245805166927,0.0482739039606515,191.85488207118743,201.34528884887695,210.8356956265665,0.0052249858413719,0.0624376892831393,0.0863261943473758,0.0052113829654993,0.0105259539273164,0.0125821755696938,0.8365101376053123,0.4963435650472129,0.0624376892831393,0.0863261943473758,-0.0238885050642365,207.38092346191405,203.92145080566405,201.34528884887695,1.0169647314815686,1.0127947466340803,0.0283493408075094,-0.4855037694026357,64380450.0,0.5429567516225726,0.022230721031947,0.012916230362977,0.0203400060892069,-0.00277819119532,-0.0059553649555199,0.0048046694853498,0.0021129184846335,3,7,0,0,0,xg_AAPL,0.14295651,0.8750223
2025-07-07,209.31304931640625,215.57399579559095,208.16654427869605,212.03476276559877,50229000,60.02704969843885,201.80987548828125,203.75693227375487,2.009814612804462,0.4405820457294137,191.70268536305355,201.80987548828125,211.91706561350895,-0.0168578201018825,0.0441117369462626,0.0445273058477444,-0.0170015305371604,0.0119215928728626,0.0129895898733856,0.9177098953209948,-1.4139390887239829,0.0441117369462626,0.0445273058477444,-0.0004155689014817,209.1495391845703,204.81373443603516,201.80987548828125,1.021169501940258,1.0148845983898758,0.0350654855025025,0.4369289216667906,59722000.0,0.8410468504068712,0.0052249858413719,0.022230721031947,0.012916230362977,0.0003980119050257,0.0062905768953778,0.0224846175029378,-0.013805203391582,0,7,0,0,0,xg_AAPL,0.24776396,1.516538
2025-07-08,209.3728485107422,210.78853856973336,207.81758380403343,209.4625870226643,42848900,60.106451422769645,202.113451385498,204.29178143918224,2.1832947868514907,0.7891245939538291,191.46728979144663,202.113451385498,212.75961297954944,0.0002856926241876,0.0235902010462039,0.0422332257790092,0.0002856518218212,0.0119816288552606,0.0125653652155947,0.9534681389326136,0.0238422325884043,0.0235902010462039,0.0422332257790092,-0.0186430247328053,210.1146026611328,205.6621520996094,202.11345138549805,1.0216493434308076,1.017557964053282,0.0382148465407358,-0.1469290648828366,58425460.0,0.7333943113156365,-0.0168578201018825,0.0052249858413719,0.022230721031947,0.0203400060892069,-0.00277819119532,0.0024874411519943,0.0100279786791122,1,7,0,0,1,xg_AAPL,0.28498846,1.7443855
2025-07-09,210.4994354248047,210.6888614301138,206.59132988433592,208.8943192909964,48749400,61.65192420249179,202.5964820861816,204.8829865806701,2.3842016310374845,1.1081400013705602,191.33497552303052,202.5964820861816,213.85798864933273,0.0053807689109446,0.015975331947011,0.0541189047022492,0.0053663442944573,0.0114369372935613,0.0121669970895333,0.9399194632779134,0.4704317546812892,0.015975331947011,0.0541189047022492,-0.0381435727552381,210.7765869140625,206.7428649902344,202.59648208618165,1.019510815640572,1.0204662137336074,0.0388604597032421,0.137704818560103,57894000.0,0.8420458078557218,0.0002856926241876,-0.0168578201018825,0.0052249858413719,0.012916230362977,0.0003980119050257,-0.0059553649555199,-0.0140106579641385,2,7,0,0,1,xg_AAPL,0.2241736,1.3721439
2025-07-10,211.7655792236328,212.8323250717279,209.39279496736208,209.87133445003573,44443600,63.36945708367672,203.0820045471191,205.5384715942856,2.615439813357085,1.4095999637678651,191.10424527261736,203.0820045471191,215.05976382162092,0.0060149510438018,-0.0001412080449104,0.0538301785356312,0.0059969334396772,0.0114347321075177,0.0121663530026314,0.9397879805940352,0.5259786594552808,-0.0001412080449104,0.0538301785356312,-0.0539713865805416,210.77060546875,207.82457427978517,203.0820045471191,1.0141755670578143,1.0233529787301543,0.0363071323952576,-0.0883251896433596,58385790.0,0.7612057659920203,0.0053807689109446,0.0002856926241876,-0.0168578201018825,0.022230721031947,0.0203400060892069,0.0062905768953778,0.0048046694853498,3,7,0,0,0,xg_AAPL,0.45317888,2.773862
2025-07-11,210.51937866210935,211.48643705736623,209.2233196075129,209.931172276849,39765800,60.4974333374635,203.6991271972656,206.0128436959831,2.6673917368949844,1.6611583183932892,191.5154035040667,203.6991271972656,215.88285089046445,-0.0058848117153517,-0.0111916981544791,0.0505472073567401,-0.0059021954533813,0.0117177554880343,0.0112515311370101,1.0413439736677566,-0.5021703645374724,-0.0111916981544791,0.0505472073567401,-0.0617389055112193,210.29405822753907,208.83749084472657,203.6991271972656,1.006974645102854,1.0252252609923305,0.0313269546594023,-0.1052524997974961,57282460.0,0.6942055212014168,0.0060149510438018,0.0053807689109446,0.0002856926241876,0.0052249858413719,0.012916230362977,-0.00277819119532,0.0224846175029378,4,7,0,0,0,xg_AAPL,0.34258115,2.0969045
2025-07-14,207.987060546875,210.27012140888863,206.9103353456299,209.29308368901172,38840100,55.03870765296766,204.1686973571777,206.200864348449,2.475688901563899,1.8240644350274111,192.08969531042248,204.1686973571777,216.24769940393293,-0.0120289074161614,-0.0063349551012791,0.0374973359719896,-0.0121018401806898,0.0128635394806203,0.0117492181915903,1.0947489885614925,-0.935043763850411,-0.0063349551012791,0.0374973359719896,-0.0438322910732688,210.0288604736328,209.58919982910157,204.1686973571777,1.002097725669499,1.026549135798428,0.0281756139110122,-0.0232787973585342,53847610.0,0.7212966369352192,-0.0058848117153517,0.0060149510438018,0.0053807689109446,-0.0168578201018825,0.022230721031947,0.0003980119050257,0.0024874411519943,0,7,0,0,1,xg_AAPL,0.34005964,2.0814705
2025-07-15,208.4755859375,211.24715053377864,208.28615994072268,208.5852528191871,42296300,55.86604144985606,204.79977645874024,206.4175044997872,2.336252079954761,1.926501964012881,193.24226967034528,204.79977645874024,216.3572832471352,0.0023488258805162,-0.0042854772222108,0.0192036285547421,0.0023460717008898,0.0114699650643881,0.0111163378597187,1.0317186730419623,0.2047627089204718,-0.0042854772222108,0.0192036285547421,-0.0234891057769529,209.8494079589844,209.98200531005855,204.79977645874024,0.9993685299324654,1.0253038794325169,0.0242216923268799,0.0889853527668569,48885960.0,0.865203424459684,-0.0120289074161614,-0.0058848117153517,0.0060149510438018,0.0002856926241876,0.0052249858413719,0.0203400060892069,-0.0059553649555199,1,7,0,0,1,xg_AAPL,0.5638599,3.451329
2025-07-16,209.52239990234375,211.75559423754484,208.00700716596057,209.6619745482938,47490500,57.66375847083142,205.38499526977543,206.7132088238402,2.2838892786820963,1.9979794269467244,194.1347835361724,205.38499526977543,216.63520700337844,0.0050212784395655,-0.0046415113679008,0.0112596708942722,0.0050087138635852,0.0108892846271239,0.011010015691468,0.9889446107648026,0.4610787147894446,-0.0046415113679008,0.0112596708942722,-0.015901182262173,209.65400085449215,210.21529388427737,205.3849952697754,0.997329913445336,1.0235182643608278,0.0203749364588536,0.1228050680555983,45756120.0,1.0379048748014246,0.0023488258805162,-0.0120289074161614,-0.0058848117153517,0.0053807689109446,-0.0168578201018825,0.012916230362977,0.0062905768953778,2,7,0,0,0,xg_AAPL,0.5554011,3.3995538
2025-07-17,209.38282775878903,211.15742622671817,208.95412441878605,209.93116216460888,48068100,57.328459175176675,206.1018135070801,206.9674582462163,2.205703103513315,2.0395241622600424,195.84187248011676,206.1018135070801,216.36175453404343,-0.0006661442577011,-0.0112518355134925,-0.0113914547087085,-0.0006663662303694,0.0079912653800622,0.0103111595120478,0.7749361683870363,-0.0833486159459815,-0.0112518355134925,-0.0113914547087085,0.0001396191952159,209.17745056152344,209.97402801513672,206.10181350708007,0.9962063048409212,1.0187878720820844,0.0146890606424827,0.0121624324864972,43768750.0,1.0982287591032165,0.0050212784395655,0.0023488258805162,-0.0120289074161614,0.0060149510438018,0.0002856926241876,0.022230721031947,-0.00277819119532,3,7,0,0,1,xg_AAPL,0.56341696,3.448618
2025-07-18,210.539306640625,211.1474566075158,209.06380098140497,210.23024956462243,48974600,59.43331731766696,206.82959899902343,207.30763428377904,2.2115646365786574,2.0739322571237655,197.57603691409344,206.82959899902343,216.08316108395343,0.0055232747318143,9.466101715815968e-05,-0.011098096554852,0.0055080773836708,0.0080180763951767,0.0103168181599103,0.7771096825810292,0.6887669426788943,9.466101715815968e-05,-0.011098096554852,0.0111927575720102,209.18143615722656,209.7377471923828,206.82959899902343,0.9973475874390604,1.0140605996793193,0.0111705372062307,0.018858660941456,45170630.0,1.0842133483637248,-0.0006661442577011,0.0050212784395655,0.0023488258805162,-0.0058848117153517,0.0053807689109446,0.0052249858413719,0.0003980119050257,4,7,0,0,1,xg_AAPL,0.21974155,1.3450158
2025-07-21,211.8353576660156,215.12534891613055,210.98794558852111,211.45652088357517,51377400,61.712655815812965,207.40185623168944,207.73884603446825,2.294342675774061,2.118014340853825,198.41323986807856,207.40185623168944,216.39047259530037,0.0061558625136106,0.0185025794826947,0.0120504113711348,0.0061369925927969,0.0060493393281884,0.009347494990756,0.6470923217234587,1.0174408706187084,0.0185025794826947,0.0120504113711348,0.0064521681115599,209.9510955810547,209.98997802734377,207.40185623168944,0.9998148366571856,1.0124787783613811,0.0120340597407936,0.0490621669191784,45285470.0,1.1345228392241236,0.0055232747318143,-0.0006661442577011,0.0050212784395655,-0.0120289074161614,0.0060149510438018,-0.0168578201018825,0.0203400060892069,0,7,0,0,1,xg_AAPL,0.33071074,2.024247
2025-07-22,213.74952697753903,214.29786137817433,211.58611235366487,212.49335516085276,46404100,64.85361919986103,208.0448989868164,208.3112918385702,2.485748176623929,2.191561108007846,199.17889545632352,208.0448989868164,216.91090251730927,0.0090361181089577,0.0252976434450225,0.0209037537480525,0.0089955366762604,0.0065149269164336,0.0094492879909385,0.6893892464103248,1.386774011563573,0.0252976434450225,0.0209037537480525,0.0043938896969699,211.0058837890625,210.42764587402343,208.0448989868164,1.0027479179964085,1.011453041621357,0.0138525911337208,-0.0967993709296305,45640990.0,1.0167198388991778,0.0061558625136106,0.0055232747318143,-0.0006661442577011,0.0023488258805162,-0.0058848117153517,0.0002856926241876,0.012916230362977,1,7,0,0,0,xg_AAPL,0.34736854,2.1262076
2025-07-23,213.5002899169922,214.4972560435483,211.76557859278188,214.3477172095632,46989300,64.11606918707928,208.73529815673828,208.80548213175325,2.587499978139334,2.2707488820341437,200.478357760652,208.73529815673828,216.99223855282457,-0.0011660239162682,0.0189855118903874,0.0142558790532218,-0.0011667042510641,0.0064763375205292,0.0092652923775912,0.6989135736954487,-0.1800159266940643,0.0189855118903874,0.0142558790532218,0.0047296328371655,211.80146179199215,210.72773132324215,208.73529815673828,1.0050953448889124,1.0095452622728325,0.0143614026774671,0.012610954635474,45464980.0,1.033527343463012,0.0090361181089577,0.0061558625136106,0.0055232747318143,0.0050212784395655,-0.0120289074161614,0.0053807689109446,0.022230721031947,2,7,0,0,0,xg_AAPL,0.3149927,1.9280384
2025-07-24,213.11148071289065,215.03563331063384,212.8821827557749,213.25105536667795,46022600,62.91404429472818,209.34344787597655,209.21557723471872,2.606716752467918,2.337942456120899,201.73513288115785,209.34344787597655,216.95176287079525,-0.0018211179209766,0.0178078259521696,0.0063556197102103,-0.0018227781721993,0.0063331527712985,0.0093090442712416,0.6802494796787876,-0.2875077357193669,0.0178078259521696,0.0063556197102103,0.0114522062419593,212.5471923828125,210.86232147216796,209.34344787597655,1.0079903839570832,1.0072554150206376,0.0150331858993187,-0.0205727686941494,45622880.0,1.0087613934060935,-0.0011660239162682,0.0090361181089577,0.0061558625136106,-0.0006661442577011,0.0023488258805162,0.0060149510438018,0.0052249858413719,3,7,0,0,0,xg_AAPL,0.40622804,2.4864805
2025-07-25,213.23110961914065,214.58698409364732,212.75255494872997,214.0486138925591,40268800,63.14299966643614,209.98549270629877,209.59800889037797,2.601609502626019,2.390675865421923,203.46960541661855,209.98549270629877,216.501379995979,0.0005613442591165,0.012785275212815,0.0128811464971294,0.0005611867643651,0.0059076650406729,0.0092298676745283,0.6399902207432357,0.0950035676844944,0.012785275212815,0.0128811464971294,-9.587128431443048e-05,213.08555297851564,211.13349456787108,209.98549270629883,1.0092456121878712,1.0054670532081849,0.0145384989917931,-0.1250211852437716,45673180.0,0.8816727891510755,-0.0018211179209766,-0.0011660239162682,0.0090361181089577,0.0055232747318143,0.0050212784395655,-0.0058848117153517,-0.0168578201018825,4,7,0,0,0,xg_AAPL,0.41688904,2.5517354
2025-07-28,213.4006195068359,214.1981955143971,212.41361748607304,213.38067592321025,37858000,63.486979286939224,210.63202514648432,209.9601622824216,2.581482280798184,2.428837148497175,205.7238667993468,210.63202514648432,215.54018349362184,0.0007949585217561,0.0073890490146037,0.0260283449639926,0.0007946427095903,0.0036567398813508,0.0092240619726867,0.3963919041603889,0.2173359909514818,0.0073890490146037,0.0260283449639926,-0.0186392959493888,213.3986053466797,211.6748504638672,210.6320251464844,1.008143409002227,1.0049509342971827,0.0129642557111071,-0.0598676891290527,45574970.0,0.8306752588098065,0.0005613442591165,-0.0018211179209766,-0.0011660239162682,0.0061558625136106,-0.0006661442577011,-0.0120289074161614,0.0002856926241876,0,7,0,0,0,xg_AAPL,0.48835588,2.9891768
2025-07-29,210.62904357910156,214.1582970701604,210.18041185237743,213.53020352524888,51411700,54.5264019047147,210.93610076904295,210.02386526305776,2.3152001124152832,2.406109741280797,206.9477680754304,210.93610076904295,214.9244334626555,-0.012987665800312,-0.0145987850479096,0.0103295435382402,-0.013072742970519,0.0061381144875224,0.008965845739238,0.6845344133291696,-2.1155601229964,-0.0145987850479096,0.0103295435382402,-0.0249283285861499,212.77450866699215,211.89019622802735,210.93610076904295,1.0041734466941226,1.0045231492167812,0.0087281785394367,0.3580141581700036,46486510.0,1.1059488010607572,0.0007949585217561,0.0005613442591165,-0.0018211179209766,0.0090361181089577,0.0055232747318143,0.0023488258805162,0.0053807689109446,1,7,0,0,0,xg_AAPL,0.54733557,3.3501854
2025-07-30,208.4157867431641,211.74565019362484,207.08981987426867,211.2571312800854,45512500,48.62444898511054,210.99741439819337,209.8707149278298,1.9036343341782072,2.305614659860279,207.2194401901312,210.99741439819337,214.77538860625552,-0.0105078425953459,-0.0238149708171587,-0.0052815983383898,-0.0105634397873446,0.0069333006444181,0.0089264783917745,0.7766247466704889,-1.5153428058825766,-0.0238149708171587,-0.0052815983383898,-0.0185333724787689,211.75760803222656,211.77953491210937,210.99741439819337,0.9998964636507872,1.003706777716432,0.0036474858546583,-0.1147443091747598,46288710.0,0.9832311161836012,-0.012987665800312,0.0007949585217561,0.0005613442591165,-0.0011660239162682,0.0061558625136106,0.0050212784395655,0.0060149510438018,2,7,0,0,0,xg_AAPL,0.4495318,2.7515385
2025-07-31,206.9402618408203,209.2033639475293,206.5315020865265,207.85746883247032,80698400,45.118220038043496,210.75465316772457,209.5916241576384,1.4417829848405006,2.1328483248563237,206.58857256921775,210.75465316772457,214.92073376623136,-0.0070797175463589,-0.0289577025668756,-0.0116655503419916,-0.0071048976624146,0.0072394638772532,0.0074212953515438,0.9753672596371976,-0.977798890565662,-0.0289577025668756,-0.0116655503419916,-0.017292152224884,210.5233642578125,211.5352783203125,210.7546531677246,0.9952163342656832,1.0037039521588482,-0.0011176602747802,0.77310409228234,49551740.0,1.628568441794342,-0.0105078425953459,-0.012987665800312,0.0007949585217561,-0.0018211179209766,0.0090361181089577,-0.0006661442577011,-0.0058848117153517,3,7,0,1,0,xg_AAPL,0.420117,2.5714934
2025-08-01,201.76600646972656,212.93202387361225,200.88867142379772,210.23023901853355,104434500,35.46151680632993,210.1978477478027,208.84632723498015,0.6507419495189879,1.8364270497888568,204.53307919543576,210.1978477478027,215.8626163001697,-0.0250036185567109,-0.0537684354308913,-0.0416706044628227,-0.0253215193313938,0.010016752894203,0.0089741004570437,1.116060253826102,-2.4959308560285858,-0.0537684354308913,-0.0416706044628227,-0.0120978309680686,208.2303436279297,210.65794830322267,210.1978477478027,0.9884760831725246,1.0021888927995684,-0.0097514152869366,0.2941334648518434,55097730.0,1.8954410644503523,-0.0070797175463589,-0.0105078425953459,-0.012987665800312,0.0005613442591165,-0.0011660239162682,0.0055232747318143,-0.0120289074161614,4,8,1,0,1,xg_AAPL,0.41102782,2.5158596
2025-08-04,202.7330780029297,207.24933356384108,201.06813110178,203.8895472057539,75109300,38.126985737882436,209.86884918212888,208.2641130224039,0.1007098994283808,1.4892836197167616,203.29616678447687,209.86884918212888,216.4415315797809,0.0047930350118132,-0.0499883342820591,-0.0429686515196239,0.0047815849918224,0.0098683460402214,0.0084604193642077,1.1662754929704908,0.485648693670259,-0.0499883342820591,-0.0429686515196239,-0.0070196827624352,206.09683532714843,209.74772033691409,209.8688491821289,0.9825939228140296,0.9994228355199596,-0.0186058135758486,-0.2807999272271136,57470920.0,1.306909651002606,-0.0250036185567109,-0.0070797175463589,-0.0105078425953459,0.0007949585217561,-0.0018211179209766,0.0061558625136106,0.0023488258805162,0,8,0,0,0,xg_AAPL,0.5696801,3.486954
2025-08-05,202.3043670654297,204.71702329589337,201.54667827641916,202.78290655256816,44155100,37.38976381774703,209.5154251098633,207.6965181693587,-0.36557374622015,1.1183121465293793,202.1215737160911,209.5154251098633,216.90927650363545,-0.0021146570738387,-0.0395229279505584,-0.0535447262688539,-0.0021168961182063,0.0087565806304136,0.0084498553748349,1.0361768415170265,-0.2414658982978547,-0.0395229279505584,-0.0535447262688539,0.0140217983182955,204.4319000244141,208.60320434570312,209.5154251098633,0.9800036421570196,0.9956460448500064,-0.0251281035559904,-0.4121220674403836,57246020.0,0.7713217442889345,0.0047930350118132,-0.0250036185567109,-0.0070797175463589,-0.012987665800312,0.0005613442591165,0.0090361181089577,0.0050212784395655,1,8,0,0,1,xg_AAPL,0.5830881,3.5690231
2025-08-06,212.60302734375,214.72657006985975,204.96626313259569,205.00615029681612,108483100,58.2661419459002,209.6206047058105,208.163804757396,0.0948159410291396,0.9136129054293314,202.10890591603695,209.6206047058105,217.13230349558404,0.050906762062084,0.0200908034176219,-0.0042026292966208,0.0496533744125162,0.0199360088735438,0.0144524999295791,1.3793205085741678,2.5533801175981155,0.0200908034176219,-0.0042026292966208,0.0242934327142427,205.26934814453125,208.51347808837892,209.62060470581056,0.9844416295119656,0.9947184265640996,-0.0204665785602568,1.4568645524526045,63395400.0,1.711214062849959,-0.0021146570738387,0.0047930350118132,-0.0250036185567109,-0.0105078425953459,0.0007949585217561,-0.0011660239162682,-0.0006661442577011,2,8,0,0,1,xg_AAPL,0.32793516,2.007258
2025-08-07,219.36245727539065,220.1799768073744,215.92292715514495,218.2159523061407,90224800,66.22601497925424,210.0004486083984,209.23034309244312,0.9936533721270848,0.9296209987688822,201.3500596683989,210.0004486083984,218.65083754839793,0.0317936673625609,0.0600279294327248,0.0293319559396307,0.0312987123435588,0.0223309799882533,0.0160252838955891,1.3933972550180134,1.4236833177928896,0.0600279294327248,0.0293319559396307,0.030695973493094,207.7537872314453,209.1385757446289,210.00044860839844,0.9933786079002732,0.9958958522732648,-0.0102417770335816,-0.1683054779961118,67815620.0,1.3304427505049523,0.050906762062084,-0.0021146570738387,0.0047930350118132,-0.0070797175463589,-0.012987665800312,-0.0018211179209766,0.0055232747318143,3,8,0,0,1,xg_AAPL,0.4620163,2.827955
2025-08-08,228.6541748046875,230.2991627392556,218.58481138779996,220.16001960779295,113854000,73.66243401705428,210.90718841552732,211.0802318269426,2.427766679488144,1.2292501349127345,198.88363689614116,210.90718841552732,222.93073993491348,0.0423578293419273,0.1332641152264433,0.0723302768207438,0.0414852906589766,0.0254880920111623,0.0182682057917797,1.3951395753958098,1.6618022063468474,0.1332641152264433,0.0723302768207438,0.0609338384056994,213.1314208984375,210.6808822631836,210.90718841552737,1.0116315187639695,0.9989269870124204,0.009727495615639,0.2618925173566468,75174140.0,1.514536780866379,0.0317936673625609,0.050906762062084,-0.0021146570738387,-0.0250036185567109,-0.0105078425953459,0.0005613442591165,0.0061558625136106,4,8,0,0,0,xg_AAPL,0.5363689,3.2830596
2025-08-11,226.747802734375,229.12327986736793,224.3324083989562,227.486400432218,61806100,70.24505119297669,211.8452255249023,212.57238143717424,3.371617604951382,1.6577236289204642,197.99271558117744,211.8452255249023,225.69773546862712,-0.0083373595603093,0.1184548913675462,0.0625451943784611,-0.0083723097395749,0.0259070362305897,0.0181125695241559,1.43025570945807,-0.3218059248529756,0.1184548913675462,0.0625451943784611,0.0559096969890851,217.93436584472656,212.0156005859375,211.84522552490233,1.0279166497296974,1.0008042431006554,0.0268542417893124,-0.4571459939923059,77568950.0,0.7967891791754201,0.0423578293419273,0.0317936673625609,0.050906762062084,0.0047930350118132,-0.0070797175463589,0.0007949585217561,0.0090361181089577,0,8,0,0,1,xg_AAPL,0.22504613,1.3774846
2025-08-12,229.21310424804688,230.36092560837628,226.63802588155735,227.57622481823225,55626200,72.05082605462299,212.8821014404297,214.15721218106688,4.269341184624864,2.1800471400613444,197.11889539544816,212.8821014404297,228.64530748541117,0.0108724383828313,0.1330111533079971,0.0882312351286258,0.0108137583713636,0.025008039369983,0.0181599901155944,1.3770196013987823,0.4347403441605569,0.1330111533079971,0.0882312351286258,0.0447799181793713,223.31611328125,213.87400665283204,212.8821014404297,1.044147985892202,1.0046594110340457,0.0455210092592654,-0.0999885124607441,77990400.0,0.7132441941572205,-0.0083373595603093,0.0423578293419273,0.0317936673625609,-0.0021146570738387,-0.0250036185567109,-0.012987665800312,-0.0011660239162682,1,8,0,0,1,xg_AAPL,0.19279931,1.1801051
2025-08-13,232.88612365722656,234.55294488479396,229.99163136972763,230.6304284784954,69878500,74.53085435479383,214.0502876281738,215.94091803593923,5.217036806074276,2.787445073263931,196.033606533501,214.0502876281738,232.0669687228466,0.0160244739114254,0.0954036100374129,0.1174111486296278,0.0158974373616649,0.0241277096888369,0.0183295268966047,1.3162583828021848,0.6641247757578657,0.0954036100374129,0.1174111486296278,-0.0220075385922149,227.37273254394532,216.32104034423827,214.05028762817383,1.0510893077350227,1.0106085011201151,0.0572058339353018,0.2562155962478112,80427000.0,0.8688437962375711,0.0108724383828313,-0.0083373595603093,0.0423578293419273,0.050906762062084,0.0047930350118132,-0.0105078425953459,-0.0018211179209766,2,8,0,0,0,xg_AAPL,0.18630128,1.1403311
2025-08-14,232.337158203125,234.67270293292236,230.41083714463488,233.6147219132583,51916300,73.481380931283,215.1980041503906,217.50246471852836,5.856287848693768,3.401213628349898,195.57989662642336,215.1980041503906,234.81611167435784,-0.0023572269806403,0.0591473175897447,0.1227257380288817,-0.0023600096138851,0.0237689047000833,0.0183631282269008,1.294311627886878,-0.0991685499114378,0.0591473175897447,0.1227257380288817,-0.0635784204391369,229.9676727294922,218.86072998046876,215.19800415039063,1.0507489066221,1.0170202592934758,0.0635699803394724,-0.2570490208003892,77548790.0,0.6694662805183592,0.0160244739114254,0.0108724383828313,-0.0083373595603093,0.0317936673625609,-0.0021146570738387,-0.0070797175463589,0.0005613442591165,3,8,0,0,0,xg_AAPL,0.3810281,2.3322341
2025-08-15,231.1494140625,233.834298979768,228.9036945156081,233.5548328767578,56038700,71.14708964197119,216.22850952148437,218.80217417985895,6.195638416750995,3.9600985860301177,195.506599592727,216.22850952148437,236.95041945024172,-0.0051121574775679,0.0109127211866737,0.1456311105467718,-0.0051252692600254,0.0210102464782877,0.0185119150289024,1.1348967164536998,-0.2433057687867638,0.0109127211866737,0.1456311105467718,-0.134718389360098,230.4667205810547,221.7990707397461,216.22850952148437,1.0390788374919704,1.0257623808747025,0.0615974352230911,0.0794047341586361,72709210.0,0.7707235438261429,-0.0023572269806403,0.0160244739114254,0.0108724383828313,0.0423578293419273,0.050906762062084,-0.0250036185567109,0.0007949585217561,4,8,0,0,0,xg_AAPL,0.29498646,1.8055822
2025-08-18,230.4507598876953,232.67651332576617,229.672244959047,231.25921652669464,37476200,69.7436097116138,217.1592796325684,219.911563294891,6.335172706364119,4.4351134100969185,195.6123451579017,217.1592796325684,238.7062141072351,-0.0030225219373292,0.0163307300386861,0.1367200762589175,-0.0030270989818985,0.0215249984771672,0.0185911876930441,1.157744254336474,-0.1404126243219438,0.0163307300386861,0.1367200762589175,-0.1203893462202314,231.20731201171876,224.57083892822263,217.15927963256837,1.0295518025188355,1.0341295997490625,0.0609589327715663,-0.3312443008135449,68945900.0,0.5435595155041772,-0.0051121574775679,-0.0023572269806403,0.0160244739114254,-0.0083373595603093,0.0317936673625609,0.0047930350118132,-0.012987665800312,0,8,0,0,0,xg_AAPL,0.33548582,2.0534747
2025-08-19,230.1213836669922,232.42698672077375,228.9136940815642,230.8400151681398,39402600,69.05203324706878,217.97787246704104,220.88392713985303,6.346023716730116,4.8172954714235585,195.7433702441597,217.97787246704104,240.2123746899223,-0.0014292694060268,0.0039625981329689,0.1375008211887283,-0.001430291785831,0.021472192345499,0.0186005617380832,1.1543220213353769,-0.0665606390996828,0.0039625981329689,0.1375008211887283,-0.1335382230557593,231.38896789550785,227.3525405883789,217.977872467041,1.0177540453107885,1.0430074301360812,0.0582783538616035,0.0514032906217813,68470650.0,0.5754670066663515,-0.0030225219373292,-0.0051121574775679,-0.0023572269806403,0.0108724383828313,0.0423578293419273,-0.0021146570738387,-0.0105078425953459,1,8,0,0,0,xg_AAPL,0.40997058,2.5093882
2025-08-20,225.5800323486328,230.0315543310328,225.3404986724704,229.54248102593337,42263900,60.189923631922966,218.58185958862308,221.3311752549749,5.9199328223416785,5.037822941607183,196.20367352915045,218.58185958862308,240.9600456480957,-0.0197345907016235,-0.0313719477736991,0.0610386651921976,-0.0199319181695409,0.0191748581673038,0.0193142664421252,0.9927307099158,-1.0291372896818975,-0.0313719477736991,0.0610386651921976,-0.0924106129658968,229.92774963378903,228.6502410888672,218.58185958862305,1.0055871734000288,1.0460622922652094,0.0502965175021829,0.0726170354240582,61848730.0,0.6833430532849958,-0.0014292694060268,-0.0030225219373292,-0.0051121574775679,0.0160244739114254,-0.0083373595603093,0.050906762062084,-0.0070797175463589,2,8,0,0,0,xg_AAPL,0.2945978,1.8032032
2025-08-21,224.47215270996097,226.08908123987143,223.35428822884657,225.83955683035407,30621200,58.22667719688083,219.1498931884766,221.6303159649736,5.430259440207777,5.116310241327302,196.77962382871792,219.1498931884766,241.52016254823525,-0.0049112486913718,-0.033851690164377,0.0232933907562657,-0.0049233485062831,0.0171134790010621,0.0193665616458925,0.8836155688546101,-0.2869645456964855,-0.033851690164377,0.0232933907562657,-0.0571450809206428,228.35474853515623,229.1612106323242,219.14989318847657,0.996480808881474,1.045682511171646,0.0410066693598881,-0.2754762338544242,55888370.0,0.5478993214509468,-0.0197345907016235,-0.0014292694060268,-0.0030225219373292,-0.0023572269806403,0.0108724383828313,0.0317936673625609,-0.0250036185567109,3,8,0,0,1,xg_AAPL,0.3853643,2.3587756
2025-08-22,227.3267059326172,228.65417758009713,224.98118568943215,225.73973438952316,42477800,61.69366178790543,219.85467300415044,222.17282929522537,5.212442552420669,5.135536703545975,197.38161781975492,219.85467300415044,242.32772818854596,0.0127167365225233,-0.0165378231452024,-0.0058055746115469,0.0126365578538072,0.0108518560190915,0.0194838024535005,0.5569394939973847,1.1717410145452003,-0.0165378231452024,-0.0058055746115469,-0.0107322485336555,227.5902069091797,229.0284637451172,219.8546730041504,0.9937201830182204,1.0417266124736573,0.0340282672609624,0.3872023304116103,48750750.0,0.8713260821628207,-0.0049112486913718,-0.0197345907016235,-0.0014292694060268,-0.0051121574775679,0.0160244739114254,0.0423578293419273,0.0047930350118132,4,8,0,0,0,xg_AAPL,0.41441965,2.5366206
2025-08-25,226.72784423828125,228.8637723966904,225.7996055926997,226.04912998143791,30983100,60.558132252437666,220.5210342407227,222.60664024218303,4.93461479802599,5.095352322441979,198.0634183734961,220.5210342407227,242.9786501079493,-0.0026343657771271,-0.016154928936786,-8.802068136082308e-05,-0.0026378418247796,0.0105413235082974,0.019522828764248,0.5399209159015275,-0.2498847407835445,-0.016154928936786,-8.802068136082308e-05,-0.0160669082554252,226.8456237792969,229.0264678955078,220.52103424072263,0.9904777638311834,1.0385697159641494,0.0278950719962183,-0.2706048806670779,45668450.0,0.6784355501445598,0.0127167365225233,-0.0049112486913718,-0.0197345907016235,-0.0030225219373292,-0.0023572269806403,-0.0083373595603093,-0.0021146570738387,0,8,0,0,1,xg_AAPL,0.49348858,3.0205934
2025-08-26,228.8737640380859,229.0534295301293,224.2625578823749,226.438403395408,54575100,63.1738216625077,221.43327026367191,223.2035091751262,4.831893039461562,5.042660465845896,199.18628561086115,221.43327026367191,243.6802549164827,0.0094647386915096,-0.0054215719070753,-0.0014804572848232,0.0094202286822611,0.0103889085187088,0.0191849097100709,0.5414863655516705,0.9109549592729084,-0.0054215719070753,-0.0014804572848232,-0.0039411146222521,226.5960998535156,228.9925338745117,221.4332702636719,0.9895348814197176,1.0341378854308507,0.022557542195988,0.7614473696950919,45563340.0,1.1977853247808172,-0.0026343657771271,0.0127167365225233,-0.0049112486913718,-0.0014292694060268,-0.0051121574775679,0.0108724383828313,0.050906762062084,1,8,0,0,1,xg_AAPL,0.2940504,1.7998526
2025-08-27,230.0515289306641,230.46073738560713,227.82576024347395,228.17510050695543,31259500,64.5628690314599,222.51505737304691,223.85570153279647,4.790301476011763,4.992188667879069,200.8364295886395,222.51505737304691,244.19368515745433,0.005145914812596,0.0198222180193705,-0.0121715913427911,0.00513271984041,0.0089880252396122,0.0188641589540935,0.4764351713910142,0.5724663882263199,0.0198222180193705,-0.0121715913427911,0.0319938093621616,227.4903991699219,228.70907440185547,222.5150573730469,0.994671504682878,1.0278363949924716,0.0216270755512976,-0.4272204723399498,41701440.0,0.7496024118111809,0.0094647386915096,-0.0026343657771271,0.0127167365225233,-0.0197345907016235,-0.0030225219373292,0.0160244739114254,0.0317936673625609,2,8,0,0,1,xg_AAPL,0.43042633,2.6345959
2025-08-28,232.1175842285156,232.9659733126178,228.90370861616245,230.3809040856524,38074700,66.92005173640914,223.7739234924317,224.64254750381735,4.867938691074727,4.967338672518201,202.99811177009556,223.7739234924317,244.54973521476785,0.0089808370648742,0.0340595990471621,-0.0009450661112823,0.0089407491840596,0.0095232507233081,0.0186583513715246,0.5103741568338325,0.9429442090280188,0.0340595990471621,-0.0009450661112823,0.0350046651584444,229.0194854736328,228.68711700439457,223.77392349243163,1.0014533764454772,1.0219560592015495,0.022598727272799,0.2180201218829476,40317280.0,0.9443767039839756,0.005145914812596,0.0094647386915096,-0.0026343657771271,-0.0049112486913718,-0.0014292694060268,-0.0023572269806403,0.0423578293419273,3,8,0,0,0,xg_AAPL,0.19348094,1.1842772
2025-08-29,231.69837951660156,232.9360260407387,230.92984008944924,232.0676707602769,39418400,65.96132908624938,225.27054214477545,225.3145315050349,4.839849652454859,4.941840868505533,207.00977361757387,225.27054214477545,243.53131067197697,-0.0018060015285241,0.0192307963380256,0.0023749376840433,-0.0018076343154582,0.009384499817145,0.0173069247439588,0.5422082633228829,-0.1924246511864004,0.0192307963380256,0.0023749376840433,0.0168558586539822,229.8938201904297,228.74201354980468,225.2705421447754,1.005035396089902,1.015410232389809,0.0199538643960306,0.0352911513419671,38655250.0,1.0197424670646027,0.0089808370648742,0.005145914812596,0.0094647386915096,0.0127167365225233,-0.0197345907016235,-0.0051121574775679,-0.0083373595603093,4,8,0,0,0,xg_AAPL,0.28324425,1.7337093
2025-09-02,229.28298950195312,230.4108447009183,226.53822101083423,228.81388239599917,44075600,60.57633183943894,226.5980377197266,225.6924798856938,4.5700069041915015,4.867474075642727,211.68190746780772,226.5980377197266,241.51416797164543,-0.010424716908628,0.0112696580001285,-0.0050673314607913,-0.0104794348817351,0.009948648826147,0.0177418100167619,0.560714386094895,-1.0477472211112169,0.0112696580001285,-0.0050673314607913,0.0163369894609198,230.40484924316405,228.62523651123047,226.59803771972656,1.0077839732791098,1.0089462327736982,0.0166031136095469,0.1181478700302396,39315190.0,1.1210832250842202,-0.0018060015285241,0.0089808370648742,0.005145914812596,-0.0026343657771271,-0.0049112486913718,-0.0030225219373292,0.0108724383828313,1,9,0,0,1,xg_AAPL,0.1686461,1.0322657
2025-09-03,238.0163421630859,238.395624134605,233.9141603097862,236.75874463665696,66427800,70.08572800076567,228.3836364746094,226.8661810549692,5.00318949998217,4.894617160510616,217.7881065604279,228.3836364746094,238.97916638879087,0.0380898412049812,0.0399459420935577,0.0343078003890264,0.0373823332188685,0.0157056533966917,0.0189710405509505,0.8278315321176585,2.425076828460737,0.0399459420935577,0.0343078003890264,0.0056381417045312,232.23336486816407,229.41473236083985,228.38363647460935,1.0122861878935083,1.0045147537807295,0.0161742187892162,0.5071331984136347,42017710.0,1.5809476527873227,-0.010424716908628,-0.0018060015285241,0.0089808370648742,0.0094647386915096,0.0127167365225233,-0.0014292694060268,0.0160244739114254,2,9,0,0,1,xg_AAPL,0.31511474,1.9287853
2025-09-04,239.32383728027344,239.4436041167336,236.2896273284533,237.996365667052,47549400,71.20554866877333,229.7196769714356,228.0526245049982,5.389862773839013,4.993666283176296,220.91512979439975,229.7196769714356,238.52422414847135,0.0054932997680119,0.0403053541643878,0.060926513701353,0.0054782666260821,0.0134207954350098,0.0161084819532009,0.8330991321755766,0.409282036416904,0.0403053541643878,0.060926513701353,-0.0206211595369651,234.08782653808595,230.78911285400392,229.71967697143555,1.0142931945241662,1.0046553952045707,0.0182520454973937,-0.2841942680624678,42546260.0,1.1175929447147384,0.0380898412049812,-0.010424716908628,-0.0018060015285241,0.005145914812596,-0.0026343657771271,-0.0197345907016235,-0.0023572269806403,3,9,0,0,0,xg_AAPL,0.17454413,1.0683669
2025-09-05,239.2340087890625,240.86091270031892,238.0362947520209,239.54341659874092,54870400,71.00887718288979,230.71325454711916,229.11751824633765,5.62422317686287,5.119777661913611,222.35638753986012,230.71325454711916,239.0701215543782,-0.0003753428502223,0.0306587050877666,0.0657625273375233,-0.0003754133089808,0.0130830152722213,0.0149693280848249,0.8739297628008033,-0.0286871302435139,0.0306587050877666,0.0657625273375233,-0.0351038222497566,235.5111114501953,232.26529846191409,230.7132545471191,1.013974592889146,1.0067271553940045,0.0200550788216174,0.1539661909508847,44971180.0,1.220123643631294,0.0054932997680119,0.0380898412049812,-0.010424716908628,0.0089808370648742,0.0094647386915096,-0.0049112486913718,-0.0051121574775679,4,9,0,0,0,xg_AAPL,0.4221249,2.5837836
2025-09-08,237.42745971679688,239.69313028194867,235.89038089866295,238.84475646782593,48999500,67.00087127302623,231.15191879272464,229.90894124352425,5.5996329891154915,5.215748727353987,222.34141023928987,231.15191879272464,239.96242734615936,-0.0075513890412566,0.0247264577859718,0.0444327635978401,-0.0075800451328298,0.013567881488614,0.0122259962891131,1.109665952928672,-0.5565225879224578,0.0247264577859718,0.0444327635978401,-0.0197063058118682,236.6569274902344,233.27537384033204,231.15191879272464,1.014495973553629,1.0091864045892327,0.0231860657738415,-0.1069957572753251,45623350.0,1.0740004844010562,-0.0003753428502223,0.0054932997680119,0.0380898412049812,-0.0018060015285241,0.005145914812596,0.0127167365225233,-0.0030225219373292,0,9,0,0,0,xg_AAPL,0.105355024,0.6448674
2025-09-09,233.9041748046875,238.3257397896772,232.9160527142261,236.54912730927947,66313900,59.899801567436384,231.5097373962402,230.28943967792077,5.2354939260783055,5.219697767098851,222.8727662964582,231.5097373962402,240.14670849602223,-0.014839416284502,0.0201549417720541,0.0316517390729664,-0.0149506219450659,0.0147704571524891,0.0125949561593223,1.17263484928514,-1.0046007060313191,0.0201549417720541,0.0316517390729664,-0.0114967973009123,237.58116455078124,233.99300689697264,231.50973739624024,1.0153344653389085,1.0107264149174089,0.0259568994850592,0.3533587077419158,49156430.0,1.3490381624539995,-0.0075513890412566,-0.0003753428502223,0.0054932997680119,-0.010424716908628,0.0089808370648742,-0.0026343657771271,-0.0014292694060268,1,9,0,0,0,xg_AAPL,0.43295097,2.650049
2025-09-10,226.35855102539065,231.97784546194652,225.52015268533836,231.7482872752143,83440800,48.13387315345582,231.3670097351074,229.91506933006076,4.288605937873598,5.033479401253801,222.4795282381687,231.3670097351074,240.2544912320461,-0.0322594660210641,-0.0489789525868248,-0.0109895208971033,-0.0327912710458058,0.0182848355938114,0.0144805453571383,1.2626301366931356,-1.7641778444066187,-0.0489789525868248,-0.0109895208971033,-0.0379894316897214,235.24960632324215,233.74148559570312,231.36700973510744,1.0064520883988377,1.010262810861904,0.0171524184553524,0.2582701364269029,52043000.0,1.603304959360498,-0.014839416284502,-0.0075513890412566,-0.0003753428502223,0.0380898412049812,-0.0018060015285241,0.0094647386915096,-0.0197345907016235,2,9,0,0,1,xg_AAPL,0.5078111,3.1082604
2025-09-11,229.59239196777344,230.01159113632517,226.21881717306923,226.44839058875493,50208600,52.44513100661101,231.20232315063473,229.88433815270005,3.755839344936078,4.777951389990257,222.31129949703435,231.20232315063473,240.0933468042351,0.0142863652719709,-0.0406622483706186,-0.0019958005279288,0.0141852768091865,0.0188436068621618,0.0143808549789956,1.3102347986182898,0.7581142645462446,-0.0406622483706186,-0.0019958005279288,-0.0386664478426898,233.30331726074215,233.6955718994141,231.20232315063475,0.9983215144579602,1.0107838395168498,0.0091509744382223,-0.3982727874133517,53937910.0,0.9308592045928192,-0.0322594660210641,-0.014839416284502,-0.0075513890412566,0.0054932997680119,-0.010424716908628,0.005145914812596,-0.0049112486913718,3,9,0,0,1,xg_AAPL,0.39086708,2.3924577
2025-09-12,233.6247100830078,234.063860229386,228.58431421011397,228.78393068206057,55824200,57.22020093610926,231.26670074462888,230.2405640508246,3.617294435503055,4.545819999092817,222.32259182188815,231.26670074462888,240.21080966736957,0.0175629430952588,-0.0234469118101036,0.0064929413232583,0.0174104969572095,0.0194846572297766,0.0149329951352826,1.3047183324536324,0.9013266983071212,-0.0234469118101036,0.0064929413232583,-0.029939853133362,232.18145751953125,233.84628448486328,231.2667007446289,0.9928806781386352,1.011154151168018,0.0039154966723225,0.1118453810701751,55712860.0,1.001998461396507,0.0142863652719709,-0.0322594660210641,-0.014839416284502,-0.0003753428502223,0.0380898412049812,0.0089808370648742,0.0127167365225233,4,9,0,0,1,xg_AAPL,0.34524688,2.1132212
2025-09-15,236.24969482421875,237.7368657054393,234.58287368836292,236.54912714503797,42699500,60.03363097608224,231.52171478271484,230.81286221971928,3.6769256176050646,4.372041122795267,222.3050024833638,231.52171478271484,240.73842708206587,0.0112359036862079,-0.0049605251809666,0.0196432763885217,0.0111732497989294,0.0197245339035137,0.0150632888067764,1.309357126414158,0.5696121454135393,-0.0049605251809666,0.0196432763885217,-0.0246038015694883,231.94590454101564,234.301416015625,231.52171478271484,0.9899466613788956,1.0120062225503077,0.0017955145238025,-0.2351077131423289,56040970.0,0.7619336353385611,0.0175629430952588,0.0142863652719709,-0.0322594660210641,-0.0075513890412566,0.0054932997680119,-0.0018060015285241,-0.0026343657771271,0,9,0,0,1,xg_AAPL,0.10081653,0.6170878
2025-09-16,237.6969451904297,240.76111223381088,235.87043992435724,236.72878926810645,63421100,61.53558979661617,231.8840240478515,231.46848916931071,3.797193090145072,4.257071516265228,222.28289310819648,231.8840240478515,241.4851549875066,0.006125935389198,0.0162150606713591,0.0366968160470748,0.0061072481261463,0.0192432980291996,0.0150672386091131,1.2770768056169115,0.3183246996020883,0.0162150606713591,0.0366968160470748,-0.0204817553757157,232.70445861816407,235.14281158447267,231.88402404785157,0.9896303316700258,1.0140535233076196,0.0034515991345838,0.4852890549069661,57975520.0,1.093928954841611,0.0112359036862079,0.0175629430952588,0.0142863652719709,-0.014839416284502,-0.0003753428502223,-0.010424716908628,0.0094647386915096,1,9,0,0,1,xg_AAPL,0.13231151,0.8098653
2025-09-17,238.5353546142578,239.6432435766681,237.27774187166392,238.5153883976145,46508000,62.416749913667914,232.30472259521483,232.1415239735914,3.915028550131126,4.188662923038407,222.2999163859003,232.30472259521483,242.30952880452935,0.0035272200202507,0.0537943167320473,0.0021805748565628,0.0035210139688395,0.0150405575658813,0.0150545636777308,0.9990032846215076,0.2344983227170241,0.0537943167320473,0.0021805748565628,0.0516137418754845,235.1398193359375,235.19471282958983,232.30472259521488,0.9997666040490796,1.0124405143472297,0.0118854362084285,-0.2666793858826163,55983540.0,0.8307441794498734,0.006125935389198,0.0112359036862079,0.0175629430952588,-0.0322594660210641,-0.0075513890412566,0.0380898412049812,0.005145914812596,2,9,0,0,0,xg_AAPL,0.27262932,1.6687365
2025-09-18,237.42745971679688,240.74113579799257,236.199788714976,239.5134800259323,44249600,60.44618061045085,232.89709396362304,232.6449464253253,3.8743549893525824,4.125801336301243,223.16965475335036,232.89709396362304,242.62453317389577,-0.0046445731252398,0.0341259903338748,-0.0079238975315931,-0.0046553926694397,0.0149947543759552,0.0142707055823133,1.0506630962551442,-0.3097258736570863,0.0341259903338748,-0.0079238975315931,0.042049887865468,236.7068328857422,235.00507507324215,232.89709396362304,1.00724136622143,1.0090511267175726,0.0160459069336942,-0.0485593876322353,55653560.0,0.7950901972847596,0.0035272200202507,0.006125935389198,0.0112359036862079,0.0142863652719709,-0.014839416284502,0.0054932997680119,0.0089808370648742,3,9,0,0,1,xg_AAPL,0.07599205,0.4651396
2025-09-19,245.032958984375,245.83144010441063,239.7530294205925,240.77107799962133,163741300,67.9311188401273,233.92513427734377,233.82475714523477,4.405042540123759,4.1816495770657465,223.6180406904579,233.92513427734377,244.2322278642296,0.0320329387201039,0.0488315165690897,0.0242396564964371,0.0315305839144652,0.018225294426743,0.0155710118681618,1.1703879101200845,1.7575124142130965,0.0488315165690897,0.0242396564964371,0.0245918600726526,238.9884826660156,235.58497009277343,233.92513427734377,1.0144470700821953,1.0070955856050157,0.0206639482690765,2.7004018115417994,66540650.0,2.4607709723304105,-0.0046445731252398,0.0035272200202507,0.006125935389198,0.0175629430952588,-0.0322594660210641,-0.0003753428502223,-0.0018060015285241,4,9,0,0,1,xg_AAPL,0.5015995,3.0702395
2025-09-22,255.5928192138672,256.15178189089505,247.64797087114997,247.82763635806887,105517400,75.00386130484844,235.33843994140628,235.8979059136759,5.61300548236693,4.467920758125984,221.64539520384216,235.33843994140628,249.0314846789704,0.043095672815858,0.0818757645551273,0.0765090925823741,0.0421929003025898,0.021794728408396,0.0177441643157151,1.2282066269228409,1.9772531575158012,0.0818757645551273,0.0765090925823741,0.0053666719727532,242.85710754394532,237.4015060424805,235.33843994140625,1.0229804839590555,1.0087663796088215,0.0294165838682964,-0.35558469366006,72192440.0,1.461612878024327,0.0320329387201039,-0.0046445731252398,0.0035272200202507,0.0112359036862079,0.0142863652719709,-0.0075513890412566,-0.010424716908628,0,9,0,0,0,xg_AAPL,0.31747252,1.943217
2025-09-23,253.9459686279297,256.8504363399061,253.0975947938589,255.39322235208516,60275200,72.32486341982526,236.6993461608887,237.61676902931916,6.364076624193586,4.847151931339504,221.30502763905108,236.6993461608887,252.0936646827263,-0.0064432584256582,0.0683602535341048,0.0856837798640288,-0.0064641058135483,0.0209802033943853,0.0178620471830256,1.174503049755235,-0.3070967048240207,0.0683602535341048,0.0856837798640288,-0.017323526329924,246.1069122314453,239.4056854248047,236.69934616088867,1.0279910930049547,1.0114336575398757,0.037045542094587,-0.4287653031632698,71588570.0,0.8419668111822761,0.043095672815858,0.0320329387201039,-0.0046445731252398,0.006125935389198,0.0175629430952588,-0.014839416284502,0.0380898412049812,1,9,0,0,0,xg_AAPL,0.32287565,1.976289
2025-09-24,251.8300018310547,255.2534845023776,250.5624136207024,254.73446948849343,42303700,68.91870240448314,237.84715805053716,238.9704102485321,6.711202513632486,5.219962047798101,221.51490699971245,237.84715805053716,254.17940910136187,-0.008332350414175,0.0557344936908661,0.1125270094294201,-0.0083672584920249,0.0167616036154399,0.0181132392883423,0.9253274922909456,-0.4970797261172566,0.0557344936908661,0.1125270094294201,-0.056792515738554,248.76584167480468,241.95283050537108,237.8471580505371,1.02815842722403,1.0172618100148232,0.0433573583166337,-0.2981574511573582,67474860.0,0.6269549873834399,-0.0064432584256582,0.043095672815858,0.0320329387201039,0.0035272200202507,0.0112359036862079,-0.0322594660210641,0.0054932997680119,2,9,0,0,1,xg_AAPL,0.15928571,0.97497165
2025-09-25,256.3813171386719,256.6807646844572,251.2311452680336,252.7282916183987,55202100,71.97589032090745,239.1636474609375,240.6285918571168,7.269754189286203,5.629920476095722,221.30392006150456,239.1636474609375,257.0233748603705,0.0180729669798063,0.0798300981886557,0.1166803696816689,0.017911592357124,0.0168902710457769,0.018349883933913,0.9204064014901864,1.0699589705728396,0.0798300981886557,0.1166803696816689,-0.0368502714930132,252.55661315917968,244.63172302246093,239.1636474609375,1.0323951858688054,1.022863322330023,0.0522384620209988,0.3049000442041711,67974210.0,0.8121035904646657,-0.008332350414175,-0.0064432584256582,0.043095672815858,-0.0046445731252398,0.006125935389198,0.0142863652719709,-0.0003753428502223,3,9,0,0,0,xg_AAPL,-0.061412282,-0.37589836
2025-09-26,254.97401428222656,257.10994249251326,253.2972024297037,253.61660096533103,46076300,69.6931911951293,240.3064689636231,241.99482256427012,7.512256223665588,6.006387625609696,221.44795576429877,240.3064689636231,259.16498216294747,-0.0054891006573779,0.0405702781334222,0.0913829029113968,-0.005504221127631,0.0174912890427722,0.0184939050687133,0.9457355405603616,-0.3138011636988153,0.0405702781334222,0.0913829029113968,-0.0508126247779745,254.54482421875,246.7666534423828,240.30646896362305,1.0315203479394888,1.026883106836952,0.0558423778799934,-0.1653161745658227,66999420.0,0.6877119234763422,0.0180729669798063,-0.008332350414175,-0.0064432584256582,0.0320329387201039,0.0035272200202507,0.0175629430952588,-0.0075513890412566,4,9,0,0,0,xg_AAPL,0.27613837,1.6902149
2025-09-29,253.9459686279297,254.5148915782133,252.52867184357527,254.0757261912774,40127700,67.9966719157073,241.41884841918952,243.13302695128533,7.534631597566857,6.312036420001128,222.0797921828984,241.41884841918952,260.7579046554806,-0.0040319624617077,-0.0064432584256582,0.074904959419642,-0.004040112737468,0.0179274121127653,0.0185428163088956,0.9667595825011132,-0.224892334934501,-0.0064432584256582,0.074904959419642,-0.0813482178453003,254.2154541015625,248.5362808227539,241.41884841918943,1.0228504798575415,1.0294816765557842,0.0503910566153623,-0.1291032483076983,66742240.0,0.6012339412042419,-0.0054891006573779,0.0180729669798063,-0.008332350414175,0.043095672815858,-0.0046445731252398,0.0112359036862079,-0.014839416284502,0,9,0,0,0,xg_AAPL,0.48052236,2.9412286
2025-09-30,254.1455993652344,255.4331385813304,252.6284867333586,254.3751575512532,37704300,68.15876260816846,242.6619789123536,244.18184337166144,7.482222372715341,6.546073610543971,223.41139119174272,242.6619789123536,261.91256663296446,0.0007861150085717,0.0007861150085717,0.0692001075639696,0.000785806182006,0.0180484084266483,0.0182264895073848,0.9901752196503006,0.0435535054662014,0.0007861150085717,0.0692001075639696,-0.0684139925553979,254.25538024902343,250.18114624023437,242.6619789123535,1.0162851360704728,1.0309861782285914,0.0456171634119423,-0.0603921979081781,64170560.0,0.5875638298933251,-0.0040319624617077,-0.0054891006573779,0.0180729669798063,-0.0064432584256582,0.0320329387201039,0.006125935389198,-0.0322594660210641,1,9,0,1,1,xg_AAPL,0.2290318,1.4018804
2025-10-01,254.9640350341797,258.29769267334166,254.44502000530687,254.55481135314992,48713900,68.8552128948113,243.5093635559083,245.20871876809176,7.421181838257894,6.721095256086755,223.6377928268852,243.5093635559083,263.3809342849314,0.0032203416899188,0.0124450350646763,0.0688731464838374,0.0032151674950933,0.0180549595442175,0.0165138608445955,1.0932553240450702,0.1783533952893759,0.0124450350646763,0.0688731464838374,-0.0564281114191611,254.88218688964844,251.82401428222656,243.5093635559082,1.012144086480944,1.034145096537158,0.0446055983237621,0.2919985253671331,64391150.0,0.7565309829068008,0.0007861150085717,-0.0040319624617077,-0.0054891006573779,-0.008332350414175,0.043095672815858,0.0035272200202507,0.0142863652719709,2,10,1,0,1,xg_AAPL,0.27881694,1.7066102
2025-10-02,256.6408386230469,257.68882891050583,253.66649683440303,256.09186667190835,42630200,70.28904760022368,244.37521362304693,246.2974920876113,7.422548294552627,6.86138586377993,223.775776401083,244.37521362304693,264.9746508450109,0.0065766279100596,0.0010122480345735,0.0809231540832204,0.0065550962450018,0.0176059189603865,0.016522263381957,1.065523108444289,0.3735251990911212,0.0010122480345735,0.0809231540832204,-0.0799109060486469,254.93409118652343,253.74535217285157,244.37521362304688,1.0046847715770657,1.0383432444350036,0.0411426241440295,-0.1248863260794147,64229210.0,0.6637198246716617,0.0032203416899188,0.0007861150085717,-0.0040319624617077,0.0180729669798063,-0.0064432584256582,-0.0046445731252398,0.0175629430952588,3,10,0,0,1,xg_AAPL,0.10421643,0.63789815
2025-10-03,257.5291442871094,258.7468246365968,253.46689477740225,254.18552630266564,49155600,71.04943631980967,245.28997039794925,247.36717324946824,7.409893425312163,6.971087376086377,224.03731398705304,245.28997039794925,266.54262680884545,0.0034612794628809,0.0100211388681146,0.0509979773926299,0.0034553030219051,0.0154494642945034,0.0164955896580046,0.936524737220879,0.2240243009468884,0.0100211388681146,0.0509979773926299,-0.0409768385245152,255.4451171875,254.994970703125,245.2899703979492,1.0017653151477213,1.0395654183880032,0.0394330001664945,0.1530698894211146,52770640.0,0.9314952405352496,0.0065766279100596,0.0032203416899188,0.0007861150085717,-0.0054891006573779,-0.008332350414175,0.0320329387201039,0.0112359036862079,4,10,0,0,0,xg_AAPL,0.53641665,3.283352
2025-10-06,256.20166015625,258.57713717661323,254.56478079871025,257.49917477533796,44664100,68.23881610442677,246.22868041992191,248.208552954876,7.209639241818053,7.0187977492327125,224.7806745475496,246.22868041992191,267.6766862922942,-0.0051546947609915,0.0088825648247452,0.0023820737384385,-0.0051680260321873,0.0080003050943803,0.0164171544788098,0.487284067445337,-0.6442317472198228,0.0088825648247452,0.0023820737384385,0.0065004910863066,255.8962554931641,255.05585479736328,246.2286804199219,1.00329496727871,1.035849497151946,0.0377342405484265,-0.091373109065905,46685310.0,0.9567056532343696,0.0034612794628809,0.0065766279100596,0.0032203416899188,-0.0040319624617077,0.0180729669798063,0.043095672815858,0.006125935389198,0,10,0,0,0,xg_AAPL,0.51994175,3.1825106
2025-10-07,255.9920959472656,256.9103287268919,254.94407514023973,256.32145476920215,31955800,67.7829529707842,247.3330764770508,248.949842763675,6.953866434753337,7.005811486336838,226.28617360895345,247.3330764770508,268.3799793451482,-0.0008179658510276,0.0072655068065041,0.0080573333390214,-0.0008183005676309,0.0076669106185511,0.0158630532525488,0.4832882553088592,-0.1066738896315176,0.0072655068065041,0.0080573333390214,-0.0007918265325173,256.2655548095703,255.26046752929688,247.3330764770508,1.003937496824329,1.0320514795884232,0.0348935708325916,-0.2845305289930839,43853370.0,0.7286965631147452,-0.0051546947609915,0.0034612794628809,0.0065766279100596,0.0007861150085717,-0.0054891006573779,-0.0064432584256582,0.0035272200202507,1,10,0,0,1,xg_AAPL,0.44227204,2.7071023
2025-10-08,257.569091796875,258.0282082133661,255.62278908467795,256.03201279963565,36496900,69.43753928414769,248.89360351562505,249.77072362397976,6.800028531924966,6.964654895454464,229.86311290849255,248.89360351562505,267.9240941227574,0.0061603302390018,0.0102173499189643,0.0227895402616504,0.0061414329738935,0.0070908312015732,0.0132744064406534,0.5341328895105496,0.8686515603523252,0.0102173499189643,0.0227895402616504,-0.012572190342686,256.78656616210935,255.8343765258789,248.893603515625,1.0037218987110363,1.0278865061705702,0.0306440597799247,0.1421056584407212,43272690.0,0.8434164827746821,-0.0008179658510276,-0.0051546947609915,0.0034612794628809,0.0032203416899188,-0.0040319624617077,-0.008332350414175,-0.0046445731252398,2,10,0,0,0,xg_AAPL,0.05511719,0.33736673
2025-10-09,253.55670166015625,257.50917476461467,252.6584199331141,257.3195337882977,38322000,60.87158773806912,250.09181900024416,250.1312929607585,6.281930351772189,6.828109986718009,233.29112176726431,250.09181900024416,266.892516233224,-0.0155779177879115,-0.0120173273257596,-0.0110172438071524,-0.0157005285631477,0.006738447712963,0.01401855192025,0.4806464394364814,-2.311453171147533,-0.0120173273257596,-0.0110172438071524,-0.0010000835186072,256.16973876953125,255.55191497802736,250.09181900024413,1.0024176057986378,1.0218323654072743,0.0239706532286154,0.0500069868947774,41584680.0,0.9215412983819782,0.0061603302390018,-0.0008179658510276,-0.0051546947609915,0.0065766279100596,0.0007861150085717,0.0180729669798063,0.0320329387201039,3,10,0,0,0,xg_AAPL,0.42901018,2.6259277
2025-10-10,244.80340576171875,255.8922708493858,243.53581752909895,254.4550078501572,61999100,47.193714089952714,250.6507537841797,249.6238751322785,5.10615540560309,6.483719070495026,235.49330116298316,250.6507537841797,265.80820640537627,-0.0345220451328066,-0.0494147509425308,-0.0398888041557448,-0.0351320102409493,0.0125738281577762,0.016237571010994,0.7743186361203417,-2.7453293754522115,-0.0494147509425308,-0.0398888041557448,-0.009525946786786,253.6245910644531,254.53485412597655,250.6507537841797,0.9964238176156696,1.0154960648757565,0.0121478590995095,0.6178461458170241,43176960.0,1.4359301812818357,-0.0155779177879115,0.0061603302390018,-0.0008179658510276,0.0034612794628809,0.0032203416899188,-0.0054891006573779,0.043095672815858,4,10,0,0,1,xg_AAPL,0.28944927,1.7716897
2025-10-13,247.18885803222656,249.2149949644775,245.0928469569099,248.90558714178317,38142900,50.46063201934559,251.19771194458008,249.39196874179737,4.317066892085421,6.050388634813105,237.5101015978185,251.19771194458008,264.88532229134165,0.009744359001401,-0.03517854692482,-0.0266084578235747,0.0096971889158474,0.0133023065897029,0.0161985409516684,0.8211533048615723,0.7324764663353246,-0.03517854692482,-0.0266084578235747,-0.0085700891012452,251.82203063964843,253.85914306640623,251.19771194458008,0.9919754222670446,1.0105949656198037,0.0025256749031421,-0.3847830049145875,42978480.0,0.8874883430032685,-0.0345220451328066,-0.0155779177879115,0.0061603302390018,-0.0051546947609915,0.0065766279100596,-0.0040319624617077,-0.0064432584256582,0,10,0,0,0,xg_AAPL,0.46463728,2.8439977
2025-10-14,247.29864501953125,248.37659224814223,244.23447809703137,246.1308726626428,35478000,50.612071194216234,251.67779693603512,249.192604577772,3.6583957435350953,5.571990056557503,239.3811298332167,251.67779693603512,263.97446403885357,0.0004441421356069,-0.033959841203555,-0.0269410698544629,0.0004440435336832,0.0132930354608523,0.016179374675852,0.821553006475877,0.033409128245132,-0.033959841203555,-0.0269410698544629,-0.007018771349092,250.08334045410157,253.17444763183593,251.67779693603515,0.9877906036464256,1.00594669340729,-0.0064474938057491,-0.0698662136334677,42755850.0,0.8297811878374345,0.009744359001401,-0.0345220451328066,-0.0155779177879115,-0.0008179658510276,0.0034612794628809,0.0007861150085717,-0.008332350414175,1,10,0,0,1,xg_AAPL,0.41986048,2.5699234
2025-10-15,248.86566162109375,251.3409547309234,246.9992239099275,249.01538540478128,33893600,52.82860279085553,252.19431228637697,249.16146715332647,3.2256559031312975,5.102723225872262,241.45249379450215,252.19431228637697,262.9361307782517,0.0063365353313551,-0.0337906622066477,-0.0239185633074422,0.0063165438978582,0.0134810463260961,0.0162045435787351,0.8318786877217691,0.4699980387317023,-0.0337906622066477,-0.0239185633074422,-0.0098720988992054,248.3426544189453,252.56461029052736,252.19431228637697,0.9832836601029514,1.0014683043435568,-0.0154768554341414,-0.0446586617058458,41273820.0,0.8211888310798269,0.0004441421356069,0.009744359001401,-0.0345220451328066,0.0061603302390018,-0.0051546947609915,0.0032203416899188,0.0180729669798063,2,10,0,0,0,xg_AAPL,0.3174709,1.9432073
2025-10-16,246.9792633056641,248.56623493239263,244.66368465033412,247.77774448085987,39777000,49.923872180157986,252.67190246582032,248.95363821545385,2.699373189297688,4.6220532185573475,244.05537477461377,252.67190246582032,261.28843015702694,-0.007579986339384,-0.0259407000936143,-0.0376462895352897,-0.0076088604385624,0.0131812203503467,0.0162833396371731,0.8094415029429436,-0.5750159030822646,-0.0259407000936143,-0.0376462895352897,0.0117055894416753,247.02716674804688,251.59845275878905,252.67190246582032,0.9818310249502022,0.9957516063457966,-0.0228550998258807,0.1735843935138197,40988500.0,0.97044292911424,0.0063365353313551,0.0004441421356069,0.009744359001401,-0.0155779177879115,-0.0008179658510276,0.0065766279100596,-0.0054891006573779,3,10,0,0,1,xg_AAPL,0.24473515,1.4979991
2025-10-17,251.81002807617188,252.89796599708643,246.79958926324147,247.5481624372989,49147000,56.51742072622811,253.01075592041016,249.22567534504608,2.6416414927529104,4.22597087339646,245.16011670298428,253.01075592041016,260.86139513783604,0.0195593942011609,0.0286214249865177,-0.0222076465433421,0.0193705675023379,0.0150152911205419,0.0152847422834091,0.9823069656773716,1.3025449522887906,0.0286214249865177,-0.0222076465433421,0.0508290715298599,248.4284912109375,251.02654113769532,253.01075592041016,0.989650297872954,0.9921575872318288,-0.0181973082822839,0.2355632652035095,40987640.0,1.1990687924456935,-0.007579986339384,0.0063365353313551,0.0004441421356069,-0.0345220451328066,0.0061603302390018,0.0034612794628809,-0.0040319624617077,4,10,0,0,1,xg_AAPL,0.264752,1.6205201
2025-10-20,261.7411193847656,263.87706298772724,255.143708503654,255.4032084113237,90483000,66.33199768862299,253.31817092895508,250.4176223964479,3.358529738108473,4.052482646338863,244.60741940902733,253.31817092895508,262.02892244888284,0.0394388237214669,0.0588710246423884,0.0216214806146739,0.0386809749453052,0.0198607729456461,0.0147739984386942,1.3442148930204143,1.9856648159958,0.0588710246423884,0.0216214806146739,0.0372495440277145,251.3389434814453,251.5804870605469,253.31817092895508,0.9990398954150866,0.9931403110087372,-0.0075617749788876,0.8410686308421673,45569530.0,1.9856030992638725,0.0195593942011609,-0.007579986339384,0.0063365353313551,0.009744359001401,-0.0155779177879115,-0.0051546947609915,0.0007861150085717,0,10,0,0,1,xg_AAPL,0.36821738,2.2538211
2025-10-21,262.27008056640625,264.7853058703715,261.3318664386604,261.3817895915523,46695900,66.7623245352663,253.73437652587893,251.54642793644393,3.924116808211835,4.026809478713457,244.14606482083465,253.73437652587893,263.3226882309232,0.0020209326791449,0.0605399012424534,0.0245241346062259,0.0020188933418108,0.0198312254668033,0.0146615406559891,1.3525094955970665,0.1019014574298647,0.0605399012424534,0.0245241346062259,0.0360157666362275,254.3332305908203,252.20828552246093,253.7343765258789,1.008425357890037,0.9939854779462164,0.0022833487664628,-0.4839262623918305,47043540.0,0.9926102499939208,0.0394388237214669,0.0195593942011609,-0.007579986339384,0.0004441421356069,-0.0345220451328066,-0.0008179658510276,0.0032203416899188,1,10,0,0,0,xg_AAPL,0.3849917,2.3564951
2025-10-22,257.9583435058594,262.349966966352,254.94406918261987,262.15033525743416,45015300,60.027246037236786,254.04079360961916,252.1570865621025,3.9785650684690097,4.017160596664568,244.31798156336,254.04079360961916,263.76360565587834,-0.0164400645747891,0.0365365065856675,0.0015112516267725,-0.0165767020589466,0.0206515506659797,0.0150606456702339,1.3711350750199236,-0.7960307102342732,0.0365365065856675,0.0015112516267725,0.0350252549588949,256.1517669677734,252.24721069335936,254.04079360961913,1.0154790860270824,0.9929397838403232,0.0081833885636901,-0.0359903117832615,47895380.0,0.9398672690351147,0.0020209326791449,0.0394388237214669,0.0195593942011609,0.0063365353313551,0.009744359001401,0.0061603302390018,0.0065766279100596,2,10,0,0,1,xg_AAPL,0.1794649,1.0984864
2025-10-23,259.0861511230469,260.12418111371363,257.51916110368444,259.4454820834593,32754900,61.131765726658394,254.1760353088379,252.81699747266867,4.065851748178687,4.026898826967392,244.24316719474535,254.1760353088379,264.1089034229304,0.0043720532620099,0.0490198555754828,0.0218075461097524,0.0043625236031683,0.0198923761650672,0.0145613807561573,1.36601126547637,0.2197743221528824,0.0490198555754828,0.0218075461097524,0.0272123094657303,258.57314453125,252.80015563964844,254.1760353088379,1.0228361761763731,0.994586902468922,0.0169716104212911,-0.2723607306849005,47338670.0,0.6919269172538922,-0.0164400645747891,0.0020209326791449,0.0394388237214669,-0.007579986339384,0.0004441421356069,-0.0155779177879115,0.0034612794628809,3,10,0,0,1,xg_AAPL,0.11857017,0.725756
2025-10-24,262.3200378417969,263.62754335723145,258.68694768993146,260.69313376057823,38253700,64.1875188544715,254.54333648681643,253.72204893639517,4.3458781243964495,4.090694686453204,243.9639754343285,254.54333648681643,265.12269753930434,0.0124818972559215,0.0417378523243154,0.0715538741202321,0.0124046405853102,0.0152195538630306,0.0147178470152363,1.0340180754155532,0.8200685315558033,0.0417378523243154,0.0715538741202321,-0.0298160217959166,260.675146484375,254.55181884765625,254.5433364868164,1.0240553285552574,1.000033323837728,0.023375301589643,0.1678771725757062,44964130.0,0.8507603727682299,0.0043720532620099,-0.0164400645747891,0.0020209326791449,0.0195593942011609,0.0063365353313551,-0.0345220451328066,-0.0051546947609915,4,10,0,0,1,xg_AAPL,0.13113694,0.8026759
2025-10-27,268.2986145019531,268.60802232244004,264.1465248140549,264.37609822840903,44888200,69.03438326262355,255.2609687805176,255.1102932759721,4.992669826523752,4.271089714467314,243.03343656781377,255.2609687805176,267.48850099322146,0.022791155068992,0.0250533623933495,0.0853993041505716,0.0225353166354684,0.0160157353093159,0.0153916235254992,1.0404811943061223,1.4229588382930862,0.0250533623933495,0.0853993041505716,-0.060345941757222,261.9866455078125,256.6627944946289,255.26096878051757,1.020742589605425,1.0054917354611963,0.0250678772224743,0.1734342037502254,45638660.0,0.983556484787218,0.0124818972559215,0.0043720532620099,-0.0164400645747891,0.0394388237214669,-0.007579986339384,0.009744359001401,-0.0008179658510276,0,10,0,0,0,xg_AAPL,0.123043954,0.75313956
2025-10-28,268.4882507324219,269.3765722048576,267.63986169210665,268.4782600095115,41534800,69.17688206773525,255.978101348877,256.38438446230066,5.457646616358602,4.5084010948455715,242.4164220509748,255.978101348877,269.5397806467792,0.0007068103233436,0.0237090336518244,0.0856842774501134,0.0007065606505678,0.016001551327811,0.0153921975040729,1.0395209522633024,0.0441686021725334,0.0237090336518244,0.0856842774501134,-0.061975243798289,263.23027954101565,258.781755065918,255.97810134887695,1.0171902554488994,1.0109527092445298,0.027011156623633,-0.0747056019176531,46244340.0,0.8981596450505965,0.022791155068992,0.0124818972559215,0.0043720532620099,0.0020209326791449,0.0195593942011609,0.0004441421356069,0.0061603302390018,1,10,0,0,1,xg_AAPL,0.22405723,1.3714316
2025-10-29,269.1869201660156,270.8936584399069,266.6018207191691,268.76770579477784,51086700,69.72957651103926,256.6892456054688,257.6036735769402,5.81548358182809,4.769817592242076,241.91411727559117,256.6892456054688,271.46437393534643,0.0026022346664624,0.0435286430651977,0.0816555342048823,0.0025988547161786,0.0160975330911741,0.0153920587700319,1.0457657137328504,0.1616442101727343,0.0435286430651977,0.0816555342048823,-0.0381268911396845,265.4759948730469,260.81388092041016,256.6892456054687,1.0178752524067514,1.0160685941680665,0.0326418135849955,0.2299734198792338,47963650.0,1.065112851086165,0.0007068103233436,0.022791155068992,0.0124818972559215,-0.0164400645747891,0.0394388237214669,0.0063365353313551,-0.0155779177879115,2,10,0,0,1,xg_AAPL,0.20726153,1.2686268
2025-10-30,270.8836669921875,273.6184749716116,267.969239224885,271.4725408872279,69886500,71.08555671879365,257.40138702392585,258.8684348545828,6.164919884704432,5.048838050734547,241.32078524937305,257.40138702392585,273.48198879847865,0.0063032290912405,0.0455351079862917,0.0967870879788765,0.0062834468273278,0.0151773721998516,0.0153886774154657,0.9862047000802764,0.4152770144417861,0.0455351079862917,0.0967870879788765,-0.0512519799925847,267.835498046875,263.2043212890625,257.4013870239258,1.0175953674891467,1.0225443006824098,0.0385187897772002,0.3679979329257909,50974600.0,1.371006344336172,0.0026022346664624,0.0007068103233436,0.022791155068992,0.0043720532620099,0.0020209326791449,-0.007579986339384,-0.0345220451328066,3,10,0,0,0,xg_AAPL,-0.033857897,-0.20724075
2025-10-31,269.85565185546875,276.79244258078194,268.647962249571,276.4630533049319,86167100,69.06685712864368,258.0177124023438,259.9148364737148,6.286432363120525,5.296356913211743,240.99897610232756,258.0177124023438,275.0364487023601,-0.0037950428984276,0.0287267952371086,0.0716636422987813,-0.003802262344922,0.0152343277758568,0.0154580601898744,0.9854627376271684,-0.2490949295125518,0.0287267952371086,0.0716636422987813,-0.0429368470616726,269.3426208496094,265.0088836669922,258.01771240234376,1.016353177005428,1.0270957028475107,0.0419665416284521,0.2329577243101315,54676610.0,1.5759407907695526,0.0063032290912405,0.0026022346664624,0.0007068103233436,0.0124818972559215,-0.0164400645747891,0.0195593942011609,0.009744359001401,4,10,0,1,0,xg_AAPL,0.40475777,2.4774811
2025-11-03,268.53814697265625,270.33474092754267,265.74348587775046,269.90556627002525,50194600,66.46190054443043,258.6345367431641,260.73610414028064,6.204894087887453,5.478064348146885,241.00949694552816,258.6345367431641,276.2595765408001,-0.0048822578802912,0.000892783107165,0.025968512719237,-0.0048942150357831,0.0104642801485629,0.015451121170421,0.6772067105320154,-0.466519559054679,0.000892783107165,0.025968512719237,-0.025075729612072,269.39052734375,265.68858642578124,258.63453674316406,1.0139333833183042,1.0272741984556462,0.0400538646812111,-0.4174737225692868,50647770.0,0.9910525182056192,-0.0037950428984276,0.0063032290912405,0.0026022346664624,0.022791155068992,0.0043720532620099,0.0394388237214669,0.0004441421356069,0,11,0,0,1,xg_AAPL,0.48690295,2.9802835
2025-11-04,269.5262756347656,270.9734988318123,267.11086611942017,267.8195068636227,49274800,67.4533775983157,259.31124572753913,261.5732633302316,6.149124858538244,5.612276450225157,241.0843805693144,259.31124572753913,277.53811088576384,0.0036796584516909,0.0038661837138573,0.0276668808454578,0.0036729050702186,0.0104669439674232,0.0154335091616953,0.6781520460268083,0.351516827291226,0.0038661837138573,0.0276668808454578,-0.0238006971316004,269.59813232421874,266.41420593261716,259.3112457275391,1.0119510383481836,1.0273916396689609,0.0381665445138988,-0.0183246803441007,50905660.0,0.9679630909411456,-0.0048822578802912,-0.0037950428984276,0.0063032290912405,0.0007068103233436,0.0124818972559215,0.0020209326791449,0.0063365353313551,1,11,0,0,0,xg_AAPL,0.41032904,2.5115824
2025-11-05,269.6260986328125,271.18312844251227,266.4221834255846,268.0989800730272,43683100,67.55771917485285,259.914096069336,262.3402000257155,6.043318609079904,5.698484881996107,241.14048113799535,259.914096069336,278.6877110006766,0.0003703646251622,0.0016315000243176,0.045231160071735,0.0003702960571141,0.0081246026228844,0.0154193279980754,0.52687612247278,0.0455799578629647,0.0016315000243176,0.045231160071735,-0.0435996600474173,269.68596801757815,267.5809814453125,259.9140960693359,1.0078667271526391,1.0294977667310945,0.0362423073945447,-0.1134799126531208,50772440.0,0.8603703111372851,0.0036796584516909,-0.0048822578802912,-0.0037950428984276,0.0026022346664624,0.022791155068992,-0.0164400645747891,-0.007579986339384,2,11,0,0,0,xg_AAPL,0.2684655,1.64325
2025-11-06,269.25677490234375,272.8798740142925,267.38037702601645,267.38037702601645,51204000,66.70564898672083,260.69909973144536,262.9989214425372,5.862090525061433,5.7312060106091725,241.73278331375337,260.69909973144536,279.66541614913734,-0.0013697625428008,-0.0060058700028254,0.0392557600443359,-0.0013707015250652,0.0083319907572497,0.0148646396474998,0.5604865283177377,-0.164378262583474,-0.0060058700028254,0.0392557600443359,-0.0452616300471614,269.3605895996094,268.59804382324216,260.6990997314453,1.0028389848470716,1.0302990846532796,0.0321681408807838,0.1721695575634512,52617350.0,0.9731390881524636,0.0003703646251622,0.0036796584516909,-0.0048822578802912,0.0063032290912405,0.0007068103233436,0.0043720532620099,0.0195593942011609,3,11,0,0,0,xg_AAPL,0.40443233,2.4754891
2025-11-07,267.9592590332031,271.7719991063764,266.26248096015127,269.28671541495146,48227400,63.667504878307504,261.85689239501954,263.47133454641016,5.549792720100527,5.694923352507444,244.19395080334252,261.85689239501954,279.51983398669654,-0.0048188791892468,-0.0070274341457235,0.0214974854296385,-0.0048305274235893,0.0081435065462893,0.0121408178167394,0.6706991217626563,-0.5916723329840455,-0.0070274341457235,0.0214974854296385,-0.0285249195753621,268.98131103515624,269.16196594238284,261.85689239501954,0.9993288245365792,1.02789719789519,0.0265876934644527,-0.0581321771736582,53614720.0,0.8995178935933844,-0.0013697625428008,0.0003703646251622,0.0036796584516909,-0.0037950428984276,0.0026022346664624,0.0124818972559215,0.0394388237214669,4,11,0,0,1,xg_AAPL,0.5219764,3.1949646
2025-11-10,269.1781311035156,273.4741297822401,267.20997142836535,268.7085692371889,41312400,65.26782852812408,262.956356048584,264.0148389804202,5.3391014116222095,5.623758964330397,246.43730453008936,262.956356048584,279.4754075670786,0.0045487216030906,0.0023832149661944,0.0032781257674221,0.0045384074346728,0.0039942669016019,0.0120803456742926,0.3306144041636976,1.1385275915525912,0.0023832149661944,0.0032781257674221,-0.0008949108012277,269.10930786132815,269.2499176025391,262.956356048584,0.9994777723890764,1.023933863583021,0.0228582901126465,-0.143383221985842,53257140.0,0.7757157068516864,-0.0048188791892468,-0.0013697625428008,0.0003703646251622,-0.0048822578802912,0.0063032290912405,0.022791155068992,0.0020209326791449,0,11,0,0,1,xg_AAPL,0.6646428,4.068211
2025-11-11,274.99267578125,275.65206242273547,269.5477586519058,269.55775905965567,46208300,71.6769064999979,264.34105758666993,265.0603472471659,5.577023734979832,5.614411918460284,248.73042247614143,264.34105758666993,279.9516926971984,0.0216011035290912,0.0202815110831415,0.024226106844841,0.0213711059324479,0.0078319846776755,0.012634978545407,0.619816237383713,2.757710428140588,0.0202815110831415,0.024226106844841,-0.0039445957616994,270.202587890625,269.9003601074219,264.34105758666993,1.001119775398161,1.0210307947297563,0.0213152233502312,0.1185092127303182,53724490.0,0.8600975086036022,0.0045487216030906,-0.0048188791892468,-0.0013697625428008,0.0036796584516909,-0.0037950428984276,0.0007068103233436,-0.0164400645747891,1,11,0,0,0,xg_AAPL,0.3449479,2.111391
2025-11-12,273.21435546875,275.4722525277038,271.4460210796085,274.74292397164845,48398000,67.57016328970666,265.55849227905276,265.83691945874534,5.5580139778101625,5.6031323303302605,251.28934078257208,265.55849227905276,279.82764377553343,-0.0064667915516215,0.0133082696895159,0.0149614821561558,-0.0064877918333623,0.0083189769363096,0.0129062710015315,0.6445186542780815,-0.7772607545820849,0.0133082696895159,0.0149614821561558,-0.0016532124666399,270.9202392578125,270.3031036376953,265.55849227905276,1.0022831244325792,1.017866539751464,0.0196246898138301,0.0473875905410932,53455620.0,0.9053865617871254,0.0216011035290912,0.0045487216030906,-0.0048188791892468,0.0003703646251622,-0.0048822578802912,0.0026022346664624,0.0043720532620099,2,11,0,0,0,xg_AAPL,0.39001077,2.3872163
2025-11-13,272.6948547363281,276.4413491841305,271.83564282199285,273.85374352181776,49602800,66.37376547987274,266.844271850586,266.4900561518485,5.43833944891918,5.570173754048045,255.2383152240152,266.844271850586,278.45022847715677,-0.001901440103799,0.012768777443878,0.0066862198236294,-0.0019032501358422,0.0081982047005002,0.0126810995018703,0.6464390773224302,-0.2319054314722719,0.012768777443878,0.0066862198236294,0.0060825576202485,271.60785522460935,270.4842224121094,266.8442718505859,1.0041541528835942,1.013640729614618,0.0174685487873593,0.0248935906442415,51427250.0,0.9645236717887704,-0.0064667915516215,0.0216011035290912,0.0045487216030906,-0.0013697625428008,0.0036796584516909,0.0063032290912405,0.0124818972559215,3,11,0,0,0,xg_AAPL,0.44248882,2.708429
2025-11-14,272.15533447265625,275.70200347225597,269.3479639093673,270.7965900477885,47431300,65.08490124886526,267.8615371704102,267.0296064681159,5.239563321786704,5.504051667595777,258.44376098331605,267.8615371704102,277.27931335750435,-0.001978476140276,0.0156593784241401,0.008521899027778,-0.0019804359095259,0.0081072419352968,0.0122917435316527,0.6595144456094336,-0.2440080298619723,0.0156593784241401,0.008521899027778,0.0071374793963621,272.4470703125,270.7141906738281,267.86153717041014,1.0064011407542346,1.0106497316992664,0.0168489555825721,-0.0437777706097236,47553670.0,0.9974266970351396,-0.001901440103799,-0.0064667915516215,0.0216011035290912,-0.0048188791892468,0.0003703646251622,-0.0037950428984276,0.022791155068992,4,11,0,0,0,xg_AAPL,0.12420062,0.7602194
2025-11-17,267.2099609375,270.2371271729127,265.48159771217263,268.5687054184609,45018300,54.61588825438833,268.13497924804693,267.0467830842477,4.629614184370894,5.329164170950801,259.15818412432054,268.13497924804693,277.1117743717733,-0.0181711431258133,-0.0073117758784748,-0.0049459864459834,-0.0183382659850774,0.0100198810017318,0.0100945989390863,0.9924999063640116,-1.8133279022745616,-0.0073117758784748,-0.0049459864459834,-0.0023657894324914,272.0534362792969,270.5813720703125,268.1349792480469,1.00544037528423,1.009123736220937,0.0146643374277747,-0.0508735792609521,47036040.0,0.95710225605725,-0.001978476140276,-0.001901440103799,-0.0064667915516215,0.0045487216030906,-0.0013697625428008,-0.0048822578802912,0.0007068103233436,0,11,0,0,0,xg_AAPL,0.40648112,2.4880297
2025-11-18,267.19000244140625,270.4569347049811,265.0719890725528,269.7376065335732,45677300,54.577732997901286,268.3809753417969,267.0604230230247,4.0973825393069205,5.082807844622025,259.82091872799225,268.3809753417969,276.94103195560155,-7.469218596389826e-05,-0.0283741133020233,-0.008668072112291,-7.46949755638937e-05,0.0099177417380363,0.0100952239474003,0.9823218848656822,-0.0075304093943154,-0.0283741133020233,-0.008668072112291,-0.0197060411897322,270.49290161132814,270.3477447509766,268.3809753417969,1.0005369264703328,1.0073282743185312,0.0079042114234583,0.0146384914579182,46676290.0,0.9785974849329075,-0.0181711431258133,-0.001978476140276,-0.001901440103799,0.0216011035290912,-0.0048188791892468,0.0036796584516909,0.0026022346664624,1,11,0,0,1,xg_AAPL,0.6444553,3.9446456
2025-11-19,268.3089294433594,271.9555110777923,265.2517925781922,265.2817633125939,40424500,56.4160507481599,268.8985046386719,267.1793283963899,3.722957250147033,4.810837725727026,261.8786619562044,268.8985046386719,275.91834732113944,0.0041877577444107,-0.0179544959011193,-0.0048851694851947,0.0041790134909902,0.0100416045627184,0.0092394985356913,1.0866951089200312,0.4169991677215961,-0.0179544959011193,-0.0048851694851947,-0.0130693264159245,269.51181640625,270.2160278320313,268.89850463867185,0.9973938946870352,1.004899704426136,0.0022858418050063,-0.1149980406022247,46350430.0,0.8721494061651451,-7.469218596389826e-05,-0.0181711431258133,-0.001978476140276,-0.0064667915516215,0.0045487216030906,0.0003703646251622,0.0063032290912405,2,11,0,0,0,xg_AAPL,0.42118588,2.578036
2025-11-20,266.0010986328125,275.17250947675234,265.67142054546326,270.5768036466949,45823600,51.76280024013114,269.24425201416017,267.06711603795395,3.203076776600369,4.489285535901695,263.7422282007589,269.24425201416017,274.7462758275614,-0.0086013939801957,-0.024546690145613,-0.0120913439251882,-0.0086385994690703,0.0103706615082605,0.0095161571368278,1.089680600956978,-0.8293168817112991,-0.024546690145613,-0.0120913439251882,-0.0124553462204247,268.1730651855469,269.8904602050781,269.24425201416017,0.9936366960943108,1.002400081658508,-0.0040270015203657,0.1335600935076499,45812390.0,1.000244693629802,0.0041877577444107,-7.469218596389826e-05,-0.0181711431258133,-0.001901440103799,0.0216011035290912,-0.0013697625428008,-0.0037950428984276,3,11,0,0,1,xg_AAPL,0.39960903,2.4459662
2025-11-21,271.2361755371094,273.0744516711978,265.4216397990326,265.70137680880595,59030800,59.85224633169977,269.69005889892577,267.4641693235878,3.1768736882486905,4.226803166371094,265.19816197102284,269.69005889892577,274.1819558268287,0.0196806589566886,-0.0033773320568118,0.0122291594465866,0.0194894988223488,0.0121529472862144,0.0100784740061662,1.205712448762671,1.619281250216658,-0.0033773320568118,0.0122291594465866,-0.0156064915033985,267.9892333984375,270.21815185546876,269.69005889892577,0.99175141106648,1.0019581476554942,-0.0062706440139124,0.2882182979949197,46892730.0,1.258847586822067,-0.0086013939801957,0.0041877577444107,-7.469218596389826e-05,-0.001978476140276,-0.0064667915516215,-0.0048188791892468,-0.0048822578802912,4,11,0,0,1,xg_AAPL,0.43985158,2.692287
2025-11-24,275.6620788574219,276.7410558404627,270.64675212306133,270.64675212306133,65585800,65.17027084031075,270.05823211669923,268.24492261252436,3.473204027049462,4.076083338506768,264.8903295581245,270.05823211669923,275.22613467527395,0.0163175259035717,0.0316309986733571,0.0240879440217702,0.0161858258260112,0.0130417368945091,0.0094505459843562,1.3798522396330968,1.251081428349693,0.0316309986733571,0.0240879440217702,0.0075430546515868,269.6796569824219,270.8665466308594,270.05823211669923,0.9956181755805562,1.0029931119219164,-0.0013733304771062,0.111043726325918,49320070.0,1.3297994102603397,0.0196806589566886,-0.0086013939801957,0.0041877577444107,-0.0181711431258133,-0.001901440103799,0.0045487216030906,0.0036796584516909,0,11,0,0,1,xg_AAPL,0.6066058,3.7129726
2025-11-25,276.7110900878906,280.1179060838009,274.9926967216935,275.012667049666,46914200,66.30936894067801,270.46937408447263,269.05122427684495,3.7494728062948184,4.010761232064378,264.5706819306678,270.46937408447263,276.3680662382775,0.0038054245067611,0.0356341463358917,0.006248945728313,0.0037982021957638,0.0112275320766757,0.0094640266474103,1.186212410690638,0.3389066781637354,0.0356341463358917,0.006248945728313,0.0293852006075787,271.58387451171876,271.03838806152345,270.46937408447263,1.0020125800411397,1.002103801877669,0.0040276680883738,-0.2846896736793635,49390660.0,0.9498597508111666,0.0163175259035717,0.0196806589566886,-0.0086013939801957,-7.469218596389826e-05,-0.001978476140276,0.0216011035290912,0.0003703646251622,1,11,0,0,1,xg_AAPL,0.41279066,2.5266497
2025-11-26,277.29052734375,279.26868736786383,276.3714044558947,276.70108254872224,33431400,66.9522982928056,270.8745544433594,269.83591980702636,3.969416584731789,4.002492302597861,264.2751250483366,270.8745544433594,277.4739838383822,0.0020940152983219,0.0334748378260241,0.0149193180863669,0.0020918259041708,0.0109448910323921,0.0094617399034243,1.1566302301547378,0.1913060610712431,0.0334748378260241,0.0149193180863669,0.0185555197396571,273.38019409179685,271.4460052490234,270.8745544433594,1.007125501224448,1.0021096511144738,0.0090361530645844,-0.2873927297065707,47894000.0,0.698028980665622,0.0038054245067611,0.0163175259035717,0.0196806589566886,0.0041877577444107,-0.0181711431258133,-0.0064667915516215,-0.0013697625428008,2,11,0,0,1,xg_AAPL,0.17763951,1.0873134
2025-11-28,278.5893249511719,278.73917862681736,275.73198274965245,277.0008150112318,20135600,68.40761100715575,271.2598373413086,270.66957743980214,4.2001094785752,4.042015737793329,263.81286031654275,271.2598373413086,278.7068143660744,0.0046838874009274,0.0473239636342108,0.0216156268168066,0.004672952133415,0.0109131654758956,0.0094255714027138,1.1577025208501333,0.4291567148465876,0.0473239636342108,0.0216156268168066,0.0257083368174042,275.89783935546876,272.0354522705078,271.2598373413086,1.0141981019485662,1.002859306179644,0.0166481684643626,-0.3977039549644945,44947280.0,0.4479826142983413,0.0020940152983219,0.0038054245067611,0.0163175259035717,-0.0086013939801957,-7.469218596389826e-05,-0.001901440103799,-0.0048188791892468,4,11,0,0,1,xg_AAPL,0.34529203,2.1134975
2025-12-01,282.8353576660156,283.1550658399818,275.88187257202503,277.75011957449965,46587700,72.64821125599794,271.90882263183585,271.828223175632,4.671702139282502,4.167953018091164,262.8823089013948,271.90882263183585,280.93533636227687,0.0152411895738933,0.0427641412725909,0.0392423805105772,0.0151262094613091,0.0115230699071358,0.0098213699131734,1.1731455859427022,1.3225526829246097,0.0427641412725909,0.0392423805105772,0.0035217607620137,278.21767578125,273.10345458984375,271.90882263183596,1.0187263145355925,1.004393502007198,0.022305744237479,1.3136981267009675,44862920.0,1.038445558158028,0.0046838874009274,0.0020940152983219,0.0038054245067611,0.0196806589566886,0.0041877577444107,-0.001978476140276,0.0045487216030906,0,12,1,0,1,xg_AAPL,0.26434505,1.6180292
2025-12-02,285.9224548339844,287.1313151163589,282.36578537497866,282.7354345985028,53669500,75.24945625046072,272.7780380249023,273.1705309526179,5.234208959340947,4.3812042063411205,261.9499071349757,272.7780380249023,283.60616891482886,0.0109148205282527,0.0372208466942214,0.0700291779199848,0.010855683796743,0.0086381179782109,0.0098403211249332,0.8777396721997084,1.2634183901390683,0.0372208466942214,0.0700291779199848,-0.0328083312257634,280.2697509765625,274.9747039794922,272.77803802490234,1.0192564876711905,1.008052942863345,0.0262019048346869,0.1520100799137969,45728040.0,1.1736671853855716,0.0152411895738933,0.0046838874009274,0.0020940152983219,0.0163175259035717,-0.0086013939801957,-0.0181711431258133,0.0216011035290912,1,12,0,0,0,xg_AAPL,0.2881055,1.7634645
2025-12-03,283.8843688964844,288.35019153510143,283.0351573834178,285.9324708384744,43538700,70.48360473307102,273.49594268798825,274.1908964710814,5.452687971958312,4.595500959464559,261.7137181380809,273.49594268798825,285.2781672378956,-0.0071281072998738,0.0259233513420633,0.0624812541731951,-0.0071536336319999,0.0095082478060153,0.0101050471194797,0.9408473653054568,-0.7495973861744138,0.0259233513420633,0.0624812541731951,-0.0365579028311318,281.70440673828125,276.644140625,273.4959426879883,1.0182916077739763,1.0115109493255017,0.0289148151488611,-0.1887627050745768,45514180.0,0.9565963838082778,0.0109148205282527,0.0152411895738933,0.0046838874009274,0.0038054245067611,0.0196806589566886,-7.469218596389826e-05,-0.0064667915516215,2,12,0,0,0,xg_AAPL,0.200524,1.2273871
2025-12-04,280.4375915527344,284.46382276925783,278.32954829392816,283.83440686502166,43989100,63.19423434268312,274.03651733398436,274.78581981219116,5.286765496052226,4.733753866782092,262.01228522257253,274.03651733398436,286.0607494453962,-0.0121414833692616,0.0113493390456971,0.0452040941557085,-0.0122157932793749,0.0111391751335213,0.0106271992062824,1.0480773757925883,-1.089882629648012,0.0113493390456971,0.0452040941557085,-0.0338547551100114,282.3338195800781,277.8570068359375,274.03651733398436,1.016111930359863,1.0139415342857276,0.0295869829724076,0.0103448196661819,45870640.0,0.9589816056632094,-0.0071281072998738,0.0109148205282527,0.0152411895738933,0.0020940152983219,0.0163175259035717,0.0041877577444107,-0.001901440103799,3,12,0,0,0,xg_AAPL,0.22610556,1.3839692
2025-12-05,278.5193786621094,280.8771882481053,277.79005013345267,280.27774306596746,47265800,59.50590067213343,274.49964752197263,275.1413968455167,4.943501382673617,4.7757033699603975,262.5372013152445,274.49964752197263,286.4620937287008,-0.0068400704770148,-0.0002510731129944,0.0470610087463476,-0.0068635709838025,0.010921021859847,0.0107882406453118,1.0122141324739475,-0.6262641262568088,-0.0002510731129944,0.0470610087463476,-0.0473120818593421,282.3198303222656,279.1088348388672,274.49964752197263,1.0115044566226363,1.0167912321873769,0.0280776972785802,0.0744889074793528,46014860.0,1.0271855657063604,-0.0121414833692616,-0.0071281072998738,0.0109148205282527,0.0046838874009274,0.0038054245067611,-0.0086013939801957,-0.001978476140276,4,12,0,0,0,xg_AAPL,0.22883189,1.4006567
2025-12-08,277.6302185058594,279.4085531850005,275.8918244790692,277.86998437615557,38211800,57.821256651936885,274.98319549560546,275.378427479835,4.547295909497507,4.730021877867819,263.3567919092387,274.98319549560546,286.6095990819722,-0.0031924534677664,-0.0184034245333029,0.0235737100926465,-0.0031975602189451,0.009759717793053,0.0107421690018312,0.9084579970201938,-0.3270715879152425,-0.0184034245333029,0.0235737100926465,-0.0419771346259494,281.2788024902344,279.7482391357422,274.98319549560546,1.0054712171172937,1.0173284903157398,0.0226762310980066,-0.191554993250934,43932960.0,0.8697752211551221,-0.0068400704770148,-0.0121414833692616,-0.0071281072998738,0.0152411895738933,0.0020940152983219,0.0196806589566886,-0.0181711431258133,0,12,0,0,0,xg_AAPL,0.542948,3.3233297
2025-12-09,276.9208679199219,279.7682096639769,276.6611317163261,277.8999627322321,32193300,56.4482760036851,275.3703323364258,275.5253265693671,4.1284711084500145,4.609711723984258,264.0461031670333,275.3703323364258,286.6945615058183,-0.0025550193698475,-0.031482616219454,0.0045664208429301,-0.0025582890023416,0.0085086917138453,0.0107649250452819,0.7903354034193465,-0.3002481706464824,-0.031482616219454,0.0045664208429301,-0.0360490370623841,279.4784851074219,279.8741180419922,275.3703323364258,0.9985863897049924,1.016355377383443,0.0148351144565386,-0.1575037030446092,40593710.0,0.7930612895445922,-0.0031924534677664,-0.0068400704770148,-0.0121414833692616,0.0109148205282527,0.0046838874009274,0.0163175259035717,-7.469218596389826e-05,1,12,0,0,1,xg_AAPL,0.7220788,4.419771
2025-12-10,278.5193786621094,279.48847306800184,276.1815698919154,277.490342786908,33038300,58.821231302019406,275.5466674804688,275.8104743877235,3.8808004419525446,4.463929467577916,264.13768416434084,275.5466674804688,286.95565079659673,0.0057724459488901,-0.0188985052443352,0.0065349335064395,0.0057558492212868,0.0086159592980273,0.0097403939576578,0.8844688281243598,0.6698936073902078,-0.0188985052443352,0.0065349335064395,-0.0254334387507747,278.4054870605469,280.05494689941406,275.5466674804687,0.9941102278066182,1.0163612191726648,0.0102643471122574,0.0262476975022754,39206120.0,0.8426822138992371,-0.0025550193698475,-0.0031924534677664,-0.0068400704770148,-0.0071281072998738,0.0152411895738933,0.0038054245067611,0.0041877577444107,2,12,0,0,0,xg_AAPL,0.31027365,1.8991535
2025-12-11,277.77008056640625,279.3286197507982,273.5540244422053,278.83908758708685,33248000,57.24667488882712,275.7744537353516,275.99710354759804,3.582757758948844,4.287695125852102,264.3796309835933,275.7744537353516,287.16927648710987,-0.0026902907054526,-0.0095119594044384,0.0017294251889887,-0.0026939160410908,0.0086617316377409,0.0096304935857453,0.8993134409143272,-0.3105591651635492,-0.0095119594044384,0.0017294251889887,-0.0112413845934272,277.8719848632812,280.1029022216797,275.7744537353516,0.9920353650722517,1.015695610770684,0.0075513213073651,0.0063471788802693,39187780.0,0.8484277496709217,0.0057724459488901,-0.0025550193698475,-0.0031924534677664,-0.0121414833692616,0.0109148205282527,0.0020940152983219,-0.0086013939801957,3,12,0,0,0,xg_AAPL,0.5107414,3.1261964
2025-12-12,278.0198669433594,278.9589906850317,276.5612402656973,277.64021728323,39532900,57.65362312962423,276.04070434570315,276.1897476805277,3.328345364911399,4.095825173663962,264.70014282555184,276.04070434570315,287.38126586585446,0.0008992558753764,-0.0017934540897995,-0.0020440769146926,0.0008988517870465,0.0085259790078065,0.0096083927758515,0.8872547107484713,0.1054600784818565,-0.0017934540897995,-0.0020440769146926,0.000250622824893,277.77208251953124,280.04595642089845,276.04070434570315,0.99188035445886,1.014509643006052,0.0062275339991469,0.1890309191530317,41127510.0,0.9612276551631508,-0.0026902907054526,0.0057724459488901,-0.0025550193698475,-0.0068400704770148,-0.0071281072998738,0.0046838874009274,0.0196806589566886,4,12,0,0,0,xg_AAPL,0.1768014,1.0821834
2025-12-15,273.8537292480469,279.8880911943856,272.5849275039148,279.8880911943856,50409100,49.23579942224451,276.1256240844727,275.96726973457714,2.7587480848866903,3.828409755908508,264.88254782581623,276.1256240844727,287.36870034312915,-0.014985035929685,-0.0136025872044357,-0.0317556775506641,-0.0150984459758864,0.0077798153976051,0.010240748586395,0.7596178847760139,-1.925895316099812,-0.0136025872044357,-0.0317556775506641,0.0181530903462283,277.01678466796875,279.1477935791016,276.12562408447263,0.9923660191477424,1.0109449077920578,0.003254148066353,0.2751176867874605,41509650.0,1.2143947250819698,0.0008992558753764,-0.0026902907054526,0.0057724459488901,-0.0031924534677664,-0.0121414833692616,0.0152411895738933,0.0163175259035717,0,12,0,0,1,xg_AAPL,0.25948274,1.5882676
2025-12-16,274.353271484375,275.2424541197232,271.53593087885605,272.5649667835892,37648600,50.17518140208311,276.48278961181643,275.81355561551027,2.320893208165444,3.526906446359895,266.0044111920653,276.48278961181643,286.9611680315676,0.0018241206270945,-0.0092719499791881,-0.0404626609558413,0.0018224589395021,0.0063471567339517,0.0092659563092014,0.6849235630526718,0.2873465012825975,-0.0092719499791881,-0.0404626609558413,0.0311907109766532,276.5032653808594,277.9908752441406,276.48278961181643,0.9946487097392144,1.0054545370959311,7.4632859058552e-05,-0.2531388181895729,39907560.0,0.943395186275459,-0.014985035929685,0.0008992558753764,-0.0026902907054526,-0.0025550193698475,-0.0068400704770148,0.0109148205282527,0.0038054245067611,1,12,0,0,0,xg_AAPL,0.5117841,3.1325784
2025-12-17,271.58587646484375,275.90184538512057,271.38608172110213,274.75292651919426,50138700,45.18659069506886,276.70258331298834,275.410919505923,1.730634733869465,3.1676521038618093,266.8811175898779,276.70258331298834,286.5240490360988,-0.0100869765633133,-0.0248941464345183,-0.0433221895219075,-0.0101381948274461,0.0065689071453398,0.0096116053481671,0.6833638651973158,-1.5353301561450814,-0.0248941464345183,-0.0433221895219075,0.0184280430873892,275.11656494140624,276.7610260009766,276.7025833129883,0.9940581913453214,1.0002112112120116,-0.0058398411295417,0.3317547000419669,40567560.0,1.235930876789207,0.0018241206270945,-0.014985035929685,0.0008992558753764,0.0057724459488901,-0.0031924534677664,-0.0071281072998738,0.0020940152983219,2,12,0,0,1,xg_AAPL,0.33383253,2.043355
2025-12-18,271.935546875,273.374203136776,266.7004552212896,273.35420232069225,51630700,45.91825526839255,276.88391418457036,275.0799316363113,1.2763531159706076,2.789392306283569,267.5955032850529,276.88391418457036,286.1723250840878,0.0012875132341483,-0.0210049033341134,-0.0303170649507437,0.001286685099731,0.0061709557217003,0.0095805847907258,0.6440433244063429,0.2086070108412301,-0.0210049033341134,-0.0303170649507437,0.0093121616166302,273.949658203125,275.91082153320315,276.8839141845703,0.9928920391045912,0.9964855572985056,-0.0107902626749789,0.029757452825861,41331720.0,1.249178596971013,-0.0100869765633133,0.0018241206270945,-0.014985035929685,-0.0026902907054526,-0.0025550193698475,-0.0121414833692616,0.0046838874009274,3,12,0,0,1,xg_AAPL,0.49448615,3.0266995
2025-12-19,273.4141845703125,274.34330788170604,269.64768928264715,271.8955859651445,144632000,49.01735228675944,277.25456848144535,274.92128905859715,1.0238431389981884,2.436282472826493,269.2986385773002,277.25456848144535,285.2104983855905,0.0054374564572545,-0.0165660189096672,-0.0183297626051016,0.0054227268611262,0.0065446168252061,0.0093741424544154,0.6980818539054563,0.8307019189262371,-0.0165660189096672,-0.0183297626051016,0.0017637436954344,273.0285217285156,275.4003021240234,277.2545684814453,0.9913878801976052,0.993312043990554,-0.0154565746454273,1.8012790839558637,51068340.0,2.8321265190918123,0.0012875132341483,-0.0100869765633133,0.0018241206270945,0.0008992558753764,0.0057724459488901,-0.0068400704770148,0.0152411895738933,4,12,0,0,0,xg_AAPL,0.28253564,1.729372
2025-12-22,270.7166748046875,273.62395794129594,270.25711338978425,272.6048920133635,36571800,44.05727908561317,277.22859344482424,274.52084960584386,0.5991539946651301,2.0688567771942203,269.18699889118864,277.22859344482424,285.27018799845985,-0.0098660198257976,-0.0114552190031268,-0.0249019855921266,-0.0099150115009596,0.0070219534654462,0.0086441585301598,0.8122411452547844,-1.4048248894627622,-0.0114552190031268,-0.0249019855921266,0.0134467665889997,272.40111083984374,274.7089477539063,277.22859344482424,0.9915989743583816,0.9909113065877908,-0.0178322321979736,-0.7471389457381492,50904340.0,0.7184416888618786,0.0054374564572545,0.0012875132341483,-0.0100869765633133,-0.014985035929685,-0.0026902907054526,-0.0031924534677664,0.0109148205282527,0,12,0,0,1,xg_AAPL,0.17965043,1.099622
2025-12-23,272.1053771972656,272.2452609569047,269.30800689497966,270.5868091030317,29642000,47.0289950084945,277.0507583618164,274.2908046145507,0.370372046864361,1.7291598311282486,268.71150085964433,277.0507583618164,285.3900158639885,0.0051297261004703,-0.0081934298612414,-0.0173894107685982,0.0051166138778286,0.0074238136188254,0.0078544351799223,0.945054404853335,0.6908895446835258,-0.0081934298612414,-0.0173894107685982,0.0091959809073567,271.9515319824219,274.22739868164064,277.0507583618164,0.9917008048424044,0.9898092331640956,-0.0187398956680586,-0.1894847942950579,50649210.0,0.5852411123490261,-0.0098660198257976,0.0054374564572545,0.0012875132341483,0.0018241206270945,0.0008992558753764,-0.0025550193698475,-0.0071281072998738,1,12,0,0,1,xg_AAPL,0.210778,1.2901508
2025-12-24,273.55401611328125,275.17249671786806,271.9455359163183,272.085389177814,17910600,50.012072171282334,276.892904663086,274.22063428109647,0.3024671061685353,1.443821286136306,268.408321113735,276.892904663086,285.37748821243696,0.0053238158353827,0.0072468409405386,-0.0178277094135411,0.0053096944255424,0.007374645490823,0.0079066245011914,0.9325993526515955,0.7218101577694848,0.0072468409405386,-0.0178277094135411,0.0250745503540797,272.34515991210935,273.7308624267578,276.8929046630859,0.994937719107142,0.9885802699055234,-0.0166246681938432,-0.3957695162269752,49136440.0,0.3645074816164874,0.0051297261004703,-0.0098660198257976,0.0054374564572545,-0.0100869765633133,-0.014985035929685,0.0057724459488901,-0.0121414833692616,2,12,0,0,0,xg_AAPL,0.29069522,1.779316
2025-12-26,273.1444091796875,275.1125687682936,272.6049054553,273.9037084592662,21521800,49.16891462497719,276.68559875488285,274.11813665239083,0.2131431139843584,1.197685651705917,268.0408272857477,276.68559875488285,285.330370224018,-0.0014973530252399,0.0044454000904969,-0.0166528784427986,-0.001498475178594,0.0073677975258222,0.007884312779032,0.9343697241045535,-0.2032018141349069,0.0044454000904969,-0.0166528784427986,0.0210982785332956,272.58693237304686,273.26829528808594,276.6855987548828,0.9975066155613816,0.987649145881914,-0.0150054924944102,0.2016236195325673,47963820.0,0.4487090477780867,0.0053238158353827,0.0051297261004703,-0.0098660198257976,0.0012875132341483,0.0018241206270945,-0.0026902907054526,-0.0068400704770148,4,12,0,0,1,xg_AAPL,0.27988383,1.7131405
2025-12-29,273.50408935546875,274.10350406329195,272.0954038139857,272.4350823114352,23715200,49.96659304731755,276.4313369750977,274.0596559574459,0.1694233835435739,0.992033198073448,267.72341924823724,276.4313369750977,285.1392547019581,0.0013168132449112,0.0003288226808624,-0.0162426435115539,0.0013159470067156,0.0073850344220344,0.0077982522698341,0.9468900564478764,0.1782842009215234,0.0003288226808624,-0.0162426435115539,0.0165714661924163,272.60491333007815,272.81671752929685,276.4313369750977,0.999223639221464,0.986923988121772,-0.0139903708717363,0.1019152673103551,46382050.0,0.5113012469263323,-0.0014973530252399,0.0053238158353827,0.0051297261004703,0.0054374564572545,-0.0100869765633133,0.0008992558753764,-0.0031924534677664,0,12,0,0,0,xg_AAPL,0.34922493,2.1375704
2025-12-30,272.82470703125,273.82377221524894,272.02546707967076,272.5549704076282,22139600,48.4209327988777,275.9308044433594,273.94204177399865,0.0790435417101775,0.809435266800794,267.63156110257984,275.9308044433594,284.230047784139,-0.0024839932953827,0.0077868577104951,-0.0037575614530515,-0.0024870835251959,0.0057458499529184,0.0068132814108527,0.8432070245539457,-0.4322356274712357,0.0077868577104951,-0.0037575614530515,0.0115444191635466,273.0265197753906,272.7138153076172,275.93080444335936,1.0011466396281417,0.9883413193310118,-0.0106452406732945,-0.0664384023748482,43555100.0,0.5083124593905075,0.0013168132449112,-0.0014973530252399,0.0053238158353827,-0.0098660198257976,0.0012875132341483,-0.014985035929685,-0.0025550193698475,1,12,0,0,0,xg_AAPL,0.37884668,2.318882
2025-12-31,271.6058349609375,273.42414083736213,271.49595243002375,272.80472532736104,27293600,45.69016014401129,275.21497344970703,273.71954588704045,-0.0898996168076564,0.629568290079104,268.16937992712406,275.21497344970703,282.26056697229,-0.0044676014997897,-0.0018358411049186,-0.0100142291308306,-0.0044776110549653,0.0058238762363462,0.0061399867169966,0.948361640357777,-0.7669865107026104,-0.0018358411049186,-0.0100142291308306,0.0081783880259119,272.926611328125,272.43907165527344,275.21497344970703,1.0017895365370664,0.9899136963383977,-0.0084253054501246,0.2327955337946485,42519600.0,0.6419063208496637,-0.0024839932953827,0.0013168132449112,-0.0014973530252399,0.0051297261004703,0.0054374564572545,0.0018241206270945,0.0057724459488901,2,12,0,1,0,xg_AAPL,0.38821876,2.3762476
