Date,Close,High,Low,Open,Volume,RSI,SMA_20,EMA_20,MACD,MACD_SIGNAL,BB_LOWER,BB_MIDDLE,BB_UPPER,ret_1,ret_5,ret_10,log_ret,vol_10,vol_20,vol_ratio,scaled_ret_1,mom_5,mom_10,mom_diff,ma_5,ma_10,ma_20,ma_ratio_5_10,ma_ratio_10_20,trend_strength,volume_chg,volume_ma_10,volume_ratio,ret_lag_1,ret_lag_2,ret_lag_3,ret_lag_5,ret_lag_7,ret_lag_10,ret_lag_14,day_of_week,month,is_month_start,is_month_end,target,stock,pred,position
2022-10-25,103.6235580444336,103.96076735839142,101.87798302852408,102.05650783204726,40611400,57.987044728862344,98.76471138000488,99.95065084983143,-0.4950884858380107,-1.4839837802338125,94.39875842675154,98.76471138000488,103.13066433325822,0.0191182778933338,0.0368165907179889,0.0751183947267684,0.0189378200202332,0.0166061502106376,0.0194960053703701,0.8517282472453062,1.1512076214670284,0.0368165907179889,0.0751183947267684,-0.0383018040087794,100.71360626220704,99.34392471313475,98.76471138000488,1.0137872703643165,1.0058645777933912,0.0188074499561815,0.4943627559205781,28372230.0,1.4313784993283425,0.0137447140542377,0.0116033893260452,0.0034126130096538,0.0080023188926809,-0.0252371586882267,-0.0069485969528425,-0.0020660786426774,1,10,0,0,0,xg_GOOGL,0.4607569,2.7502878
2022-10-26,94.1518325805664,97.50412305253045,93.91380204631294,95.6395366616455,88114100,38.92604353923342,98.51080932617188,99.39838244323477,-0.9200767695803762,-1.3712023781031253,93.69165260876402,98.51080932617188,103.32996604357972,-0.0914051364633293,-0.0471746515253374,-0.0269577235262086,-0.0958559788351838,0.0354688427060771,0.0281520661289196,1.259857187265388,-2.5769817255961143,-0.0471746515253374,-0.0269577235262086,-0.0202169279991287,99.78130950927736,99.08308105468748,98.51080932617188,1.0070468988969417,1.0058092277632271,0.0134941630798135,1.1696888065912527,34996000.0,2.5178334666818345,0.0191182778933338,0.0137447140542377,0.0116033893260452,-0.0113127969737067,0.0353148511627026,0.0039101843370354,-9.874368006301816e-05,2,10,0,0,0,xg_GOOGL,0.39024168,2.329378
2022-10-27,91.46405029296876,94.64773619425108,91.04749495639447,93.74519206481908,60710900,35.37273408559484,98.25294036865236,98.64273176225706,-1.456969575858338,-1.388355817654168,92.5392003636365,98.25294036865236,103.9666803736682,-0.0285473178155899,-0.0775233155056017,-0.0690490332834039,-0.0289627172855437,0.0357773010202631,0.0282580479820816,1.2660476404919427,-0.797894729529558,-0.0775233155056017,-0.0690490332834039,-0.0084742822221978,98.24401397705078,98.40468826293946,98.25294036865236,0.9983672090352104,1.0015444616081488,-9.759453657442842e-05,-0.3109967644224931,37609640.0,1.6142377326663693,-0.0914051364633293,0.0191182778933338,0.0137447140542377,0.0034126130096538,0.0080023188926809,0.0153752057352449,-0.0270161931356203,3,10,0,0,1,xg_GOOGL,0.37099802,2.2145112
2022-10-28,95.50069427490234,95.75856512636024,91.37479091899618,91.51364270819928,43697300,43.68680924784952,98.2846782684326,98.34349009679472,-1.5389969602710494,-1.4184840461775443,92.643563522551,98.2846782684326,103.92579301431424,0.0441336674792314,-0.0478590978358447,-0.0027961613585618,0.0431875152487339,0.0383780063333612,0.0298134287526546,1.287229302689359,1.1499429426568533,-0.0478590978358447,-0.0027961613585618,-0.0450629364772828,97.28395080566406,98.37790985107422,98.2846782684326,0.9888800336674544,1.000948587147907,-0.0104787454202994,-0.280239627480403,39438300.0,1.1079914702205444,-0.0285473178155899,-0.0914051364633293,0.0191182778933338,0.0116033893260452,-0.0113127969737067,-0.0252371586882267,-0.0083098426968603,4,10,0,0,0,xg_GOOGL,0.3980818,2.376176
2022-10-31,93.73526763916016,95.24280429060454,93.20961346179372,94.63780408767433,31675000,41.19098364023506,98.079870223999,97.90461176749618,-1.7265567570607772,-1.480098588354191,92.08323767718696,98.079870223999,104.07650277081105,-0.0184860083913143,-0.078131205518636,-0.0546165555209975,-0.0186590100348942,0.0366738151538728,0.0292044854953881,1.2557166755424785,-0.5040518490346685,-0.078131205518636,-0.0546165555209975,-0.0235146499976385,95.69508056640623,97.83638381958008,98.07987022399902,0.9781134260121204,0.9975174681220228,-0.0254417543967887,-0.2751268385003192,39763880.0,0.7965771951831462,0.0441336674792314,-0.0285473178155899,-0.0914051364633293,0.0137447140542377,0.0034126130096538,0.0353148511627026,-0.0069485969528425,0,10,0,1,0,xg_GOOGL,0.5476401,3.2688992
2022-11-01,89.72840118408203,95.24282237108928,89.62922241672638,94.66757492682962,47161400,36.14391736750896,97.52594871520996,97.12592504526626,-2.1734655258104,-1.6187719758454329,90.61322594655618,97.52594871520996,104.43867148386374,-0.0427466262805459,-0.134092643821334,-0.102212887089208,-0.0436871642439449,0.0381598933283053,0.0295475899315941,1.2914285729588637,-1.1201683858076563,-0.134092643821334,-0.102212887089208,-0.0318797567321259,92.91604919433594,96.81482772827148,97.52594871520996,0.9597295308433728,0.9927083920094428,-0.0513761469060013,0.4889155485398579,42073950.0,1.120916861858677,-0.0184860083913143,0.0441336674792314,-0.0285473178155899,0.0191182778933338,0.0116033893260452,0.0080023188926809,0.0039101843370354,1,11,1,0,0,xg_GOOGL,0.47065058,2.8093438
2022-11-02,86.257080078125,90.43256844263183,86.16781390238052,90.19453791873644,57038300,32.435933392767744,96.80887489318847,96.09079695315756,-2.7757533898266473,-1.850168258641676,88.42035101972527,96.80887489318847,105.1973987666517,-0.0386869827183864,-0.0838512887753492,-0.127070284972759,-0.039455202670922,0.0392275775206586,0.0304523864461844,1.2881187315564882,-0.9861938709863486,-0.0838512887753492,-0.127070284972759,0.0432189961974098,91.33709869384764,95.5592041015625,96.80887489318847,0.9558168629865575,0.9870913612723548,-0.0634356761715665,0.2094276251341138,45396670.0,1.256442377821958,-0.0427466262805459,-0.0184860083913143,0.0441336674792314,-0.0914051364633293,0.0137447140542377,-0.0113127969737067,0.0153752057352449,2,11,0,0,0,xg_GOOGL,0.622874,3.7179754
2022-11-03,82.74610137939453,85.81076815755338,82.6568351996716,85.61241063994241,61288000,29.1757451715358,95.91674880981446,94.81987356518012,-3.4960769015349484,-2.1793499872203306,85.63849220455768,95.91674880981446,106.19500541507124,-0.0407036581292862,-0.0953155790242149,-0.1654497148245233,-0.0415552404973995,0.0396815193255609,0.031295288573311,1.267930516189088,-1.0257327110546504,-0.0953155790242149,-0.1654497148245233,0.0701341358003083,89.59350891113282,93.9187614440918,95.91674880981444,0.9539468742298766,0.9791695674580848,-0.0764173754808012,0.074506077495297,48993150.0,1.2509503879623731,-0.0386869827183864,-0.0427466262805459,-0.0184860083913143,-0.0285473178155899,0.0191182778933338,0.0034126130096538,-0.0252371586882267,3,11,0,0,1,xg_GOOGL,0.51964444,3.1017914
2022-11-04,85.87028503417969,85.92979077856455,83.02380838038178,84.69995747119829,51124900,35.398097868909936,95.31670799255372,93.96753180032294,-3.771368969283273,-2.4977537836329193,84.15556189701796,95.31670799255372,106.47785408808949,0.03775626407413,-0.1008412484730337,-0.1438741751323188,0.037060944140097,0.0425488451603422,0.0326796994366801,1.301956380792339,0.8873419851905827,-0.1008412484730337,-0.1438741751323188,0.043032926659285,87.66742706298828,92.47568893432616,95.31670799255372,0.9480051251658952,0.9701939028522734,-0.0890794868856057,-0.1658252839054953,50859770.0,1.0052129610495486,-0.0407036581292862,-0.0386869827183864,-0.0427466262805459,0.0441336674792314,-0.0914051364633293,0.0116033893260452,0.0353148511627026,4,11,0,0,1,xg_GOOGL,0.5205493,3.1071925
2022-11-07,87.7646255493164,88.17126831965837,86.1380696016579,86.56454509810828,34078900,38.90317384317048,94.85204887390135,93.3767788240366,-3.792959591305575,-2.7567949451674507,83.23176285857065,94.85204887390135,106.47233488923207,0.022060489427544,-0.0636968586127914,-0.1368513517802599,0.0218206773368079,0.0432396381652403,0.0332670760074554,1.2997336592458868,0.5101795524673286,-0.0636968586127914,-0.1368513517802599,0.0731544931674685,86.47329864501953,91.0841896057129,94.85204887390135,0.9493777023141656,0.9602764588332976,-0.0954684210915214,-0.33341874507334,51550020.0,0.6610841276104129,0.03775626407413,-0.0407036581292862,-0.0386869827183864,-0.0184860083913143,-0.0285473178155899,0.0137447140542377,0.0080023188926809,0,11,0,0,1,xg_GOOGL,0.45298952,2.7039237
2022-11-08,88.17127227783203,89.5796304672484,86.87200543719126,88.17127227783203,30429000,39.66000898607419,94.44144287109376,92.88101629582664,-3.734211654816889,-2.9522782870973385,82.47382611882212,94.44144287109376,106.4090596233654,0.0046333784935608,-0.0173538019813311,-0.1491194286146365,0.0046226774373927,0.0422474458026151,0.0333226413974896,1.2677919948387697,0.1096697974455197,-0.0173538019813311,-0.1491194286146365,0.1317656266333053,86.16187286376953,89.53896102905273,94.44144287109376,0.9622835899984652,0.9480897189517468,-0.0939032611578393,-0.1071014616082092,50531780.0,0.6021755022284867,0.022060489427544,0.03775626407413,-0.0407036581292862,-0.0427466262805459,0.0441336674792314,0.0191182778933338,-0.0113127969737067,1,11,0,0,0,xg_GOOGL,0.49239513,2.9391384
2022-11-09,86.60420989990234,88.70683431006073,86.56453688459513,87.72494420662868,31769100,37.72083140772181,93.9336399078369,92.28322521050052,-3.77063677569545,-3.115949984816961,81.52650037374653,93.9336399078369,106.34077944192728,-0.0177729359852242,0.0040243632344492,-0.0801643735846087,-0.0179327712720089,0.0328645846796084,0.033407681778813,0.983713900991158,-0.5407765040082042,0.0040243632344492,-0.0801643735846087,0.0841887368190579,86.231298828125,88.78419876098633,93.93363990783692,0.9712460103431928,0.9451800105701964,-0.0889372593851306,0.0440402247855664,44897280.0,0.7075952039856155,0.0046333784935608,0.022060489427544,0.03775626407413,-0.0386869827183864,-0.0184860083913143,-0.0914051364633293,0.0034126130096538,2,11,0,0,1,xg_GOOGL,0.8660608,5.169573
2022-11-10,93.16995239257812,93.61626060159357,90.8590501780568,91.4938033302298,51620100,48.977476043895905,93.67973861694335,92.36767541831745,-3.2324418222592612,-3.139248352305421,81.43760545608774,93.67973861694335,105.92187177779896,0.0758132023866333,0.1259739231143928,0.0186510666665775,0.0730768429388266,0.0410958787516828,0.0377922488633126,1.0873867684758975,1.8447435593519097,0.1259739231143928,0.0186510666665775,0.1073228564478152,88.31606903076172,88.95478897094726,93.67973861694335,0.9928197239566928,0.9495627366626586,-0.0575686629481297,0.6248524509665052,43988200.0,1.173498801951406,-0.0177729359852242,0.0046333784935608,0.022060489427544,-0.0407036581292862,-0.0427466262805459,-0.0285473178155899,0.0116033893260452,3,11,0,0,1,xg_GOOGL,0.5641325,3.3673434
2022-11-11,95.61971282958984,96.135446962913,93.1501183771832,93.9138107806014,33090500,52.43212819928993,93.6723003387451,92.67739326701005,-2.5785196806059503,-3.027102617965527,81.43533111395438,93.6723003387451,105.90926956353584,0.0262934602208391,0.113536688407748,0.0012462585281831,0.0259537294586795,0.0394466606062192,0.0378786375635808,1.0413684803612018,0.6665404187921278,0.113536688407748,0.0012462585281831,0.1122904298795648,90.26595458984374,88.96669082641601,93.67230033874512,1.0146039349261933,0.949765197445645,-0.0356238859969392,-0.3589609473828993,42927520.0,0.7708458350260912,0.0758132023866333,-0.0177729359852242,0.0046333784935608,0.03775626407413,-0.0386869827183864,0.0441336674792314,0.0137447140542377,4,11,0,0,0,xg_GOOGL,0.21175216,1.2639624
2022-11-14,94.91551971435548,95.99658864167772,93.73527959271192,94.31051943427283,30179500,51.355702876097766,93.4605499267578,92.89054816675724,-2.0929776280403587,-2.8402776199804936,81.47881754203355,93.4605499267578,105.44228231148206,-0.0073645181981392,0.0814780912045352,0.0125913341362482,-0.0073917701430179,0.0389962029426465,0.0370129633795142,1.0535538316393684,-0.1888473439741374,0.0814780912045352,0.0125913341362482,0.0688867570682869,91.69613342285156,89.08471603393556,93.4605499267578,1.0293138655560312,0.9531798828890752,-0.0185893361719578,-0.0879708677717169,42777970.0,0.7054916350635455,0.0262934602208391,0.0758132023866333,-0.0177729359852242,0.022060489427544,-0.0407036581292862,-0.0184860083913143,0.0191182778933338,0,11,0,0,1,xg_GOOGL,0.48368356,2.8871384
2022-11-15,97.6330795288086,99.31914142570112,95.91725718886973,97.45455470480834,41640800,55.179826910504865,93.34500579833984,93.34221782028592,-1.4719301927913904,-2.566608134542673,81.58398688475305,93.34500579833984,105.10602471192664,0.0286313536777915,0.1073116788103265,0.0880956112046367,0.0282291357896928,0.0363533129471054,0.0375755332233449,0.967447229126514,0.7875641528269121,0.1073116788103265,0.0880956112046367,0.0192160676056898,93.58849487304688,89.8751838684082,93.34500579833984,1.0413163105187695,0.9628279852761726,0.002493919846451,0.3797710366308255,42225910.0,0.9861433418486188,-0.0073645181981392,0.0262934602208391,0.0758132023866333,0.0046333784935608,0.03775626407413,-0.0427466262805459,-0.0914051364633293,1,11,0,0,1,xg_GOOGL,0.35993367,2.1484673
2022-11-16,98.0396957397461,98.82322078363065,96.83961537638496,97.09748619804606,29105200,55.74048354151021,93.3063247680664,93.78959666975832,-0.9361438128173633,-2.240515270197611,81.61615609678664,93.3063247680664,104.99649343934615,0.0041647381491998,0.132043071036165,0.1365988235510558,0.0041560896314996,0.0324107626411037,0.0375002372974618,0.8642584879005402,0.1284946516274374,0.132043071036165,0.1365988235510558,-0.0045557525148907,95.87559204101562,91.0534454345703,93.3063247680664,1.0529595182634846,0.9758550201275624,0.0262063978632648,-0.3010412864306161,39432600.0,0.7380999477589422,0.0286313536777915,-0.0073645181981392,0.0262934602208391,-0.0177729359852242,0.022060489427544,-0.0386869827183864,-0.0285473178155899,2,11,0,0,0,xg_GOOGL,0.2761451,1.648328
2022-11-17,97.55372619628906,98.46618297666176,95.99659606811966,96.17512087878868,26052600,54.85726809479119,93.22648468017576,94.14808519609458,-0.5444666546198391,-1.9013055470820568,81.68349021194865,93.22648468017576,104.7694791484029,-0.0049568650717467,0.0470513689353366,0.1789525375824163,-0.0049691910765146,0.0273650094253067,0.0375101677860451,0.7295163291473696,-0.1811321846276532,0.0470513689353366,0.1789525375824163,-0.1319011686470796,96.7523468017578,92.53420791625976,93.2264846801758,1.0455846435657106,0.992574247905078,0.0361427723886998,-0.1048816019130601,35909060.0,0.7255160675327974,0.0041647381491998,0.0286313536777915,-0.0073645181981392,0.0758132023866333,0.0046333784935608,-0.0407036581292862,0.0441336674792314,3,11,0,0,0,xg_GOOGL,0.36197188,2.1606336
2022-11-18,96.63134002685548,98.0892912467336,95.58003155727448,97.96035204939338,28342300,53.13628914149813,93.04300117492676,94.38458565616703,-0.3049730011193929,-1.5820390378895242,81.86252729573252,93.04300117492676,104.223475054121,-0.0094551608164883,0.0105796929035806,0.125317564607972,-0.0095001446268483,0.0274443963498834,0.0374588247680365,0.7326354706629848,-0.3445080805520416,0.0105796929035806,0.125317564607972,-0.1147378717043914,96.95467224121094,93.61031341552734,93.04300117492676,1.0357263927836489,1.006097312354897,0.0404803562198047,0.0878875812778763,33630800.0,0.8427483140454333,-0.0049568650717467,0.0041647381491998,0.0286313536777915,0.0262934602208391,-0.0177729359852242,0.03775626407413,-0.0184860083913143,4,11,0,0,0,xg_GOOGL,0.3017571,1.8012077
2022-11-21,94.81633758544922,97.59338820085924,94.5783070537111,96.49248658714596,21647400,49.82399393648824,92.69983711242676,94.42570488752726,-0.2586465670517981,-1.317360543721979,82.23724653344743,92.69983711242676,103.16242769140608,-0.0187827514438053,-0.0010449516496854,0.0803479988890323,-0.0189613877101244,0.0288194064836097,0.0374824478815985,0.768856871828961,-0.6517170899198522,-0.0010449516496854,0.0803479988890323,-0.0813929505387177,96.9348358154297,94.31548461914062,92.69983711242676,1.027772228567413,1.0174288063176895,0.0446652846002021,-0.2362158328717147,32387650.0,0.6683843996090897,-0.0094551608164883,-0.0049568650717467,0.0041647381491998,-0.0073645181981392,0.0758132023866333,0.022060489427544,-0.0427466262805459,0,11,0,0,1,xg_GOOGL,0.3953368,2.359791
2022-11-22,96.25446319580078,96.42306785300386,93.27905484436155,95.1634740801226,23438500,52.358135401102125,92.33138236999513,94.59987234545808,-0.104681117688159,-1.074824658515215,83.03446644267098,92.33138236999513,101.62829829731923,0.0151674874496761,-0.0141203815311492,0.0916760154316274,0.0150536111464152,0.0288702640093013,0.0373710157790547,0.7725102167349982,0.5253489228871188,-0.0141203815311492,0.0916760154316274,-0.1057963969627766,96.65911254882812,95.1238037109375,92.33138236999513,1.0161401119172666,1.0302434694387272,0.0449613455329291,0.0827397285586259,31688600.0,0.7396508523569757,-0.0187827514438053,-0.0094551608164883,-0.0049568650717467,0.0286313536777915,0.0262934602208391,0.0046333784935608,-0.0386869827183864,1,11,0,0,1,xg_GOOGL,0.27720118,1.6546317
2022-11-23,97.65290069580078,97.95044455619234,96.29412816473292,96.29412816473292,18868100,54.751295953309295,92.50643577575684,94.8906369502526,0.1286962983966191,-0.8341204671328483,82.93733295487301,92.50643577575684,102.07553859664064,0.0145285470779188,-0.0039452901299499,0.1275768326813278,0.0144240189493629,0.0272837708861655,0.0311774530529923,0.8750841755937284,0.5324782509090212,-0.0039452901299499,0.1275768326813278,-0.1315221228112777,96.58175354003906,96.22867279052734,92.50643577575684,1.0036691844465144,1.0402376005902283,0.0417326852069378,-0.1949954135290227,30398500.0,0.6206918104511532,0.0151674874496761,-0.0187827514438053,-0.0094551608164883,0.0041647381491998,-0.0073645181981392,-0.0177729359852242,-0.0407036581292862,2,11,0,0,0,xg_GOOGL,0.42336053,2.5270665
2022-11-25,96.66110229492188,97.83142992962436,96.60159654689032,97.43470728675224,9701400,52.72831405760179,92.76628837585449,95.05925269736396,0.2309574066732977,-0.6211048923716191,83.03548075318933,92.76628837585449,102.49709599851964,-0.010156363956545,-0.0091500748989447,0.0374707704865355,-0.0102082917183219,0.0164951006694243,0.0304837485359695,0.5410935455137981,-0.6156827095126768,-0.0091500748989447,0.0374707704865355,-0.0466208453854802,96.40322875976562,96.57778778076172,92.76628837585449,0.9981925551929978,1.0410871176549013,0.037625687040217,-0.4858305817755894,26206630.0,0.3701887652094004,0.0145285470779188,0.0151674874496761,-0.0187827514438053,-0.0049568650717467,0.0286313536777915,0.0758132023866333,0.03775626407413,4,11,0,0,0,xg_GOOGL,0.76182705,4.547395
2022-11-28,95.2626495361328,96.7801064114265,94.82625393968354,96.24453206128982,26237500,49.92712005465864,92.75438613891602,95.07862382486576,0.196887030329421,-0.4575065078314111,83.0370880429682,92.75438613891602,102.47168423486384,-0.0144675854670296,-0.0141640433666997,-0.0037342016922116,-0.0145732614711464,0.0153150899320222,0.0291287587002764,0.5257540953086205,-0.9446004516323308,-0.0141640433666997,-0.0037342016922116,-0.0104298416744881,96.12949066162108,96.542081451416,92.75438613891602,0.9957263114323618,1.0408357541909363,0.0354294630596528,1.70450656606263,25521330.0,1.0280616253149415,-0.010156363956545,0.0145285470779188,0.0151674874496761,-0.0094551608164883,0.0041647381491998,0.0262934602208391,0.022060489427544,0,11,0,0,0,xg_GOOGL,0.58968824,3.5198872
2022-11-29,94.40970611572266,95.33208297513312,93.33855733056448,94.94528050830176,20061700,48.24368306710175,92.78810806274414,95.01491737637596,0.099908918114707,-0.3460234226421875,83.05181509909694,92.78810806274414,102.52440102639136,-0.0089535974966413,-0.0042886224049742,-0.0053290926516027,-0.0089939218297283,0.0154048722415332,0.0288825975884559,0.533343264957071,-0.5811808222388746,-0.0042886224049742,-0.0053290926516027,0.0010404702466284,96.04816436767578,96.49150009155274,92.78810806274414,0.9954054427233868,1.0399123562935924,0.0345309443176915,-0.2353806574559314,24509550.0,0.8185258399276684,-0.0144675854670296,-0.010156363956545,0.0145285470779188,-0.0187827514438053,-0.0049568650717467,-0.0073645181981392,0.0046333784935608,1,11,0,0,1,xg_GOOGL,0.70674974,4.218635
2022-11-30,100.16216278076172,100.2117559475668,93.64601867914251,94.0427413130184,43647500,58.42512177425092,93.30979614257814,95.5051312244127,0.4816757844668018,-0.1804835812203896,83.15468479332723,93.30979614257814,103.46490749182904,0.0609307761003725,0.0405975936618325,0.0259039586189318,0.0591466134886333,0.0234566270590333,0.0299492413647137,0.7831865784784326,2.597482513769801,0.0405975936618325,0.0259039586189318,0.0146936350429007,96.82970428466795,96.74440841674804,93.30979614257812,1.0008816619928305,1.0368086997952692,0.0351420940240112,1.1756630794000509,24710220.0,1.7663743989328398,-0.0089535974966413,-0.0144675854670296,-0.010156363956545,0.0151674874496761,-0.0094551608164883,0.0286313536777915,-0.0177729359852242,2,11,0,1,0,xg_GOOGL,0.60809475,3.629757
2022-12-01,100.16216278076172,101.4118364290716,99.42823082654697,100.1919156541028,28687100,58.42512177425091,94.00505027770996,95.94865803930308,0.7752916964581402,0.0106714743153163,83.979856546972,94.00505027770996,104.03024400844794,0.0,0.0256957250330693,0.0216490578127646,0.0,0.0234667120626943,0.0281083739422235,0.8348358135235652,0.0,0.0256957250330693,0.0216490578127646,0.0040466672203047,97.33155670166016,96.9566551208496,94.00505027770996,1.0038666925993194,1.0313983646029656,0.0332112080210505,-0.3427550260610573,24668410.0,1.162908351207023,0.0609307761003725,-0.0089535974966413,-0.0144675854670296,0.0145285470779188,-0.0187827514438053,0.0041647381491998,0.0758132023866333,3,12,1,0,0,xg_GOOGL,0.5558118,3.3176768
2022-12-02,99.61666870117188,99.94395785152076,98.08929158774455,98.23806351073276,21480700,57.18787648065651,94.84857864379885,96.29799238805248,0.9529822229062006,0.1991336240334932,86.04795727450245,94.84857864379885,103.64920001309524,-0.0054461092337216,0.0305765849558832,0.0211467320144382,-0.0054609933515656,0.0234842239419502,0.0259223696817528,0.9059093871766404,-0.2318951374354849,0.0305765849558832,0.0211467320144382,0.0094298529414449,97.92266998291016,97.16294937133787,94.84857864379885,1.0078190361293866,1.024400689611076,0.0308592063877674,-0.2512069885070292,24211220.0,0.887220883540735,0.0,0.0609307761003725,-0.0089535974966413,-0.010156363956545,0.0151674874496761,-0.0049568650717467,0.0262934602208391,4,12,0,0,0,xg_GOOGL,0.21868269,1.3053311
2022-12-05,98.66453552246094,100.54895459128151,98.18846689898945,98.58518949074,24405100,54.99860218927713,95.48829116821292,96.52337744847236,1.005384607173113,0.3603838206614171,87.62553315753762,95.48829116821292,103.3510491788882,-0.00955797047949,0.035710595945978,0.0210407461496486,-0.0096039410373327,0.0234899815017548,0.025373720389322,0.9257237573991042,-0.4068782940711108,0.035710595945978,0.0210407461496486,0.0146698497963293,98.60304718017578,97.36626892089843,95.4882911682129,1.0127023277463998,1.0196670998057478,0.0315691549701139,0.1361408147779168,23817500.0,1.0246709352366528,-0.0054461092337216,0.0,0.0609307761003725,-0.0144675854670296,0.0145285470779188,-0.0094551608164883,-0.0073645181981392,0,12,0,0,0,xg_GOOGL,0.42549297,2.5397952
2022-12-06,96.1850357055664,98.9620789139917,95.62962101039768,98.48601782310948,24910700,49.66636291763763,95.9093116760254,96.49115442533844,0.8371883746137456,0.4557447314518829,88.93651711752631,95.9093116760254,102.88210623452449,-0.0251306085187019,0.0188045240567493,0.0144352561485905,-0.0254517744124704,0.0241988810617362,0.0261090347176266,0.9268038638569772,-1.0384600012946907,0.0188045240567493,0.0144352561485905,0.0043692679081588,98.95811309814454,97.50313873291016,95.9093116760254,1.014922333620664,1.016618063762866,0.0316972531096404,0.0207169812866983,24143830.0,1.0317625662539445,-0.00955797047949,-0.0054461092337216,0.0,-0.0089535974966413,-0.010156363956545,-0.0187827514438053,0.0286313536777915,1,12,0,0,0,xg_GOOGL,0.341755,2.0399578
2022-12-07,94.16175842285156,96.08585067198514,93.94356060039664,95.61970972120518,31045400,45.76705978784843,96.20883598327636,96.26930718700636,0.5344690544761477,0.4714895960567358,90.18560470817576,96.20883598327636,102.232067258377,-0.0210352605046416,-0.0599068968892378,-0.0217413790848559,-0.0212596539589231,0.0246624073739757,0.0267462530547456,0.9220538394539902,-0.8528935270654291,-0.0599068968892378,-0.0217413790848559,-0.0381655178043819,97.7580322265625,97.29386825561524,96.20883598327636,1.0047707422807757,1.0112778858745102,0.0164524990742968,0.2462676681104907,24904520.0,1.2465769265980131,-0.0251306085187019,-0.00955797047949,-0.0054461092337216,0.0609307761003725,-0.0144675854670296,0.0151674874496761,0.0041647381491998,2,12,0,0,0,xg_GOOGL,0.49292484,2.9423003
2022-12-08,92.94184112548828,94.79651511839256,92.6839702742034,94.59815001476764,32213300,43.54710759265292,96.52571754455568,95.95240565733798,0.1938896425618566,0.41596960535776,92.20336728377296,96.52571754455568,100.8480678053384,-0.0129555492356568,-0.0720863193726908,-0.0482429045808679,-0.0130402043273525,0.024150719934247,0.0265645051562212,0.909100722618532,-0.5364234626324054,-0.0720863193726908,-0.0482429045808679,-0.0238434147918228,96.31396789550782,96.82276229858398,96.52571754455566,0.994745095151209,1.003077363852708,-0.002278302715802,0.0376190997700143,26239040.0,1.2276859214361031,-0.0210352605046416,-0.0251306085187019,-0.00955797047949,0.0,-0.0089535974966413,0.0145285470779188,-0.0049568650717467,3,12,0,0,0,xg_GOOGL,0.63605815,3.7966723
2022-12-09,92.06905364990234,93.48733192437892,91.98970761165847,93.0013431152763,28225400,41.97827014541619,96.47067260742188,95.58256260901078,-0.1447797197261309,0.3038197403409818,91.9451200013784,96.47067260742188,100.99622521346538,-0.0093906841635245,-0.0757665875568547,-0.047506686102221,-0.0094350546359232,0.024132625611138,0.020575522904027,1.1728233056526298,-0.3891120345875651,-0.0757665875568547,-0.047506686102221,-0.0282599014546336,94.8044448852539,96.36355743408204,96.47067260742188,0.9838205169013748,0.9988896607596408,-0.0180975871491402,-0.1237966926704187,28091440.0,1.0047687124618387,-0.0129555492356568,-0.0210352605046416,-0.0251306085187019,-0.0054461092337216,0.0609307761003725,-0.010156363956545,-0.0094551608164883,4,12,0,0,1,xg_GOOGL,0.5764795,3.4410434
2022-12-12,92.54511260986328,92.79306329851202,90.85905095379364,91.9500324704772,29420000,43.18067744873542,96.31694259643557,95.29328165671102,-0.3704928390178281,0.1689572244692198,91.4720602008566,96.31694259643557,101.16182499201452,0.0051706728926657,-0.0620225178195317,-0.0285267829469593,0.0051573508664111,0.0240393407562719,0.0196549276948401,1.223007182845025,0.2150831781083101,-0.0620225178195317,-0.0285267829469593,-0.0334957348725724,93.58056030273436,96.09180374145508,96.31694259643557,0.9738662056393752,0.9976625207475304,-0.0295680908103357,0.0423235808881361,28409690.0,1.03556216206509,-0.0093906841635245,-0.0129555492356568,-0.0210352605046416,-0.00955797047949,0.0,-0.0144675854670296,-0.0187827514438053,0,12,0,0,1,xg_GOOGL,0.65628517,3.9174087
2022-12-13,94.8460922241211,98.7141243795283,94.2510121002556,96.95863687909691,40593700,48.71297064315914,96.31347122192383,95.25069218694055,-0.3595575320375701,0.0632542731678618,91.46426337575896,96.31347122192383,101.16267906808868,0.0248633293468225,-0.0139204967968611,0.0046222589429898,0.0245592664775617,0.0253924925509959,0.020449780762082,1.2416392726715064,0.9791220840099598,-0.0139204967968611,0.0046222589429898,-0.0185427557398509,93.31277160644532,96.13544235229492,96.31347122192383,0.9706386044856824,0.9981515683385692,-0.0316375671903053,0.3797994561522773,30462890.0,1.3325623406051976,0.0051706728926657,-0.0093906841635245,-0.0129555492356568,-0.0251306085187019,-0.0054461092337216,-0.0089535974966413,0.0151674874496761,1,12,0,0,0,xg_GOOGL,0.5985007,3.5724895
2022-12-14,94.29068756103516,96.07593554575188,92.83273630132555,94.4196191950435,28733600,47.510484635672015,96.14635162353515,95.15926317494956,-0.391198247190502,-0.0276362309038108,91.25840537642448,96.14635162353515,101.03429787064584,-0.005855851833869,0.0013692303578765,-0.0586196928732284,-0.0058730645639109,0.0140561871851616,0.01934679664979,0.726500667729224,-0.4165735119505488,0.0013692303578765,-0.0586196928732284,0.0599889232311049,93.33855743408203,95.54829483032226,96.14635162353515,0.976873083918825,0.9937797245229376,-0.0297780646432937,-0.2921660257626183,28971500.0,0.991788481783788,0.0248633293468225,0.0051706728926657,-0.0093906841635245,-0.0210352605046416,-0.00955797047949,0.0609307761003725,0.0145285470779188,2,12,0,0,0,xg_GOOGL,0.32880723,1.9626716
2022-12-15,90.11519622802734,92.87240659372344,89.27216542487523,92.36658508509043,40107000,39.59680735755506,95.75012664794922,94.67887584667125,-0.7446175093059395,-0.1710324865842366,90.2606671446663,95.75012664794922,101.23958615123212,-0.0442831783393771,-0.0304130503896996,-0.1003070048989008,-0.0452936214621404,0.0183107501843699,0.0215042639411224,0.851454333901759,-2.4182930573821,-0.0304130503896996,-0.1003070048989008,0.0698939545092012,92.77322845458984,94.54359817504884,95.75012664794922,0.9812745679809952,0.9873991971066888,-0.0330343639914697,0.3958223125539437,30113490.0,1.3318615676893868,-0.005855851833869,0.0248633293468225,0.0051706728926657,-0.0129555492356568,-0.0251306085187019,0.0,-0.010156363956545,3,12,0,0,0,xg_GOOGL,0.47604716,2.8415563
2022-12-16,89.52012634277344,90.5813550775437,88.7861867939752,90.01602776214001,58011800,38.60977538799006,95.34844665527342,94.18756637010956,-1.060497235321975,-0.3489254363317843,89.2705266003313,95.34844665527342,101.42636671021556,-0.0066034354932562,-0.0276849517409111,-0.1013539449776809,-0.0066253346330231,0.0182798576321311,0.0215113178556149,0.8497391008640167,-0.3612213182848599,-0.0276849517409111,-0.1013539449776809,0.0736689932367697,92.26344299316406,93.53394393920898,95.34844665527343,0.9864166858304332,0.9809697716143748,-0.0344615651043304,0.4464258109556935,33766600.0,1.718023135287482,-0.0442831783393771,-0.005855851833869,0.0248633293468225,-0.0093906841635245,-0.0210352605046416,-0.0054461092337216,-0.0144675854670296,4,12,0,0,0,xg_GOOGL,0.5920126,3.5337615
2022-12-19,87.71503448486328,89.81765139665094,87.4869165311304,89.5201151224369,29493000,35.70250295190929,94.9026313781738,93.57113476199086,-1.4398918442524715,-0.5671187179159218,87.9726291201445,94.9026313781738,101.83263363620313,-0.0201640897042352,-0.0521916067611464,-0.1109770697203049,-0.0203701598106151,0.0185265777950715,0.0217839518353589,0.8504300553467956,-1.088328432743053,-0.0521916067611464,-0.1109770697203049,0.0587854629591585,91.29742736816408,92.43899383544922,94.90263137817382,0.9876505961400092,0.9740403663528848,-0.0411013235209056,-0.4916034324051314,34275390.0,0.8604716095133896,-0.0066034354932562,-0.0442831783393771,-0.005855851833869,0.0051706728926657,-0.0129555492356568,-0.00955797047949,-0.0089535974966413,0,12,0,0,1,xg_GOOGL,0.5610417,3.3488944
2022-12-20,88.29029083251953,88.4489829286173,86.72324800125995,87.38775412824421,23453800,37.32225527889579,94.57632904052733,93.06819724489836,-1.674839913610029,-0.7886629570547433,87.04108469050115,94.57632904052733,102.1115733905535,0.0065582411388724,-0.0691204164332909,-0.0820787226945947,0.0065368294398604,0.0186530691152116,0.0216525529435646,0.8614322630483264,0.3515716114466681,-0.0691204164332909,-0.0820787226945947,0.0129583062613037,89.98626708984375,91.64951934814454,94.57632904052734,0.9818520351210716,0.9690534648354916,-0.0519882980042575,-0.2047672329027227,34129700.0,0.6871961956887788,-0.0201640897042352,-0.0066034354932562,-0.0442831783393771,0.0248633293468225,-0.0093906841635245,-0.0251306085187019,0.0609307761003725,1,12,0,0,1,xg_GOOGL,0.4465718,2.665616
2022-12-21,88.84569549560547,89.48044867408069,87.59602186498341,88.34979410199328,24745600,38.922077007092305,94.20589065551758,92.66605422115616,-1.795523756494589,-0.9900351169427124,86.29874405645357,94.20589065551758,102.11303725458158,0.0062906652345215,-0.0577468698794363,-0.0564567082888711,0.0062709615894922,0.0185929067266585,0.0213419864345196,0.8711483176781096,0.3383186399178023,-0.0577468698794363,-0.0564567082888711,-0.0012901615905651,88.89726867675782,91.11791305541992,94.20589065551758,0.9756288933295536,0.967220971230032,-0.0597510318214835,0.0550784947428562,33499720.0,0.7386808009141349,0.0065582411388724,-0.0201640897042352,-0.0066034354932562,-0.005855851833869,0.0051706728926657,-0.0210352605046416,0.0,2,12,0,0,0,xg_GOOGL,0.33827206,2.019168
2022-12-22,87.04061889648438,87.8142238968935,85.61242039304902,87.43734154375588,27658300,35.730076352723074,93.67527656555175,92.13029847594932,-2.0136095301204335,-1.194749999578257,85.32993674056075,93.67527656555175,102.02061639054276,-0.0203169842844032,-0.0341183003559473,-0.0634937091577106,-0.0205262129912693,0.0190548550373131,0.0211902204693855,0.8991862957983572,-1.0661806696482872,-0.0341183003559473,-0.0634937091577106,0.0293754088017633,88.28235321044922,90.52779083251951,93.67527656555175,0.9751961513539584,0.9664000379990372,-0.0619586972550853,0.1177057739557738,33044220.0,0.8370087113570592,0.0062906652345215,0.0065582411388724,-0.0201640897042352,-0.0442831783393771,0.0248633293468225,-0.0129555492356568,-0.0054461092337216,3,12,0,0,1,xg_GOOGL,0.41040638,2.4497423
2022-12-23,88.49855041503906,88.8159269482654,86.3562531406212,86.39592615313117,23003000,40.009411113501976,93.26714897155762,91.7844177082436,-2.0452251059241178,-1.3648450208474292,84.74023448714993,93.26714897155762,101.7940634559653,0.0167500132356432,-0.0114116899681614,-0.0387807096230218,0.0166112788227952,0.0203443360882632,0.0217280101741018,0.936275326177123,0.8232851579830115,-0.0114116899681614,-0.0387807096230218,0.0273690196548603,88.07803802490234,90.1707405090332,93.26714897155762,0.9767917788817402,0.966800652784308,-0.0586349824072763,-0.1683147554260384,32521980.0,0.7073062587210033,-0.0203169842844032,0.0062906652345215,0.0065582411388724,-0.0066034354932562,-0.005855851833869,-0.0093906841635245,-0.00955797047949,4,12,0,0,0,xg_GOOGL,0.35313848,2.1079063
2022-12-27,86.67363739013672,88.21093460263191,86.29675508801945,88.07208282991216,20097300,36.714137109349565,92.83769836425782,91.29767672556676,-2.192264842732044,-1.5303289852243522,83.87968987488077,92.83769836425782,101.79570685363488,-0.02062082391569,-0.01187250396517,-0.0634444656680961,-0.0208364018510156,0.0207179118103973,0.021924027883659,0.9449434646255872,-0.99526577961213,-0.01187250396517,-0.0634444656680961,0.0515719617029261,87.86975860595703,89.58359298706054,92.83769836425782,0.9808688809640504,0.9649484483724544,-0.0573177716765135,-0.1263183063078728,31589710.0,0.6361976732296487,0.0167500132356432,-0.0203169842844032,0.0062906652345215,-0.0201640897042352,-0.0442831783393771,0.0051706728926657,-0.0251306085187019,1,12,0,0,0,xg_GOOGL,0.53227234,3.1771681
2022-12-28,85.31485748291016,87.31830299959591,85.23551902463964,86.26699465069065,19523200,34.439668416929585,92.3829559326172,90.72788441674231,-2.3908765397508347,-1.7024384961296488,82.85566312193191,92.3829559326172,101.91024874330247,-0.0156769687778349,-0.0337005725267522,-0.1004915913529537,-0.0158011520408454,0.0176773913681579,0.0220473111780768,0.8017571606906104,-0.8867870640126284,-0.0337005725267522,-0.1004915913529537,0.0667910188262014,87.27467193603516,88.63046951293946,92.3829559326172,0.984702804979428,0.9593811825807484,-0.0598756669974546,-0.0285660262821374,29482660.0,0.6621926244103937,-0.02062082391569,0.0167500132356432,-0.0203169842844032,0.0065582411388724,-0.0066034354932562,0.0248633293468225,-0.0210352605046416,2,12,0,0,1,xg_GOOGL,0.2804891,1.6742575
2022-12-29,87.7249526977539,88.12167532237186,85.9000392181079,85.9099593646084,23333500,41.37688561753962,91.7610954284668,90.4418909196958,-2.3269792306497976,-1.8273466430336789,82.76283899332297,91.7610954284668,100.7593518636106,0.0282494196901932,-0.0126144861785341,-0.0696329089660227,0.0278577637617827,0.021521807205692,0.017699794585531,1.215866728563949,1.3125341606332,-0.0126144861785341,-0.0696329089660227,0.0570184227874885,87.05052337646484,87.97389602661133,91.7610954284668,0.9895040154881036,0.9587276134382264,-0.0536970600398234,0.1951678003605965,28942650.0,0.8061977738734772,-0.0156769687778349,-0.02062082391569,0.0167500132356432,0.0062906652345215,-0.0201640897042352,-0.005855851833869,-0.0129555492356568,3,12,0,0,0,xg_GOOGL,0.30663046,1.8302971
2022-12-30,87.50675964355469,87.57618553312793,85.86036345245435,86.26700621056507,23986300,40.954376703699786,91.12832527160644,90.16235460768236,-2.2678046682343904,-1.915438248073821,82.86790068038309,91.12832527160644,99.3887498628298,-0.0024872404884728,0.0053554392533063,-0.0289455795876233,-0.0024903388096761,0.0170711084290007,0.0176607278989144,0.9665593608227878,-0.1456902935461503,0.0053554392533063,-0.0289455795876233,0.0343010188409297,87.14375152587891,87.71305236816406,91.12832527160644,0.9935095082554466,0.9625223782697288,-0.0455344679880511,0.0279769430218355,27330580.0,0.8776359667449107,0.0282494196901932,-0.0156769687778349,-0.02062082391569,-0.0203169842844032,0.0065582411388724,-0.0442831783393771,-0.0093906841635245,4,12,0,0,1,xg_GOOGL,0.5381585,3.2123027
2023-01-03,88.38945770263672,90.30363718067711,87.79437004023141,88.85559860680175,28131200,43.46926468367993,90.56696472167968,89.9935072833923,-2.1251842437572748,-1.957387447210512,83.26503524961264,90.56696472167968,97.86889419374673,0.0100871985510326,-0.001232706206946,-0.012630328914052,0.0100366623255414,0.0174694384090065,0.0180505669648468,0.9677519100156818,0.5773866868637051,-0.001232706206946,-0.012630328914052,0.0113976227071059,87.12193298339844,87.5999855041504,90.56696472167968,0.9945427785404222,0.96723993978768,-0.0389755953687503,0.1728028082697206,24342520.0,1.1556404184940117,-0.0024872404884728,0.0282494196901932,-0.0156769687778349,0.0167500132356432,0.0062906652345215,-0.0066034354932562,0.0051706728926657,1,1,0,0,0,xg_GOOGL,0.6068758,3.6224809
2023-01-04,87.35799407958984,89.90692702075431,86.55462865105089,89.60938314842804,34854800,41.257880132004296,90.00163764953614,89.74250602588731,-2.071507969509625,-1.9802115516703347,83.65057023308248,90.00163764953614,96.3527050659898,-0.0116695322027765,0.0078957882703443,-0.0040704584723734,-0.0117381555846236,0.0166274634164034,0.0180798222517954,0.9196187642822686,-0.7017805500455885,0.0078957882703443,-0.0040704584723734,0.0119662467427177,87.25880432128906,87.56428146362305,90.00163764953614,0.9965113955459008,0.972918757374126,-0.0313976225890459,0.2390086452053237,24878700.0,1.4009896015466483,0.0100871985510326,-0.0024872404884728,0.0282494196901932,-0.02062082391569,-0.0203169842844032,-0.0201640897042352,0.0248633293468225,2,1,0,0,0,xg_GOOGL,0.43518978,2.597676
2023-01-05,85.49339294433594,86.85216541875592,85.19585666320351,86.75298665837843,27194400,37.54001889891554,89.46705551147461,89.33782858954908,-2.154590090566515,-2.015087259449571,83.52044090862218,89.46705551147461,95.41367011432703,-0.021344367563604,0.0020926655297002,-0.0316784310235098,-0.0215754527378519,0.0176608241093011,0.0178867761133746,0.987312452781434,-1.2085030080422785,0.0020926655297002,-0.0316784310235098,0.03377109655321,87.29451141357421,87.28459167480469,89.46705551147461,1.0001136482233484,0.9756059498751468,-0.0254118362025346,-0.2197803458921009,25252760.0,1.0768882292469784,-0.0116695322027765,0.0100871985510326,-0.0024872404884728,-0.0156769687778349,0.0167500132356432,0.0065582411388724,-0.005855851833869,3,1,0,0,1,xg_GOOGL,0.6110713,3.647524
2023-01-06,86.6240463256836,86.97118333274179,84.16437980636358,86.07855936732152,41381500,41.01125117935278,89.09016990661623,89.0793731358476,-2.1049346154971147,-2.03305673065908,83.4487408139317,89.09016990661623,94.73159899930074,0.0132250381276108,-0.0125495236898371,-0.0250057040752386,0.0131383507701814,0.0181973551100209,0.0179833040155783,1.0118465020530127,0.7267161261365056,-0.0125495236898371,-0.0250057040752386,0.0124561803854014,87.07433013916015,87.0624267578125,89.09016990661621,1.0001367223702684,0.977239428873812,-0.0232711337435916,0.5216919659929986,26916350.0,1.537411276045915,-0.021344367563604,-0.0116695322027765,0.0100871985510326,0.0282494196901932,-0.02062082391569,0.0062906652345215,-0.0442831783393771,4,1,0,0,1,xg_GOOGL,0.596074,3.5580041
2023-01-09,87.29846954345703,89.31183536259933,87.13978504764104,87.63568639320383,29003900,43.044566348576026,88.80800132751465,88.90976326990564,-1.9882427516688352,-2.0240939348610314,83.4188383740661,88.80800132751465,94.1971642809632,0.0077856351253529,-0.0023802744033272,0.002962417435006,0.0077554834669557,0.0172657222438374,0.0180381699115897,0.95712398788065,0.4509040578406043,-0.0023802744033272,0.002962417435006,-0.0053426918383332,87.03267211914063,87.08821182250976,88.80800132751465,0.9993622592288112,0.980634745976745,-0.0203363153748103,-0.2991095054553363,27050910.0,1.072196831825581,0.0132250381276108,-0.021344367563604,-0.0116695322027765,-0.0024872404884728,-0.0156769687778349,-0.0203169842844032,-0.0066034354932562,0,1,0,0,1,xg_GOOGL,0.5462328,3.260499
2023-01-10,87.69520568847656,87.94315639958413,85.12643995349273,85.27521189352831,30467800,44.26171345068626,88.58930892944336,88.79409111929334,-1.8425109977657,-1.987777347441965,83.40630143135611,88.58930892944336,93.7723164275306,0.0045445945054287,-0.0078544662701267,-0.0090774902277493,0.0045342990165826,0.0163931975665002,0.0180463090771934,0.908345809138744,0.2772074989943481,-0.0078544662701267,-0.0090774902277493,0.0012230239576226,86.8938217163086,87.00787734985352,88.58930892944336,0.9986891343977246,0.982148731052306,-0.0193338643751828,0.0504725226607456,27797390.0,1.096066932902654,0.0077856351253529,0.0132250381276108,-0.021344367563604,0.0100871985510326,0.0282494196901932,0.0167500132356432,-0.0201640897042352,1,1,0,0,1,xg_GOOGL,0.4736695,2.827364
2023-01-11,90.76979064941406,90.84913669096524,88.28037102229985,88.44897568545483,26862000,52.69809067589928,88.5005428314209,88.98225297930483,-1.4620703846013896,-1.8826359548738505,83.54706513091324,88.5005428314209,93.45402053192856,0.0350598979362621,0.0390553446856369,0.0472595056884446,0.0344592974449753,0.0182593359383857,0.0198434629901906,0.9201224516587568,1.9200028988821345,0.0390553446856369,0.0472595056884446,-0.0082041610028076,87.57618103027343,87.41749267578125,88.5005428314209,1.0018152929080308,0.9877622201967428,-0.0101835841477005,-0.1183478951548848,28473860.0,0.9433915879336014,0.0045445945054287,0.0077856351253529,0.0132250381276108,-0.0116695322027765,-0.0024872404884728,-0.02062082391569,0.0065582411388724,2,1,0,0,0,xg_GOOGL,0.5692345,3.3977976
2023-01-12,90.38298034667967,91.11691981733598,89.01429529901861,90.730117356761,30258100,51.639135547352886,88.27738723754884,89.11565558572148,-1.1781992686981653,-1.7417486176387134,84.20354056609608,88.27738723754884,92.3512339090016,-0.004261443151592,0.057192576337768,0.0594049268005252,-0.0042705489789769,0.0171623584992618,0.0189092018155512,0.9075714086323516,-0.2482872540228835,0.057192576337768,0.0594049268005252,-0.0022123504627571,88.5540985107422,87.9243049621582,88.27738723754882,1.0071629061936294,0.9960003089529542,0.0030615418094424,0.1264276673367581,29547350.0,1.0240546106503283,0.0350598979362621,0.0045445945054287,0.0077856351253529,-0.021344367563604,0.0100871985510326,-0.0156769687778349,0.0062906652345215,3,1,0,0,1,xg_GOOGL,0.5033213,3.0043573
2023-01-13,91.3648681640625,91.4342940509324,89.3911753274604,90.1052744877532,26329200,54.15739508301819,88.13109626770022,89.32986630746825,-0.8640391181713909,-1.566206717745249,84.82952364175463,88.13109626770022,91.4326688936458,0.0108636362024865,0.0547287045510973,0.041492361686982,0.0108050508249588,0.015443414275336,0.0191093012901972,0.8081198742406986,0.7034022792198229,0.0547287045510973,0.041492361686982,0.0132363428641153,89.50226287841797,88.28829650878906,88.1310962677002,1.013750025967576,1.0017837091304451,0.0150075914109084,-0.1298462229948344,29846920.0,0.8821412728683268,-0.004261443151592,0.0350598979362621,0.0045445945054287,0.0132250381276108,-0.0116695322027765,0.0282494196901932,-0.0203169842844032,4,1,0,0,0,xg_GOOGL,0.38722226,2.3113546
2023-01-17,90.54167175292967,91.49380146174484,89.3118384915669,91.30535652243567,32602400,51.72553971140083,88.15242004394533,89.44527634989315,-0.6737237382402697,-1.3877101218442531,84.79190814623439,88.15242004394533,91.51293194165626,-0.0090099884963947,0.0371507338723524,0.0346820305281241,-0.0090508239122231,0.0158876784356225,0.0163754083501892,0.9701564650736686,-0.5670697240743643,0.0371507338723524,0.0346820305281241,0.0024687033442283,90.1509033203125,88.59178771972655,88.15242004394531,1.0175988727704472,1.0049841816658265,0.0220725245919983,0.2382601826109414,30708530.0,1.0616724408494624,0.0108636362024865,-0.004261443151592,0.0350598979362621,0.0077856351253529,-0.021344367563604,-0.0024872404884728,0.0167500132356432,1,1,0,0,0,xg_GOOGL,0.36816448,2.1975975
2023-01-18,90.37306213378906,92.03929092426316,89.8969935221448,91.38469752910903,29116700,51.218235866432856,88.19506683349611,89.53363690074038,-0.5303888234309113,-1.2162458621615848,84.74112334150807,88.19506683349611,91.64901032548416,-0.0018622322282795,0.0305359503326232,0.0224416404705827,-0.0018639683384105,0.0157886005354999,0.0163034105440334,0.9683637745050346,-0.1179404269343386,0.0305359503326232,0.0224416404705827,0.0080943098620405,90.686474609375,88.79014816284179,88.1950668334961,1.0213573970285006,1.0067473312364414,0.027568035397435,-0.106915441807965,30807080.0,0.9451301454081028,-0.0090099884963947,0.0108636362024865,-0.004261443151592,0.0045445945054287,0.0132250381276108,0.0100871985510326,-0.02062082391569,2,1,0,0,1,xg_GOOGL,0.5374225,3.2079096
2023-01-19,92.2872543334961,92.84266148471706,89.88708578674498,89.97635197425116,37000400,56.44130593366748,88.42367782592774,89.79588618005045,-0.25934597882096,-1.0248658854934598,84.52667480525227,88.42367782592774,92.3206808466032,0.0211810041013464,0.0167177171306147,0.0564259780211449,0.0209598046663002,0.0159679248054383,0.0161525285876934,0.9885100161709216,1.3263888683434208,0.0167177171306147,0.0564259780211449,-0.0397082608905301,90.9899673461914,89.2830741882324,88.42367782592774,1.0191177686641977,1.0097190750648992,0.0278076267280629,0.270762139940309,31021640.0,1.1927286887475586,-0.0018622322282795,-0.0090099884963947,0.0108636362024865,0.0350598979362621,0.0077856351253529,-0.0116695322027765,-0.0156769687778349,3,1,0,0,1,xg_GOOGL,0.55614966,3.3196933
2023-01-20,97.2165069580078,97.49421809768434,94.24109856316726,94.32044460307483,63191100,66.41390004830053,88.86998863220215,90.50261196842732,0.3491817695247619,-0.7500563544898156,83.33638430723836,88.86998863220215,94.40359295716594,0.0534120628044583,0.0756063429764868,0.1371230408565571,0.0520344793063687,0.019128791150688,0.0197448301378854,0.968750921947134,2.7920881301695384,0.0756063429764868,0.1371230408565571,-0.0615166978800703,92.35667266845704,90.4553855895996,88.86998863220215,1.021019058914675,1.017839508947827,0.0358651441545924,0.7078491043340072,34621310.0,1.8252082315775509,0.0211810041013464,-0.0018622322282795,-0.0090099884963947,-0.004261443151592,0.0045445945054287,-0.021344367563604,0.0282494196901932,4,1,0,0,1,xg_GOOGL,0.4810991,2.8717117
2023-01-23,98.97199249267578,99.2199431680557,96.70076339817312,97.14707158711536,40005100,69.12497470487601,89.37630348205568,91.30921963740336,0.9620079766121704,-0.4076434882694184,82.23308458185512,89.37630348205568,96.51952238225624,0.0180574841618847,0.0832609347714843,0.1425464024223386,0.0178963842766073,0.0191934055326468,0.0199591455800883,0.9615864501406016,0.9407680863661928,0.0832609347714843,0.1425464024223386,-0.0592854676508542,93.87809753417967,91.69018020629882,89.37630348205566,1.0238620681403194,1.025889152203612,0.0454855352382359,-0.3669187591290546,34483670.0,1.1601172381013634,0.0534120628044583,0.0211810041013464,-0.0018622322282795,0.0108636362024865,0.0350598979362621,0.0132250381276108,-0.0024872404884728,0,1,0,0,0,xg_GOOGL,0.488268,2.9145033
2023-01-24,96.8991241455078,98.79347100071968,96.40322277819844,97.29584675272618,33078500,62.69010111949751,89.86922874450683,91.84159149531808,1.2658223963326378,-0.0729503113490071,82.07382673696961,89.86922874450683,97.66463075204403,-0.0209439892535393,0.070215761090941,0.1099750620172279,-0.0211664258854646,0.0220884704567662,0.0200024391687097,1.1042336405490705,-0.9481435643525784,0.070215761090941,0.1099750620172279,-0.0397593009262868,95.1495880126953,92.65024566650388,89.86922874450684,1.0269761005835627,1.0309451517593784,0.0544933642564121,-0.1731429242771546,34891130.0,0.948048974051544,0.0180574841618847,0.0534120628044583,0.0211810041013464,-0.0090099884963947,-0.004261443151592,0.0077856351253529,0.0100871985510326,1,1,0,0,0,xg_GOOGL,0.45698133,2.7277513
2023-01-25,94.43946838378906,95.3717654821698,92.9914371339382,94.78659786716852,42330000,56.02544641591413,90.16627464294432,92.08900834183912,1.2932164547647602,0.2002830418737463,82.1414054668627,90.16627464294432,98.19114381902595,-0.0253836738299637,0.0449957781001164,0.0769057172779825,-0.0257113970507809,0.0248683705642671,0.0209585724109021,1.1864922660030903,-1.0206801882809038,0.0449957781001164,0.0769057172779825,-0.0319099391778661,95.9628692626953,93.32467193603514,90.16627464294432,1.028269023313239,1.0350285880790568,0.0613789416538688,0.2796831778950073,36077350.0,1.1733123413997657,-0.0209439892535393,0.0180574841618847,0.0534120628044583,-0.0018622322282795,0.0108636362024865,0.0045445945054287,-0.0116695322027765,2,1,0,0,1,xg_GOOGL,0.6963323,4.1564527
2023-01-26,96.72061157226562,96.77020474200492,94.59815405733514,95.70897598453968,30114000,60.24646563728772,90.66862335205076,92.53011341140356,1.4819130631041162,0.4566090461198203,82.31326921315325,90.66862335205076,99.0239774909483,0.0241545534670557,0.048038673062575,0.06555948714078,0.0238674463485324,0.0237497702564748,0.0206398752568644,1.150618370632147,1.0170008469713046,0.048038673062575,0.06555948714078,-0.017520814078205,96.8495407104492,93.9197540283203,90.6686233520508,1.031194573627668,1.0358572850901897,0.0639048622410776,-0.2885896527285613,36402550.0,0.8272497393726311,-0.0253836738299637,-0.0209439892535393,0.0180574841618847,0.0211810041013464,-0.0090099884963947,0.0350598979362621,-0.021344367563604,3,1,0,0,1,xg_GOOGL,0.47655886,2.8446107
2023-01-27,98.55543518066406,99.49764470130869,96.5123165113975,96.5123165113975,33879800,63.29808960311444,91.33065223693846,93.10395357990456,1.7592320832638535,0.717133653548627,82.66881731300226,91.33065223693846,99.99248716087466,0.0189703474634002,0.0137726427800435,0.0904202849102508,0.0187926541738088,0.0237032194389528,0.0202006456201419,1.1733311179025794,0.8002941211481714,0.0137726427800435,0.0904202849102508,-0.0766476421302073,97.11732635498046,94.73699951171876,91.33065223693848,1.025125630487878,1.0372968679337051,0.0587149162035996,0.1250514710765757,36764720.0,0.9215302061323758,0.0241545534670557,-0.0253836738299637,-0.0209439892535393,0.0534120628044583,-0.0018622322282795,-0.004261443151592,0.0132250381276108,4,1,0,0,0,xg_GOOGL,0.59135634,3.5298443
2023-01-30,96.14535522460938,97.48428734322064,95.60978086379409,96.68092958542468,27226200,57.09799980014275,91.75167236328124,93.39361087940026,1.7641995004756552,0.9265468229340328,83.00957563848408,91.75167236328124,100.49376908807838,-0.0244540542247794,-0.0285599713300264,0.0523230335314732,-0.0247580203098083,0.0259135078102263,0.0207715229646942,1.247489669611629,-0.9436433986652584,-0.0285599713300264,0.0523230335314732,-0.0808830048614996,96.55199890136718,95.21504821777344,91.75167236328124,1.0140413801034465,1.0377472776820822,0.049927804904061,-0.1963884084321631,36854420.0,0.7387499247037197,0.0189703474634002,0.0241545534670557,-0.0253836738299637,0.0180574841618847,0.0211810041013464,0.0108636362024865,0.0077856351253529,0,1,0,0,1,xg_GOOGL,0.76134795,4.544535
2023-01-31,98.02977752685548,98.06945054380512,96.02633935545111,96.07593251835176,29870700,60.36686680840184,92.27782325744629,93.83515056011028,1.8983108001743147,1.1208996183820892,83.3468147434005,92.27782325744629,101.20883177149204,0.0195997227098889,0.0116683550168095,0.0827034185359352,0.0194101215600852,0.025722939365534,0.0209502784618835,1.2277503452751817,0.761925396860072,0.0116683550168095,0.0827034185359352,-0.0710350635191257,96.77812957763672,95.96385879516602,92.27782325744629,1.0084851817412714,1.0399449771093543,0.0459075439496694,0.0971307049827003,36581250.0,0.8165576627370357,-0.0244540542247794,0.0189703474634002,0.0241545534670557,-0.0209439892535393,0.0534120628044583,-0.0090099884963947,0.0045445945054287,1,1,0,1,1,xg_GOOGL,0.45528996,2.7176552
2023-02-01,99.60675811767578,100.36053038415383,96.78012157695186,97.90085604626204,35531100,62.91351076240408,92.83868827819823,94.3848274703546,2.1075496057566596,1.3182296158570033,83.53474067021011,92.83868827819823,102.14263588618635,0.0160867506854056,0.0547153623619265,0.1021731007655475,0.0159587300441179,0.0255628577280028,0.0210560649789012,1.2139800942636756,0.6292771168016663,0.0547153623619265,0.1021731007655475,-0.047457738403621,97.81158752441408,96.8872283935547,92.83868827819823,1.0095405673811273,1.0436083295708,0.0499253197292177,0.1894967309102231,37222690.0,0.9545548696238516,0.0195997227098889,-0.0244540542247794,0.0189703474634002,-0.0253836738299637,0.0180574841618847,-0.0018622322282795,0.0350598979362621,2,2,1,0,1,xg_GOOGL,0.35984993,2.1479676
2023-02-02,106.85682678222656,106.9659256907038,104.74428963661704,104.93273458159672,69883800,71.86440432768183,93.81362991333006,95.57263692862811,2.8258185394305713,1.619747400571717,82.96892400560401,93.81362991333006,104.65833582105611,0.0727869152812454,0.1047989156105322,0.157871989517434,0.0702598561186729,0.0323607814360101,0.0253206338089426,1.2779894725664016,2.24916281030972,0.1047989156105322,0.157871989517434,-0.0530730739069018,99.83883056640624,98.34418563842772,93.81362991333008,1.0151981016292486,1.048293150252082,0.0563857343935122,0.966834688484173,40511030.0,1.725056114347087,0.0160867506854056,0.0195997227098889,-0.0244540542247794,0.0241545534670557,-0.0209439892535393,0.0211810041013464,-0.004261443151592,3,2,0,0,0,xg_GOOGL,0.384997,2.298072
2023-02-03,103.92108154296876,106.92624239319603,101.73911871689424,102.0862481346533,65309300,65.02109918295308,94.7350143432617,96.36772689189868,3.1221712912920623,1.920232178715786,83.73653052966814,94.7350143432617,105.73349815685523,-0.0274736329691019,0.0544429269930046,0.068965392758423,-0.0278580912289028,0.031861223029537,0.0257586684697261,1.2368646384941528,-0.8622635320716103,0.0544429269930046,0.068965392758423,-0.0145224657654183,100.9119598388672,99.01464309692383,94.73501434326172,1.0191619813251875,1.0451747306244696,0.0594388107195696,-0.0654586613778872,40722850.0,1.6037507198046894,0.0727869152812454,0.0160867506854056,0.0195997227098889,0.0189703474634002,-0.0253836738299637,0.0534120628044583,0.0108636362024865,4,2,0,0,0,xg_GOOGL,0.5982124,3.5707686
2023-02-06,102.05651092529295,103.50454212360086,101.04486781904797,101.56060951901542,31999600,61.04508493302667,95.5066375732422,96.90951584746004,3.1700355200721617,2.1701928469870615,84.74119548167677,95.5066375732422,106.2720796648076,-0.017942178718616,0.0614814484472419,0.0311655687122338,-0.0181050912191587,0.0325176319720854,0.0264930523062742,1.2273559211017575,-0.5517507235242217,0.0614814484472419,0.0311655687122338,0.030315879735008,102.09419097900393,99.32309494018554,95.5066375732422,1.0278998156520112,1.039960127001818,0.0645480954231712,-0.5100299651045104,39922300.0,0.8015470050573038,-0.0274736329691019,0.0727869152812454,0.0160867506854056,-0.0244540542247794,0.0241545534670557,0.0180574841618847,-0.0090099884963947,0,2,0,0,1,xg_GOOGL,0.21968204,1.3112963
2023-02-07,106.75765228271484,107.29322670020932,102.27470697729218,102.37388574345306,49010200,66.59201909576127,96.47959671020509,97.84743360319858,3.5464300466877035,2.44544028692719,85.32727005919809,96.47959671020509,107.63192336121206,0.0460641003185304,0.089032893637531,0.1017401160654771,0.0450346451403724,0.0337908309054939,0.0277854182474583,1.216091638892136,1.363172668783724,0.089032893637531,0.1017401160654771,-0.012707222427946,103.8397659301758,100.30894775390624,96.47959671020509,1.0351994339022663,1.0396907861794176,0.0689427789258569,0.5315878948486856,41515470.0,1.1805286077695574,-0.017942178718616,-0.0274736329691019,0.0727869152812454,0.0195997227098889,0.0189703474634002,-0.0209439892535393,-0.0018622322282795,1,2,0,0,0,xg_GOOGL,0.27811652,1.6600956
2023-02-08,98.55543518066406,102.29452796034936,97.23633579827845,101.21346666964877,94743500,52.53604984647272,97.02260818481444,97.91486232486196,3.14660296912389,2.5856728233665303,86.64018678868052,97.02260818481444,107.40502958094837,-0.0768302498853171,-0.0105547350087399,0.0435831212025492,-0.0799421501053787,0.0425884447043801,0.033969100264428,1.2537038269791885,-1.803973975678897,-0.0105547350087399,0.0435831212025492,-0.0541378562112891,103.62950134277344,100.72054443359374,97.02260818481446,1.0288814653012286,1.0381141706862305,0.0670373292538127,0.9331384079232484,46756820.0,2.026303328583894,0.0460641003185304,-0.017942178718616,-0.0274736329691019,0.0160867506854056,-0.0244540542247794,-0.0253836738299637,0.0211810041013464,2,2,0,0,0,xg_GOOGL,0.54772985,3.269435
2023-02-09,94.2311782836914,99.21002459482034,92.8624856911135,99.1802717239998,119455000,46.91386940854778,97.19567756652832,97.5640352733219,2.4525344468396213,2.5590451480611485,87.1419273338837,97.19567756652832,107.24942779917292,-0.0438763918909775,-0.1181548140510118,-0.0257383948271896,-0.0448680771037262,0.0445922979122953,0.0350334178056197,1.2728140127718182,-0.9839234581230624,-0.1181548140510118,-0.0257383948271896,-0.0924164192238221,101.1043716430664,100.47160110473632,97.19567756652832,1.0062980039272038,1.0337044158776063,0.0414798387086979,0.2608252808899818,55690920.0,2.1449636673267,-0.0768302498853171,0.0460641003185304,-0.017942178718616,0.0727869152812454,0.0195997227098889,0.0241545534670557,0.0534120628044583,3,2,0,0,0,xg_GOOGL,0.46275136,2.7621927
2023-02-10,93.7947769165039,95.95690701020914,93.47740036911846,94.66756053010047,54980700,46.37450049995633,97.36626739501952,97.20505828695828,1.8459868123758552,2.41643348092409,87.69056522496363,97.36626739501952,107.04196956507543,-0.0046311780785938,-0.0974422559514825,-0.0483043705852781,-0.0046419352087649,0.0439969171756014,0.0350372469539456,1.2556826040249995,-0.1052590298788502,-0.0974422559514825,-0.0483043705852781,-0.0491378853662044,99.07911071777345,99.99553527832032,97.36626739501952,0.9908353452182024,1.0270038890638964,0.0182616066593843,-0.5397371395086016,57801010.0,0.9512065619614442,-0.0438763918909775,-0.0768302498853171,0.0460641003185304,-0.0274736329691019,0.0160867506854056,0.0189703474634002,0.0180574841618847,4,2,0,0,0,xg_GOOGL,0.42137444,2.5152113
2023-02-13,93.8344497680664,94.41960970225928,93.07075748649667,93.9633813891122,50076100,46.434792465718765,97.48974647521972,96.88404795182574,1.3528993283778732,2.2037266504148465,88.07706454124867,97.48974647521972,106.90242840919076,0.000422975061797,-0.0805638080577263,-0.0240355392222989,0.0004228856330623,0.0434155639080831,0.0349828475432918,1.2410174110882806,0.0097422509688348,-0.0805638080577263,-0.0240355392222989,-0.0565282688354273,97.43469848632812,99.76444473266602,97.48974647521972,0.9766475295624528,1.0233326923054875,-0.0005866500952226,-0.0892058485977806,60086000.0,0.8334071164663843,-0.0046311780785938,-0.0438763918909775,-0.0768302498853171,-0.017942178718616,0.0727869152812454,-0.0244540542247794,-0.0209439892535393,0,2,0,0,0,xg_GOOGL,0.5664385,3.381108
2023-02-14,93.90389251708984,94.07249718262943,91.50373147763352,93.65594180887688,54726100,46.54807673314459,97.65785751342771,96.60022362470804,0.9566991618813034,1.954321152708138,88.65656356560048,97.65785751342771,106.65915146125498,0.0007400560156221,-0.1204012966825625,-0.0420880788863908,0.000739782309199,0.0427985718608641,0.0348903825806692,1.226622985257559,0.0172912013706101,-0.1204012966825625,-0.0420880788863908,-0.0783132177961716,94.86394653320312,99.35185623168944,97.65785751342771,0.954828124317874,1.0173462613392763,-0.0297528771740334,0.0928586691056212,62571540.0,0.874616478993471,0.000422975061797,-0.0046311780785938,-0.0438763918909775,0.0460641003185304,-0.0274736329691019,0.0195997227098889,-0.0253836738299637,1,2,0,0,1,xg_GOOGL,0.5348981,3.1928415
2023-02-15,96.14535522460938,96.3238800115478,93.37822481049062,93.7154340931221,50169000,50.208500058648326,97.94647216796874,96.55690282469864,0.8141895133811943,1.7262948248427494,89.58095281684885,97.94647216796874,106.31199151908862,0.0238697528657994,-0.0244540542247794,-0.0347506831712873,0.0235893240604214,0.0432618955236949,0.0351978709972247,1.229070543970174,0.5517372930511784,-0.0244540542247794,-0.0347506831712873,0.0102966289465079,94.3819305419922,99.0057159423828,97.94647216796876,0.9532977934013278,1.0108145168577134,-0.0370745067990989,-0.0832710534827074,64035330.0,0.7834581316282624,0.0007400560156221,0.000422975061797,-0.0046311780785938,-0.0768302498853171,-0.017942178718616,0.0160867506854056,0.0241545534670557,2,2,0,0,0,xg_GOOGL,0.34337738,2.0496418
2023-02-16,94.72708129882812,96.87929141683016,93.96338895576008,94.58822952133472,42462600,47.970030183982985,98.06846351623534,96.38263410794906,0.580119481150632,1.497059756104326,89.9839860588441,98.06846351623534,106.15294097362658,-0.0147513514560111,0.0052626213973867,-0.1135139967062541,-0.0148612345963803,0.0342008272379771,0.035175156548474,0.9722729994917776,-0.4313030223026056,0.0052626213973867,-0.1135139967062541,0.1187766181036409,94.48111114501953,97.79274139404296,98.06846351623535,0.9661362366795746,0.9971884731104536,-0.0378703990667577,-0.1536088022484004,61293210.0,0.6927782049593961,0.0238697528657994,0.0007400560156221,0.000422975061797,-0.0438763918909775,0.0460641003185304,0.0727869152812454,0.0189703474634002,3,2,0,0,0,xg_GOOGL,0.5703485,3.404447
2023-02-17,93.57658386230467,94.77666422937034,92.44592938203276,94.07248521564688,34284100,46.1717372323684,97.8864673614502,96.1153912274115,0.2983426577584254,1.2573163364351458,89.56094685366047,97.8864673614502,106.2119878692399,-0.0121453909562996,-0.0023262814985259,-0.099541859332814,-0.0122197489012592,0.0337428490722774,0.0331159310248344,1.018900243110498,-0.3599290327041493,-0.0023262814985259,-0.099541859332814,0.097215577834288,94.43747253417968,96.75829162597655,97.8864673614502,0.9760142613847698,0.9884746506245056,-0.0368574560527409,-0.192604786329617,58190690.0,0.589168129815945,-0.0147513514560111,0.0238697528657994,0.0007400560156221,-0.0046311780785938,-0.0768302498853171,-0.0274736329691019,-0.0244540542247794,4,2,0,0,0,xg_GOOGL,0.6112728,3.648727
2023-02-21,91.03756713867188,92.33682620286696,90.96814125509322,92.23764745016229,33629300,42.39457749846194,97.48974609375,95.63178893324582,-0.1283652206621042,0.980180025015696,88.64221655616163,97.48974609375,106.3372756313384,-0.0271330349841461,-0.0298065650334996,-0.107969042707007,-0.0275079327464773,0.0341091803439569,0.0332609837589149,1.0254704166529112,-0.7954526980081794,-0.0298065650334996,-0.107969042707007,0.0781624776735073,93.8780960083008,95.65639724731446,97.48974609375,0.9814094896924044,0.9811944443401,-0.0396720848212893,-0.0190992325888677,58353660.0,0.5763014693508415,-0.0121453909562996,-0.0147513514560111,0.0238697528657994,0.000422975061797,-0.0438763918909775,-0.017942178718616,0.0195997227098889,1,2,0,0,0,xg_GOOGL,0.5016488,2.994374
2023-02-22,90.89871978759766,91.35494812568692,89.86724406227897,90.94830538293208,30884000,42.19130956957336,97.1897258758545,95.18102044318408,-0.4722938004714478,0.6896852599182672,87.86385071474781,97.1897258758545,106.5156010369612,-0.00152516543926,-0.0320026427972116,-0.1485507797897211,-0.0015263296880005,0.0280760314477682,0.0330118747025123,0.850457032317504,-0.054320751184018,-0.0320026427972116,-0.1485507797897211,0.1165481369925094,93.27706146240234,94.07050399780272,97.18972587585448,0.9915654482363684,0.9679058475580422,-0.0430442191330619,-0.0816341702027696,56541040.0,0.5462227083194694,-0.0271330349841461,-0.0121453909562996,-0.0147513514560111,0.0007400560156221,-0.0046311780785938,0.0460641003185304,0.0160867506854056,2,2,0,0,0,xg_GOOGL,0.4997337,2.9829428
2023-02-23,90.14495849609376,91.18635449298117,89.0242240237194,91.16651419896812,41206400,41.04089006255853,96.97500038146974,94.70139549584216,-0.7965003543397984,0.3924481370666541,87.19575876706713,96.97500038146974,106.75424199587236,-0.0082923202138072,-0.0624096371010104,-0.0853375226759729,-0.0083268927581361,0.0180338152302379,0.0326118114936592,0.5529672053494751,-0.4597951300273893,-0.0624096371010104,-0.0853375226759729,0.0229278855749625,92.0769821166992,93.22945632934572,96.97500038146973,0.9876383038363408,0.9613761893540582,-0.0543349106426485,0.3342313171868929,51187330.0,0.8050117089521801,-0.00152516543926,-0.0271330349841461,-0.0121453909562996,0.0238697528657994,0.000422975061797,-0.0768302498853171,0.0727869152812454,3,2,0,0,0,xg_GOOGL,0.5031126,3.0031118
2023-02-24,88.39937591552734,89.15314812025682,87.85388894602733,88.70683991186095,36585100,38.42771196144453,96.55893859863284,94.1012031548598,-1.1806801638905,0.0778224768752232,86.05306140338257,96.55893859863284,107.0648157938831,-0.0193641731017276,-0.0667993280964633,-0.0618882462724481,-0.0195541147417444,0.0139236266339939,0.0322373405485875,0.4318965057462923,-1.390642177396284,-0.0667993280964633,-0.0618882462724481,-0.0049110818240152,90.81144104003906,92.64627609252928,96.5589385986328,0.9801952638586604,0.9594790232485124,-0.0650173997165539,-0.1121500543604876,42900340.0,0.8527927750688957,-0.0082923202138072,-0.00152516543926,-0.0271330349841461,-0.0147513514560111,0.0007400560156221,-0.0438763918909775,-0.0274736329691019,4,2,0,0,1,xg_GOOGL,0.8181039,4.883315
2023-02-27,89.13331604003906,89.42093974612138,88.60765422535826,89.13331604003906,27502300,40.15314645826956,96.08783264160158,93.62807104868638,-1.409672766410594,-0.2196765717819402,85.12388243507081,96.08783264160158,107.05178284813236,0.0083025487104462,-0.0474826889257226,-0.0496985123235004,0.0082682721441225,0.0146743760818826,0.0319241137576985,0.4596499230435489,0.5657469126597752,-0.0474826889257226,-0.0496985123235004,0.0022158233977778,89.92278747558593,92.1801300048828,96.08783264160157,0.9755116148222256,0.9593319723289616,-0.0691665635243085,-0.2482650040590295,40152500.0,0.6849461428304419,-0.0193641731017276,-0.0082923202138072,-0.00152516543926,-0.0121453909562996,0.0238697528657994,-0.0046311780785938,-0.017942178718616,0,2,0,0,1,xg_GOOGL,0.7285443,4.348728
2023-02-28,89.32176208496094,90.48217716813194,88.58783009603324,88.59775024323443,30142000,40.61331123687125,95.74665298461916,93.21794638547443,-1.55798554524128,-0.4873383664738082,84.37320930497458,95.74665298461916,107.12009666426373,0.0021142043547131,-0.0188472199734572,-0.0480920141191174,0.0021119725697662,0.0147531960096092,0.0316024424196024,0.4668224370538328,0.1432951245419362,-0.0188472199734572,-0.0480920141191174,0.0292447941456601,89.57962646484376,91.72886123657229,95.74665298461916,0.976569699626102,0.9580372616399208,-0.0690428219934739,0.0959810634019699,38159090.0,0.7899035328148342,0.0083025487104462,-0.0193641731017276,-0.0082923202138072,-0.0271330349841461,-0.0147513514560111,0.000422975061797,0.0460641003185304,1,2,0,1,1,xg_GOOGL,0.8299521,4.954038
2023-03-01,89.61930084228516,90.28380689652272,88.93495449477956,89.24241850559551,31111200,41.37972118457806,95.32612915039064,92.87521823850405,-1.6326949093221828,-0.7164096750434832,83.68923427531476,95.32612915039064,106.9630240254665,0.0033310892035605,-0.0140752141317513,-0.0456274128788103,0.0033255534159808,0.0148838390403203,0.0311914318892219,0.4771618671214669,0.2237907440273421,-0.0140752141317513,-0.0456274128788103,0.0315521987470589,89.32374267578125,91.3004020690918,95.32612915039064,0.9783499376945272,0.957768902218324,-0.0669764929897474,0.0321544688474553,35797600.0,0.869086195722594,0.0021142043547131,0.0083025487104462,-0.0193641731017276,-0.00152516543926,-0.0121453909562996,0.0007400560156221,-0.0768302498853171,2,3,1,0,1,xg_GOOGL,0.5713383,3.4103553
2023-03-02,91.24584197998048,91.5235455057447,88.85559400906735,88.92502745736198,32204400,45.51898761747263,94.90808334350588,92.72003954721607,-1.5428691076968022,-0.881701561574147,83.31805138143359,94.90808334350588,106.49811530557814,0.0181494513169409,0.0122123688584805,-0.0509594377511313,0.0179867161122535,0.0137354414788768,0.0312647117608208,0.4393132510128497,1.3212629591768794,0.0122123688584805,-0.0509594377511313,0.0631718066096118,89.5439193725586,90.81045074462892,94.90808334350588,0.9860530218528266,0.9568252518171064,-0.058788037400369,0.0351384710329398,34001140.0,0.9471564776945436,0.0033310892035605,0.0021142043547131,0.0083025487104462,-0.0082923202138072,-0.0271330349841461,0.0238697528657994,-0.0438763918909775,3,3,0,0,1,xg_GOOGL,0.3937976,2.3506033
2023-03-03,92.88233184814452,92.9616778865792,91.69216397218835,91.7219244117424,35160100,49.39099563453891,94.20935859680176,92.7354959568283,-1.3243640131487666,-0.970234051889071,84.0565382148661,94.20935859680176,104.36217897873745,0.0179349527896632,0.0507125292027061,-0.0194743617705703,0.0177760190236275,0.0150208589118319,0.0261741113458729,0.5738603635090264,1.193923661174643,0.0507125292027061,-0.0194743617705703,0.0701868909732765,90.44051055908204,90.62597579956056,94.20935859680176,0.997953509037092,0.9619636217610036,-0.040576587201552,0.0917793841835277,33270890.0,1.0567826709775106,0.0181494513169409,0.0033310892035605,0.0021142043547131,-0.0193641731017276,-0.00152516543926,-0.0147513514560111,-0.0046311780785938,4,3,0,0,1,xg_GOOGL,0.3966174,2.367435
2023-03-06,94.35018157958984,95.18329972454052,93.22944733042964,93.24928005363756,32639300,52.64213897506461,93.73081359863282,92.88927553994844,-1.0209846697476903,-0.9803841754607948,84.6608976779849,93.73081359863282,102.80072951928074,0.0158033255866696,0.0585287945217627,0.0082670010525656,0.0156797532393353,0.0154879241816963,0.0261510157773992,0.5922267833396262,1.0202984662643562,0.0585287945217627,0.0082670010525656,0.0502617934691971,91.48388366699218,90.70333557128906,93.7308135986328,1.008605505969399,0.9677002907463516,-0.023814791810922,-0.0716949041669392,33106410.0,0.9858906477627448,0.0179349527896632,0.0181494513169409,0.0033310892035605,0.0083025487104462,-0.0082923202138072,-0.0121453909562996,0.000422975061797,0,3,0,0,0,xg_GOOGL,0.45137215,2.6942697
2023-03-07,93.09060668945312,94.8857672449639,92.76330996601668,94.20142849315206,27835500,49.69213205464533,93.28251838684083,92.90844993513936,-0.8721380566694705,-0.95873495170253,85.102642087309,93.28251838684083,101.46239468637268,-0.0133499996401617,0.0421940243510572,0.0225515643190901,-0.0134399120019947,0.013149617049501,0.0260466202835472,0.5048298810546975,-1.0151614627595125,0.0421940243510572,0.0225515643190901,0.0196424600319671,92.23765258789062,90.90863952636718,93.28251838684082,1.014619216264236,0.9745517284318032,-0.0112241807858856,-0.1471784014975811,32527030.0,0.8557651897513897,0.0158033255866696,0.0179349527896632,0.0181494513169409,0.0021142043547131,-0.0193641731017276,-0.0271330349841461,0.0007400560156221,1,3,0,0,1,xg_GOOGL,0.6371996,3.8034856
2023-03-08,93.47740936279295,95.1733911604508,93.229458674828,93.3484777291188,34103300,50.60751028870541,92.61850624084474,92.96263654729684,-0.7147253909238742,-0.9099330395467988,87.43828487411622,92.61850624084474,97.79872760757326,0.0041551203402314,0.043049973434823,0.0283688217086104,0.0041465116661889,0.013088064203569,0.0233291350746275,0.5609939317412188,0.3174497638340322,0.043049973434823,0.0283688217086104,0.0146811517262126,93.00927429199216,91.16650848388672,92.61850624084472,1.0202131883599683,0.9843228117587836,0.0041803474637475,0.2251728907330568,32848960.0,1.0381850749612458,-0.0133499996401617,0.0158033255866696,0.0179349527896632,0.0033310892035605,0.0083025487104462,-0.00152516543926,0.0238697528657994,2,3,0,0,0,xg_GOOGL,0.40903553,2.4415596
2023-03-09,91.563232421875,94.74691844025844,91.14667706997916,93.27905456209557,28813500,46.133862558749826,92.26889610290527,92.82935996392332,-0.7359492362286204,-0.8751362788831633,87.89464786517728,92.26889610290527,96.64314434063328,-0.0204774282253468,0.0034784099199189,0.0157332584033824,-0.0206899976827044,0.0147103113625705,0.0168811416745586,0.8713533890512838,-1.3919512489856456,0.0034784099199189,0.0157332584033824,-0.0122548484834634,93.07275238037109,91.30833587646484,92.26889610290527,1.0193237176756065,0.9895895554513936,0.0087792474796222,-0.1551110889562007,31609670.0,0.9115406772674024,0.0041551203402314,-0.0133499996401617,0.0158033255866696,0.0181494513169409,0.0021142043547131,-0.0082923202138072,-0.0147513514560111,3,3,0,0,0,xg_GOOGL,0.4187964,2.4998229
2023-03-10,89.88707733154297,92.02937482791764,89.65896694454361,91.41445442058324,35941000,42.58401109695423,92.05169105529784,92.54914257036329,-0.8779010967505343,-0.8756892424566375,87.65634243818052,92.05169105529784,96.4470396724152,-0.0183059842471396,-0.0322478393576354,0.0168293203499223,-0.0184756121025255,0.0145451489879776,0.0144597561909768,1.0058359878201568,-1.2584763336515727,-0.0322478393576354,0.0168293203499223,-0.0490771597075577,92.47370147705078,91.4571060180664,92.05169105529784,1.0111155437039911,0.9935407483511166,0.0046948953540492,0.2473666857549412,31545260.0,1.139347084157774,-0.0204774282253468,0.0041551203402314,-0.0133499996401617,0.0179349527896632,0.0033310892035605,-0.0193641731017276,-0.0121453909562996,4,3,0,0,1,xg_GOOGL,0.6131285,3.6598036
2023-03-13,90.36314392089844,91.811174943956,88.68699494914536,89.35150093708918,37335600,43.90426777069976,91.88010940551756,92.3409522227952,-0.9411355490427552,-0.8887785037738611,87.50338357284781,91.88010940551756,96.25683523818734,0.0052962739860762,-0.0422578694809199,0.0137976228810665,0.0052822980522071,0.0144256068350833,0.0145441368239668,0.9917821337585117,0.3671184809165575,-0.0422578694809199,0.0137976228810665,-0.0560554923619864,91.6762939453125,91.58008880615236,91.88010940551756,1.00105050279394,0.9967346512612314,-0.0022555153723236,0.0388024818452463,32528590.0,1.147778000829389,-0.0183059842471396,-0.0204774282253468,0.0041551203402314,0.0158033255866696,0.0181494513169409,0.0083025487104462,-0.0271330349841461,0,3,0,0,1,xg_GOOGL,0.58972335,3.5200968
2023-03-14,93.19970703125,93.58650950422468,91.6822500116025,91.80126150060728,36050200,51.11689861159037,91.84837226867675,92.422738395029,-0.753674480935473,-0.8617576992061835,87.52240515338556,91.84837226867675,96.17433938396796,0.0313907085042837,0.0011719801350187,0.0434154550444318,0.0309080939692485,0.0172636178112931,0.0163279518078276,1.0572398041506506,1.818210449104203,0.0011719801350187,0.0434154550444318,-0.0422434749094131,91.69811401367188,91.96788330078124,91.84837226867675,0.9970667011414506,1.0013011774640372,-0.0016122181044464,-0.0344282668552266,33119410.0,1.0884916126222934,0.0052962739860762,-0.0183059842471396,-0.0204774282253468,-0.0133499996401617,0.0179349527896632,0.0021142043547131,-0.00152516543926,1,3,0,0,1,xg_GOOGL,0.6360884,3.7968526
2023-03-15,95.3221664428711,96.13544442535732,91.88060956204424,92.45585699442236,50622100,55.706122160596,91.9192859649658,92.6988743995854,-0.4289013892584563,-0.7751864372166382,87.40887772182859,91.9192859649658,96.42969420810304,0.0227732412389389,0.019734790391104,0.063634346028006,0.0225178018311575,0.0182001467301305,0.0171197305313577,1.0630473213041784,1.251198156720518,0.019734790391104,0.063634346028006,-0.0438995556369019,92.0670654296875,92.53816986083984,91.91928596496582,0.9949090798763278,1.0067329058246808,0.0015503158419112,0.404211349728989,35070500.0,1.4434382173051017,0.0313907085042837,0.0052962739860762,-0.0183059842471396,0.0041551203402314,0.0158033255866696,0.0033310892035605,-0.0082923202138072,2,3,0,0,1,xg_GOOGL,0.6456868,3.8541462
2023-03-16,99.4976577758789,100.36052894620208,94.71716852573586,95.41142746724536,65492000,63.0545480871359,92.08690109252927,93.34637757828,0.1635258560191346,-0.5874439785694836,86.74307773691119,92.08690109252927,97.4307244481474,0.0438039911263481,0.0866551468764915,0.0904349789189176,0.0428717238703244,0.0215500339821591,0.0190046246386349,1.1338766492500256,2.0325702777236057,0.0866551468764915,0.0904349789189176,-0.003779832042426,93.65395050048828,93.36335144042968,92.0869010925293,1.0031125602881128,1.0138613671733594,0.0157496110259077,0.2937432465267147,38399260.0,1.7055537007743975,0.0227732412389389,0.0313907085042837,0.0052962739860762,-0.0204774282253468,-0.0133499996401617,0.0181494513169409,-0.0193641731017276,3,3,0,0,1,xg_GOOGL,0.7009508,4.1840205
2023-03-17,100.78699493408205,101.99698789396676,99.27945056518114,99.43814263216196,61028500,64.98621935351144,92.38989677429196,94.05500780264212,0.7286678202839454,-0.3242216187987978,85.86015781065332,92.38989677429196,98.91963573793062,0.0129584674355591,0.1212623429988206,0.0851040550840287,0.0128752248560104,0.0213750218055713,0.0187360801811962,1.1407872303936852,0.6062151111850833,0.1212623429988206,0.0851040550840287,0.0361582879147919,95.8339340209961,94.15381774902345,92.389896774292,1.017844377553029,1.0190921414171583,0.0341714449265662,-0.0681533622427166,40986100.0,1.4890048089473873,0.0438039911263481,0.0227732412389389,0.0313907085042837,-0.0183059842471396,0.0041551203402314,0.0179349527896632,0.0083025487104462,4,3,0,0,0,xg_GOOGL,0.48072064,2.8694527
2023-03-20,100.39027404785156,100.91592828670724,99.05134186896636,99.29929255271747,32960400,63.87950127790149,92.73058128356932,94.65836649266204,1.1314917065438692,-0.0330789537302644,85.29235040292815,92.73058128356932,100.16881216421046,-0.0039362309243364,0.1109648214069511,0.0640178149860426,-0.0039439982706941,0.0215267811192401,0.0184685835135659,1.1655260717399905,-0.1828442468145742,0.1109648214069511,0.0640178149860426,0.0469470064209085,97.83936004638672,94.7578269958496,92.73058128356934,1.0325200898778744,1.0218616737242374,0.0508891803640485,-0.4599179072072884,41018210.0,0.8035552989757281,0.0129584674355591,0.0438039911263481,0.0227732412389389,0.0052962739860762,-0.0204774282253468,0.0158033255866696,0.0021142043547131,0,3,0,0,1,xg_GOOGL,0.48904392,2.9191349
2023-03-21,104.05994415283205,104.23846895297474,100.39027695383191,100.4200298260466,42110300,69.11842231284399,93.38170013427734,95.55375484124968,1.726937190403575,0.3189242750965035,84.43962190551922,93.38170013427734,102.32377836303546,0.0365540401177839,0.1165265156674859,0.1178350625640698,0.0359017886477586,0.0222053732178414,0.0183660946792362,1.2089758127584744,1.6461058165236562,0.1165265156674859,0.1178350625640698,-0.0013085468965838,100.01140747070312,95.8547607421875,93.38170013427734,1.0433640092190666,1.026483353851494,0.0637104641021985,0.2776028203541218,42445690.0,0.9920983732388144,-0.0039362309243364,0.0129584674355591,0.0438039911263481,0.0313907085042837,-0.0183059842471396,-0.0133499996401617,0.0033310892035605,1,3,0,0,0,xg_GOOGL,0.35798284,2.1368227
2023-03-22,102.52264404296876,105.71624226306058,102.48297102840904,103.41526038657392,43427400,64.87348151627124,93.9628963470459,96.21745857474671,2.051140484488002,0.6653675169748032,84.22475097224108,93.9628963470459,103.70104172185071,-0.0147732167490447,0.0755383335146195,0.0967638570841278,-0.0148834275074731,0.0236531217415342,0.0189153496466566,1.2504062455683569,-0.6245514803073188,0.0755383335146195,0.0967638570841278,-0.0212255235695082,101.45150299072267,96.75928421020508,93.9628963470459,1.04849373182964,1.0297605541322492,0.0730434404377845,0.0312773834430055,43378100.0,1.0011365181969474,0.0365540401177839,-0.0039362309243364,0.0129584674355591,0.0227732412389389,0.0052962739860762,0.0041551203402314,0.0181494513169409,2,3,0,0,1,xg_GOOGL,0.6176605,3.6868556
2023-03-23,104.7343521118164,105.42861846573167,103.6036977632564,104.1987778045743,40797800,67.9255281332001,94.69236602783204,97.0285912925629,2.458203646490844,1.0239347428780117,84.01770742440269,94.69236602783204,105.3670246312614,0.0215728738708755,0.0526313327669811,0.143847255514701,0.0213434727905532,0.0213518916782379,0.0188895915930838,1.1302923771881896,1.0103022202309893,0.0526313327669811,0.143847255514701,-0.0912159227477198,102.49884185791016,98.07639617919922,94.69236602783204,1.045091845245114,1.0357370957482734,0.0745359633460449,-0.060551633300635,44576530.0,0.9152305035856108,-0.0147732167490447,0.0365540401177839,-0.0039362309243364,0.0438039911263481,0.0313907085042837,-0.0204774282253468,0.0179349527896632,3,3,0,0,0,xg_GOOGL,0.48768017,2.9109945
2023-03-24,104.57568359375,104.62526919076385,102.98879315221856,104.12936781949888,30393300,67.47259808327499,95.50118141174316,97.74736198791403,2.736456741815516,1.3664391426655125,84.39168625552102,95.50118141174316,106.6106765679653,-0.0015149615657812,0.0375910469614246,0.1634117683905664,-0.0015161102803729,0.0190931212029559,0.0179416484122035,1.0641194523975572,-0.0793417801048998,0.0375910469614246,0.1634117683905664,-0.1258207214291418,103.25657958984377,99.54525680541992,95.50118141174316,1.0372827686976418,1.042345815349039,0.0741606261760463,-0.2550260063042615,44021760.0,0.6904153763956578,0.0215728738708755,-0.0147732167490447,0.0365540401177839,0.0129584674355591,0.0227732412389389,-0.0183059842471396,0.0158033255866696,4,3,0,0,0,xg_GOOGL,0.4458852,2.6615176
2023-03-27,101.6201171875,103.90126672624382,101.0944628976051,103.7624149352095,31120900,59.51213582396481,96.1255214691162,98.11619581644604,2.687504932334093,1.6306523005992286,85.11983061617482,96.1255214691162,107.1312123220576,-0.0282624631719513,0.0122506204043453,0.1245748297165891,-0.0286695348241554,0.0235076163689539,0.0197447654722117,1.19051431062707,-1.2022172095706751,0.0122506204043453,0.1245748297165891,-0.1123242093122438,103.50254821777344,100.67095413208008,96.1255214691162,1.0281272201113572,1.047286429176088,0.0725941570707483,0.023939486663179,43400290.0,0.7170666371123162,-0.0015149615657812,0.0215728738708755,-0.0147732167490447,-0.0039362309243364,0.0438039911263481,0.0052962739860762,-0.0133499996401617,0,3,0,0,0,xg_GOOGL,0.5746972,3.430405
2023-03-28,100.20184326171876,101.6102015283304,98.92241664480352,101.6002889477152,32057900,56.09220406567302,96.66952552795412,98.31482890647202,2.505386877466293,1.8055992159726415,86.0097013243708,96.66952552795412,107.32934973153742,-0.0139566255681871,-0.0370757540043161,0.0751304532333019,-0.0140549350510896,0.0237363256737271,0.0202640063824962,1.1712962347857558,-0.5879611612539196,-0.0370757540043161,0.0751304532333019,-0.1122062072376181,102.73092803955078,101.37116775512696,96.66952552795412,1.0134136788056785,1.0486362398232034,0.0604919262389694,0.0301083837549684,43001060.0,0.745514180348095,-0.0282624631719513,-0.0015149615657812,0.0215728738708755,0.0365540401177839,0.0129584674355591,0.0313907085042837,0.0041551203402314,1,3,0,0,1,xg_GOOGL,0.85449,5.100506
2023-03-29,100.5588836669922,101.64986521604924,99.82495172553269,101.44158753942646,28779600,56.76577221257879,97.21650466918948,98.52854840747392,2.3626322300279554,1.9170058187837045,86.96504508386798,97.21650466918948,107.46796425451096,0.0035632119495134,-0.019154406271004,0.0549370353144418,0.0035568787497117,0.02313459202222,0.0202624894618074,1.141688457253329,0.1540142973688021,-0.019154406271004,0.0549370353144418,-0.0740914415854459,102.33817596435549,101.89483947753908,97.21650466918943,1.0043509218826938,1.0481228452336275,0.0509320619760139,-0.1022618449742497,40816810.0,0.705091848187041,-0.0139566255681871,-0.0282624631719513,-0.0015149615657812,-0.0147732167490447,-0.0039362309243364,0.0227732412389389,-0.0204774282253468,2,3,0,0,0,xg_GOOGL,0.5990129,3.5755467
2023-03-30,100.06298065185548,100.33077163663717,98.96207897409658,100.0828209446528,33086200,55.492451279345275,97.6573616027832,98.67468481170074,2.184303622080705,1.9704653794431048,87.73391220150559,97.6573616027832,107.5808110040608,-0.0049314689767135,-0.044602094401402,0.0056817706930345,-0.0049436687950583,0.0189467824684033,0.0201893909097385,0.9384059255269108,-0.2602662863022175,-0.044602094401402,0.0056817706930345,-0.0502838650944366,101.40390167236328,101.95137176513671,97.6573616027832,0.994630086056766,1.043970163558373,0.0374418195937542,0.1496407177306147,37576230.0,0.880508768442154,0.0035632119495134,-0.0139566255681871,-0.0282624631719513,0.0215728738708755,0.0365540401177839,0.0438039911263481,-0.0183059842471396,3,3,0,0,1,xg_GOOGL,0.5431832,3.2422957
2023-03-31,102.8796844482422,103.03836892550028,100.21173309973412,100.4696038879883,36863400,60.86244886488393,98.1572292327881,99.07516096756184,2.244389447223199,2.0252501929991236,88.23935677537024,98.1572292327881,108.07510169020595,0.0281493093453486,-0.0162179111551048,0.0207634875464721,0.0277603990401358,0.0205753686665751,0.0206624003763397,0.995739727820142,1.3680406781919314,-0.0162179111551048,0.0207634875464721,-0.036981398701577,101.06470184326172,102.16064071655276,98.15722923278808,0.9892723962418,1.040785701828138,0.0282609013243656,0.114162400033851,35159720.0,1.0484554484506403,-0.0049314689767135,0.0035632119495134,-0.0139566255681871,-0.0015149615657812,-0.0147732167490447,0.0129584674355591,0.0052962739860762,4,3,0,1,1,xg_GOOGL,0.41562736,2.4809067
2023-04-03,103.5045394897461,103.67314414754485,101.0944584138917,101.55068678803492,25035400,61.95896621418193,98.6149471282959,99.4970065411032,2.3157341346516773,2.0833469813296346,88.59244692965633,98.6149471282959,108.63744732693546,0.0060736485036387,0.0185437918632698,0.0310215852225894,0.0060552782460314,0.0204844503673036,0.020516751421147,0.9983769637734718,0.296485964171566,0.0185437918632698,0.0310215852225894,-0.0124777933593196,101.44158630371096,102.4720672607422,98.6149471282959,0.9899437867842642,1.0391129361700946,0.0273093256522829,-0.3208602570571353,34367220.0,0.7284674174983974,0.0281493093453486,-0.0049314689767135,0.0035632119495134,-0.0282624631719513,0.0215728738708755,-0.0039362309243364,0.0313907085042837,0,4,0,0,1,xg_GOOGL,0.31356323,1.8716792
2023-04-04,103.8615951538086,104.71454620597784,103.18716891643886,103.47479264955224,24420100,62.60371663374143,99.15349655151368,99.91268164707512,2.373723909859592,2.1414223670356263,89.22376244583384,99.15349655151368,109.08323065719352,0.003449661877853,0.0365237980955186,-0.0019061032622902,0.003443725442862,0.0168576896801395,0.0200719490013649,0.8398212778298436,0.2046221825837915,0.0365237980955186,-0.0019061032622902,0.0384299013578088,102.17353668212893,102.45223236083984,99.15349655151368,0.997279750062162,1.033268981166109,0.0290775442659326,-0.0245771986866596,32598200.0,0.7491241847709154,0.0060736485036387,0.0281493093453486,-0.0049314689767135,-0.0139566255681871,-0.0015149615657812,0.0365540401177839,0.0227732412389389,1,4,0,0,0,xg_GOOGL,0.41959485,2.5045888
2023-04-05,103.61363983154295,105.2302756731111,102.8102819841236,104.91289907946413,28290500,61.820122144848256,99.66030807495116,100.26515385511968,2.3723265979487707,2.1876032132182552,89.91744622268341,99.66030807495116,109.40316992721894,-0.0023873629313938,0.0303777851658217,0.0106415104561381,-0.002390217226007,0.0160945354302352,0.0201512502079024,0.7986470624468536,-0.1483245426498345,0.0303777851658217,0.0106415104561381,0.0197362747096836,102.78448791503908,102.56133193969728,99.66030807495116,1.002175829536545,1.0291091199774771,0.0301522062651909,0.1584923894660546,31084510.0,0.9101156814117092,0.003449661877853,0.0060736485036387,0.0281493093453486,0.0035632119495134,-0.0282624631719513,-0.0147732167490447,0.0438039911263481,2,4,0,0,1,xg_GOOGL,0.28172243,1.6816194
2023-04-06,107.53125,108.2751020463202,103.47478047282404,104.39715731293522,48711500,68.52370943085118,100.45870895385744,100.95716301177497,2.656712687833462,2.281425108141297,90.89423346015396,100.45870895385744,110.02318444756096,0.0378097919813102,0.0746356874389793,0.0267046850607102,0.0371125232329783,0.0189471742247528,0.0204319995960188,0.927283051894372,1.995431936229384,0.0746356874389793,0.0267046850607102,0.047931002378269,104.27814178466797,102.84102172851564,100.45870895385742,1.0139741907654916,1.0237143479093729,0.0355192823556923,0.7218324172425372,31875880.0,1.5281617323191854,-0.0023873629313938,0.003449661877853,0.0060736485036387,-0.0049314689767135,-0.0139566255681871,0.0215728738708755,0.0129584674355591,3,4,0,0,0,xg_GOOGL,0.36587706,2.183944
2023-04-10,105.5674819946289,106.70804904814692,104.2583027310059,106.10305636159114,27067400,62.59118478081516,101.24272918701172,101.396241010142,2.6925925163706808,2.363658589787174,92.82504639816096,101.24272918701172,109.6604119758625,-0.0182623005439915,0.0261256394865685,0.0094840250314001,-0.0184311148044358,0.0200773190503159,0.0204290116200676,0.982736545807677,-0.9095532598235212,0.0261256394865685,0.0094840250314001,0.0166416144551684,104.81570129394532,102.94020156860353,101.24272918701172,1.0182193127346062,1.0167663633252744,0.0338453853348077,-0.4443324471634008,31543290.0,0.8581032606300466,0.0378097919813102,-0.0023873629313938,0.003449661877853,0.0281493093453486,0.0035632119495134,-0.0015149615657812,-0.0039362309243364,0,4,0,0,0,xg_GOOGL,0.4713598,2.8135772
2023-04-11,104.4864273071289,105.85512006422364,103.82192122274952,105.6765952509876,26311800,59.53544439590822,101.94889335632324,101.6905444669979,2.603780697374262,2.4116830113045915,95.1626004059932,101.94889335632324,108.7351863066533,-0.0102404136868112,0.0094864227426478,0.0282061288547843,-0.0102932074523112,0.0178293623100828,0.0208392633478973,0.855524808513599,-0.5743244870027386,0.0094864227426478,0.0282061288547843,-0.0187197061121364,105.01207885742188,103.2268325805664,101.94889335632324,1.0172944013898917,1.012535096578014,0.0293165876185493,-0.0279154998263594,31062380.0,0.8470632321154771,-0.0182623005439915,0.0378097919813102,-0.0023873629313938,0.0060736485036387,-0.0049314689767135,-0.0282624631719513,0.0365540401177839,1,4,0,0,0,xg_GOOGL,0.33916205,2.0244803
2023-04-12,103.78223419189452,105.87493849967196,103.48469035438096,105.70633385627954,24370300,57.564006550594435,102.47801971435548,101.88975301222617,2.4483511240406983,2.419016633851813,97.04965754496554,102.47801971435548,107.90638188374542,-0.0067395654477157,-0.000764103052688,0.03573178709721,-0.0067623788784434,0.0172051549151635,0.020274294180248,0.8485773257940983,-0.3916950347678329,-0.000764103052688,0.03573178709721,-0.036495890149898,104.99620666503908,103.584871673584,102.47801971435548,1.013624914223985,1.010800871858314,0.0242641428014301,-0.0737881862890413,30293620.0,0.8044697200268306,-0.0102404136868112,-0.0182623005439915,0.0378097919813102,0.003449661877853,0.0281493093453486,-0.0139566255681871,-0.0147732167490447,2,4,0,0,1,xg_GOOGL,0.3929455,2.3455172
2023-04-13,106.5493621826172,106.6088679220058,104.9723919871335,104.9723919871335,24843600,62.77967321385171,103.0393795013428,102.33352531416816,2.5194139348023583,2.439096094041922,98.47323642103557,103.0393795013428,107.60552258165002,0.02666282926234,0.0283333580004254,0.0595718478286104,0.0263135705789014,0.0186799098868614,0.0204655994798409,0.9127021763073402,1.4272767988186916,0.0283333580004254,0.0595718478286104,-0.031238489828185,105.5833511352539,104.18391952514648,103.03937950134278,1.0134323186964536,1.0111077922765324,0.0238759912006883,0.0194211806994579,29900020.0,0.8308890763283493,-0.0067395654477157,-0.0102404136868112,-0.0182623005439915,-0.0023873629313938,0.0060736485036387,0.0035632119495134,0.0215728738708755,3,4,0,0,1,xg_GOOGL,0.3638741,2.171988
2023-04-14,107.9775619506836,108.04698783654496,105.96419612699584,106.01378928840568,26578000,65.159802028588,103.46337471008302,102.87105261288391,2.660309122056219,2.4833386996447815,98.71092798570184,103.46337471008302,108.2158214344642,0.0134041137254163,0.0041505325259736,0.0790959978132668,0.0133150733818228,0.0183898549121636,0.0185302731501599,0.9923686712267248,0.7288466898051015,0.0041505325259736,0.0790959978132668,-0.0749454652872931,105.67261352539064,104.97537765502928,103.463374710083,1.00664189913803,1.014613895488941,0.0204601657547764,0.0698127485549597,29249200.0,0.9086744252833956,0.02666282926234,-0.0067395654477157,-0.0102404136868112,0.0378097919813102,0.003449661877853,-0.0049314689767135,-0.0015149615657812,4,4,0,0,0,xg_GOOGL,0.49972826,2.9829104
2023-04-17,105.10134887695312,105.2897938392224,103.66323020910508,103.8020895691518,37571200,57.2236076581301,103.67909240722658,103.0834617808905,2.510938677446916,2.4888586952052085,99.04803978067191,103.67909240722658,108.31014503378124,-0.0266371366584857,-0.0044154990615339,0.0215947826883997,-0.0269983337986383,0.0197609819232812,0.019634290875594,1.0064012826946898,-1.3478980378534344,-0.0044154990615339,0.0215947826883997,-0.0260102817499336,105.57938690185549,105.1975440979004,103.67909240722656,1.0036297691854834,1.014645688493392,0.0180805909242294,0.4136202874557906,29319980.0,1.2814197008319488,0.0134041137254163,0.02666282926234,-0.0067395654477157,-0.0182623005439915,-0.0023873629313938,0.0281493093453486,-0.0282624631719513,0,4,0,0,0,xg_GOOGL,0.46426615,2.7712348
2023-04-18,103.64339447021484,105.6666731267469,103.21691895584505,105.61707995911009,26596400,53.65614391366806,103.84174842834472,103.1367887036833,2.248991810307274,2.4408853182256216,99.4761559609328,103.84174842834472,108.20734089575666,-0.0138718905353457,-0.008068347809769,0.0013415351747205,-0.0139690043563351,0.020337448872084,0.0199234140343699,1.020730087068137,-0.6820525312717379,-0.008068347809769,0.0013415351747205,-0.0094098829844896,105.41078033447266,105.21142959594728,103.84174842834472,1.001894763138292,1.0131900819114932,0.0151387545163704,-0.2921067200408823,29476080.0,0.9023045126760104,-0.0266371366584857,0.0134041137254163,0.02666282926234,-0.0102404136868112,0.0378097919813102,0.0060736485036387,-0.0139566255681871,1,4,0,0,0,xg_GOOGL,0.5442547,3.2486916
2023-04-19,103.32601165771484,104.11945689106092,102.22510999070306,102.73093151613256,20905700,52.88323819789877,103.80505180358884,103.1548099374006,1.99281496000917,2.3512712465823316,99.43484572012431,103.80505180358884,108.17525788705338,-0.0030622579868436,-0.0043959598454598,-0.0051567039318104,-0.0030669562929013,0.0203303135219495,0.0181773327161644,1.1183816381505434,-0.1506178134303854,-0.0043959598454598,-0.0051567039318104,0.0007607440863506,105.31953582763671,105.15787124633788,103.80505180358888,1.0015373512166303,1.013032308343805,0.0146573355513308,-0.2139650479012197,29124640.0,0.7178011470699478,-0.0138718905353457,-0.0266371366584857,0.0134041137254163,-0.0067395654477157,-0.0182623005439915,0.003449661877853,0.0035632119495134,2,4,0,0,1,xg_GOOGL,0.6611027,3.9461648
2023-04-20,104.42692565917967,105.37905551154368,103.01856739215306,103.05824041519185,27820800,55.28912349858589,103.9002658843994,103.27596381566526,1.857218659066163,2.252460729079098,99.56486269764088,103.9002658843994,108.23566907115791,0.0106547614081127,-0.0199197487433087,0.0078492158846941,0.0105983994332481,0.0206003788435961,0.0179925346552476,1.144876714792011,0.5171868101160967,-0.0199197487433087,0.0078492158846941,-0.0277689646280028,104.89504852294922,105.23919982910157,103.90026588439942,0.996729818292887,1.0128867229867522,0.0095261124683158,0.3307758171216461,29077670.0,0.9567754225149072,-0.0030622579868436,-0.0138718905353457,-0.0266371366584857,0.02666282926234,-0.0102404136868112,-0.0023873629313938,-0.0049314689767135,3,4,0,0,1,xg_GOOGL,0.48257536,2.8805234
2023-04-21,104.5459442138672,105.13110427538489,103.92110356265056,104.60544996470482,25800100,55.55335490073675,103.89084548950196,103.39691432977972,1.739311713583703,2.1498309259800195,99.56225997714668,103.89084548950196,108.21943100185725,0.0011397305238687,-0.0317808410823695,-0.0277622159710112,0.0011390815241121,0.0160827760904008,0.0173354016021658,0.9276882515453276,0.0708621232640105,-0.0317808410823695,-0.0277622159710112,-0.0040186251113583,104.20872497558594,104.94066925048828,103.89084548950196,0.9930251609778166,1.010105065138703,0.0030405721472437,-0.0726327064642282,26786530.0,0.9631744014621916,0.0106547614081127,-0.0030622579868436,-0.0138718905353457,0.0134041137254163,-0.0067395654477157,0.0378097919813102,0.0281493093453486,4,4,0,0,1,xg_GOOGL,0.7110606,4.2443666
2023-04-24,105.10134887695312,105.7559348210195,103.84175502418776,104.62528018111423,23542800,56.83532889338655,103.91712875366213,103.55924142951054,1.6714190460748597,2.054148549998988,99.56471626893064,103.91712875366213,108.26954123839356,0.0053125414597599,0.0,-0.0044154990615339,0.0052984796918762,0.0152538293189159,0.0173701098320581,0.8781148393158659,0.3482530907882632,0.0,-0.0044154990615339,0.0044154990615339,104.20872497558594,104.8940559387207,103.91712875366213,0.9934664461489112,1.0094010217254406,0.0027744289206526,-0.0874919089460893,26434070.0,0.8906233508498355,0.0011397305238687,0.0106547614081127,-0.0030622579868436,-0.0266371366584857,0.02666282926234,-0.0182623005439915,0.0060736485036387,0,4,0,0,0,xg_GOOGL,0.45812607,2.734584
2023-04-25,102.99871063232422,105.8154342829649,102.98879048643646,104.96248334111876,46664100,50.85514119820674,103.98605842590332,103.5058575440642,1.431447448927159,1.929608329784622,99.74456409406989,103.98605842590332,108.22755275773676,-0.0200058159775908,-0.0062202115357761,-0.0142383725154241,-0.0202086420061409,0.0162390063913642,0.0167398899710911,0.9700204958879972,-1.231884735478254,-0.0062202115357761,-0.0142383725154241,0.008018160979648,104.0797882080078,104.74528427124024,103.98605842590332,0.993646529599279,1.0073012272686337,0.0009100092761265,0.9820964371272748,28469300.0,1.6391024717853395,0.0053125414597599,0.0011397305238687,0.0106547614081127,-0.0138718905353457,0.0134041137254163,-0.0102404136868112,0.003449661877853,1,4,0,0,0,xg_GOOGL,0.60065734,3.5853627
2023-04-26,102.85985565185548,105.47821413741524,101.78870693498448,104.05993599383254,53347600,50.47741670779525,104.11895904541016,103.44433355433004,1.2160459718204637,1.7868958581917904,100.224331191308,104.11895904541016,108.0135868995123,-0.0013481234824813,-0.0045115068159563,-0.0088876342586106,-0.0013490330184797,0.0161279898085666,0.016388386168402,0.9840508755392364,-0.0835838758956455,-0.0045115068159563,-0.0088876342586106,0.0043761274426542,103.98655700683594,104.65304641723633,104.11895904541016,0.9936314380401008,1.005129588085809,-0.0012872080923615,0.1432257345582579,31367030.0,1.7007539445079214,-0.0200058159775908,0.0053125414597599,0.0011397305238687,-0.0030622579868436,-0.0266371366584857,-0.0067395654477157,-0.0023873629313938,2,4,0,0,1,xg_GOOGL,0.40097043,2.3934186
2023-04-27,106.7080535888672,107.48166608530138,102.6912570160058,103.59379357823072,50089200,59.4634443122544,104.42641754150392,103.75516403380978,1.3404048098395691,1.6975976485213462,100.7503997190344,104.42641754150392,108.10243536397344,0.0374120487786462,0.0218442505636189,0.001489369837597,0.0367291972677996,0.0183632266249889,0.0182604314726023,1.005574324912002,2.037224302587196,0.0218442505636189,0.001489369837597,0.0203548807260218,104.44278259277344,104.66891555786133,104.42641754150392,0.9978395403842426,1.0023221903237371,0.0001533628504984,-0.0610786614580599,33891590.0,1.4779241693882914,-0.0013481234824813,-0.0200058159775908,0.0053125414597599,0.0106547614081127,-0.0138718905353457,0.02666282926234,0.0378097919813102,3,4,0,0,0,xg_GOOGL,0.6656081,3.973058
2023-04-28,106.4601058959961,106.47002604243367,104.22854965938166,106.16256960456028,36139800,58.724063948181985,104.74627380371092,104.01277754449418,1.402782376265506,1.6386345940701783,101.5927493039078,104.74627380371092,107.89979830351407,-0.0023236080551747,0.0183092868549079,-0.014053438763329,-0.0023263118215126,0.017780438210688,0.0182090824264888,0.9764062454118406,-0.1306760469902853,0.0183092868549079,-0.014053438763329,0.032362725618237,104.82561492919922,104.51716995239258,104.74627380371092,1.002951141682722,0.9978127732567588,0.0007452662649593,-0.2784911717495987,34847770.0,1.037076404028119,0.0374120487786462,-0.0013481234824813,-0.0200058159775908,0.0011397305238687,-0.0030622579868436,0.0134041137254163,-0.0182623005439915,4,4,0,0,0,xg_GOOGL,0.8261275,4.9312086
2023-05-01,106.32125091552734,107.1047759897289,105.9443685976354,105.96420132305944,26681700,58.286969389761055,104.9183521270752,104.23263215125924,1.424590814467635,1.5958258381496695,101.81855305871652,104.9183521270752,108.01815119543386,-0.0013042912112486,0.011606911344234,0.011606911344234,-0.0013051425393646,0.0154120473351979,0.0172562615820049,0.8930760689905151,-0.0846225397796644,0.011606911344234,0.011606911344234,0.0,105.06959533691406,104.63916015625,104.9183521270752,1.0041135190689732,0.9973389596275108,0.0014225115725832,-0.261708697889861,33758820.0,0.7903623408637864,-0.0023236080551747,0.0374120487786462,-0.0013481234824813,0.0053125414597599,0.0106547614081127,-0.0266371366584857,-0.0102404136868112,0,5,1,0,0,xg_GOOGL,0.7007322,4.182716
2023-05-02,104.45665740966795,106.32124371426752,102.85985449785488,106.2617379751714,30997200,52.62274812144502,104.96595802307128,104.25396789015532,1.2767000426261743,1.5320006790449707,101.928973640432,104.96595802307128,108.00294240571051,-0.0175373548543067,0.01415500027518,0.0078467416434033,-0.0176929561694532,0.0158493111378667,0.0177481881670881,0.8929597787044526,-1.1064360000107285,0.01415500027518,0.0078467416434033,0.0063082586317766,105.3611846923828,104.72048645019532,104.9659580230713,1.006118174809016,0.9976614173061514,0.0037836427003544,0.1617400690360808,34198900.0,0.9063800297670128,-0.0013042912112486,-0.0023236080551747,0.0374120487786462,-0.0200058159775908,0.0011397305238687,-0.0138718905353457,-0.0067395654477157,1,5,0,0,0,xg_GOOGL,0.5860716,3.4982994
2023-05-03,104.5459442138672,106.60888843374389,104.09962838201884,104.66495571554243,21795400,52.85898920217054,105.0001754760742,104.28177515908028,1.1534045101209642,1.4562814452601696,102.00038847528508,105.0001754760742,107.99996247686332,0.0008547737062758,0.0163920953546594,0.0118066354887826,0.0008544085952753,0.0157889661747976,0.0177357884910298,0.8901817926499331,0.0541339795673627,0.0163920953546594,0.0118066354887826,0.0045854598658767,105.69840240478516,104.84247970581056,105.00017547607422,1.0081638921682925,0.9984981380312112,0.0066786610801715,-0.2968590711419095,34287870.0,0.6356591995944737,-0.0175373548543067,-0.0013042912112486,-0.0023236080551747,-0.0013481234824813,0.0053125414597599,-0.0030622579868436,0.02666282926234,2,5,0,0,0,xg_GOOGL,0.54330605,3.243029
2023-05-04,103.83184814453124,104.734384849828,103.11774884499437,104.6252859253512,23419500,50.68230242946779,105.01108589172364,104.23892496721844,0.9866963066428412,1.362364417536704,102.03100971273716,105.01108589172364,107.9911620707101,-0.0068304521491063,-0.0269539678365573,-0.0056985065000438,-0.0068538864596412,0.0156031843099528,0.0178012546422018,0.8764723695707677,-0.4377320860501309,-0.0269539678365573,-0.0056985065000438,-0.0212554613365134,105.12316131591795,104.7829719543457,105.01108589172364,1.0032466092078445,0.9978277156602956,0.0010793935213242,0.0745157235012892,33847740.0,0.6919073474329249,0.0008547737062758,-0.0175373548543067,-0.0013042912112486,0.0374120487786462,-0.0200058159775908,0.0106547614081127,0.0134041137254163,3,5,0,0,1,xg_GOOGL,0.43890452,2.6198494
2023-05-05,104.70462036132812,105.01207680519784,103.25658919423994,103.9607682679493,26639300,53.21793003766633,104.86975440979003,104.2832769095146,0.9144629188572536,1.272784117800814,102.1349010455832,104.86975440979003,107.60460777399686,0.0084056311468327,-0.0164896091347396,0.0015177647363948,0.0083705005552596,0.0158532842327366,0.0156164753018467,1.0150990429843694,0.5301804246373014,-0.0164896091347396,0.0015177647363948,-0.0180073738711344,104.77206420898438,104.7988395690918,104.86975440979003,0.9997445070936136,0.9993237817605528,-0.0009330075451163,0.1374837208309314,33931660.0,0.7850868480940578,-0.0068304521491063,0.0008547737062758,-0.0175373548543067,-0.0023236080551747,-0.0013481234824813,0.0011397305238687,-0.0266371366584857,4,5,0,0,1,xg_GOOGL,0.4198237,2.505955
2023-05-08,106.88658142089844,107.07502636899284,104.29798314719712,104.3178158732233,26511400,58.90630985551793,104.93570938110352,104.53121067250356,1.021508150627923,1.222528924366236,102.06953550997147,104.93570938110352,107.80188325223556,0.0208392051090058,0.0053171920053898,0.0169858195258307,0.0206250391297091,0.0171130151783635,0.0158163946432889,1.081911121540129,1.2176689626495047,0.0053171920053898,0.0169858195258307,-0.0116686275204409,104.8851303100586,104.97736282348632,104.93570938110352,0.99912140569217,1.000396942495824,-0.0004732031876457,-0.0048011772081097,34228520.0,0.7745412305293722,0.0084056311468327,-0.0068304521491063,0.0008547737062758,-0.0013042912112486,0.0374120487786462,0.0053125414597599,-0.0138718905353457,0,5,0,0,0,xg_GOOGL,0.39272276,2.3441875
2023-05-09,106.47002410888672,109.2470748463162,106.31133960304034,107.50149988087897,36360100,57.46962999519602,105.0348892211914,104.7158595712067,1.060504735807669,1.1901240866545226,102.09777428799912,105.0348892211914,107.97200415438368,-0.0038971899603692,0.0192746613681362,0.0337024944802861,-0.0039048037933033,0.015514119786803,0.0156473309672799,0.9914232910361184,-0.2511865853387832,0.0192746613681362,0.0337024944802861,-0.0144278331121499,105.28780364990234,105.32449417114258,105.0348892211914,0.9996516430339498,1.0027572262140565,0.0023754519718365,0.3714892461356247,33198120.0,1.0952457548800627,0.0208392051090058,0.0084056311468327,-0.0068304521491063,-0.0175373548543067,-0.0023236080551747,-0.0200058159775908,-0.0030622579868436,1,5,0,0,1,xg_GOOGL,0.5202257,3.1052608
2023-05-10,110.83395385742188,112.01420151452292,107.04526777320253,107.08494078998832,63153400,66.64704175979138,105.3874752044678,105.29853521751292,1.4270918438993618,1.2375176381034905,101.53355776777796,105.3874752044678,109.24139264115765,0.0409874026521508,0.0601458974887771,0.0775239101302642,0.0401696883609101,0.0193647393473712,0.017876410989273,1.08319595935847,2.1164904637485207,0.0601458974887771,0.0775239101302642,-0.017378012641487,106.54540557861328,106.1219039916992,105.38747520446778,1.0039907085246718,1.0069688431742627,0.010447433605365,0.7368874123008462,34178700.0,1.8477414296037635,-0.0038971899603692,0.0208392051090058,0.0084056311468327,0.0008547737062758,-0.0013042912112486,-0.0013481234824813,0.0106547614081127,2,5,0,0,1,xg_GOOGL,0.6640758,3.9639113
2023-05-11,115.61444854736328,116.95338077292648,113.4721584998331,114.45404112299885,78900000,73.41474938518385,105.84072952270508,106.28100315368914,2.0793908144633946,1.4058922733754713,99.86388929064113,105.84072952270508,111.81756975476908,0.0431320414328184,0.1134777104846576,0.0834650680895305,0.0422277657362295,0.020398095233177,0.0193230997433824,1.0555780348920225,2.114409533353641,0.1134777104846576,0.0834650680895305,0.030012642395127,108.90192565917968,107.01254348754884,105.84072952270508,1.0176557075465709,1.011071484202047,0.0264776260660927,0.2493389112858532,37059780.0,2.1289926707605353,0.0409874026521508,-0.0038971899603692,0.0208392051090058,-0.0068304521491063,-0.0175373548543067,0.0374120487786462,0.0011397305238687,3,5,0,0,1,xg_GOOGL,0.4674182,2.7900496
2023-05-12,116.54673767089844,117.06247174670034,115.15821237424916,115.7235396119098,41102300,74.50139062996739,106.26918830871584,107.25869215532812,2.641125142401407,1.6529388471806583,98.64563118862092,106.26918830871584,113.89274542881074,0.0080637769348805,0.1131002363477755,0.0947456485226143,0.0080314384163964,0.0200625285612671,0.0192268394131492,1.0434104493064926,0.4019122015480262,0.1131002363477755,0.0947456485226143,0.0183545878251611,111.27034912109374,108.02120666503906,106.26918830871584,1.030078746168147,1.0164866071173289,0.0429112037996298,-0.4790583016476553,37556030.0,1.0944261147943195,0.0431320414328184,0.0409874026521508,-0.0038971899603692,0.0084056311468327,0.0008547737062758,-0.0023236080551747,0.0053125414597599,4,5,0,0,0,xg_GOOGL,0.3111039,1.8569994
2023-05-15,115.55493927001952,117.50879187706045,115.05903790038904,115.15821666094423,36266800,71.16872251623506,106.79186782836912,108.04881092815587,2.9720142717140448,1.916753932087336,98.14121036144692,106.79186782836912,115.44252529529136,-0.0085098769875441,0.0810986536746534,0.08684706279301,-0.0085462927335724,0.0206065829062524,0.0181009131859894,1.1383649172619814,-0.412948817251255,0.0810986536746534,0.08684706279301,-0.0057484091183566,113.00402069091795,108.94457550048828,106.79186782836912,1.037261563247006,1.0201579737848474,0.0537593018679432,-0.1176454845592582,38514540.0,0.9416391835394908,0.0080637769348805,0.0431320414328184,0.0409874026521508,0.0208392051090058,-0.0068304521491063,-0.0013042912112486,-0.0200058159775908,0,5,0,0,1,xg_GOOGL,0.5246303,3.1315522
2023-05-16,118.53034210205078,119.76017532413437,115.47558798788296,115.5350937281414,45035600,74.80933439321514,107.53621520996091,109.04705199233634,3.434742855107203,2.22035171669131,97.56511235489646,107.53621520996091,117.50731806502536,0.0257488156787359,0.1132743050835602,0.1347322903238932,0.0254228977489345,0.0190014396158943,0.0181057962983939,1.04940925510825,1.35502683861701,0.1132743050835602,0.1347322903238932,-0.0214579852403329,115.41608428955078,110.35194396972656,107.53621520996094,1.0458908120478012,1.0261840046561803,0.066479763239066,0.2417858757872213,39918380.0,1.1281920759309088,-0.0085098769875441,0.0080637769348805,0.0431320414328184,-0.0038971899603692,0.0084056311468327,-0.0175373548543067,-0.0013481234824813,1,5,0,0,1,xg_GOOGL,0.36737368,2.1928773
2023-05-17,119.84943389892578,120.67263195090872,117.91542167256014,118.62952082286564,33323600,76.24165615367426,108.36238632202146,110.07585026915436,3.863363821845624,2.5489541377221725,97.19384870774032,108.36238632202146,119.5309239363026,0.0111287268178075,0.0813422216543995,0.1463805200683117,0.0110672581623241,0.0185514596999954,0.0179729685006402,1.032129309636581,0.5998518254595776,0.0813422216543995,0.1463805200683117,-0.0650382984139121,117.21918029785157,111.88229293823242,108.36238632202148,1.047700911551442,1.0324827344218022,0.0738993392601203,-0.2600609295757135,41071200.0,0.8113617327957107,0.0257488156787359,-0.0085098769875441,0.0080637769348805,0.0409874026521508,0.0208392051090058,0.0008547737062758,0.0374120487786462,2,5,0,0,1,xg_GOOGL,0.29077452,1.735652
2023-05-18,121.82312774658205,122.2991888062752,119.8395223418676,119.95853382336384,35234200,78.23570167481176,109.2321964263916,111.19463860033795,4.312596694495369,2.901682649076812,96.72477192972208,109.2321964263916,121.73962092306112,0.0164681115583804,0.0537015855477205,0.1732732290097294,0.0163339827711501,0.0170608516141551,0.0180717740563682,0.9440084605132004,0.9652007256186612,0.0537015855477205,0.1732732290097294,-0.1195716434620088,118.4609161376953,113.6814208984375,109.2321964263916,1.042042887936172,1.0407318045192298,0.0757550711594058,0.0573347417445895,42252670.0,0.8338928640485718,0.0111287268178075,0.0257488156787359,-0.0085098769875441,0.0431320414328184,-0.0038971899603692,-0.0068304521491063,-0.0023236080551747,3,5,0,0,0,xg_GOOGL,0.3552095,2.1202686
2023-05-19,121.75371551513672,124.93740163874088,121.14871519349788,122.5372406458961,41353400,77.9877960080466,110.09258499145508,112.20026497317596,4.609876212216818,3.2433213617048136,96.61284165759494,110.09258499145508,123.57232832531524,-0.0005697787663908,0.0446771651295947,0.1628303994128759,-0.0005699411519977,0.017741131032061,0.0181093694942105,0.9796117653884672,-0.0321144492373119,0.0446771651295947,0.1628303994128759,-0.1181532342832811,119.50231170654295,115.38633041381836,110.09258499145508,1.0356713076667154,1.0480844865507897,0.0772849245320816,0.1736721707886088,43724080.0,0.945780906081936,0.0164681115583804,0.0111287268178075,0.0257488156787359,0.0080637769348805,0.0409874026521508,0.0084056311468327,-0.0013042912112486,4,5,0,0,1,xg_GOOGL,0.5032817,3.004121
2023-05-22,124.02494049072266,125.39362560112352,121.73387092669454,121.93223602252743,35253000,80.19876468340374,111.03876457214356,113.32642454627565,4.971433653359085,3.5889438200356683,96.42525598752032,111.03876457214356,125.65227315676675,0.0186542559787719,0.0732984784052468,0.1603415399949663,0.0184823992950358,0.0176792137137088,0.0182579872849326,0.9682472219200108,1.0550922223472807,0.0732984784052468,0.1603415399949663,-0.0870430615897195,121.1963119506836,117.10016632080078,111.03876457214356,1.0349798446798208,1.0545881591173418,0.0818992320282536,-0.1475187046288818,44598240.0,0.7904572018985325,-0.0005697787663908,0.0164681115583804,0.0111287268178075,-0.0085098769875441,0.0431320414328184,0.0208392051090058,-0.0175373548543067,0,5,0,0,0,xg_GOOGL,0.1162868,0.69412345
2023-05-23,121.55534362792967,123.60837503480263,121.20821417591824,123.14223409458984,34046300,71.7587271103164,111.96659622192382,114.11013112548078,5.001045760317737,3.871364208092082,97.14752569385244,111.96659622192382,126.7856667499952,-0.0199120987522483,0.0255209043712576,0.1416860721625763,-0.0201130161891223,0.0201465690717885,0.0182503052406836,1.103842646107317,-0.9883127180901448,0.0255209043712576,0.1416860721625763,-0.1161651677913186,121.80131225585936,118.60869827270508,111.96659622192382,1.0269171994098936,1.059322175317505,0.0809073113563708,-0.0342297109465861,44366860.0,0.767381329217331,0.0186542559787719,-0.0005697787663908,0.0164681115583804,0.0257488156787359,0.0080637769348805,-0.0038971899603692,0.0008547737062758,1,5,0,0,0,xg_GOOGL,0.604222,3.6066403
2023-05-24,119.90895080566406,120.91067367529487,118.87747506501968,120.1271486155692,34182600,66.71779910222108,112.81905097961426,114.6623996664506,4.8359179749870265,4.064274961471071,98.24627366243878,112.81905097961426,127.39182829678974,-0.0135443886967657,0.0004965973121615,0.0818792132951999,-0.0136369506765436,0.0192455347147713,0.0187914806267166,1.0241082642070434,-0.7037312896835783,0.0004965973121615,0.0818792132951999,-0.0813826159830384,121.81321563720704,119.5161979675293,112.81905097961426,1.0192193000508751,1.059361844739548,0.0750082841786313,0.0040033718788825,41469780.0,0.824277341234971,-0.0199120987522483,0.0186542559787719,-0.0005697787663908,0.0111287268178075,-0.0085098769875441,0.0409874026521508,-0.0068304521491063,2,5,0,0,1,xg_GOOGL,0.5110869,3.0507107
2023-05-25,122.46781158447266,124.29272508219532,120.96026710936242,123.49927982509996,42317000,70.21940320428206,113.60703887939457,115.40577223007176,4.8555598238210536,4.222531933941068,98.72452687091491,113.60703887939457,128.4895508878742,0.0213400314289775,0.0052919659001999,0.0592777384074256,0.0211155213763722,0.015750122147159,0.0177776515322823,0.8859008299116574,1.3548261025216235,0.0052919659001999,0.0592777384074256,-0.0539857725072256,121.94215240478516,120.20153427124023,113.60703887939454,1.0144808312481033,1.058046538813906,0.0680596265871987,0.2379690251765518,37811480.0,1.1191574622310176,-0.0135443886967657,-0.0199120987522483,0.0186542559787719,0.0164681115583804,0.0257488156787359,0.0431320414328184,0.0084056311468327,3,5,0,0,1,xg_GOOGL,0.758463,4.527315
2023-05-26,123.58854675292967,124.2332200823341,121.44624908602052,122.1603483083236,35635900,71.62737992162617,114.46346092224124,116.18508408939157,4.905018096900463,4.359029166532947,99.34319775589567,114.46346092224124,129.5837240885868,0.009151263127487,0.0150700225453477,0.0604204735607074,0.0091096440378715,0.0157705648794824,0.0176435433624238,0.8937927468878443,0.5802381182473596,0.0150700225453477,0.0604204735607074,-0.0453504510153597,122.30911865234376,120.90571517944336,114.4634609222412,1.01160742046658,1.0562821900132706,0.0634820777186342,-0.1578821750124063,37264840.0,0.956287481711958,0.0213400314289775,-0.0135443886967657,-0.0199120987522483,-0.0005697787663908,0.0111287268178075,0.0080637769348805,0.0208392051090058,4,5,0,0,0,xg_GOOGL,0.43683514,2.6074972
2023-05-30,122.65624237060548,124.62993526057318,120.99993361988648,124.61009496844297,35076700,68.71689719100156,115.28021049499516,116.8013848780786,4.813497954462164,4.449922924118791,100.24732942282048,115.28021049499516,130.3130915671698,-0.0075436147346888,-0.0110356684284766,0.0614539122727779,-0.0075722117034384,0.0156744829355535,0.0178636814682707,0.8774006389866388,-0.4812365121829355,-0.0110356684284766,0.0614539122727779,-0.0724895807012546,122.0353790283203,121.61584548950196,115.28021049499512,1.003449661819393,1.054958565458049,0.0550739889203067,-0.0156920408913483,37145830.0,0.9442971122195696,0.009151263127487,0.0213400314289775,-0.0135443886967657,0.0186542559787719,0.0164681115583804,-0.0085098769875441,-0.0038971899603692,1,5,0,0,0,xg_GOOGL,0.63374037,3.7828374
2023-05-31,121.86280822753906,123.04304837018029,121.49583848112027,121.74378917189809,37325800,66.24967886767337,116.15051803588868,117.28342519707483,4.623645569863186,4.4846674532676705,101.75407640301822,116.15051803588868,130.54695966875914,-0.006468762842653,0.0025294206773049,0.0281148781517828,-0.0064897759572657,0.0144483693449451,0.0172125948237102,0.8393580476893626,-0.4476847873582827,0.0025294206773049,0.0281148781517828,-0.0255854574744778,122.09687194824218,121.94909210205078,116.15051803588868,1.0012118158786103,1.049922929008121,0.0487954774622511,0.0641194867248058,36374850.0,1.0261430631328785,-0.0075436147346888,0.009151263127487,0.0213400314289775,-0.0199120987522483,-0.0005697787663908,0.0257488156787359,0.0409874026521508,2,5,0,1,1,xg_GOOGL,0.40316615,2.406525
2023-06-01,122.70584106445312,123.40009998321425,121.6148595206051,121.8132170497212,30772700,67.58152752523405,117.05851287841796,117.79984575587278,4.4894601892062695,4.48562600045539,103.47609150481546,117.05851287841796,130.6409342520205,0.0069178845389807,0.0233251165988599,0.02383329710123,0.0068940657629994,0.014240814684453,0.0171356671851089,0.8310142532748597,0.4857445973182492,0.0233251165988599,0.02383329710123,-0.0005081805023701,122.65625,122.23473281860352,117.05851287841796,1.003448423960005,1.0442190816618506,0.0456191577599124,-0.1755648907726023,36119760.0,0.8519630252249503,-0.006468762842653,-0.0075436147346888,0.009151263127487,-0.0135443886967657,0.0186542559787719,0.0111287268178075,0.0431320414328184,3,6,1,0,1,xg_GOOGL,0.42083055,2.5119648
2023-06-02,123.6480484008789,125.11591981661115,122.745511823111,122.97362222070808,26980100,69.05148075334434,118.04932289123536,118.35681743634956,4.40832909229016,4.470166618822344,105.69376979878172,118.04932289123536,130.40487598368898,0.007678585862354,0.0096371185304653,0.0149800837333045,0.0076492555696958,0.0135330863360826,0.0167700539026842,0.8069311812250906,0.567351624016353,0.0096371185304653,0.0149800837333045,-0.0053429652028391,122.89229736328124,122.4172248840332,118.04932289123536,1.0038807649797492,1.0370006526578912,0.0391674153751663,-0.1232456040581424,35294350.0,0.7644311341616785,0.0069178845389807,-0.006468762842653,-0.0075436147346888,0.0213400314289775,-0.0199120987522483,0.0164681115583804,0.0080637769348805,4,6,0,0,1,xg_GOOGL,0.47003183,2.8056505
2023-06-05,124.9770736694336,126.38543183753264,122.82485583017812,122.99346805796284,32305500,71.04579698534415,119.06294555664064,118.9873180299766,4.400546583738702,4.456242611805616,108.06536146669056,119.06294555664064,130.06052964659074,0.0107484532569883,0.0112350776264062,0.0264744130448826,0.0106910992452036,0.0138047789662672,0.0167745750332711,0.8229094346326797,0.7785473954965465,0.0112350776264062,0.0264744130448826,-0.0152393354184763,123.17000274658204,122.73956069946288,119.06294555664064,1.0035069544380488,1.0308795916784472,0.0328624848490582,0.197382515261248,34389560.0,0.9393984686049796,0.007678585862354,0.0069178845389807,-0.006468762842653,0.009151263127487,-0.0135443886967657,-0.0005697787663908,-0.0085098769875441,0,6,0,0,1,xg_GOOGL,0.4476166,2.6718526
2023-06-06,126.26639556884766,127.2383579485679,124.3323833879781,124.97705663721923,26638300,72.87214055715646,120.03193626403808,119.68056350986907,4.4471523871489325,4.4544245668742795,110.1981111388527,120.03193626403808,129.86576138922348,0.0103164673452376,0.0294330979693158,0.0180726156308268,0.0102636157795066,0.0129602115653013,0.0165478656853675,0.7831480303064315,0.7959493056078185,0.0294330979693158,0.0180726156308268,0.0113604823384889,123.89203338623048,122.9637062072754,120.03193626403808,1.0075496031112643,1.024424915855629,0.0305710565729077,-0.1754252371887139,33528090.0,0.7945069343347386,0.0107484532569883,0.007678585862354,0.0069178845389807,-0.0075436147346888,0.0213400314289775,0.0186542559787719,0.0257488156787359,1,6,0,0,0,xg_GOOGL,0.22096227,1.3189381
2023-06-07,121.49584197998048,127.9822255786917,121.11895964321234,125.92920166945692,52539000,58.23524766510568,120.78322715759278,119.85344717368922,4.052430124758445,4.374025678451113,113.29606829342914,120.78322715759278,128.27038602175642,-0.0377816565316144,-0.003011306344372,-0.0004895025276002,-0.0385138858074753,0.0169230541651849,0.0193762286596458,0.8733474978508237,-2.232423517607049,-0.003011306344372,-0.0004895025276002,-0.0025218038167718,123.81864013671876,122.95775604248048,120.78322715759278,1.0070014623066224,1.018003566687703,0.0249836778745575,0.9723105453426082,35377360.0,1.4851023366355918,0.0103164673452376,0.0107484532569883,0.007678585862354,-0.006468762842653,0.009151263127487,-0.0199120987522483,0.0111287268178075,2,6,0,0,0,xg_GOOGL,0.4859738,2.900809
2023-06-08,121.13880157470705,122.21987063454354,120.2461774810015,121.22806776750528,29389200,57.3074953067613,121.29846954345702,119.97586187854806,3.668511395402092,4.232922821841309,115.45665562251912,121.29846954345702,127.14028346439493,-0.0029387047281195,-0.0127707000429014,0.0102565384884085,-0.0029430311990852,0.0162949145607451,0.0177155002006209,0.9197592287541072,-0.1803338325790256,-0.0127707000429014,0.0102565384884085,-0.02302723853131,123.50523223876954,123.08074111938475,121.29846954345705,1.0034488833551385,1.0146932733993748,0.0182168113488524,-0.4406212527836464,34898020.0,0.8421451990685763,-0.0377816565316144,0.0103164673452376,0.0107484532569883,0.0069178845389807,-0.0075436147346888,-0.0135443886967657,0.0164681115583804,3,6,0,0,0,xg_GOOGL,0.27392757,1.6350914
2023-06-09,121.2280502319336,122.74550718830598,120.9106736630639,121.2478829569892,23778300,57.489804366472534,121.57914962768557,120.09511791220382,3.333033521464031,4.052944961765854,116.38353427049604,121.57914962768557,126.77476498487508,0.0007367470708508,-0.0195716649008437,-0.0101231608248665,0.0007364758059553,0.0146798129303772,0.0152239693882273,0.9641932641078697,0.0501843511217517,-0.0195716649008437,-0.0101231608248665,-0.0094485040759771,123.02123260498048,122.95676498413086,121.57914962768557,1.000524311296397,1.0113310165490053,0.0118956213065864,-0.190917071577314,33044150.0,0.7195918188241877,-0.0029387047281195,-0.0377816565316144,0.0103164673452376,0.007678585862354,-0.006468762842653,0.0213400314289775,-0.0005697787663908,4,6,0,0,1,xg_GOOGL,0.55159926,3.2925317
2023-06-12,122.6264877319336,123.0331304793446,120.66272258318774,121.78345693305364,28306400,60.34711502039709,121.88313713073728,120.33620075217809,3.143767711153984,3.87110951164348,117.24582690931948,121.88313713073728,126.52044735215507,0.0115355934317553,-0.0188081371125502,-0.0077843703666115,0.0114695657675572,0.0148795429551063,0.0153104864666405,0.9717895768986732,0.7752132073780851,-0.0188081371125502,-0.0077843703666115,-0.0110237667459387,122.55111541748047,122.86055908203124,121.88313713073732,0.9974813425328451,1.008019337000208,0.0054472593898586,0.1904299298099527,32311200.0,0.8760553616083316,0.0007367470708508,-0.0029387047281195,-0.0377816565316144,0.0107484532569883,0.0069178845389807,0.009151263127487,0.0186542559787719,0,6,0,0,1,xg_GOOGL,0.57960004,3.45967
2023-06-13,122.81492614746094,124.1340255114408,122.170252900137,123.955500728595,22278300,60.73014670594405,122.24613647460936,120.57226983744312,2.9746882437890036,3.691825258072585,118.68216940463998,122.24613647460936,125.81010354457877,0.0015366860701357,-0.0273348217935371,0.0012937276879556,0.0015355065762827,0.0146899991977368,0.0150879911857994,0.9735574112841904,0.1046005141959655,-0.0273348217935371,0.0012937276879556,-0.0286285494814928,121.86082153320312,122.8764274597168,122.24613647460936,0.9917347375122326,1.005155917424338,-0.0031373624810359,-0.2129589068196591,31031360.0,0.7179285729017124,0.0115355934317553,0.0007367470708508,-0.0029387047281195,0.0103164673452376,0.007678585862354,-0.0075436147346888,-0.0199120987522483,1,6,0,0,0,xg_GOOGL,0.38478464,2.2968044
2023-06-14,122.65624237060548,123.03313225253616,120.45443908912068,122.09091511456376,30592300,60.20276613537523,122.45243148803712,120.77074341203,2.795660459593904,3.512592298376849,119.34577488493254,122.45243148803712,125.5590880911417,-0.0012920561191799,0.0095509473551878,0.0065108801824502,-0.0012928915433745,0.0145179867653243,0.0141389996889486,1.0267317598791157,-0.0889907911663465,0.0095509473551878,0.0065108801824502,0.0030400671727375,122.09290161132812,122.95577087402344,122.4524314880371,0.9929822792654492,1.0041104891088708,-0.0029311991771495,0.373188259427335,30358010.0,1.007717567785207,0.0015366860701357,0.0115355934317553,0.0007367470708508,-0.0377816565316144,0.0107484532569883,-0.006468762842653,-0.0135443886967657,2,6,0,0,1,xg_GOOGL,0.36048463,2.151756
2023-06-15,124.06460571289062,124.43157546435972,121.39666138886584,122.13059332494936,35246300,63.2528405583294,122.66319007873535,121.08444458354052,2.735885220539643,3.3572508828094083,119.73316859338348,122.66319007873535,125.59321156408726,0.0114821986640498,0.0241524936696622,0.0110733493748174,0.0114167785227516,0.0148025515430312,0.0141514789899328,1.0459334759345578,0.7756381048610669,0.0241524936696622,0.0110733493748174,0.0130791442948448,122.67806243896484,123.0916473388672,122.66319007873535,0.9966400246576946,1.0034929570954156,0.000119875931931,0.1521297842921258,30805370.0,1.1441609044137064,-0.0012920561191799,0.0015366860701357,0.0115355934317553,-0.0029387047281195,0.0103164673452376,0.0069178845389807,0.0213400314289775,3,6,0,0,0,xg_GOOGL,0.54359204,3.244736
2023-06-16,122.51739501953124,125.07624798326508,122.26944432692576,124.89772318191494,45535600,57.994332623566066,122.69790344238282,121.22091605363488,2.534450374282841,3.192690781104095,119.79344863632572,122.69790344238282,125.60235824843993,-0.0124710080241574,0.0106356968138221,-0.0091441263810487,-0.0125494236749474,0.0151893730643993,0.0140546832965884,1.080657037006947,-0.8209810233946755,0.0106356968138221,-0.0091441263810487,0.0197798231948709,122.93593139648438,122.97858200073242,122.6979034423828,0.9996531867293136,1.002287557900135,0.0019428094603515,0.2919256773051355,32660920.0,1.3941922027915503,0.0114821986640498,-0.0012920561191799,0.0015366860701357,0.0007367470708508,-0.0377816565316144,0.007678585862354,0.009151263127487,4,6,0,0,0,xg_GOOGL,0.62612593,3.7373862
2023-06-20,122.0909194946289,123.54887077747642,121.1387897432877,121.92231483974504,26097500,56.59761074722161,122.71476364135742,121.30377352420574,2.3137275853511596,3.016898141953508,119.82953529075871,122.71476364135742,125.59999199195612,-0.0034809385625146,-0.0043674759606217,-0.0230934689864688,-0.0034870111253937,0.0146426483808232,0.014080076245896,1.039881336136567,-0.2377097887076516,-0.0043674759606217,-0.0230934689864688,0.0187259930258471,122.82881774902344,122.68996658325196,122.71476364135742,1.001131723886136,0.9997979293006836,0.0009341735498276,-0.4268769929461784,32040120.0,0.8145256634494249,-0.0124710080241574,0.0114821986640498,-0.0012920561191799,0.0115355934317553,-0.0029387047281195,0.0107484532569883,-0.0075436147346888,1,6,0,0,0,xg_GOOGL,0.78565544,4.689628
2023-06-21,119.56182861328124,121.654533092438,119.11551282046044,121.39666224993184,30306300,49.05287770638618,122.49160804748536,121.1378740088796,1.912678519894328,2.796054217541672,119.35372256938834,122.49160804748536,125.6294935255824,-0.0207148155801949,-0.0264878027144175,-0.0530985851410537,-0.0209323771150495,0.0149714289360372,0.0141211188431894,1.060140415349743,-1.383530732968537,-0.0264878027144175,-0.0530985851410537,0.0266107824266361,122.1781982421875,122.0195098876953,122.49160804748536,1.0013005162423472,0.9961458734413297,-0.0026213199390882,0.1612721525050291,32406920.0,0.9351798936770008,-0.0034809385625146,-0.0124710080241574,0.0114821986640498,0.0015366860701357,0.0007367470708508,0.0103164673452376,-0.006468762842653,2,6,0,0,1,xg_GOOGL,0.45945206,2.742499
2023-06-22,122.1405029296875,122.22976153980194,117.85591560655178,119.01632293916366,26952200,55.558008511476864,122.52086601257328,121.23336247752796,1.7823755961882597,2.59331849327099,119.40893284390096,122.52086601257328,125.6327991812456,0.0215677055655187,-0.0042047549390896,0.0053060330230334,0.0213384136131189,0.0121859620548379,0.0143551046420822,0.8488348586647317,1.7697360070926638,-0.0042047549390896,0.0053060330230334,-0.0095107879621231,122.0750503540039,122.08397598266602,122.52086601257324,0.9999268894333572,0.9964341581632112,-0.0036500231117107,-0.1106733583446346,29848240.0,0.9029745137401434,-0.0207148155801949,-0.0034809385625146,-0.0124710080241574,-0.0012920561191799,0.0115355934317553,-0.0377816565316144,0.0069178845389807,3,6,0,0,0,xg_GOOGL,0.4817923,2.8758495
2023-06-23,121.33714294433594,121.78345871511222,120.06763665447824,120.38501322694266,34913600,53.27575253391553,122.59227561950686,121.24324633150968,1.5958887415051637,2.3938325429178247,119.6731293551708,122.59227561950686,125.51142188384294,-0.006577343027759,-0.0219842134094759,0.0016373066849812,-0.0065990690672208,0.0123563695185712,0.014082417005604,0.8773701377765346,-0.5322607710220449,-0.0219842134094759,0.0016373066849812,-0.0236215200944572,121.52955780029296,122.1038101196289,122.59227561950684,0.9952970155577182,0.9960155279163428,-0.00875838835023,0.2953896156899993,30400680.0,1.148447995242174,0.0215677055655187,-0.0207148155801949,-0.0034809385625146,0.0114821986640498,0.0015366860701357,-0.0029387047281195,0.007678585862354,4,6,0,0,0,xg_GOOGL,0.62161434,3.7104561
2023-06-26,117.36994171142578,120.99994365310944,117.30051581692196,119.77011027896118,33969900,43.72376129536285,122.33738212585452,120.87436017721596,1.1151221474158175,2.138090463817423,118.59756543673188,122.33738212585452,126.07719881497717,-0.0326956868823764,-0.0420140610015815,-0.0318252130024897,-0.0332421348791243,0.0161463527256783,0.0150610209979755,1.0719911177821722,-2.024832642095077,-0.0420140610015815,-0.0318252130024897,-0.0101888479990918,120.50006713867188,121.71799926757812,122.33738212585448,0.989993820665514,0.994937092428223,-0.0156540504356725,-0.0270295815957105,31419840.0,1.0811608206788743,-0.006577343027759,0.0215677055655187,-0.0207148155801949,-0.0124710080241574,-0.0012920561191799,0.0007367470708508,0.0107484532569883,0,6,0,0,0,xg_GOOGL,0.7607795,4.541142
2023-06-27,117.36002349853516,118.10387557545452,115.14829999374555,116.1202700370029,39535900,43.70266500361537,122.0259559631348,120.53966144591304,0.7249540222728825,1.8554631755085151,117.72899135496088,122.0259559631348,126.32292057130874,-8.450385802361016e-05,-0.0387489586914109,-0.0429471995064487,-8.450742867527339e-05,0.0153748620608394,0.0148406192117171,1.0359288862970757,-0.0054958777393582,-0.0387489586914109,-0.0429471995064487,0.0041982408150378,119.55388793945312,121.19135284423828,122.02595596313476,0.9864885995051996,0.9931604459698016,-0.0210639700810259,0.1638509386250768,32542790.0,1.2148896883149474,-0.0326956868823764,-0.006577343027759,0.0215677055655187,-0.0034809385625146,0.0114821986640498,0.0115355934317553,0.0103164673452376,1,6,0,0,1,xg_GOOGL,0.89724785,5.3557305
2023-06-28,119.1948471069336,119.40312476297248,115.89214234648703,116.13017287240947,27091400,48.63965365305386,121.8528861999512,120.41158388981977,0.5573728556966842,1.595845111546149,117.38728901468149,121.8528861999512,126.31848338522092,0.0156341448621244,-0.0030693868653902,-0.029475888266063,0.0155131906673657,0.016566850799333,0.0153212822720957,1.081226054000051,0.9436435088342208,-0.0030693868653902,-0.029475888266063,0.0264065014006728,119.4804916381836,120.82934494018556,121.85288619995116,0.9888367076502014,0.991600188623468,-0.0199034993487531,-0.3147645557581843,33024100.0,0.8203524093010613,-8.450385802361016e-05,-0.0326956868823764,-0.006577343027759,-0.0207148155801949,-0.0124710080241574,0.0015366860701357,-0.0377816565316144,2,6,0,0,0,xg_GOOGL,0.594202,3.5468302
2023-06-29,118.12371063232422,119.07584040154654,117.33027294139968,118.26256241740738,24090900,46.09813767265924,121.66593132019044,120.19369119862972,0.3342784582029594,1.3435317808775111,116.8991601305927,121.66593132019044,126.4327025097882,-0.0089864327242974,-0.032886652674712,-0.0369531272985376,-0.0090270542557489,0.0166641650963051,0.0153760783991196,1.0837016410906244,-0.5392345453745202,-0.032886652674712,-0.0369531272985376,0.0040664746238255,118.67713317871092,120.37609176635742,121.66593132019042,0.985886245659611,0.9893985149348136,-0.0253022710299249,-0.110754704444953,32373960.0,0.7441443678808295,0.0156341448621244,-8.450385802361016e-05,-0.0326956868823764,0.0215677055655187,-0.0034809385625146,-0.0012920561191799,-0.0029387047281195,3,6,0,0,1,xg_GOOGL,0.51302034,3.0622516
2023-06-30,118.71878051757812,120.08747309044963,118.70886793868348,119.184928998666,29532200,47.73211178706727,121.4665782928467,120.05322351472005,0.2031499215748056,1.1154554090169702,116.55173581074682,121.4665782928467,126.3814207749466,0.0050376836459713,-0.0215792325682087,-0.0430890435236925,0.0050250369732207,0.0161307580994973,0.0153279387709618,1.0523075563491997,0.3122836094429361,-0.0215792325682087,-0.0430890435236925,0.0215098109554838,118.15346069335938,119.84150924682618,121.46657829284668,0.985914324977416,0.9866212659575988,-0.0279072745276114,0.2258653682510822,31802550.0,0.9286110704958902,-0.0089864327242974,0.0156341448621244,-8.450385802361016e-05,-0.006577343027759,-0.0207148155801949,0.0114821986640498,0.0007367470708508,4,6,0,1,1,xg_GOOGL,0.532605,3.1791537
2023-07-03,118.91715240478516,119.2047761131289,117.8460036082336,118.26255895127434,14467900,48.2948059498566,121.230033493042,119.9450262661548,0.1139233277934863,0.9151489927722736,116.3018939776832,121.230033493042,126.1581730084008,0.0016709393942744,0.0131823418398167,-0.0293855628759666,0.0016695449282071,0.0159514971028273,0.0151961254739474,1.049639099853,0.1047446919127337,0.0131823418398167,-0.0293855628759666,0.0425679047157833,118.46290283203123,119.48148498535156,121.230033493042,0.991474979127978,0.98557660624757,-0.0232693989475263,-0.5100974529496618,28695780.0,0.5041821480370806,0.0050376836459713,-0.0089864327242974,0.0156341448621244,-0.0326956868823764,0.0215677055655187,-0.0124710080241574,0.0115355934317553,0,7,0,0,1,xg_GOOGL,0.69883657,4.1714005
2023-07-05,120.7519760131836,121.60492692137656,118.25263659472893,118.26254917337135,27584800,53.30241853926141,121.0187786102295,120.0218786230147,0.1890858760388454,0.7699363694255879,116.41542029370932,121.0187786102295,125.62213692674968,0.0154294277258912,0.0289021117543553,-0.0109667736715195,0.0153116045233483,0.0169591678250006,0.0154343608663993,1.0987218226895064,0.9097449910340578,0.0289021117543553,-0.0109667736715195,0.0398688854258748,119.14129333496092,119.34759063720703,121.01877861022948,0.998271458174022,0.986190672288927,-0.0155482778605922,0.9066208641198792,28844510.0,0.9563275645867808,0.0016709393942744,0.0050376836459713,-0.0089864327242974,-8.450385802361016e-05,-0.006577343027759,-0.0034809385625146,0.0015366860701357,2,7,0,0,0,xg_GOOGL,0.53055906,3.1669414
2023-07-06,119.12543487548828,119.31387982882194,117.42945299604987,118.81797842897954,24745200,48.79120381278941,120.66173057556152,119.93650302801218,0.1160665182264466,0.6391623991857597,116.71059715320196,120.66173057556152,124.61286399792108,-0.0134700995494908,-0.0005823425519648,-0.0036499419827749,-0.0135616443482735,0.0161578803360421,0.0153838564221496,1.0502457671804812,-0.8336035213681253,-0.0005823425519648,-0.0036499419827749,0.00306759943081,119.12741088867188,119.30395126342772,120.66173057556152,0.9985202470422287,0.9887472249431768,-0.0128798664071475,-0.1029407499782488,28288400.0,0.8747472462210351,0.0154294277258912,0.0016709393942744,0.0050376836459713,0.0156341448621244,-0.0326956868823764,-0.0207148155801949,-0.0012920561191799,3,7,0,0,0,xg_GOOGL,0.5157238,3.078389
2023-07-07,118.50059509277344,120.05772509699976,118.42124905726848,119.1155079508008,21709500,47.14064718396286,120.51196823120117,119.79974989132278,0.0076901552995707,0.512867950408522,116.46798368439508,120.51196823120117,124.55595277800724,-0.0052452256175847,0.0031905911051366,-0.0298009894310771,-0.0052590301064059,0.014247335387434,0.0130292807546191,1.0934020268430058,-0.3681290112114209,0.0031905911051366,-0.0298009894310771,0.0329915805362137,119.20278778076172,118.93996047973631,120.51196823120117,1.0022097476740812,0.986955588108486,-0.0110478808094971,-0.1226783376169924,27764130.0,0.7819261759687489,-0.0134700995494908,0.0154294277258912,0.0016709393942744,-0.0089864327242974,-8.450385802361016e-05,0.0215677055655187,0.0114821986640498,4,7,0,0,0,xg_GOOGL,0.4404713,2.6292017
2023-07-10,115.49542999267578,117.3401837574584,115.18797355416356,117.33027117785484,35315200,40.11233303378443,120.2297996520996,119.3898146628802,-0.3170360077455143,0.3468871587777147,115.6217756198673,120.2297996520996,124.83782368433192,-0.0253599156843468,-0.0271511424801493,-0.0481444742302863,-0.0256870204264529,0.0159214986299415,0.0141096006284489,1.1283359971113924,-1.592709553553274,-0.0271511424801493,-0.0481444742302863,0.0209933317501369,118.55811767578123,118.35578918457033,120.22979965209962,1.001709493828776,0.9844130949818432,-0.014474009719903,0.6267164144729267,27804290.0,1.27013493241506,-0.0052452256175847,-0.0134700995494908,0.0154294277258912,0.0050376836459713,0.0156341448621244,-0.006577343027759,-0.0124710080241574,0,7,0,0,1,xg_GOOGL,0.6904696,4.121458
2023-07-11,116.17977142333984,116.74509867791642,114.40444362500358,115.33674061449469,23078800,42.2247828066285,119.97738571166992,119.08409625911445,-0.5132468075968433,0.1748603655028031,115.05711775737284,119.97738571166992,124.897653665967,0.005925268477787,-0.0230192274713025,-0.0101403329569011,0.0059077831108513,0.0127788428438644,0.0142154319725168,0.8988783450424503,0.463641732545385,-0.0230192274713025,-0.0101403329569011,-0.0128788945144013,118.0106414794922,118.23677215576171,119.97738571166992,0.9980874758998696,0.9854921529954715,-0.016928456719124,-0.3464910293584632,26715180.0,0.8638833801606105,-0.0253599156843468,-0.0052452256175847,-0.0134700995494908,0.0016709393942744,-0.0089864327242974,-0.0326956868823764,-0.0034809385625146,1,7,0,0,1,xg_GOOGL,0.48628053,2.9026399
2023-07-12,117.95510864257812,119.34363409167489,117.4393745101533,117.82617700118566,30404400,47.40758700705912,119.74381675720214,118.97657362896813,-0.5195019089930213,0.0359879106036382,114.9103000375612,119.74381675720214,124.5773334768431,0.0152809494930854,-0.0231620836606443,0.0050705949632874,0.0151653717225155,0.0137784724740618,0.0144266170136938,0.9550068081918232,1.1089647678349055,-0.0231620836606443,0.0050705949632874,-0.0282326786239317,117.45126800537108,118.296280670166,119.74381675720215,0.9928568112200332,0.987911391784252,-0.0194357733057398,0.3174168500961922,25802030.0,1.1783723993809334,0.005925268477787,-0.0253599156843468,-0.0052452256175847,0.0154294277258912,0.0050376836459713,-8.450385802361016e-05,-0.0207148155801949,2,7,0,0,1,xg_GOOGL,0.37600714,2.244411
2023-07-13,123.51911163330078,123.80673533006852,119.46263457450904,119.93870320943424,44297900,59.63034976189913,119.77902603149413,119.40919629604744,-0.0746302893569605,0.0138642706115184,114.8421605635635,119.77902603149413,124.71589149942476,0.0471705130430799,0.0368827762299868,0.0362789552679885,0.0460917773132534,0.0198675469561053,0.0181238194324752,1.0961514419562988,2.3741299827960063,0.0368827762299868,0.0362789552679885,0.0006038209619982,118.3300033569336,118.72870712280272,119.77902603149414,0.9966418924661856,0.9912311951141158,-0.0117311617238825,0.4569568878188683,27522680.0,1.609505324336089,0.0152809494930854,0.005925268477787,-0.0253599156843468,-0.0134700995494908,0.0016709393942744,0.0156341448621244,0.0215677055655187,3,7,0,0,1,xg_GOOGL,0.61891127,3.6943214
2023-07-14,124.39189910888672,125.7407514544512,122.47771949840582,123.77698624657504,33283100,61.15539534530792,119.86580886840818,119.88373942107974,0.3443904111380504,0.0799694987168248,114.66217366070468,119.86580886840818,125.0694440761117,0.0070660115997032,0.0497153960408469,0.0530646086463797,0.0070411643185286,0.0193667425746546,0.0181780340882472,1.0653339710262844,0.3648340312489523,0.0497153960408469,0.0530646086463797,-0.0033492126055327,119.50826416015624,119.35552597045898,119.8658088684082,1.001279690977484,0.9957428819546912,-0.0028743407795308,-0.2486528706778424,28441900.0,1.1702136636440896,0.0471705130430799,0.0152809494930854,0.005925268477787,-0.0052452256175847,0.0154294277258912,-0.0089864327242974,-0.006577343027759,4,7,0,0,0,xg_GOOGL,0.5881824,3.5108988
2023-07-17,123.62821197509766,126.05812564014278,123.18189620588134,124.9076384065508,25716200,59.053247413108096,119.84398918151857,120.24035585479574,0.6078373947434272,0.1855430779221453,114.71130952328284,119.84398918151857,124.97666883975424,-0.006139363891539,0.0704164829979647,0.0413534525549865,-0.0061582872774925,0.0197063559281793,0.0180627187014905,1.0909357178238892,-0.3115265139531175,0.0704164829979647,0.0413534525549865,0.0290630304429782,121.13482055664062,119.84646911621094,119.84398918151857,1.010750015832176,1.0000206930252349,0.0104412363043969,-0.2273496158711178,28060300.0,0.9164620478041604,0.0070660115997032,0.0471705130430799,0.0152809494930854,-0.0253599156843468,-0.0134700995494908,0.0050376836459713,-0.0326956868823764,0,7,0,0,0,xg_GOOGL,0.3554902,2.1219442
2023-07-18,122.74551391601562,123.65797065567116,121.95206866692536,123.57862461739118,26193600,56.63022107445305,119.85539512634276,120.47894233681669,0.7369001447667927,0.2958144912910748,114.69675296818878,119.85539512634276,125.01403728449677,-0.0071399403500216,0.0565136461557607,0.0321935182083659,-0.0071655517059712,0.0200279748760315,0.0179080135320963,1.1183181496924786,-0.3564805684871037,0.0565136461557607,0.0321935182083659,0.0243201279473948,122.44796905517578,120.22930526733398,119.85539512634276,1.0184536023302182,1.0031196771792965,0.0211215371227895,0.0185641735559685,29232870.0,0.8960324456681504,-0.006139363891539,0.0070660115997032,0.0471705130430799,0.005925268477787,-0.0052452256175847,0.0016709393942744,-8.450385802361016e-05,1,7,0,0,0,xg_GOOGL,0.37438273,2.2347147
2023-07-19,121.02970123291016,124.15388174076914,120.80159081360873,123.57863426859592,37224000,52.15083968860538,119.80233421325684,120.53139556501606,0.6927460152807754,0.3752007960890149,114.71923189134816,119.80233421325684,124.8854365351655,-0.0139786182677067,0.0260657857528536,0.0022999641819214,-0.0140772392877561,0.0202156891313366,0.0181748068241716,1.1122306331101706,-0.6914395417021748,0.0260657857528536,0.0022999641819214,0.0237658215709322,123.0628875732422,120.25707778930663,119.80233421325684,1.023331764213092,1.0037957822694867,0.0269401091366054,0.4211105002748763,30196790.0,1.2327138083219695,-0.0071399403500216,-0.006139363891539,0.0070660115997032,0.0152809494930854,-0.0253599156843468,0.0154294277258912,0.0156341448621244,2,7,0,0,0,xg_GOOGL,0.49876168,2.977141
2023-07-20,118.22289276123048,123.07280793107658,117.25093023799634,120.42469622569656,37906800,45.77257268896874,119.73538742065428,120.31153815513171,0.4263528332955673,0.3854312035303254,114.60390935991704,119.73538742065428,124.86686548139156,-0.0231910716385083,-0.0428777280053108,-0.0075764014225941,-0.0234642158081976,0.0211686064637928,0.0183291184488498,1.15485377374204,-1.0954890294334385,-0.0428777280053108,-0.0075764014225941,-0.0353013265827166,122.00364379882812,120.16682357788086,119.73538742065428,1.0152855852077742,1.0036032468472402,0.0191862703169929,0.0183430045132173,31512950.0,1.2028959522989373,-0.0139786182677067,-0.0071399403500216,-0.006139363891539,0.0471705130430799,0.005925268477787,-0.0134700995494908,-0.0089864327242974,3,7,0,0,1,xg_GOOGL,0.4485938,2.6776855
2023-07-21,119.03616333007812,119.99821321316035,117.75674443491287,119.6312510365837,72937900,47.76600544353052,119.58017044067384,120.190073886079,0.2776577892745422,0.3638765206791688,114.5686089408333,119.58017044067384,124.59173194051438,0.0068791293281087,-0.0430553421659752,0.004519540487416,0.0068555760735131,0.0212176709123833,0.0176853601803099,1.1996629434248824,0.324201706907762,-0.0430553421659752,0.004519540487416,-0.0475748826533913,120.9324966430664,120.22038040161132,119.58017044067384,1.0059234236248145,1.0053538137517133,0.0113606333114305,0.9241376217459664,36635790.0,1.990891966571432,-0.0231910716385083,-0.0139786182677067,-0.0071399403500216,0.0070660115997032,0.0152809494930854,-0.0052452256175847,0.0050376836459713,4,7,0,0,1,xg_GOOGL,0.5282586,3.15321
2023-07-24,120.53379821777344,121.99174960669664,119.98831119460458,120.66273743006376,29686100,51.315213317536504,119.54000320434572,120.22280953671655,0.2774640815611207,0.3465940328555592,114.57507374413986,119.54000320434572,124.50493266455156,0.0125813437345294,-0.0250299968582213,0.0436239617915372,0.0125028562624063,0.0193605986005325,0.0178929206585734,1.0819651528552172,0.6498091399427846,-0.0250299968582213,0.0436239617915372,-0.0686539586497586,120.31361389160156,120.72421722412108,119.54000320434572,0.9965988320988054,1.0099064245276206,0.0064182055049666,-0.5929948627531092,36072880.0,0.8229478766319511,0.0068791293281087,-0.0231910716385083,-0.0139786182677067,-0.006139363891539,0.0471705130430799,-0.0253599156843468,0.0016709393942744,0,7,0,0,1,xg_GOOGL,0.6453062,3.8518746
2023-07-25,121.20822143554688,122.14051850552042,120.02797366116376,120.36519055392536,52509600,52.86832372788667,119.73191719055175,120.3166582889861,0.3279504751514963,0.3428653213147466,114.82376806551228,119.73191719055175,124.64006631559124,0.005595303788195,-0.0125242253783758,0.0432816311359762,0.0055797082235233,0.0193580772647684,0.0161991048728918,1.194935305459721,0.2890274010310365,-0.0125242253783758,0.0432816311359762,-0.0558058565143521,120.00615539550782,121.2270622253418,119.73191719055175,0.9899287600687336,1.0124874391880867,0.0022625379838767,0.7688278352494939,39015960.0,1.345849237081406,0.0125813437345294,0.0068791293281087,-0.0231910716385083,-0.0071399403500216,0.0070660115997032,0.005925268477787,0.0154294277258912,1,7,0,0,1,xg_GOOGL,0.6589012,3.933024
2023-07-26,128.21035766601562,129.90633205152977,127.26814799253997,129.00380296662527,61682100,65.2598220916308,120.2744338989258,121.06843918203654,0.9223429845243488,0.458760853956667,114.20815535807434,120.2744338989258,126.34071243977723,0.0577694825279833,0.0593297046919663,0.086941965816101,0.0561624292883902,0.0256492138927091,0.0204619658935724,1.2534455672804368,2.2522027601650456,0.0593297046919663,0.086941965816101,-0.0276122611241347,121.44228668212892,122.25258712768554,120.27443389892578,0.9933719157639558,1.0164469967941994,0.0091088801596307,0.1746823437999909,42143730.0,1.4636127366988765,0.005595303788195,0.0125813437345294,0.0068791293281087,-0.0139786182677067,-0.006139363891539,0.0152809494930854,-0.0134700995494908,2,7,0,0,1,xg_GOOGL,0.41093403,2.4528918
2023-07-27,128.3392791748047,132.14781351472905,127.73427884774642,130.59067581926217,44952100,65.4399845802985,120.73165550231934,121.76090013372874,1.387808427218161,0.6445703686089659,113.7054798916415,120.73165550231934,127.75783111299718,0.0010055467525089,0.0855704523658189,0.0390236577786751,0.0010050415290283,0.0218160702160894,0.0203086596665035,1.0741721217549705,0.046089907698395,0.0855704523658189,0.0390236577786751,0.0465467945871438,123.46556396484377,122.73460388183594,120.73165550231934,1.0059556152860651,1.016590084606917,0.0213021958678814,-0.2712294166378901,42209150.0,1.0649847248759792,0.0577694825279833,0.005595303788195,0.0125813437345294,-0.0231910716385083,-0.0071399403500216,0.0471705130430799,-0.0052452256175847,3,7,0,0,1,xg_GOOGL,0.5355655,3.196825
2023-07-28,131.49319458007812,132.64368926365583,129.49967674072056,129.70794681826914,36591200,69.59427657927246,121.40012969970704,122.68778531909535,1.9882682402654128,0.9133099429402552,113.00757504870046,121.40012969970704,129.79268435071364,0.0245748256149829,0.104649132679601,0.0570880862987328,0.0242777222572136,0.0227673432555131,0.0205730973280522,1.106602291827911,1.07934184491146,0.104649132679601,0.0570880862987328,0.0475610463808682,125.95697021484376,123.44473342895508,121.40012969970704,1.0203511054388927,1.0168418578654366,0.0346545730346648,-0.1859957599311267,42539960.0,0.8601606583550887,0.0010055467525089,0.0577694825279833,0.005595303788195,0.0068791293281087,-0.0139786182677067,0.0070660115997032,-0.0253599156843468,4,7,0,0,1,xg_GOOGL,0.23095322,1.3785747
2023-07-31,131.63206481933594,132.43542264148525,130.6997677943249,131.64197739889866,28055500,69.76660378810702,122.04579391479494,123.5396214619754,2.4471336030179884,1.220074674955802,112.60086944388114,122.04579391479494,131.49071838570876,0.0010561021024797,0.0920759717661166,0.0647413136238717,0.0010555448189855,0.0224598613748731,0.0205978005534775,1.0903480188841108,0.0470196616618277,0.0920759717661166,0.0647413136238717,0.0273346581422448,128.17662353515624,124.2451187133789,122.04579391479491,1.031643133046111,1.0180204882776986,0.0465755029276174,-0.2332719342355539,42773890.0,0.6559024676034689,0.0245748256149829,0.0010055467525089,0.0577694825279833,0.0125813437345294,-0.0231910716385083,-0.006139363891539,0.005925268477787,0,7,0,1,0,xg_GOOGL,0.6584948,3.930598
2023-08-01,130.47166442871094,131.5428132938943,129.6087856815379,129.70797201734953,23166800,66.38107760145847,122.62351951599123,124.19981603023594,2.6861883876544113,1.5132974174955238,112.58923197613352,122.62351951599123,132.65780705584896,-0.0088154842227662,0.0764258635548904,0.0629444634366163,-0.008854570482895,0.0225789840032074,0.0208291920074825,1.083954674786323,-0.3904114467713536,0.0764258635548904,0.0629444634366163,0.0134814001182741,130.02931213378906,125.01773376464844,122.6235195159912,1.0400869398142758,1.019524918695104,0.0567616934314833,-0.1742510381208676,42471210.0,0.5454706847297135,0.0010561021024797,0.0245748256149829,0.0010055467525089,0.005595303788195,0.0068791293281087,-0.0071399403500216,0.0152809494930854,1,8,1,0,0,xg_GOOGL,0.392636,2.3436697
2023-08-02,127.32764434814452,129.0236186085389,126.51435881324907,128.3888654416219,26273300,58.14777919836085,122.95230293273929,124.49770444146532,2.592065168191553,1.7290509676347297,112.7467621754572,122.95230293273929,133.15784369002134,-0.0240973401721589,-0.006884883046427,0.0520363435675559,-0.0243924313257384,0.0237856076464683,0.0216322523732632,1.0994929119333556,-1.0130633392667363,-0.006884883046427,0.0520363435675559,-0.058921226613983,129.85276947021484,125.64752807617188,122.95230293273926,1.0334685565122586,1.021920900049404,0.0541945668813917,0.1340927534230018,41376140.0,0.634986733900247,-0.0088154842227662,0.0010561021024797,0.0245748256149829,0.0577694825279833,0.0125813437345294,-0.0139786182677067,0.0471705130430799,2,8,0,0,0,xg_GOOGL,0.6587888,3.932353
2023-08-03,127.39706420898438,128.329361244637,126.37550855512062,126.9210031114822,20089500,58.270849202568805,123.36588439941409,124.7738339431338,2.4943204675603994,1.8821048676198635,113.1429274032654,123.36588439941409,133.58884139556275,0.0005452065118713,-0.0073415946534729,0.0776006341367618,0.0005450579407995,0.0217169243790871,0.0212993975653147,1.0195548844802194,0.0251039879481482,-0.0073415946534729,0.0776006341367618,-0.0849422287902348,129.6643264770508,126.56494522094728,123.36588439941406,1.0244884651962112,1.0259314869512532,0.0494394601378306,-0.2353644193915496,39594410.0,0.5073822289560443,-0.0240973401721589,-0.0088154842227662,0.0010561021024797,0.0010055467525089,0.005595303788195,-0.0231910716385083,0.0070660115997032,3,8,0,0,0,xg_GOOGL,0.6219555,3.7124927
2023-08-04,127.05985260009766,130.43197594152576,126.86149507419762,128.2202600170075,26147200,57.38805659570738,123.79384727478028,124.9915500057018,2.3624144858149947,1.97816679125889,113.71282442707528,123.79384727478028,133.87487012248528,-0.0026469339068406,-0.0337153720703059,0.0674054761641675,-0.0026504432303937,0.0219649042688256,0.0212506413660506,1.0335627206618692,-0.1205019321966749,-0.0337153720703059,0.0674054761641675,-0.1011208482344735,128.77765808105468,127.36731414794922,123.79384727478028,1.0110730444662377,1.0288662720469222,0.0392241192185246,0.3015356280644117,34915340.0,0.7488742770369485,0.0005452065118713,-0.0240973401721589,-0.0088154842227662,0.0245748256149829,0.0577694825279833,0.0068791293281087,-0.006139363891539,4,8,0,0,1,xg_GOOGL,0.6957754,4.153128
2023-08-07,130.45181274414062,130.53115877911966,127.962393323222,128.10124510100812,22746300,63.39532221318493,124.54166641235352,125.51157502841023,2.5027309562137248,2.0830796242498573,114.8407879017442,124.54166641235352,134.24254492296282,0.0266957664016711,-0.00896629614384,0.0822840951916896,0.0263456518134246,0.0228177036670213,0.0206838616896955,1.1031112515675323,1.1699072301049738,-0.00896629614384,0.0822840951916896,-0.0912503913355297,128.54160766601564,128.35911560058594,124.54166641235352,1.0014217304674922,1.0306519841768695,0.0306622128855145,-0.130067464202668,34221360.0,0.6646813569068949,-0.0026469339068406,0.0005452065118713,-0.0240973401721589,0.0010561021024797,0.0010055467525089,0.0125813437345294,-0.0071399403500216,0,8,0,0,0,xg_GOOGL,0.38081387,2.2731025
2023-08-08,130.32289123535156,130.431990156543,128.4781372893849,129.54928620643437,23535200,63.0316055604651,125.2488224029541,125.96979561954753,2.5738600254123156,2.181235704482349,116.06636384942576,125.2488224029541,134.43128095648245,-0.0009882692013021,-0.0011402720583875,0.0751984452197531,-0.0009887578612879,0.0229944819991286,0.0207482448890968,1.108208135863857,-0.0429766682576854,-0.0011402720583875,0.0751984452197531,-0.0763387172781406,128.51185302734376,129.2705825805664,125.2488224029541,0.9941306866722768,1.032110163596376,0.025038046604544,0.034682563757622,31323920.0,0.7513491287169438,0.0266957664016711,-0.0026469339068406,0.0005452065118713,-0.0088154842227662,0.0245748256149829,0.005595303788195,-0.0139786182677067,1,8,0,0,0,xg_GOOGL,0.4251848,2.5379555
2023-08-09,128.59715270996094,130.9576330468754,127.94255923989908,130.58075827957177,24912900,58.21669917048852,125.78092460632324,126.2200201043488,2.4625904391360223,2.2375066514130837,117.1619890328386,125.78092460632324,134.39986017980792,-0.0132420214824278,0.0099704064134358,0.0030168782849269,-0.0133304788194017,0.0154885896165641,0.0210519773374706,0.7356959240628208,-0.8548981483839438,0.0099704064134358,0.0030168782849269,0.0069535281285089,128.76575469970703,129.30926208496095,125.78092460632324,0.9957968410267718,1.0280514512807162,0.0232107012518061,0.0585378496889765,27647000.0,0.9011068108655224,-0.0009882692013021,0.0266957664016711,-0.0026469339068406,-0.0240973401721589,0.0010561021024797,0.0577694825279833,-0.0231910716385083,2,8,0,0,0,xg_GOOGL,0.4226521,2.5228376
2023-08-10,128.62689208984375,130.96754702179814,128.38885399832523,130.2435353022777,20857800,58.27584969187157,126.03631362915038,126.44924600772926,2.349722076327467,2.2599497363959604,117.39689355325304,126.03631362915038,134.67573370504775,0.0002312600182516,0.0096535025237469,0.0022410357677582,0.0002312332817755,0.0154872099323364,0.0185118747976045,0.8365642884561827,0.0149313587084625,0.0096535025237469,0.0022410357677582,0.0074124667559887,129.0117202758789,129.33802337646483,126.03631362915038,0.9974771293694804,1.0261964956943237,0.023132072915594,-0.1627710944932143,25237570.0,0.8264583317648718,-0.0132420214824278,-0.0009882692013021,0.0266957664016711,0.0005452065118713,-0.0088154842227662,0.0010055467525089,0.0068791293281087,3,8,0,0,0,xg_GOOGL,0.46408898,2.7701771
2023-08-11,128.4979705810547,128.86493278064867,127.11936527043054,127.60535409901688,19591100,57.893234858686824,126.2416172027588,126.64436263376024,2.2242306509036496,2.2528059192974985,117.57163673638352,126.2416172027588,134.91159766913407,-0.0010022904751443,0.0113184294765655,-0.0227785476547942,-0.0010027931041243,0.0129412976215423,0.0184878758247804,0.6999504861294609,-0.0774430093058615,0.0113184294765655,-0.0227785476547942,0.0340969771313598,129.29934387207032,129.0385009765625,126.2416172027588,1.002021434637986,1.02215500589882,0.023795914094867,-0.0607302783610926,23537560.0,0.8323335129044459,0.0002312600182516,-0.0132420214824278,-0.0009882692013021,-0.0026469339068406,-0.0240973401721589,0.0245748256149829,0.0125813437345294,4,8,0,0,1,xg_GOOGL,0.49763748,2.9704304
2023-08-14,130.25347900390625,130.2931444617831,127.90291093163088,128.32937892208105,24695600,61.59122590678217,126.57288055419922,126.9880880023456,2.240604358153476,2.2503656070686944,117.81747793720174,126.57288055419922,135.3282831711967,0.0136617599088399,-0.0015203601702598,-0.0104730243145679,0.0135692794124819,0.0138766919396297,0.0185712025834897,0.7471753486022047,0.9844403498990276,-0.0015203601702598,-0.0104730243145679,0.0089526641443081,129.25967712402343,128.90064239501953,126.57288055419922,1.002785360276977,1.0183906839334635,0.0206274457340493,0.260551985340282,23201570.0,1.0643934871648315,-0.0010022904751443,0.0002312600182516,-0.0132420214824278,0.0266957664016711,0.0005452065118713,0.0010561021024797,0.005595303788195,0,8,0,0,0,xg_GOOGL,0.6644822,3.9663372
2023-08-15,128.71617126464844,130.34272731563817,128.22026984503316,130.02535827661376,19770700,56.8801781690787,126.87141342163086,127.15266736066016,2.105264572859639,2.2213454002268835,118.25950455065,126.87141342163086,135.48332229261172,-0.011802431313268,-0.0123287624719861,-0.0134549763870123,-0.0118726329188572,0.0140948605927036,0.0187307899518509,0.7524566861433801,-0.8372976758423186,-0.0123287624719861,-0.0134549763870123,0.0011262139150262,128.9383331298828,128.72509307861327,126.87141342163086,1.0016565538712745,1.0146106960345913,0.0160579644961799,-0.1994241889243427,22861960.0,0.8647858713775695,0.0136617599088399,-0.0010022904751443,0.0002312600182516,-0.0009882692013021,-0.0026469339068406,-0.0088154842227662,0.0577694825279833,1,8,0,0,0,xg_GOOGL,0.59822315,3.5708327
2023-08-16,127.64503479003906,129.2120852443946,126.8218441042689,127.64503479003906,25216100,53.792788863655275,127.20218009948732,127.19955949679148,1.8897907251778463,2.155034465217076,119.03848143783078,127.20218009948732,135.36587876114382,-0.0083216931026254,-0.0074038802559593,0.0024927064622881,-0.0083565116916339,0.0119794502886241,0.0185096009975827,0.647167009336353,-0.6946060375148978,-0.0074038802559593,0.0024927064622881,-0.0098965867182475,128.74790954589844,128.7568321228027,127.20218009948732,0.999930702109106,1.0122218976286377,0.0121095932086482,0.2754277794918742,22756240.0,1.108096065079244,-0.011802431313268,0.0136617599088399,-0.0010022904751443,-0.0132420214824278,0.0266957664016711,-0.0240973401721589,0.0010055467525089,2,8,0,0,1,xg_GOOGL,0.655708,3.9139636
2023-08-17,128.85501098632812,130.90804993539842,128.23017041335734,128.73599949955613,33446300,56.65490410972844,127.7337860107422,127.357221543414,1.795958424559302,2.0832192570855215,120.72971896408288,127.7337860107422,134.73785305740148,0.0094792264993255,0.0017734930291639,0.0114441159723437,0.009434580549442,0.0123267935302395,0.0175073145018597,0.704053695684421,0.7689313157357337,0.0017734930291639,0.0114441159723437,-0.0096706229431797,128.7935333251953,128.90262680053712,127.7337860107422,0.999153675312524,1.009150600058912,0.0082243391726966,0.3263867132506612,24091920.0,1.3882787258134102,-0.0083216931026254,-0.011802431313268,0.0136617599088399,0.0002312600182516,-0.0009882692013021,0.0005452065118713,0.0245748256149829,3,8,0,0,0,xg_GOOGL,0.48532045,2.8969092
2023-08-18,126.41517639160156,128.19050420505582,125.34402761585469,127.4565647289768,30504800,49.93789641532338,128.10273666381835,127.2675029575271,1.5073456467226125,1.9680445350129396,122.36480862192307,128.10273666381835,133.8406647057136,-0.018934728079651,-0.0162087710804688,-0.0050737994362791,-0.0191162855238324,0.0138717835072744,0.0182549940660477,0.7598481603953339,-1.3648831231109606,-0.0162087710804688,-0.0050737994362791,-0.0111349716441896,128.3769744873047,128.8381591796875,128.10273666381835,0.9964204340133452,1.0057408806011623,0.0021693425687816,-0.0879469477939264,24527680.0,1.243688763062742,0.0094792264993255,-0.0083216931026254,-0.011802431313268,-0.0010022904751443,-0.0132420214824278,-0.0026469339068406,0.0010561021024797,4,8,0,0,1,xg_GOOGL,0.5756473,3.436076
2023-08-21,127.31773376464844,127.67478341493478,125.52257293232674,126.13749345601002,25248700,52.19579064376383,128.44193344116212,127.2722868439196,1.3360456750796883,1.8416447630262895,123.91332385338688,128.44193344116212,132.9705430289374,0.0071396283168643,-0.0225387088445427,-0.0240248020595862,0.0071142618372066,0.0106217007109209,0.0181475316194294,0.5852650194327349,0.6721104652345353,-0.0225387088445427,-0.0240248020595862,0.0014860932150434,127.78982543945312,128.52475128173828,128.44193344116212,0.9942818341606892,1.000644788180599,-0.0051218945108969,-0.1723040308410479,24777920.0,1.018999980627873,-0.018934728079651,0.0094792264993255,-0.0083216931026254,0.0136617599088399,0.0002312600182516,0.0266957664016711,-0.0088154842227662,0,8,0,0,1,xg_GOOGL,0.73032594,4.3593626
2023-08-22,128.02191162109375,129.21207199508038,127.2681469154346,127.4565767415667,22054900,53.94120792749554,128.78261795043946,127.34367967984096,1.2427844359866498,1.7218726976183616,125.7758551153854,128.78261795043946,131.7893807854935,0.0055308701751399,-0.0053937250986688,-0.0176559896150741,0.005515631077186,0.0109125468906253,0.0181470327513962,0.6013074276486404,0.5067894269910491,-0.0053937250986688,-0.0176559896150741,0.0122622645164053,127.6509735107422,128.2946533203125,128.78261795043946,0.9949828009748524,0.9962109433874472,-0.0088394590064128,-0.1264936412567775,24629890.0,0.8954526390495088,0.0071396283168643,-0.018934728079651,0.0094792264993255,-0.011802431313268,-0.0010022904751443,-0.0009882692013021,-0.0240973401721589,1,8,0,0,1,xg_GOOGL,0.6536013,3.9013884
2023-08-23,131.284912109375,132.31639534159987,128.80540548113294,129.11286188164175,27819700,61.03982140816759,128.93634567260742,127.71903514932038,1.4158500632725293,1.6606681707491953,125.74410811324398,128.93634567260742,132.12858323197085,0.0254878281925576,0.0285156200969596,0.0209006136043778,0.0251684293155953,0.0130372540351342,0.0139621751456475,0.9336883552017954,1.954849792301596,0.0285156200969596,0.0209006136043778,0.0076150064925817,128.3789489746094,128.5634292602539,128.93634567260742,0.9985650640566603,0.9971077479324534,-0.0042457026404805,0.2613840915170777,24920570.0,1.1163348189868405,0.0055308701751399,0.0071396283168643,-0.018934728079651,-0.0083216931026254,0.0136617599088399,-0.0132420214824278,0.0005452065118713,2,8,0,0,0,xg_GOOGL,0.4113077,2.4551222
2023-08-24,128.71617126464844,133.14953116670597,128.5079011432878,132.85198728819475,28500700,53.985920820405305,128.95519027709963,127.81400049363734,1.3303939481676537,1.594613326232887,125.77336048235466,128.95519027709963,132.1370200718446,-0.0195661542781588,-0.0010774879503476,0.0006940941614475,-0.0197601055639635,0.0147509883901872,0.0147204523485196,1.0020063266156334,-1.3263401353524578,-0.0010774879503476,0.0006940941614475,-0.0017715821117951,128.35118103027344,128.57235717773438,128.9551902770996,0.9982797534997728,0.99703127033086,-0.0046925669159649,0.0244790562083703,25684860.0,1.1096303425441638,0.0254878281925576,0.0055308701751399,0.0071396283168643,0.0094792264993255,-0.011802431313268,0.0002312600182516,-0.0026469339068406,3,8,0,0,0,xg_GOOGL,0.3787235,2.2606251
2023-08-25,128.8153533935547,129.6881295726403,126.20690716881096,128.47812893761383,26762900,54.20597151737443,128.82129821777346,127.9093674364866,1.2561919315376144,1.5269290472938326,125.87230228359684,128.82129821777346,131.77029415195008,0.0007705490920975,0.0189864624680662,0.0024699441638247,0.000770252371562,0.0147460237462005,0.0135672765714977,1.0868015306510523,0.0522511596481311,0.0189864624680662,0.0024699441638247,0.0165165183042415,128.83121643066406,128.60409545898438,128.82129821777343,1.00176604773642,0.9983139219849976,7.699558033523401e-05,-0.060973940990923,26402040.0,1.0136678832392871,-0.0195661542781588,0.0254878281925576,0.0055308701751399,-0.018934728079651,-0.0083216931026254,-0.0010022904751443,0.0266957664016711,4,8,0,0,1,xg_GOOGL,0.48028532,2.8668542
2023-08-28,129.93609619140625,131.45355346104287,129.07323248655334,130.23364009664536,20543300,56.72441480958054,128.73649978637698,128.10238922266942,1.273144854729722,1.4761722087810103,126.0411903715362,128.73649978637698,131.43180920121776,0.0087003821231423,0.0205655751900042,-0.0024366551659666,0.0086627519059252,0.0143256437941918,0.0137331606145799,1.043066569280103,0.6072868320122284,0.0205655751900042,-0.0024366551659666,0.0230022303559709,129.35488891601562,128.57235717773438,128.73649978637695,1.0060863140060463,0.998724972257946,0.0047591789176714,-0.2323963397090749,25986810.0,0.7905279639940113,0.0007705490920975,-0.0195661542781588,0.0254878281925576,0.0071396283168643,0.0094792264993255,0.0136617599088399,-0.0009882692013021,0,8,0,0,1,xg_GOOGL,0.5924243,3.536219
2023-08-29,133.4669189453125,135.45052467736468,131.1560164514264,131.1560164514264,43075600,63.52931672315586,128.88626251220705,128.61329681530208,1.5535793606222796,1.4916536391492643,125.53255968507244,128.88626251220705,132.2399653393417,0.0271735326625872,0.0425318389271855,0.0369087087814026,0.026810887132683,0.0160070440432613,0.0149023827346131,1.0740544162557732,1.6974923725316766,0.0425318389271855,0.0369087087814026,0.0056231301457829,130.4438903808594,129.04743194580078,128.88626251220705,1.0108212803153271,1.001250477983086,0.0116705164168103,1.0968198877492903,28317300.0,1.5211761008287683,0.0087003821231423,0.0007705490920975,-0.0195661542781588,0.0055308701751399,-0.018934728079651,-0.011802431313268,-0.0132420214824278,1,8,0,0,1,xg_GOOGL,0.5091836,3.0393498
2023-08-30,134.76617431640625,135.16288939766932,132.97101360306888,133.67518514236738,28315800,65.66862515806706,129.25818901062013,129.19928514874056,1.8592326998490307,1.5651694512892178,125.08301757537916,129.25818901062013,133.43336044586113,0.0097346622021454,0.0265168491268132,0.0557886136196414,0.0096875856477245,0.0155050630047032,0.0137504824925063,1.1275193793216467,0.6277971525843015,0.0265168491268132,0.0557886136196414,-0.0292717644928282,131.14014282226563,129.7595458984375,129.25818901062013,1.010639655944147,1.003878724370617,0.0139645858554018,-0.3426487384969681,28627270.0,0.9891198147779726,0.0271735326625872,0.0087003821231423,0.0007705490920975,0.0254878281925576,0.0071396283168643,-0.0083216931026254,0.0002312600182516,2,8,0,0,1,xg_GOOGL,0.72744375,4.342159
2023-08-31,135.0537872314453,136.8687881952977,134.67689731971456,134.89509514927343,30053800,66.14209049569385,129.6410251617432,129.75685677566483,2.100460332638334,1.6722276275590413,124.8288438798256,129.6410251617432,134.45320644366078,0.0021341624966202,0.0492371386169212,0.0481065982430042,0.0021318884067831,0.0154722696148865,0.0137405511112535,1.1259478271136074,0.1379257616352143,0.0492371386169212,0.0481065982430042,0.001130540373917,132.407666015625,130.37942352294922,129.64102516174316,1.0155564615786077,1.005695715228145,0.020485474051465,0.0613791593386023,28288020.0,1.062421477360343,0.0097346622021454,0.0271735326625872,0.0087003821231423,-0.0195661542781588,0.0055308701751399,0.0094792264993255,-0.0010022904751443,3,8,0,1,0,xg_GOOGL,0.18948877,1.1310707
2023-09-01,134.54795837402344,136.3332062668677,133.74460060567057,136.3332062668677,21543700,64.45842207676918,130.01543045043948,130.2131521659847,2.22516845138108,1.7828157923234491,124.89358607395512,130.01543045043948,135.13727482692383,-0.0037453881730471,0.0445024977958534,0.0643339052680558,-0.0037524197020255,0.0135015069802286,0.0137665308214349,0.9806774472011988,-0.2773846500158383,0.0445024977958534,0.0643339052680558,-0.0198314074722023,133.55418701171874,131.1927017211914,130.01543045043945,1.0180001269853098,1.0090548580785623,0.0263010795856304,-0.28316219579554,27391910.0,0.7864986413871546,0.0021341624966202,0.0097346622021454,0.0271735326625872,0.0007705490920975,0.0254878281925576,-0.018934728079651,0.0136617599088399,4,9,1,0,0,xg_GOOGL,0.32084817,1.9151635
2023-09-05,134.65707397460938,135.30173975827023,133.47682618982745,134.32977722585983,19403100,64.66736257888451,130.22569351196293,130.63638281442513,2.306220575783186,1.8874967490153969,124.69913865803927,130.22569351196293,135.75224836588657,0.0008109792367314,0.0363330738846328,0.0576458596374953,0.0008106505707532,0.013607559846714,0.0125831897983784,1.081321886011881,0.0595933181663803,0.0363330738846328,0.0576458596374953,-0.0213127857528625,134.49838256835938,131.9266357421875,130.2256935119629,1.01949376493764,1.0130614948890124,0.0317301492619847,-0.0993608340257244,26807350.0,0.7237977644190596,-0.0037453881730471,0.0021341624966202,0.0097346622021454,0.0087003821231423,-0.0195661542781588,0.0071396283168643,-0.011802431313268,1,9,0,0,0,xg_GOOGL,0.4034515,2.4082282
2023-09-06,133.35780334472656,135.41082715108524,132.5742707036897,134.9050132008134,18684500,60.13416477691885,130.37743911743166,130.8955657220729,2.239795716155612,1.95795654244344,124.67575938967168,130.37743911743166,136.07911884519166,-0.0096487365389196,-0.0008175479096108,0.0416795192015679,-0.0096955872073953,0.0144495275864849,0.0128258898727163,1.1265028178982053,-0.6677082536380002,-0.0008175479096108,0.0416795192015679,-0.0424970671111788,134.4765594482422,132.4602249145508,130.37743911743163,1.0152221886607251,1.0159750476096034,0.0307377613308044,-0.0370353190984945,26470310.0,0.7058663083280587,0.0008109792367314,-0.0037453881730471,0.0021341624966202,0.0271735326625872,0.0007705490920975,0.0055308701751399,-0.0083216931026254,2,9,0,0,1,xg_GOOGL,0.45408064,2.7104368
2023-09-07,134.15122985839844,134.46861399155742,131.8601680068501,132.49492113945962,18844300,61.89103021885237,130.6551429748535,131.2056289731515,2.2255219928524923,2.0114696325252504,124.78016196479328,130.6551429748535,136.53012398491373,0.005949606950415,-0.0045630475238098,0.0218328039602559,0.0059319779282596,0.0124286222855937,0.0123969466381464,1.0024742522566483,0.4786635356820765,-0.0045630475238098,0.0218328039602559,-0.0263958514840658,134.35357055664062,132.74685668945312,130.6551429748535,1.012103592561489,1.016009425017446,0.0275690918800441,0.008552543552142,25572770.0,0.7368892771490638,-0.0096487365389196,0.0008109792367314,-0.0037453881730471,0.0097346622021454,0.0087003821231423,0.0254878281925576,0.0094792264993255,3,9,0,0,1,xg_GOOGL,0.5078044,3.0311172
2023-09-08,135.26206970214844,135.53977327338907,133.7446126401159,133.80411838628038,23558300,64.26543908859782,130.98690185546874,131.5919566616274,2.277590806941504,2.064693867408501,124.85061029586032,130.98690185546874,137.12319341507717,0.0082805043600608,0.00154221865949,0.0508552917103262,0.0082464090719795,0.0098553582146449,0.012460533823592,0.7908623732968465,0.8401180415457546,0.00154221865949,0.0508552917103262,-0.0493130730508362,134.39522705078124,133.4014465332031,130.98690185546874,1.00744954828755,1.0184334818484262,0.0251979376244777,0.2501552193501484,25078530.0,0.9393812157251268,0.005949606950415,-0.0096487365389196,0.0008109792367314,0.0021341624966202,0.0271735326625872,-0.0195661542781588,-0.018934728079651,4,9,0,0,1,xg_GOOGL,0.168308,1.0046414
2023-09-11,135.79762268066406,136.35302976641478,134.6768807966762,135.4207328151726,20763400,65.38520123572931,131.3518844604492,131.99249628248802,2.3351521859875106,2.118785531124303,124.97526826611248,131.3518844604492,137.72850065478596,0.0039593729394717,0.0092878726793217,0.0542037040086149,0.0039515552510698,0.0097537933086824,0.0124345801253718,0.7843456606244003,0.4058899880479961,0.0092878726793217,0.0542037040086149,-0.0449158313292932,134.64515991210936,134.09967346191405,131.3518844604492,1.00406776866873,1.0209192963827802,0.0242513483421169,-0.118637592695568,24478580.0,0.8482273073029217,0.0082805043600608,0.005949606950415,-0.0096487365389196,-0.0037453881730471,0.0097346622021454,0.0007705490920975,0.0071396283168643,0,9,0,0,0,xg_GOOGL,0.41880843,2.4998946
2023-09-12,134.23057556152344,135.74803250189984,134.08181120803886,135.14303224154853,18405500,59.50915239982313,131.55073928833008,132.2056466900152,2.2286321038158974,2.140754845662622,125.0711297324528,131.55073928833008,138.03034884420737,-0.0115395769690728,-0.0031672930392528,0.0330507033533704,-0.011606674572147,0.0109984068574712,0.0125564996050336,0.8758436952737446,-1.049109021840993,-0.0031672930392528,0.0330507033533704,-0.0362179963926233,134.5598602294922,134.52912139892578,131.55073928833008,1.0002284920190272,1.0226405577551925,0.0224175522497324,-0.1135603995492068,24264800.0,0.7585267548052835,0.0039593729394717,0.0082805043600608,0.005949606950415,0.0008109792367314,0.0021341624966202,0.0087003821231423,0.0055308701751399,1,9,0,0,1,xg_GOOGL,0.5883328,3.5117965
2023-09-13,135.58935546875,135.7777852717878,133.05032781273377,133.9826247837674,20749500,62.64401072309933,131.89439849853514,132.52790466894234,2.2281713812799353,2.158238152786085,125.31942238570088,131.89439849853514,138.4693746113694,0.0101227302463868,0.0167335699003299,0.0159023414956267,0.0100718385662395,0.0077214549176894,0.0122807451614361,0.6286936275094142,1.3108176550437634,0.0167335699003299,0.0159023414956267,0.0008312284047031,135.00617065429688,134.74136505126953,131.89439849853517,1.0019652881127232,1.0215851968327978,0.0229499738014382,0.127353236804216,22032190.0,0.941781093935694,-0.0115395769690728,0.0039593729394717,0.0082805043600608,-0.0096487365389196,-0.0037453881730471,0.0271735326625872,0.0254878281925576,2,9,0,0,1,xg_GOOGL,0.6070136,3.6233034
2023-09-14,136.9679718017578,137.563044397484,135.1232180009584,136.47207040513118,24751000,65.55763162563716,132.36054534912108,132.95076820540095,2.312393241968578,2.1890691706225835,125.7323412879978,132.36054534912108,138.98874941024437,0.0101675852668652,0.0209967657123424,0.0163379089487407,0.0101162430957684,0.0077731360109596,0.0121039432522667,0.6421455969654402,1.3078733447075557,0.0209967657123424,0.0163379089487407,0.0046588567636016,135.56951904296875,134.9615447998047,132.36054534912108,1.0045047961185232,1.0196508668336406,0.0234286428544931,0.1928480204342273,21675710.0,1.1418772441594236,0.0101227302463868,-0.0115395769690728,0.0039593729394717,0.005949606950415,0.0008109792367314,0.0097346622021454,-0.0195661542781588,3,9,0,0,0,xg_GOOGL,0.5143343,3.0700948
2023-09-15,136.27369689941406,137.3845263119322,135.36124015129133,136.84894433199983,38919600,62.89705457753536,132.7314796447754,133.26723760483077,2.296643217626354,2.210583980023338,126.09895512797236,132.7314796447754,139.3640041615784,-0.0050688850335655,0.0074790161018034,0.0090327690394802,-0.0050817754096472,0.0080519340975236,0.0121690191750348,0.661620493913527,-0.6294457364458306,0.0074790161018034,0.0090327690394802,-0.0015537529376767,135.77184448242187,135.08353576660156,132.7314796447754,1.0050954301122943,1.0177204091156136,0.0223107239828579,0.5724455577552423,22562290.0,1.7249844763097308,0.0101675852668652,0.0101227302463868,-0.0115395769690728,0.0082805043600608,-0.0096487365389196,0.0021341624966202,0.0007705490920975,4,9,0,0,1,xg_GOOGL,0.6274945,3.7455554
2023-09-18,137.07708740234375,138.0192971438985,135.49019668646417,135.49019668646417,21861300,64.68318835968192,133.26457519531252,133.63008044268915,2.3222190139722727,2.232910986813125,127.07019549075692,133.26457519531252,139.4589548998681,0.0058954187140214,0.009421849193107,0.0187972308081383,0.0058781087328538,0.0080071299079887,0.0110414277207403,0.7251240497548754,0.7361792056020812,0.009421849193107,0.0187972308081383,-0.0093753816150312,136.02773742675782,135.3364486694336,133.2645751953125,1.005107927421775,1.0155470684620018,0.0201577249984528,-0.4382958714889156,22594050.0,0.9675688953507244,-0.0050688850335655,0.0101675852668652,0.0101227302463868,0.0039593729394717,0.005949606950415,-0.0037453881730471,0.0087003821231423,0,9,0,0,0,xg_GOOGL,0.46224815,2.7591891
2023-09-19,136.90843200683594,137.2754092805613,135.50007405103756,136.2935192027612,20353700,63.98679569386925,133.7441101074219,133.9423044011793,2.302339005040693,2.2467965904586387,128.0211589095505,133.7441101074219,139.4670613052933,-0.0012303689748877,0.0199496756540773,0.0167191961459898,-0.0012311265002153,0.0080635993495611,0.0110792884050324,0.7277427314887212,-0.1525641785235943,0.0199496756540773,0.0167191961459898,0.0032304795080875,136.5633087158203,135.56158447265625,133.74411010742188,1.0073894403570218,1.0135891918064623,0.0205918552062423,-0.068962047087776,22689110.0,0.8970691225878452,0.0058954187140214,-0.0050688850335655,0.0101675852668652,-0.0115395769690728,0.0082805043600608,0.0008109792367314,0.0271735326625872,1,9,0,0,0,xg_GOOGL,0.44491783,2.6557434
2023-09-20,132.6437225341797,136.94814339852564,132.52469589773267,136.94814339852564,29927500,49.48013274930011,133.97520065307617,133.81862993765554,1.9203212736711064,2.1815015271011324,128.8870917095351,133.97520065307617,139.06330959661724,-0.0311500863032548,-0.0217246621195806,-0.0053546233713898,-0.0316455669135855,0.0128617223832201,0.0135255449530026,0.950850525977446,-2.421733547160379,-0.0217246621195806,-0.0053546233713898,-0.0163700387481908,135.97418212890625,135.49017639160155,133.97520065307617,1.003572257046192,1.011307881840374,0.0150703059114989,0.4703714803696626,23813410.0,1.2567498732856297,-0.0012303689748877,0.0058954187140214,-0.0050688850335655,0.0101227302463868,0.0039593729394717,-0.0096487365389196,0.0097346622021454,2,9,0,0,0,xg_GOOGL,0.7227646,4.3142285
2023-09-21,129.37075805664062,131.14607838789655,129.00379586795694,130.36256084439935,31503900,41.67183588147007,133.87949295043947,133.3950230918446,1.3380444457725105,2.012810110835408,128.51386962686132,133.87949295043947,139.24511627401762,-0.0246748539245472,-0.0554670821592737,-0.0356349457757768,-0.0249843804231275,0.0146826486757239,0.013564791197212,1.0823289598281145,-1.6804306933154485,-0.0554670821592737,-0.0356349457757768,-0.0198321363834969,134.45473937988282,135.0121292114258,133.87949295043944,0.9958715573571164,1.0084601176477836,0.0044464950046248,0.0526739620750145,25079370.0,1.2561679180935863,-0.0311500863032548,-0.0012303689748877,0.0058954187140214,0.0101675852668652,-0.0115395769690728,0.005949606950415,0.0021341624966202,3,9,0,0,0,xg_GOOGL,0.5362036,3.2006342
2023-09-22,129.1822967529297,130.94770428096794,128.53763107597587,129.68811066252235,26397300,41.26800040428355,133.90279922485354,132.99381105956698,0.851562331928875,1.7805605550541015,128.6283326770524,133.90279922485354,139.17726577265466,-0.0014567534931535,-0.0520379230022551,-0.04494809936449,-0.0014578155901245,0.0141251190714075,0.0128193182195986,1.1017760112860735,-0.1031248204683579,-0.0520379230022551,-0.04494809936449,-0.0070898236377651,133.03645935058594,134.4041519165039,133.9027992248535,0.98982403038585,1.0037441539277197,-0.0067063358992951,-0.1620942169064783,25363270.0,1.0407687967678836,-0.0246748539245472,-0.0311500863032548,-0.0012303689748877,-0.0050688850335655,0.0101227302463868,0.0082805043600608,-0.0037453881730471,4,9,0,0,1,xg_GOOGL,0.7504602,4.4795456
2023-09-25,130.03526306152344,130.0947688069164,127.902893138493,128.7657567141094,20094600,43.917032324293466,133.96379470825195,132.71204458356283,0.528753859011232,1.5301992158455278,128.91359805993352,133.96379470825195,139.0139913565704,0.0066028111438916,-0.0513712719920245,-0.0424334351764842,0.0065811080682154,0.0143243016149309,0.0128976581820107,1.110526491422839,0.4609195199778306,-0.0513712719920245,-0.0424334351764842,-0.0089378368155402,131.6280944824219,133.82791595458986,133.96379470825195,0.9835623124183268,0.9989857053992982,-0.0179620525297432,-0.2387630553124751,25296390.0,0.7943663107660502,-0.0014567534931535,-0.0246748539245472,-0.0311500863032548,0.0058954187140214,0.0101675852668652,0.0039593729394717,0.0008109792367314,0,9,0,0,0,xg_GOOGL,0.6563471,3.9177783
2023-09-26,127.51608276367188,129.2914029707038,126.17714304040304,128.7062429989617,25718700,38.40721413640796,133.84279403686523,132.21719107690654,0.068855301096022,1.2379304328956269,128.29483812851157,133.84279403686523,139.3907499452189,-0.0193730549586358,-0.068603146683435,-0.0500220815545414,-0.0195631720256894,0.0149679892110554,0.0134786061364531,1.110417400889573,-1.2942126342323583,-0.068603146683435,-0.0500220815545414,-0.0185810651288935,129.74962463378907,133.15646667480468,133.84279403686523,0.9744147458543204,0.9948721381154708,-0.0320992404594337,0.2798811621032515,26027710.0,0.9881276531818978,0.0066028111438916,-0.0014567534931535,-0.0246748539245472,-0.0012303689748877,-0.0050688850335655,-0.0115395769690728,-0.0096487365389196,1,9,0,0,1,xg_GOOGL,0.4585667,2.7372143
2023-09-27,129.4699249267578,129.82697452376246,127.51608742320651,127.51608742320651,22746500,44.24931925889661,133.6429443359375,131.95554668165428,-0.1363867047861902,0.9630670053592634,127.7601232399454,133.6429443359375,139.5257654319296,0.0153223195124887,-0.0239272356564332,-0.0451320866659223,0.0152061182534009,0.0156280890231065,0.0123988960662574,1.2603403237897883,0.9803718879478958,-0.0239272356564332,-0.0451320866659223,0.0212048510094891,129.1148651123047,132.54452362060547,133.6429443359375,0.9741244797248824,0.991780929993798,-0.0349739850872268,-0.115565716774176,26227410.0,0.8672796894546253,-0.0193730549586358,0.0066028111438916,-0.0014567534931535,-0.0311500863032548,0.0058954187140214,0.0101227302463868,0.005949606950415,2,9,0,0,1,xg_GOOGL,0.3289567,1.9635638
2023-09-28,131.22543334960938,132.20732362438935,128.7260859170761,128.77567908657804,22513100,48.93587253796104,133.46590728759764,131.8860120786024,-0.1555940237566062,0.7393347995360895,127.51272334204234,133.46590728759764,139.41909123315295,0.013559198584881,0.0143361244907966,-0.0419261406634535,0.0134680952533337,0.0160137359026212,0.0126081271030585,1.2700114585042843,0.8466701335150801,0.0143361244907966,-0.0419261406634535,0.0562622651542502,129.48580017089844,131.97026977539062,133.46590728759764,0.9811740204159568,0.988793860974667,-0.0303303027096541,-0.0102609192623041,26003620.0,0.8657679200049507,0.0153223195124887,-0.0193730549586358,0.0066028111438916,-0.0246748539245472,-0.0012303689748877,0.0101675852668652,0.0082805043600608,3,9,0,0,0,xg_GOOGL,0.5055804,3.0178423
2023-09-29,129.7873077392578,132.9511609153293,129.29140636705122,132.1874685646927,30859800,45.55725147774528,133.20258331298828,131.6861354748553,-0.2835916126787765,0.5347495170931164,127.08159547932038,133.20258331298828,139.32357114665618,-0.010959198789766,0.0046833892997371,-0.0475982475542875,-0.0110196931949859,0.0161586626926526,0.0127619252740477,1.2660626263721728,-0.6781823976281917,0.0046833892997371,-0.0475982475542875,0.0522816368540246,129.60680236816407,131.321630859375,133.20258331298828,0.9869417667143712,0.9858790091991416,-0.0277051817119754,0.3707485863785973,25197640.0,1.2247099331524214,0.013559198584881,0.0153223195124887,-0.0193730549586358,-0.0014567534931535,-0.0311500863032548,-0.0050688850335655,0.0039593729394717,4,9,0,0,1,xg_GOOGL,0.54703593,3.265293
2023-10-02,133.07015991210938,133.3181105749404,130.09475195813707,130.1344325390662,22288000,53.456882518167575,133.12869338989256,131.8179473260223,-0.1187628652800185,0.4040470406184894,127.040496962255,133.12869338989256,139.2168898175301,0.0252940925429072,0.0233390295765389,-0.0292311980518916,0.0249794909908835,0.0185636312831991,0.0141215192718399,1.3144702390468492,1.362488279839858,0.0233390295765389,-0.0292311980518916,0.0525702276284306,130.21378173828126,130.92093811035156,133.1286933898926,0.9945985998704482,0.9834163828749134,-0.0219050736358668,-0.2777658960848741,25240310.0,0.8830319437439207,-0.010959198789766,0.013559198584881,0.0153223195124887,0.0066028111438916,-0.0246748539245472,0.0058954187140214,-0.0115395769690728,0,10,0,0,0,xg_GOOGL,0.37479034,2.2371478
2023-10-03,131.34445190429688,133.15945304283952,130.7592918203912,132.84208398165953,22989400,49.39911980606301,132.96306228637695,131.77285252395325,-0.1259334271688317,0.2980509470610252,126.86970020361552,132.96306228637695,139.05642436913837,-0.0129684071090941,0.0300226375971741,-0.0406401564971633,-0.0130532310529227,0.0188221960302719,0.014389994814166,1.307914864352805,-0.6889588297459208,0.0300226375971741,-0.0406401564971633,0.0706627940943375,130.97945556640624,130.36454010009766,132.96306228637695,1.0047168920769132,0.980456811526478,-0.0151023259164083,0.031469849246231,25503880.0,0.9014079426345756,0.0252940925429072,-0.010959198789766,0.013559198584881,-0.0193730549586358,-0.0014567534931535,-0.0012303689748877,0.0101227302463868,1,10,0,0,1,xg_GOOGL,0.47694114,2.8468926
2023-10-04,134.13140869140625,134.45870541332442,131.44361659343454,131.70147985901755,26752300,55.3002562479946,133.00174255371093,131.99747692085353,0.0922050891511503,0.2568817754790502,126.88804212292447,133.00174255371093,139.11544298449735,0.0212186867941712,0.0360043752808652,0.011215654452424,0.0209967050761434,0.0176730433416155,0.0150693107146013,1.172705969790821,1.2005564535540922,0.0360043752808652,0.011215654452424,0.0247887208284411,131.91175231933593,130.5133087158203,133.00174255371093,1.0107149502014434,0.9812902162775372,-0.0081262863412007,0.1636797828564469,25186360.0,1.062174129171462,-0.0129684071090941,0.0252940925429072,-0.010959198789766,0.0153223195124887,0.0066028111438916,-0.0311500863032548,0.0101675852668652,2,10,0,0,0,xg_GOOGL,0.503936,3.0080266
2023-10-05,133.9628143310547,134.37936969993646,132.35608346969923,133.9628143310547,19832600,54.883276362441435,132.99232177734373,132.18465191230126,0.2486114411213691,0.255227708607514,126.88550256178576,132.99232177734373,139.0991409929017,-0.0012569342408044,0.020860140535047,0.0354953185974498,-0.0012577248452085,0.0152390989659148,0.0150156300229713,1.0148148381230135,-0.0824754644714322,0.020860140535047,0.0354953185974498,-0.0146351780624027,132.459228515625,130.9725143432617,132.99232177734376,1.011351344820844,0.9848126011555492,-0.0039794122300339,-0.2586581340669774,24019230.0,0.8256967438173154,0.0212186867941712,-0.0129684071090941,0.0252940925429072,0.013559198584881,-0.0193730549586358,-0.0246748539245472,-0.0050688850335655,3,10,0,0,1,xg_GOOGL,0.5634535,3.3632903
2023-10-06,136.45223999023438,137.02748746801123,132.9114964978089,132.9114964978089,27597600,59.71370919373428,133.05183029174805,132.59108887210442,0.5669055137263683,0.3175632696312849,126.82977533324222,133.05183029174805,139.27388525025387,0.0185829602909632,0.0513527275283833,0.0562766216427392,0.018412406770583,0.0158075216377708,0.015482756561941,1.0209099823117624,1.1755027267422389,0.0513527275283833,0.0562766216427392,-0.0049238941143558,133.7922149658203,131.6995086669922,133.05183029174805,1.0158900083987377,0.9898361291100576,0.0054259620371585,0.391527081673608,24139260.0,1.143266197886715,-0.0012569342408044,0.0212186867941712,-0.0129684071090941,-0.010959198789766,0.0153223195124887,-0.0014567534931535,0.0058954187140214,4,10,0,0,1,xg_GOOGL,0.5000881,2.9850583
2023-10-09,137.2853240966797,137.80106572376255,134.49836100864687,135.8174603789753,19278100,61.21042015757721,133.12621536254883,133.03815889349255,0.8762776017375984,0.4293061360525476,126.73273548091824,133.12621536254883,139.51969524417945,0.0061053164572815,0.0316762539952935,0.0557545766007028,0.0060867545254241,0.0158048053997265,0.0155150124748293,1.0186125736471066,0.3862705064929584,0.0316762539952935,0.0557545766007028,-0.0240783226054093,134.63524780273437,132.4245147705078,133.12621536254883,1.0166942883351906,0.9947290577582332,0.0109919428760122,-0.3014573731049077,24057610.0,0.8013306392446797,0.0185829602909632,-0.0012569342408044,0.0212186867941712,0.0252940925429072,0.013559198584881,0.0066028111438916,-0.0012303689748877,0,10,0,0,0,xg_GOOGL,0.609095,3.6357274
2023-10-10,136.92831420898438,138.574710754348,136.2043022857677,137.36470993269157,27786600,60.17861212871238,133.26110229492187,133.40864987592033,1.0801976500016224,0.5594844388423625,126.65908931269068,133.26110229492187,139.86311527715307,-0.0026004956468901,0.0425131189306431,0.0738121124905974,-0.0026038828091694,0.0136022183938516,0.0152719362200169,0.8906092579647118,-0.1911676760306593,0.0425131189306431,0.0738121124905974,-0.0312989935599543,135.75202026367188,133.36573791503906,133.26110229492187,1.01789276905702,1.0007851925154094,0.0181914017063577,0.4413557352643673,24264400.0,1.1451591632184952,0.0061053164572815,0.0185829602909632,-0.0012569342408044,-0.0129684071090941,-0.010959198789766,-0.0193730549586358,-0.0311500863032548,1,10,0,0,1,xg_GOOGL,0.46134213,2.753781
2023-10-11,139.3979034423828,139.9533106562274,137.44405047915075,137.44405047915075,25884300,64.62128884675845,133.4515296936035,133.97905497748818,1.4246583941832398,0.7325192299105381,126.36484021584948,133.4515296936035,140.53821917135755,0.0180356360016911,0.0392636952251288,0.0766817353237929,0.0178749234112096,0.0138071011061545,0.0156164211304569,0.8840832933183846,1.306163379239182,0.0392636952251288,0.0766817353237929,-0.0374180400986641,136.8053192138672,134.35853576660156,133.4515296936035,1.01821085227898,1.0067965206174894,0.024059110197808,-0.0684610567683703,24578180.0,1.0531414449726932,-0.0026004956468901,0.0061053164572815,0.0185829602909632,0.0212186867941712,0.0252940925429072,0.0153223195124887,-0.0246748539245472,2,10,0,0,0,xg_GOOGL,0.6661375,3.976218
2023-10-12,137.8308563232422,140.06241294699714,137.12666957424625,139.89380826258108,24765500,60.04369021151196,133.49467391967772,134.34589320089333,1.553293014517351,0.8966739868319007,126.30804225165453,133.49467391967772,140.68130558770093,-0.0112415400837669,0.0288739976948275,0.0503364538795976,-0.0113052037636958,0.0147903947201645,0.0157245670333898,0.9405317270124762,-0.7600054150702767,0.0288739976948275,0.0503364538795976,-0.02146245618477,137.57892761230468,135.01907806396486,133.49467391967772,1.018959169215532,1.0114192132129882,0.0296323610081078,-0.0432231120795231,24803420.0,0.998471178571302,0.0180356360016911,-0.0026004956468901,0.0061053164572815,-0.0012569342408044,-0.0129684071090941,0.013559198584881,-0.0014567534931535,3,10,0,0,0,xg_GOOGL,0.436436,2.6051147
2023-10-13,136.2340087890625,138.85236710628996,135.500069400509,138.23745432331978,23420500,55.71274460587819,133.49268951416016,134.5257137330999,1.508989930690518,1.0191371756036245,126.3092676199486,133.49268951416016,140.67611140837175,-0.0115855591177257,-0.0015993229659512,0.0496712749659318,-0.0116531946119335,0.0148667183033751,0.0159109596478047,0.934310960587825,-0.7792425765220251,-0.0015993229659512,0.0496712749659318,-0.051270597931883,137.5352813720703,135.66374816894532,133.49268951416016,1.0137953818052727,1.0162635022388613,0.0296738816822859,-0.0543094223819425,24059490.0,0.9734412491702454,-0.0112415400837669,0.0180356360016911,-0.0026004956468901,0.0185829602909632,0.0212186867941712,-0.010959198789766,0.0066028111438916,4,10,0,0,1,xg_GOOGL,0.6841985,4.0840254
2023-10-16,137.9597625732422,138.4854167971643,136.8588609633149,137.03737818636395,28501900,59.142675305345904,133.53682327270508,134.85276600358964,1.5947500394708245,1.1342597483770644,126.25056741888037,133.53682327270508,140.82307912652982,0.0126675695703248,0.0049126771634202,0.0367445463683391,0.0125880071150064,0.0134127683677347,0.0161114493636232,0.832447510930055,0.944370681157376,0.0049126771634202,0.0367445463683391,-0.0318318692049188,137.6701690673828,136.1527084350586,133.53682327270508,1.0111452842162738,1.019589242114974,0.0299605168752254,0.2169637710552721,24680880.0,1.15481700814553,-0.0115855591177257,-0.0112415400837669,0.0180356360016911,0.0061053164572815,-0.0012569342408044,0.0252940925429072,-0.0193730549586358,0,10,0,0,1,xg_GOOGL,0.53587526,3.1986742
2023-10-17,138.57467651367188,138.75319373814438,136.0554891433646,137.49361518669917,23515800,60.321850081453704,133.62013549804686,135.20723367121653,1.6928201821737616,1.245971835136404,126.13613653845944,133.62013549804686,141.10413445763427,0.0044571977289626,0.0120235344617971,0.055047811342981,0.0044472938413173,0.0120722023604653,0.0161305130704834,0.7483614405987999,0.3691810669518918,0.0120235344617971,0.055047811342981,-0.0430242768811839,137.99944152832032,136.8757308959961,133.62013549804686,1.008209714205494,1.0243645569271018,0.0316024986703929,-0.1749392145786772,24733520.0,0.95076640931008,0.0126675695703248,-0.0115855591177257,-0.0112415400837669,-0.0026004956468901,0.0185829602909632,-0.0129684071090941,0.0153223195124887,1,10,0,0,0,xg_GOOGL,0.43943962,2.6230435
2023-10-18,136.82911682128906,139.56648701861894,136.25386939858822,138.30689326315832,23375000,55.43118971772183,133.82940521240232,135.3616987331282,1.611117438948412,1.3190009558988056,126.22723177499876,133.82940521240232,141.43157864980589,-0.0125965272753899,-0.0184277278040663,0.020112426732872,-0.0126765361242542,0.0118955129189093,0.0146678298615847,0.810938093300937,-1.0588419784227654,-0.0184277278040663,0.020112426732872,-0.0385401545369383,137.48568420410157,137.14550170898437,133.82940521240235,1.0024804495289903,1.0247785342191351,0.0267214981477564,-0.0059874637477781,24395790.0,0.9581571246513862,0.0044571977289626,0.0126675695703248,-0.0115855591177257,0.0180356360016911,0.0061053164572815,0.0212186867941712,0.013559198584881,2,10,0,0,0,xg_GOOGL,0.71748304,4.282703
2023-10-19,136.62083435058594,138.51518131196565,136.25387216099756,137.36468644323884,26066000,54.85964717790013,134.1919090270996,135.48161641098133,1.5121298796251494,1.3576267406440743,126.79630141917669,134.1919090270996,141.58751663502252,-0.0015222086902392,-0.0087790354419513,0.0198414764037626,-0.0015233684269446,0.0119040164090522,0.0133332103365724,0.8927425103234239,-0.1278627964831516,-0.0087790354419513,0.0198414764037626,-0.028620511845714,137.24367980957032,137.4113037109375,134.1919090270996,0.998780130186962,1.0239909746211877,0.0223375211912372,0.1151229946524063,25019130.0,1.041842781903246,-0.0125965272753899,0.0044571977289626,0.0126675695703248,-0.0112415400837669,-0.0026004956468901,-0.0012569342408044,-0.010959198789766,3,10,0,0,0,xg_GOOGL,0.34876266,2.0817869
2023-10-20,134.48846435546875,136.73984579212933,133.97272266731449,136.2042789444492,26335700,49.25973799877048,134.45721740722658,135.38703050093253,1.2472396853355008,1.33554932958236,127.44767104945656,134.45721740722658,141.4667637649966,-0.0156079415358074,-0.0128128390928909,-0.0143916701910219,-0.015731027884823,0.0115256295800587,0.0139337501625617,0.8271141890311328,-1.354076786054571,-0.0128128390928909,-0.0143916701910219,0.0015788310981309,136.89457092285156,137.21492614746094,134.45721740722655,0.9976653033776726,1.020509934635061,0.0181231418419857,0.0103468119389242,24892940.0,1.0579586019168064,-0.0015222086902392,-0.0125965272753899,0.0044571977289626,-0.0115855591177257,0.0180356360016911,0.0185829602909632,0.0252940925429072,4,10,0,0,1,xg_GOOGL,0.58442444,3.4884672
2023-10-23,135.38107299804688,136.53156779993722,132.85197300320976,133.9330343496389,26317900,51.491898697270955,134.72450790405276,135.38646311970533,1.0966963230027034,1.2877787282664286,128.02405685251844,134.72450790405276,141.42495895558707,0.0066370647241451,-0.0186916063575153,-0.0138707550217952,0.0066151363831394,0.0115652051967744,0.0139343339858994,0.8299194844182973,0.5738325242574873,-0.0186916063575153,-0.0138707550217952,-0.00482085133572,136.3788330078125,137.02450103759764,134.72450790405273,0.995287937376922,1.017071824342331,0.0122197665236678,-0.000675888622668,25596920.0,1.0281666700524503,-0.0156079415358074,-0.0015222086902392,-0.0125965272753899,0.0126675695703248,-0.0112415400837669,0.0061053164572815,-0.0129684071090941,0,10,0,0,1,xg_GOOGL,0.7109265,4.243566
2023-10-24,137.6721649169922,138.2176595656358,136.29355942335386,136.70020226449842,44814300,56.75103665439414,135.23231201171876,135.60414900516122,1.1490164477802978,1.2600262721692024,129.34161999584833,135.23231201171876,141.1230040275892,0.0169232808413208,-0.0065128176329579,0.0054324097415858,0.0167816774867315,0.0128990002438883,0.0133402903034874,0.9668480297229224,1.3118822109587702,-0.0065128176329579,0.0054324097415858,-0.0119452273745438,136.19833068847657,137.09888610839843,135.23231201171876,0.9934313440066184,1.0138027226549076,0.0070168045758578,0.7028068348918417,27299690.0,1.6415680910661756,0.0066370647241451,-0.0156079415358074,-0.0015222086902392,0.0044571977289626,-0.0115855591177257,-0.0026004956468901,0.0212186867941712,1,10,0,0,0,xg_GOOGL,0.50144094,2.9931335
2023-10-25,124.5803451538086,127.25820957616192,124.044770755967,127.10944521580694,84366200,34.040154693402876,134.98783302307132,134.55426292408,0.1325521034885071,1.0345314384330633,127.82227075358394,134.98783302307132,142.1533952925587,-0.0950941664284654,-0.0895187512134456,-0.1062968518367907,-0.099924391998095,0.0317538670209668,0.0255942202666075,1.2406170640537135,-2.994632802766188,-0.0895187512134456,-0.1062968518367907,0.016778100623345,133.74857635498046,135.61713027954102,134.9878330230713,0.9862218443886182,1.0046618813146084,-0.0099474493071987,0.8825731965020094,33147880.0,2.5451461752606037,0.0169232808413208,0.0066370647241451,-0.0156079415358074,-0.0125965272753899,0.0126675695703248,0.0180356360016911,-0.0012569342408044,2,10,0,0,0,xg_GOOGL,0.3199535,1.9098232
2023-10-26,121.27764129638672,123.31083999813282,120.27591838168972,122.25952391827924,57061100,30.702175326854157,134.49044342041014,133.2898227690616,-0.9287972158904552,0.6418657075683596,125.1686424867424,134.49044342041014,143.81224435407788,-0.0265106333855819,-0.1123049286525852,-0.1200980351455897,-0.0268683770704019,0.0321476705360634,0.0259116609861122,1.240616336287994,-0.8246261180798459,-0.1123049286525852,-0.1200980351455897,0.0077931064930044,130.67993774414063,133.96180877685546,134.49044342041014,0.975501442816575,0.9960693516200092,-0.0314196882091162,-0.3236497554707928,36377440.0,1.5685848152041055,-0.0950941664284654,0.0169232808413208,0.0066370647241451,-0.0015222086902392,0.0044571977289626,-0.0112415400837669,0.0185829602909632,3,10,0,0,0,xg_GOOGL,0.38729936,2.311815
2023-10-27,121.16854858398438,122.2992031923221,119.22461596672208,121.87272767746803,44566500,30.595451894453593,134.05950546264648,132.13541570381616,-1.7584566743317964,0.1618012311883284,123.15904563263986,134.05950546264648,144.95996529265312,-0.0008995286454799,-0.0990413254796208,-0.1105851640055948,-0.0008999334641544,0.0323481995841647,0.0258588945851379,1.250902221494581,-0.0278068285164081,-0.0990413254796208,-0.1105851640055948,0.0115438385259739,128.01595458984374,132.45526275634765,134.05950546264648,0.9664844712537392,0.988033353541306,-0.0498772242750257,-0.2189687895957141,38492040.0,1.1578108097154332,-0.0265106333855819,-0.0950941664284654,0.0169232808413208,-0.0156079415358074,-0.0125965272753899,-0.0115855591177257,0.0061053164572815,4,10,0,0,1,xg_GOOGL,0.6922524,4.1320996
2023-10-30,123.43975830078124,124.37205522367114,121.7437766582087,122.20000497432292,28940100,35.61346586507767,133.5779853820801,131.30725785590806,-2.2072562535447275,-0.3120102657582828,121.68762564421417,133.5779853820801,145.46834511994604,0.0187442182260906,-0.0882052005706729,-0.1052481100404355,0.018570710195938,0.032897830086328,0.0255196428882053,1.2890674514133078,0.5697533370306763,-0.0882052005706729,-0.1052481100404355,0.0170429094697626,125.62769165039064,131.00326232910157,133.57798538208007,0.9589661312005604,0.9807249447158984,-0.0644062645709111,-0.3506310793982027,38535860.0,0.7509914142307775,-0.0008995286454799,-0.0265106333855819,-0.0950941664284654,0.0066370647241451,-0.0015222086902392,0.0126675695703248,-0.0026004956468901,0,10,0,0,0,xg_GOOGL,0.5847635,3.4904914
2023-10-31,123.0628890991211,124.34231557609246,121.68428385885797,124.03485157297696,26292300,35.15920938700648,133.1639072418213,130.5220798790712,-2.563789578091331,-0.7623661282248925,120.4012357369243,133.1639072418213,145.9265787467183,-0.0030530617270153,-0.1061164094185602,-0.1119381102291108,-0.0030577318277957,0.0326016341036078,0.0254206186668027,1.2824373825645212,-0.0936446336609808,-0.1061164094185602,-0.1119381102291108,0.0058217008105505,122.7058364868164,129.45208358764648,133.16390724182128,0.9478861450981398,0.9721259030989964,-0.0849815149925613,-0.0914924274622409,38813510.0,0.6774007297974165,0.0187442182260906,-0.0008995286454799,-0.0265106333855819,0.0169232808413208,-0.0156079415358074,0.0044571977289626,0.0180356360016911,1,10,0,1,1,xg_GOOGL,0.4913716,2.933029
2023-11-01,125.41345977783205,125.45313279745749,122.7058423983748,123.05297186152896,30082400,40.27605947171685,132.7280097961426,130.03554463133415,-2.6263979169347635,-1.1351724859668666,119.51684451108562,132.7280097961426,145.93917508119958,0.0191005647268502,0.0066873680835839,-0.0834300279696088,0.0189204389950807,0.033973374822138,0.02531892604675,1.341764377961078,0.5622050391462741,0.0066873680835839,-0.0834300279696088,0.0901173960531928,122.8724594116211,128.31051788330078,132.72800979614257,0.9576179836120244,0.9667177115092236,-0.0785844709330276,0.144152470495164,39484250.0,0.7618835358402208,-0.0030530617270153,0.0187442182260906,-0.0008995286454799,-0.0950941664284654,0.0066370647241451,-0.0125965272753899,-0.0112415400837669,2,11,1,0,1,xg_GOOGL,0.24639113,1.4707246
2023-11-02,126.4449234008789,127.92270729693898,125.88951631336192,127.36730020942196,27124600,42.423232082016945,132.35211524963378,129.69358070462414,-2.563237575250696,-1.4207855038236326,118.86397451624792,132.35211524963378,145.84025598301966,0.0082245049683988,0.0426070465195149,-0.0744828634525418,0.0081908680329867,0.0343219796276651,0.0254424493795843,1.3489515165819004,0.2396209495101562,0.0426070465195149,-0.0744828634525418,0.1170899099720568,123.90591583251953,127.29292678833008,132.35211524963378,0.9733919940308808,0.9617747819763862,-0.0667974576593839,-0.0983232720793553,39590110.0,0.6851357573898965,0.0191005647268502,-0.0030530617270153,0.0187442182260906,-0.0265106333855819,0.0169232808413208,-0.0015222086902392,-0.0115855591177257,3,11,0,0,1,xg_GOOGL,0.6569017,3.921089
2023-11-03,128.04173278808594,128.46820067879287,126.81189200957998,126.9705840713952,26393100,45.67911787293948,131.93158988952638,129.53626185543,-2.357161486629849,-1.608060700384876,118.4572574903728,131.93158988952638,145.40592228867996,0.012628497406294,0.0567241605550603,-0.0479352009726525,0.0125494229645966,0.0347084823197778,0.0252158256728071,1.3764017236002115,0.3638342194201543,0.0567241605550603,-0.0479352009726525,0.1046593615277129,125.28055267333984,126.6482536315918,131.93158988952638,0.9892007910173758,0.9599539711273196,-0.0519442924690363,-0.0269681396223354,39595850.0,0.6665622786226166,0.0082245049683988,0.0191005647268502,-0.0030530617270153,-0.0008995286454799,-0.0950941664284654,-0.0156079415358074,0.0126675695703248,4,11,0,0,1,xg_GOOGL,0.20402718,1.2178514
2023-11-06,129.1822967529297,129.2715553604388,127.61524673059203,127.9921365850185,19052700,47.94349190467331,131.52643852233888,129.50255089328712,-2.077858462889452,-1.7020202528857913,118.24398512026228,131.52643852233888,144.8088919244155,0.008907751715071,0.0465209793926832,-0.0457876134960654,0.0088683117360837,0.0347955206695147,0.0252759782009737,1.3765696355339747,0.2559954714919292,0.0465209793926832,-0.0457876134960654,0.0923085928887487,126.42906036376954,126.02837600708008,131.52643852233888,1.0031793185739928,0.9581980430928724,-0.0394587980450482,-0.2781181445150437,38869330.0,0.4901731004882129,0.012628497406294,0.0082245049683988,0.0191005647268502,0.0187442182260906,-0.0265106333855819,0.0066370647241451,0.0044571977289626,0,11,0,0,1,xg_GOOGL,0.4462533,2.663715
2023-11-07,129.8964080810547,130.8287050924927,128.8153467097953,129.63854481279463,29757300,49.36663669553744,131.1748432159424,129.54006110164593,-1.7783858629815654,-1.7172933749049462,118.12420255481378,131.1748432159424,144.225483877071,0.0055279349111649,0.0555286734445956,-0.0564802394196808,0.0055127119542168,0.0342121203541525,0.0253432489709218,1.3498967909210924,0.1615735382783946,0.0555286734445956,-0.0564802394196808,0.1120089128642765,127.79576416015624,125.25080032348632,131.1748432159424,1.0203189427141146,0.9548385746289492,-0.0260136450707521,0.5618416287455321,37363630.0,0.7964242232352479,0.008907751715071,0.012628497406294,0.0082245049683988,-0.0030530617270153,-0.0008995286454799,0.0169232808413208,-0.0125965272753899,1,11,0,0,1,xg_GOOGL,0.29113486,1.7378029
2023-11-08,130.75927734375,131.1262546701782,129.70796879855988,129.89641375169958,26425800,51.10601190868426,130.74291191101074,129.65617693422726,-1.4546569519215495,-1.6647660903082668,118.27958477749485,130.74291191101074,143.20623904452663,0.0066427492141036,0.0426255489274276,0.0495979697464541,0.0066207833775804,0.0131955286596622,0.024987341155429,0.5280674126219603,0.5033709534848002,0.0426255489274276,0.0495979697464541,-0.0069724208190264,128.86492767333985,125.86869354248049,130.74291191101074,1.0238044429200988,0.9627190621863472,-0.0143621491019248,-0.1119557217892752,31569590.0,0.8370650363213195,0.0055279349111649,0.008907751715071,0.012628497406294,0.0191005647268502,0.0187442182260906,-0.0950941664284654,-0.0015222086902392,2,11,0,0,0,xg_GOOGL,0.37375966,2.2309957
2023-11-09,129.17239379882812,131.46345569784398,129.0037891497348,130.8782957156304,23747800,47.8504408052617,130.30998878479002,129.61010234990354,-1.311034903228176,-1.594019852892249,118.28967170462693,130.30998878479002,142.33030586495315,-0.0121359155324035,0.0215704223197801,0.0650965208265195,-0.0122101570257289,0.0097132739450736,0.0250038831824265,0.3884550819217633,-1.2492869360100802,0.0215704223197801,0.0650965208265195,-0.0435260985067393,129.4104217529297,126.6581687927246,130.30998878479005,1.021729770660976,0.9719759012634364,-0.0069640811430756,-0.101340356772548,28238260.0,0.8409795787700503,0.0066427492141036,0.0055279349111649,0.008907751715071,0.0082245049683988,-0.0030530617270153,-0.0265106333855819,-0.0156079415358074,3,11,0,0,1,xg_GOOGL,0.38032052,2.2701578
2023-11-10,131.50311279296875,131.71139801314916,128.34918755672095,129.0335338225466,26913300,52.62400811675381,130.07344398498535,129.7903890587669,-0.9976436358791148,-1.474744609489622,118.36174429348952,130.07344398498535,141.78514367648117,0.0180434760524021,0.0270332174480294,0.0852908145699318,0.0178826245370302,0.0099817389504502,0.0253393785619647,0.3939064653687779,1.807467483819993,0.0270332174480294,0.0852908145699318,-0.0582575971219023,130.10269775390626,127.69162521362304,130.07344398498535,1.0188819943065928,0.9816886622019692,0.0002224568551998,0.1332965579969514,26472940.0,1.0166343443531012,-0.0121359155324035,0.0066427492141036,0.0055279349111649,0.012628497406294,0.0191005647268502,-0.0008995286454799,0.0066370647241451,4,11,0,0,0,xg_GOOGL,0.37768224,2.2544098
2023-11-13,131.00721740722656,131.50311876629735,130.1741067560777,130.69976098599605,18324800,51.54295615956411,129.72581672668457,129.9062774729059,-0.7802986151847051,-1.3358554106286389,118.60173579606338,129.72581672668457,140.84989765730575,-0.003770978307737,0.0141267085364427,0.0613048762458361,-0.0037781063719286,0.0098938058355236,0.025123177946174,0.3937962012814953,-0.3811068524658447,0.0141267085364427,0.0613048762458361,-0.0471781677093934,130.46768188476562,128.44837112426757,129.72581672668457,1.01572079694607,0.9901527264606982,0.0056627808205025,-0.3191173137445054,25411410.0,0.7211248805162437,0.0180434760524021,-0.0121359155324035,0.0066427492141036,0.008907751715071,0.0082245049683988,0.0187442182260906,0.0169232808413208,0,11,0,0,1,xg_GOOGL,0.5456476,3.257006
2023-11-14,132.52467346191406,134.58762491778677,132.22714475544407,133.0900082716238,32395200,54.615386363291954,129.42331657409667,130.15564851947812,-0.4800711374555249,-1.164698555994016,119.00581367838195,129.42331657409667,139.84081946981138,0.0115829958434319,0.0202335493312435,0.0768857649292791,0.0115164265022036,0.0094776865527372,0.025273645321946,0.3749879150433701,1.2220043124104616,0.0202335493312435,0.0768857649292791,-0.0566522155980355,130.9933349609375,129.39454956054686,129.42331657409667,1.0123558944779394,0.9997777292816218,0.0118469892875609,0.7678337553479437,26021700.0,1.2449301928774352,-0.003770978307737,0.0180434760524021,-0.0121359155324035,0.0055279349111649,0.012628497406294,-0.0030530617270153,-0.0950941664284654,1,11,0,0,1,xg_GOOGL,0.21694371,1.2949511
2023-11-15,133.5164794921875,133.92312224608222,132.4750987262402,133.76443017621472,23861500,56.55433739004573,129.2576847076416,130.47572765973615,-0.1602608532019189,-0.9638110154355966,119.23822817931288,129.2576847076416,139.2771412359703,0.0074839349108712,0.0210860919733377,0.0646104471458632,0.007456069213676,0.0085621536133436,0.0252256393999853,0.3394092045945915,0.8739694800300433,0.0210860919733377,0.0646104471458632,-0.0435243551725255,131.544775390625,130.20485153198243,129.2576847076416,1.0102908904151966,1.0073277409113677,0.0171296508991403,-0.263424828369635,25399610.0,0.9394435583853084,0.0115829958434319,-0.003770978307737,0.0180434760524021,0.0066427492141036,0.008907751715071,0.0191005647268502,-0.0265106333855819,2,11,0,0,1,xg_GOOGL,0.57629824,3.4399614
2023-11-16,135.80755615234375,136.09518745195533,133.21896525810195,134.08182888951592,28013200,60.72818623278536,129.21702079772948,130.9835208495083,0.2748930444246298,-0.7160702034635513,119.31750522700928,129.21702079772948,139.11653636844966,0.0171595047208408,0.0513667213123663,0.0740451455040365,0.0170139432354599,0.009224332641218,0.0255455305677922,0.3610796627252233,1.860041842195867,0.0513667213123663,0.0740451455040365,-0.0226784241916702,132.87180786132814,131.1411148071289,129.2170207977295,1.0131971811948113,1.0148904068327909,0.0269115148460431,0.1739915763887434,25488470.0,1.0990538074666272,0.0074839349108712,0.0115829958434319,-0.003770978307737,-0.0121359155324035,0.0055279349111649,0.0082245049683988,-0.0008995286454799,3,11,0,0,0,xg_GOOGL,0.2749107,1.6409597
2023-11-17,134.20082092285156,134.94467294789172,132.5544248086727,134.88516720728182,37240600,56.62000518297428,129.20263862609863,131.2899303803029,0.4845202901335028,-0.4759521047441405,119.33458330540329,129.20263862609863,139.070693946794,-0.0118309707869995,0.0205144051162495,0.0481021929386034,-0.0119015136677669,0.0107446095693888,0.0254375990648575,0.4223742644787427,-1.1010050859006266,0.0205144051162495,0.0481021929386034,-0.0275877878223538,133.41134948730468,131.75702362060548,129.20263862609863,1.0125558837110864,1.0197703779247034,0.0313612899851448,0.3293947139205804,26573220.0,1.401433473248579,0.0171595047208408,0.0074839349108712,0.0115829958434319,0.0180434760524021,0.0066427492141036,0.012628497406294,0.0187442182260906,4,11,0,0,1,xg_GOOGL,0.5001659,2.9855225
2023-11-20,135.1331329345703,135.53977571897755,132.524686700092,132.59412016100978,27815500,58.37942308773106,129.19024162292482,131.6559496711855,0.7176090301264821,-0.237239877770016,119.35429693173133,129.19024162292482,139.02618631411832,0.0069471408990464,0.0314938032346616,0.0460654155501045,0.0069231206993523,0.0106782185637015,0.0254418130021529,0.4196948884071084,0.6505289556166296,0.0314938032346616,0.0460654155501045,-0.0145716123154429,134.23653259277344,132.35210723876952,129.19024162292482,1.0142379701639683,1.024474492625174,0.0373431064629573,-0.2530866849621113,27449500.0,1.013333576203537,-0.0118309707869995,0.0171595047208408,0.0074839349108712,-0.003770978307737,-0.0121359155324035,0.008907751715071,-0.0030530617270153,0,11,0,0,1,xg_GOOGL,0.24012835,1.4333417
2023-11-21,135.84722900390625,136.05549911438757,134.84551363674532,135.17279523893023,22635300,59.72675975954628,129.0989948272705,132.05511913144463,0.9490154612346372,1.119003091466565e-05,119.56513796682124,129.0989948272705,138.63285168771978,0.0052843892080982,0.0250712222501499,0.0458120513935864,0.0052704758177686,0.0106760557882675,0.0251715837627635,0.4241144210257882,0.4949294368120631,0.0250712222501499,0.0458120513935864,-0.0207408291434365,134.9010437011719,132.9471893310547,129.0989948272705,1.0146964699287615,1.0298080903645526,0.0427101010189508,-0.1862342938289802,26737300.0,0.8465813676025311,0.0069471408990464,-0.0118309707869995,0.0171595047208408,0.0115829958434319,0.0180434760524021,0.0055279349111649,0.0191005647268502,1,11,0,0,1,xg_GOOGL,0.2094332,1.2501203
2023-11-22,137.3547821044922,138.27715149054157,136.3431389603489,136.3431389603489,17813900,62.48761343068391,129.7377166748047,132.55984893840153,1.239762451337839,0.2479614422922995,119.77643327362225,129.7377166748047,139.69900007598716,0.0110974151746783,0.0287477817487635,0.0504400520920853,0.0110362906632079,0.010864783083894,0.0117641391022524,0.9234725564625006,1.021317569934528,0.0287477817487635,0.0504400520920853,-0.0216922703433217,135.6687042236328,133.60673980712892,129.7377166748047,1.0154330868299046,1.029821883963182,0.0431800586623633,-0.2130035828992768,25876110.0,0.6884303707164374,0.0052843892080982,0.0069471408990464,-0.0118309707869995,0.0074839349108712,-0.003770978307737,0.0066427492141036,0.0082245049683988,2,11,0,0,0,xg_GOOGL,0.43447083,2.5933845
2023-11-24,135.5695343017578,136.997732830458,134.8752753318926,136.89854649174416,12514300,57.46381885136809,130.45231132507325,132.84648563967357,1.311014400045707,0.460572033842981,121.00937072168992,130.45231132507325,139.8952519284566,-0.0129973472738376,-0.0017526407022517,0.0495240532036012,-0.0130825518864492,0.0110179568346315,0.0101371507116949,1.0867817167012284,-1.1795442589436538,-0.0017526407022517,0.0495240532036012,-0.0512766939058529,135.62109985351563,134.24645385742187,130.45231132507325,1.01023971923723,1.029084517505359,0.0381264755025079,-0.2974980212081577,24752760.0,0.5055719039007971,0.0110974151746783,0.0052843892080982,0.0069471408990464,0.0171595047208408,0.0115829958434319,-0.0121359155324035,0.012628497406294,4,11,0,0,0,xg_GOOGL,0.67653114,4.038258
2023-11-27,135.2918243408203,137.28534253189412,134.88518155844346,134.914934431914,23436500,56.700159196888265,131.15847511291503,133.07937503978278,1.3297447401831164,0.6344065751110081,122.56456485681612,131.15847511291503,139.75238536901395,-0.002048468797712,0.0081296329669693,0.0288108126673496,-0.0020505697796071,0.0101528223775738,0.0101792948507416,0.9973014069267552,-0.2017436115719689,0.0081296329669693,0.0288108126673496,-0.0206811797003803,135.83930053710938,134.62532501220704,131.15847511291503,1.009017438025069,1.0264325267300294,0.0345979917633652,0.87277754249139,24405080.0,0.960312361196892,-0.0129973472738376,0.0110974151746783,0.0052843892080982,-0.0118309707869995,0.0074839349108712,0.0180434760524021,0.008907751715071,0,11,0,0,1,xg_GOOGL,0.34772307,2.0755816
2023-11-28,136.0753173828125,136.12491054089853,134.30990991764168,134.96450328347996,18730000,58.38062353910341,131.7902530670166,133.3647028819761,1.3917665913308213,0.7858785783549708,123.74529354545028,131.7902530670166,139.83521258858295,0.0057911336905212,0.0069722682200994,0.0386856546981844,0.0057744295354469,0.0099029075524777,0.0096981326770428,1.021009597684672,0.5847322039140368,0.0069722682200994,0.0386856546981844,-0.0317133864780849,136.02773742675782,135.13213500976562,131.7902530670166,1.0066276050247225,1.0253575804354031,0.0311407273651264,-0.2008192349540246,24445600.0,0.7661910527865643,-0.002048468797712,-0.0129973472738376,0.0110974151746783,0.0069471408990464,0.0171595047208408,-0.003770978307737,0.0055279349111649,1,11,0,0,0,xg_GOOGL,0.66163313,3.949331
2023-11-29,133.88343811035156,137.15637457576435,133.73465864047404,136.4422906284374,23967200,52.26904072629711,132.33128051757814,133.41410623705946,1.2496478536424434,0.8786324334124653,125.3759818506459,132.33128051757814,139.28657918451037,-0.0161078387661933,-0.0144558774437586,0.0102529182901778,-0.0162389801776186,0.0112757282082443,0.0106557188544022,1.0580862986346344,-1.4284142056750997,-0.0144558774437586,0.0102529182901778,-0.0247087957339364,135.63497924804688,135.26801147460938,132.33128051757814,1.002712893975723,1.0221922658463292,0.0246759328644198,0.2796155899626267,23602800.0,1.0154388462385389,0.0057911336905212,-0.002048468797712,-0.0129973472738376,0.0052843892080982,-0.0118309707869995,0.0115829958434319,0.0066427492141036,2,11,0,0,0,xg_GOOGL,0.5602718,3.3442986
2023-11-30,131.44361877441406,134.43886735166274,130.2038653225059,133.94296597089948,38988300,46.441123060337326,132.63278846740724,133.22644076442657,0.9294308004084826,0.8887921068116689,126.46154084891744,132.63278846740724,138.80403608589702,-0.0182234589309434,-0.0430357300962497,-0.0155251301236918,-0.0183915514417147,0.0125153063303353,0.0111784224256932,1.1194948946174454,-1.455977382622531,-0.0430357300962497,-0.0155251301236918,-0.0275105999725578,134.45274658203124,135.06072540283202,132.63278846740724,0.9954984780439508,1.0183057067824628,0.0138459221649051,0.6267357054641343,25115480.0,1.552361332532703,-0.0161078387661933,0.0057911336905212,-0.002048468797712,0.0110974151746783,0.0069471408990464,0.0074839349108712,-0.0121359155324035,3,11,0,1,0,xg_GOOGL,0.26716778,1.5947418
2023-12-01,130.77911376953125,131.02706446186437,129.5988660526321,130.77911376953125,31442300,44.970432800978195,132.84949798583986,132.99336200300797,0.6149477434919959,0.8340232341477343,127.32238610943703,132.84949798583986,138.3766098622427,-0.0050554375410437,-0.0353355239943791,-0.0370262342190429,-0.0050682594973974,0.0106725366995685,0.011209254735082,0.9520333794172642,-0.4736422128241801,-0.0353355239943791,-0.0370262342190429,0.0016907102246638,133.49466247558593,134.5578811645508,132.84949798583983,0.9920984287225462,1.0128595380834111,0.0049332379701169,-0.1935452430600975,25458390.0,1.2350466781284586,-0.0182234589309434,-0.0161078387661933,0.0057911336905212,-0.0129973472738376,0.0052843892080982,0.0171595047208408,0.0180434760524021,4,12,1,0,0,xg_GOOGL,0.59513617,3.5524063
2023-12-04,128.21035766601562,128.9641223780541,126.85158504794954,128.81535800518807,36669900,39.73235326107668,132.85792922973633,132.5378377804373,0.1566349157870092,0.6985455704755893,127.36126647109506,132.85792922973633,138.3545919883776,-0.019641944569547,-0.052342162649573,-0.0446380522536422,-0.0198374113620758,0.0115798438384801,0.0118638499907089,0.975978950222551,-1.6960719653503966,-0.052342162649573,-0.0446380522536422,-0.0077041103959307,132.078369140625,133.95883483886718,132.85792922973633,0.9859623614933342,1.0082863372590067,-0.0060803206800347,0.1662601018373337,25401320.0,1.4436218275270167,-0.0050554375410437,-0.0182234589309434,-0.0161078387661933,-0.002048468797712,0.0110974151746783,-0.0118309707869995,-0.003770978307737,0,12,0,0,1,xg_GOOGL,0.46360117,2.7672653
2023-12-05,129.91622924804688,131.0567961953268,127.19868465026924,127.89294345007906,27384800,44.36669473636183,132.8946258544922,132.2881607773525,-0.0681461753387679,0.5452072213127178,127.4922954826121,132.8946258544922,138.29695622637232,0.0133052556211956,-0.0452623462742962,-0.0386056592726922,0.0132175180975826,0.0124218652030144,0.0120739272683543,1.0287320931173909,1.071029541394935,-0.0452623462742962,-0.0386056592726922,-0.006656687001604,130.84655151367187,133.43714447021483,132.89462585449218,0.9805856685046104,1.0040823217058956,-0.015764576548092,-0.2532076716871331,25358250.0,1.0799167923653612,-0.019641944569547,-0.0050554375410437,-0.0182234589309434,0.0057911336905212,-0.0129973472738376,0.0069471408990464,0.0115829958434319,1,12,0,0,0,xg_GOOGL,0.64743125,3.8645592
2023-12-06,128.95420837402344,130.75928165761354,128.81535658297804,130.3625665785439,23576200,42.3871694334487,132.84751586914064,131.97064150084495,-0.3202225281333142,0.3721212714235114,127.32011490072144,132.84751586914064,138.37491683755985,-0.0074049322366543,-0.0368173226345238,-0.0507409733744705,-0.0074324848484508,0.0120258000581638,0.0121283681516113,0.9914613776947874,-0.61570261423178,-0.0368173226345238,-0.0507409733744705,0.0139236507399467,129.86070556640624,132.74784240722656,132.84751586914064,0.9782509697448524,0.9992497152749754,-0.0231617900679235,-0.1390771522888609,25452340.0,0.9262881133915024,0.0133052556211956,-0.019641944569547,-0.0050554375410437,-0.0161078387661933,-0.002048468797712,0.0052843892080982,0.0074839349108712,2,12,0,0,1,xg_GOOGL,0.8047123,4.80338
2023-12-07,135.80755615234375,137.42419963070353,133.59584004786453,133.93304938270325,56767100,57.07902170950045,133.0999298095703,132.33606194384484,0.0326368191231267,0.3042243809634345,127.51329897563376,133.0999298095703,138.68656064350688,0.0531455922589405,0.0332000702553629,-0.0112644491035731,0.0517814878477222,0.0217495048055611,0.0170052492046397,1.278912507034612,2.4434187957491607,0.0332000702553629,-0.0112644491035731,0.0444645193589361,130.73349304199218,132.5931198120117,133.0999298095703,0.9859749376690428,0.9961922594678772,-0.0174249271146854,1.4078138122343715,29347660.0,1.9342973170603064,-0.0074049322366543,0.0133052556211956,-0.019641944569547,-0.0182234589309434,0.0057911336905212,0.0110974151746783,0.0171595047208408,3,12,0,0,0,xg_GOOGL,0.4324899,2.5815601
2023-12-08,133.88343811035156,135.2818682714779,132.93130095773793,133.09990558330048,32260100,52.99309782442872,133.33548202514652,132.48343110255976,0.155230745172247,0.274425653805197,128.0573591815742,133.33548202514652,138.61360486871882,-0.0141679748646222,0.0237371568849364,-0.0124371319861086,-0.014269298795666,0.021824729476082,0.0171001555208786,1.276213730086045,-0.6491409544935667,0.0237371568849364,-0.0124371319861086,0.0361742888710451,131.35435791015624,132.42451019287108,133.3354820251465,0.9919187748464676,0.9931678213597818,-0.0147973800415652,-0.4317113257503026,31322240.0,1.0299423029770212,0.0531455922589405,-0.0074049322366543,0.0133052556211956,-0.0050554375410437,-0.0161078387661933,-0.0129973472738376,-0.0118309707869995,4,12,0,0,0,xg_GOOGL,0.568473,3.3932521
2023-12-11,132.19737243652344,132.2469655972193,130.2832005300675,131.29484350017327,31138000,49.639806471759975,133.37019500732424,132.4561874200801,0.1150101406583701,0.2425425511758316,128.1338468386642,133.37019500732424,138.60654317598429,-0.0125935343282594,0.0310974467514852,-0.0228724235139403,-0.0126735050000208,0.022131424685106,0.0169522900070028,1.3054353860498056,-0.569008344428448,0.0310974467514852,-0.0228724235139403,0.0539698702654256,132.15176086425782,132.1150650024414,133.3701950073242,1.000277756831257,0.9905891267174508,-0.00921678033844,-0.0347829051986819,32092390.0,0.9702611740664696,-0.0141679748646222,0.0531455922589405,-0.0074049322366543,-0.019641944569547,-0.0182234589309434,-0.002048468797712,0.0069471408990464,0,12,0,0,0,xg_GOOGL,0.4098544,2.4464476
2023-12-12,131.43370056152344,131.90976162921305,130.18401944998905,130.7295139721899,29032800,48.15353829670996,133.39151916503906,132.3588077192652,0.0212679204192056,0.1982876250245064,128.1923465914503,133.39151916503906,138.5906917386278,-0.005776755323686,0.0116803829841711,-0.034110644829371,-0.0057935053129298,0.0219751753261212,0.0169841529098647,1.293787311938675,-0.262864453798732,0.0116803829841711,-0.034110644829371,0.0457910278135422,132.45525512695312,131.6509033203125,133.39151916503906,1.006109732530157,0.9869510756334292,-0.0071234701152439,-0.0676087096152611,33122670.0,0.8765235411275457,-0.0125935343282594,-0.0141679748646222,0.0531455922589405,0.0133052556211956,-0.0050554375410437,0.0057911336905212,0.0052843892080982,1,12,0,0,0,xg_GOOGL,0.6975599,4.16378
2023-12-13,131.48329162597656,132.4056608757626,130.49148892278734,132.28664939416652,30104800,48.26187088922053,133.3394500732422,132.2754252341901,-0.0484632261413651,0.1489374547913321,128.08317932301196,133.3394500732422,138.59572082347245,0.0003773085916416,0.0196122583655251,-0.0179271351128338,0.0003772374286548,0.021517180859451,0.0167758154165684,1.2825545447797602,0.0175344093492887,0.0196122583655251,-0.0179271351128338,0.0375393934783589,132.96107177734376,131.410888671875,133.33945007324218,1.0117964585822068,0.9855364530129092,-0.0028777671384647,0.0369237552010139,33736430.0,0.8923528660264026,-0.005776755323686,-0.0125935343282594,-0.0141679748646222,-0.0074049322366543,-0.019641944569547,-0.0161078387661933,0.0110974151746783,2,12,0,0,0,xg_GOOGL,0.6293452,3.756602
2023-12-14,130.85845947265625,132.6238671868591,128.62690324736187,132.28665787823817,38722400,46.9312725811513,133.20654907226563,132.14047611404402,-0.1523877637270061,0.0886724110876645,127.83595590944566,133.20654907226563,138.5771422350856,-0.0047521791217224,-0.0364419831996372,-0.004451789346747,-0.0047635066260598,0.020769763362291,0.0167013818595702,1.243521046095004,-0.2287917414893822,-0.0364419831996372,-0.004451789346747,-0.0319901938528901,131.97125244140625,131.3523727416992,133.20654907226563,1.0047115989364277,0.9860804416638664,-0.009439944775733,0.2862533549467194,33709840.0,1.148697234991292,0.0003773085916416,-0.005776755323686,-0.0125935343282594,0.0531455922589405,0.0133052556211956,-0.0182234589309434,-0.0129973472738376,3,12,0,0,1,xg_GOOGL,0.51014805,3.0451066
2023-12-15,131.51307678222656,132.41560596207722,130.10470328028543,130.54109899821515,50847100,48.53225567773648,132.9918251037598,132.08072379672808,-0.1798533253029859,0.0349672638095344,127.71653973286062,132.9918251037598,138.26711047465895,0.0050024836927498,-0.0177046643078531,0.0056122341828126,0.0049900128440549,0.0207550737024434,0.0162249112329723,1.2791314709196382,0.2410130048902703,-0.0177046643078531,0.0056122341828126,-0.0233168984906657,131.49718017578124,131.42576904296874,132.99182510375977,1.00054335716148,0.9882244186094206,-0.0113649909541202,0.3131185050513398,35650320.0,1.4262733125536762,-0.0047521791217224,0.0003773085916416,-0.005776755323686,-0.0141679748646222,-0.0074049322366543,-0.0050554375410437,-0.002048468797712,4,12,0,0,1,xg_GOOGL,0.5760992,3.4387736
2023-12-18,134.6868133544922,136.02573795572846,131.34442787355178,131.54280052592037,32258000,55.5359218985165,133.0161247253418,132.3289228022294,0.0538532498857762,0.0387444610247827,127.71298713106172,133.0161247253418,138.31926231962188,0.0241324790653407,0.0188312435571598,0.0505142939024283,0.0238458923364577,0.0205920835708037,0.016992375083003,1.211771262049067,1.1718730214621682,0.0188312435571598,0.0505142939024283,-0.0316830503452685,131.995068359375,132.07341461181642,133.0161247253418,0.9994067977066264,0.9929128132737896,-0.0075809675835108,-0.3655882046370392,35209130.0,0.916182819626588,0.0050024836927498,-0.0047521791217224,0.0003773085916416,-0.0125935343282594,0.0531455922589405,-0.019641944569547,0.0057911336905212,0,12,0,0,1,xg_GOOGL,0.45483765,2.7149553
2023-12-19,135.52984619140625,136.34313174933595,134.96452646649996,135.71829114427825,25476800,57.20191404667992,133.0359603881836,132.63377264881768,0.3035934624526248,0.0917142613103512,127.69663799052871,133.0359603881836,138.37528278583852,0.0062592084252168,0.0311651091948479,0.0432095125901583,0.0062397009387931,0.0204008042455871,0.0169789358407171,1.2014653316101944,0.3067968082563453,0.0311651091948479,0.0432095125901583,-0.0120444033953104,132.81429748535157,132.63477630615233,133.03596038818358,1.0013535000713905,0.9969843936867848,-0.0016355283287118,-0.2102176204352408,35018330.0,0.7275275548548225,0.0241324790653407,0.0050024836927498,-0.0047521791217224,-0.005776755323686,-0.0141679748646222,0.0133052556211956,-0.0161078387661933,1,12,0,0,1,xg_GOOGL,0.5310956,3.170144
2023-12-20,137.20599365234375,140.5384516154751,136.93821779664987,137.83083424971508,49107200,60.38043972869439,133.1038986206055,133.06922226820112,0.6295088855646327,0.1992731861612075,127.58248839761784,133.1038986206055,138.62530884359313,0.0123673678384488,0.0435241767649554,0.0639900425303416,0.0122915166905404,0.0200828472315721,0.0171616695260181,1.1701470567342194,0.6157867910390737,0.0435241767649554,0.0639900425303416,-0.0204658657653862,133.958837890625,133.45995483398437,133.10389862060546,1.003738073021688,1.0026750246767286,0.0062310635801072,0.9275262199334297,37571430.0,1.3070356917476575,0.0062592084252168,0.0241324790653407,0.0050024836927498,0.0003773085916416,-0.0125935343282594,-0.0074049322366543,-0.0182234589309434,2,12,0,0,1,xg_GOOGL,0.49578625,2.9593801
2023-12-21,139.26893615722656,139.5367271291243,138.03909533601887,138.34656689160218,27488300,63.93098641526352,133.1996063232422,133.65967121001307,1.042247050665111,0.3678679590619882,127.3136222631851,133.1996063232422,139.0855903832993,0.0150353672603396,0.064271555071514,0.0254873889417461,0.0149234564781588,0.0123559309308129,0.0173099680637719,0.7137631405300321,1.216755790294806,0.064271555071514,0.0254873889417461,0.0387841661297678,135.64093322753905,133.80609283447265,133.1996063232422,1.0137126819429385,1.0045532154934351,0.0175295867955847,-0.4402389059038185,34643550.0,0.7934608318142686,0.0123673678384488,0.0062592084252168,0.0241324790653407,-0.0047521791217224,-0.005776755323686,0.0531455922589405,-0.0050554375410437,3,12,0,0,1,xg_GOOGL,0.3541599,2.1140034
2023-12-22,140.33018493652344,140.8260863411753,139.5565799559633,139.61608570312794,26532200,65.6370334071366,133.43763885498046,134.2949582315855,1.4383979709508026,0.5819739614397511,126.80981484593087,133.43763885498046,140.06546286403005,0.007620139914753,0.0670435850945621,0.0481519366186147,0.0075912533024693,0.0109091825377364,0.0170550591532074,0.6396074520933515,0.6984429351567949,0.0670435850945621,0.0481519366186147,0.0188916484759473,137.40435485839845,134.45076751708984,133.43763885498046,1.0219677982941464,1.007592525398403,0.0282670189967488,-0.0347820709174448,34070760.0,0.778738132052212,0.0150353672603396,0.0123673678384488,0.0062592084252168,0.0050024836927498,0.0003773085916416,-0.0141679748646222,-0.019641944569547,4,12,0,0,0,xg_GOOGL,0.25273868,1.5086136
2023-12-26,140.35992431640625,141.5104039629761,140.03262760475596,140.42934263685476,16780300,65.68601436537806,133.69104385375977,134.87257404918748,1.7347529961117232,0.8125297683741456,126.40943048385948,133.69104385375977,140.97265722366006,0.0002119243261615,0.042120760159219,0.0617451900097498,0.0002119018733734,0.009273918790617,0.0170352512902321,0.5443638176395226,0.0228491840139846,0.042120760159219,0.0617451900097498,-0.0196244298505308,138.53897705078126,135.26702270507812,133.69104385375977,1.0241888546097222,1.011788215619307,0.0345392975995985,-0.3675496189535734,32634990.0,0.5141812514727134,0.007620139914753,0.0150353672603396,0.0123673678384488,0.0241324790653407,-0.0047521791217224,-0.0125935343282594,0.0133052556211956,1,12,0,0,0,xg_GOOGL,0.4342456,2.59204
2023-12-27,139.2193603515625,140.91534987341666,138.74329922394273,140.4293610317835,19628600,62.0339495151471,133.84824600219727,135.28655369703273,1.856185557135035,1.0212609261263237,126.22228941674182,133.84824600219727,141.4742025876527,-0.0081259944417797,0.0272228904838098,0.0592364040331849,-0.0081591902897715,0.0096296663582472,0.0171550399528818,0.5612989002528888,-0.8437624292550715,0.0272228904838098,0.0592364040331849,-0.032013513549375,139.2768798828125,136.04558868408202,133.84824600219727,1.023751532335488,1.0164166714732197,0.0389933832974567,0.1697407078538524,31694570.0,0.6193048209835117,0.0002119243261615,0.007620139914753,0.0150353672603396,0.0062592084252168,0.0050024836927498,-0.005776755323686,-0.0074049322366543,2,12,0,0,0,xg_GOOGL,0.30732125,1.8344204
2023-12-28,139.08050537109375,139.98304957042205,138.60444425438513,139.62599994946305,16045700,61.585031292278046,134.10809936523438,135.6478824278957,1.9190951656813129,1.2008277740373214,126.1309993781498,134.10809936523438,142.08519935231897,-0.0009973826924509,0.0136620250242105,0.0577808301812869,-0.0009978804095389,0.0097252211651631,0.016674965583917,0.5831878889545398,-0.1025457549765933,0.0136620250242105,0.0577808301812869,-0.0441188051570764,139.6517822265625,136.80531005859376,134.10809936523438,1.0208067374486385,1.0201122132527858,0.0398595248596234,-0.1825346687996087,30288660.0,0.5297593224658823,-0.0081259944417797,0.0002119243261615,0.007620139914753,0.0123673678384488,0.0241324790653407,0.0003773085916416,0.0531455922589405,3,12,0,0,0,xg_GOOGL,0.6513973,3.8882327
2023-12-29,138.54493713378906,139.20944320132398,137.64239294340334,138.48543138650385,18733000,59.78786251772785,134.46316528320315,135.92379239988554,1.9037898979974557,1.3414201988293484,126.35434323347444,134.46316528320315,142.57198733293183,-0.0038507786254852,-0.005198567917688,0.0587388671096114,-0.00385821196239,0.0096214567306471,0.0160540508128747,0.5992791204953147,-0.4001866397819844,-0.005198567917688,0.0587388671096114,-0.0639374350272994,139.506982421875,137.57395782470704,134.46316528320312,1.0140508031296953,1.0231349049009224,0.0364056402422067,0.1674778912730512,28289720.0,0.6621840018211329,-0.0009973826924509,-0.0081259944417797,0.0002119243261615,0.0150353672603396,0.0062592084252168,-0.0047521791217224,-0.0141679748646222,4,12,0,0,0,xg_GOOGL,0.39110866,2.334553
2024-01-02,137.0373992919922,138.30690574155653,135.36125003790988,137.41428922141964,23711200,54.92880600778414,134.77607955932618,136.0298501991338,1.7498435510590866,1.423104869275296,126.78367705240716,134.77607955932618,142.76848206624518,-0.0108812192851268,-0.0234645571515543,0.0420058799089111,-0.0109408527360139,0.0109770120664971,0.0162548118481569,0.6752669241642144,-0.9911830319748244,-0.0234645571515543,0.0420058799089111,-0.0654704370604655,138.84842529296876,138.1263900756836,134.77607955932618,1.005227351680512,1.0248583467282313,0.0297170389593094,0.26574494208082,25576130.0,0.9270831826394016,-0.0038507786254852,-0.0009973826924509,-0.0081259944417797,0.007620139914753,0.0123673678384488,0.0050024836927498,-0.0125935343282594,1,1,0,0,1,xg_GOOGL,0.61611336,3.6776206
2024-01-03,137.78125,138.48543668179107,135.95633638949388,136.12494105781897,24212100,56.79466385191568,135.2546241760254,136.19665018016866,1.6686275972469389,1.4722094148696248,127.78870002765724,135.2546241760254,142.72054832439358,0.0054280854120913,-0.0183718702397792,0.0229750527793937,0.0054134064516135,0.0085167543375406,0.0154048624983656,0.5528255453691225,0.637267194730885,-0.0183718702397792,0.0229750527793937,-0.0413469230191729,138.3326904296875,138.4358337402344,135.2546241760254,0.9992549377732616,1.0235201538105554,0.0223402404439071,0.0211250379567462,24771540.0,0.977416018543822,-0.0108812192851268,-0.0038507786254852,-0.0009973826924509,0.0002119243261615,0.0150353672603396,0.0241324790653407,-0.005776755323686,2,1,0,0,0,xg_GOOGL,0.57631165,3.4400415
2024-01-04,135.27197265625,138.01927043379123,135.2323072061994,137.28533097133266,27137700,49.36980102766909,135.52241134643555,136.10858565408117,1.38581089265341,1.454929710426382,128.49116151685166,135.52241134643555,142.55366117601943,-0.0182120378770695,-0.0283537267039899,-0.0019027066170507,-0.018379918461127,0.0105321025237683,0.015973908980564,0.6592902993426893,-1.7290288246956198,-0.0283537267039899,-0.0019027066170507,-0.0264510200869392,137.543212890625,138.41004638671876,135.52241134643555,0.993737206808877,1.0213074355126517,0.0149388044286503,0.1208321459105157,24937630.0,1.088222898487102,0.0054280854120913,-0.0108812192851268,-0.0038507786254852,-0.0081259944417797,0.007620139914753,0.0062592084252168,0.0003773085916416,3,1,0,0,0,xg_GOOGL,0.41975144,2.5055234
2024-01-05,134.6173858642578,136.03567169625202,134.0421384410589,135.6290289280703,22513900,47.62083581790558,135.80557022094726,135.96656662647894,1.096220386927996,1.3831878457267048,129.4659379194581,135.80557022094726,142.14520252243642,-0.0048390422578933,-0.0320901875854381,-0.0188665795070513,-0.0048507883313648,0.0096283825945595,0.0159033549903231,0.6053928373969131,-0.502528818475583,-0.0320901875854381,-0.0188665795070513,-0.0132236080783867,136.6505889892578,138.15118560791015,135.80557022094726,0.9891380112877844,1.0172718643509742,0.0062771889595496,-0.170382899066612,22278300.0,1.0105753131971018,-0.0182120378770695,0.0054280854120913,-0.0108812192851268,-0.0009973826924509,0.0002119243261615,0.0123673678384488,-0.0047521791217224,4,1,0,0,1,xg_GOOGL,0.54622525,3.260454
2024-01-08,137.70187377929688,137.87047841067306,135.14302117297993,135.17277404124002,21404000,55.602272199470754,135.90028610229493,136.13183397436637,1.1028967145601882,1.3271296194934017,129.50417716278625,135.90028610229493,142.2963950418036,0.0229129981631743,-0.0060851256778734,-0.0112520596564373,0.022654437569094,0.0113353492926473,0.0116922670734853,0.9693911223793388,2.021197263040897,-0.0060851256778734,-0.0112520596564373,0.0051669339785639,136.4819763183594,137.99447937011718,135.90028610229493,0.989039394484028,1.0154097782122835,0.0042242723363138,-0.0492984334122476,21669870.0,0.9877308908636284,-0.0048390422578933,-0.0182120378770695,0.0054280854120913,-0.0038507786254852,-0.0081259944417797,0.0150353672603396,0.0050024836927498,0,1,0,0,1,xg_GOOGL,0.60529834,3.613065
2024-01-09,139.7946014404297,140.33018342656837,137.01755057751834,137.3646876105234,24759600,60.050141920248976,136.19584426879882,136.48066897113432,1.2625000699799216,1.3142037095907058,129.64765176651193,136.19584426879882,142.74403677108572,0.0151975249406333,0.0201200705988486,-0.0038165950991656,0.0150831994133282,0.0122012473332927,0.0115624155331531,1.055159463768378,1.2454693406490929,0.0201200705988486,-0.0038165950991656,0.0239366656980143,137.03341674804688,137.9409210205078,136.19584426879882,0.9934210655855632,1.0128129955879186,0.0059914508186853,0.1567744346851056,21492610.0,1.1520052706487882,0.0229129981631743,-0.0048390422578933,-0.0182120378770695,-0.0108812192851268,-0.0009973826924509,0.007620139914753,0.0241324790653407,1,1,0,0,1,xg_GOOGL,0.5729723,3.4201088
2024-01-10,141.1136932373047,141.82779242384171,139.75492832050645,139.84418693539638,21320200,62.59392701925609,136.64166030883788,136.92190937743626,1.4783846647748078,1.3470399006275262,130.0259399299431,136.64166030883788,143.25738068773268,0.0094359280207048,0.0241864784744272,0.0053702573905587,0.0093916877329407,0.0125880877443296,0.0111170994462422,1.1322157896855485,0.7495323102307341,0.0241864784744272,0.0053702573905587,0.0188162210838684,137.6999053955078,138.01629791259765,136.64166030883788,0.9977075713384936,1.010060164671981,0.0074992374049081,-0.1389117756345014,21946600.0,0.9714579934932532,0.0151975249406333,0.0229129981631743,-0.0048390422578933,0.0054280854120913,-0.0038507786254852,0.0002119243261615,0.0062592084252168,2,1,0,0,0,xg_GOOGL,0.6985847,4.169897
2024-01-11,140.9153289794922,144.02958884214237,139.48713067468557,142.31377441409103,24008700,61.95505333607242,137.11574172973633,137.30223505382256,1.6148533989365037,1.4006026002893217,130.71601843095226,137.11574172973633,143.5154650285204,-0.0014057052385335,0.04171859264286,0.0121819883645992,-0.0014066941690149,0.0122447799220613,0.0109707039644849,1.116032656522388,-0.1147909930996812,0.04171859264286,0.0121819883645992,0.0295366042782607,138.82857666015624,138.18589477539064,137.11574172973633,1.0046508501161442,1.0078047424180052,0.0121550646251494,0.126101068470277,22384610.0,1.0725538662500231,0.0094359280207048,0.0151975249406333,0.0229129981631743,-0.0182120378770695,-0.0108812192851268,-0.0081259944417797,0.0123673678384488,3,1,0,0,1,xg_GOOGL,0.2655706,1.5852082
2024-01-12,141.4806365966797,142.02613106020752,140.65745374610032,141.50047688636437,18785500,63.11060774535377,137.6156089782715,137.7001780579042,1.7484662239506576,1.470175325021589,131.51343258249253,137.6156089782715,143.71778537405046,0.0040116829111598,0.0509833903574867,0.0172571362117353,0.0040036575675328,0.012243773539414,0.0109455294076518,1.1185073445155485,0.3276241000494479,0.0509833903574867,0.0172571362117353,0.0337262541457514,140.20122680664062,138.42590789794923,137.6156089782715,1.012825047967178,1.0058881323542714,0.0182754183934015,-0.217554469838017,22658590.0,0.8290674750723311,-0.0014057052385335,0.0094359280207048,0.0151975249406333,-0.0048390422578933,0.0054280854120913,-0.0009973826924509,0.0150353672603396,4,1,0,0,0,xg_GOOGL,0.404086,2.4120154
2024-01-16,141.3219757080078,143.16672938152487,140.29049239931624,140.83598692471,22670500,62.53649565998406,138.13878479003907,138.04511116743788,1.8205663866295083,1.540253537343173,132.71995852504514,138.13878479003907,143.557611055033,-0.0011214318262093,0.0262894166168943,0.0200443165349091,-0.0011220611013831,0.0121342445591788,0.0108269532649903,1.1206406476108532,-0.0924111434871046,0.0262894166168943,0.0200443165349091,0.0062451000819852,140.9252471923828,138.7036117553711,138.13878479003907,1.0160171419395334,1.004088836934468,0.0197171203444041,0.2068084426818557,23052340.0,0.9834359548748204,0.0040116829111598,-0.0014057052385335,0.0094359280207048,0.0229129981631743,-0.0182120378770695,-0.0038507786254852,0.007620139914753,1,1,0,0,0,xg_GOOGL,0.6930433,4.1368203
2024-01-17,140.31033325195312,140.67729541881693,137.76139297479477,140.19132176728564,20968600,58.85982171700057,138.5786476135254,138.26084660405837,1.775607100078588,1.587324249890256,134.0731305049051,138.5786476135254,143.0841647221457,-0.0071584228212665,0.0036892112156647,0.0238835090046267,-0.0071841672632153,0.0117441795276439,0.0111003440557859,1.057906093949315,-0.609477514108508,0.0036892112156647,0.0238835090046267,-0.0201942977889619,141.0283935546875,139.0309051513672,138.5786476135254,1.0143672257700227,1.003263544172426,0.017459483449185,-0.075071127676937,22778080.0,0.9205604686610585,-0.0011214318262093,0.0040116829111598,-0.0014057052385335,0.0151975249406333,-0.0048390422578933,-0.0108812192851268,0.0002119243261615,2,1,0,0,1,xg_GOOGL,0.63041955,3.763015
2024-01-18,142.30384826660156,143.02787513950906,140.8260719176682,140.8855776587382,25746400,63.42336778099801,138.95949935913086,138.64589438144344,1.8791745878516508,1.6456943174825351,134.55248853450846,138.95949935913086,143.36651018375326,0.0142078987943725,0.0084340151688571,0.0328244827696189,0.0141079125503589,0.0123082726616061,0.0103140702761399,1.1932320703695751,1.1542435678338996,0.0084340151688571,0.0328244827696189,-0.0243904676007618,141.26642456054688,139.48316497802733,138.95949935913086,1.0127847656941285,1.0037684765799502,0.0162112636412619,0.2278549831653042,22931510.0,1.1227520560137068,-0.0071584228212665,-0.0011214318262093,0.0040116829111598,0.0094359280207048,0.0229129981631743,0.0054280854120913,-0.0081259944417797,3,1,0,0,1,xg_GOOGL,0.4842871,2.890741
2024-01-19,145.1800994873047,145.24951781414885,143.19649387664043,143.5535434919084,34271900,68.80076589408772,139.4420120239258,139.2681996296207,2.168346653281475,1.7502247846423231,134.5316521569633,139.4420120239258,144.3523718908883,0.0202120410357038,0.030264773454371,0.0732459698524023,0.0200104890597634,0.0107436010889597,0.0110085271704341,0.9758458217725704,1.88113461526944,0.030264773454371,0.0732459698524023,-0.0429811963980313,142.11937866210937,140.4739776611328,139.44201202392577,1.011713208584054,1.0074006794812311,0.0184416917169678,0.3311336730572041,23644930.0,1.4494396896078168,0.0142078987943725,-0.0071584228212665,-0.0011214318262093,-0.0014057052385335,0.0151975249406333,-0.0182120378770695,-0.0009973826924509,4,1,0,0,0,xg_GOOGL,0.44970977,2.6843467
2024-01-22,144.7932891845703,147.17360973542569,144.64450969157377,145.89419084442545,32200400,67.36637488886592,139.8213768005371,139.79439863485402,2.3393387983057323,1.868047587375005,134.4845475028139,139.8213768005371,145.1582060982603,-0.0026643479657362,0.0234141764383917,0.0755913008931359,-0.0026679036579162,0.0104931526794541,0.0108838621695681,0.9640133715970108,-0.2538888128579064,0.0234141764383917,0.0755913008931359,-0.0521771244547442,142.7819091796875,141.49156799316407,139.8213768005371,1.0091195624221634,1.0119451777034751,0.0204466132085482,-0.0604431035337987,24613580.0,1.3082371601367495,0.0202120410357038,0.0142078987943725,-0.0071584228212665,0.0040116829111598,0.0094359280207048,-0.0048390422578933,-0.0038507786254852,0,1,0,0,1,xg_GOOGL,0.5933058,3.541481
2024-01-23,145.83468627929688,145.97353807473283,144.30731652950118,144.69411904062358,21636100,69.22654858916326,140.14966430664063,140.36966412480095,2.5297222836071285,2.0003825266214297,134.18507503650716,140.14966430664063,146.1142535767741,0.0071923022164313,0.0319321220120287,0.0590610154879587,0.0071665609630668,0.0089719512236461,0.0105542515440036,0.8499988073465689,0.8015536958985876,0.0319321220120287,0.0590610154879587,-0.0271288934759299,143.6844512939453,142.30484924316406,140.14966430664063,1.0096946945808138,1.0153777388421563,0.0242383144743424,-0.3280797754065166,24636790.0,0.8782028827618826,-0.0026643479657362,0.0202120410357038,0.0142078987943725,-0.0011214318262093,-0.0014057052385335,0.0229129981631743,-0.0108812192851268,1,1,0,0,1,xg_GOOGL,0.59152037,3.5308235
2024-01-24,147.48106384277344,148.6216460696022,146.88599128129252,147.32237177289502,25233500,71.94885230063421,140.50720825195313,141.04694028841735,2.7813893522703665,2.1565838917512172,133.69935485318817,140.50720825195313,147.3150616507181,0.0112893414144525,0.0511062187981832,0.0549839716494284,0.0112260923811291,0.0085938146901049,0.0106816435800258,0.8044651706037896,1.313506087274902,0.0511062187981832,0.0549839716494284,-0.0038777528512452,145.11859741210938,143.07349548339843,140.50720825195313,1.014294065590564,1.0182644525029885,0.0312676694892325,0.1662684125142701,24684180.0,1.022253929439786,0.0071923022164313,-0.0026643479657362,0.0202120410357038,-0.0071584228212665,0.0040116829111598,0.0151975249406333,0.0054280854120913,2,1,0,0,1,xg_GOOGL,0.41411018,2.4718504
2024-01-25,150.6250762939453,151.7954113890045,148.31417410884393,148.83984348061125,29149100,76.26662159178072,141.02046585083008,141.95914371751527,3.1976720733704553,2.364801528075065,132.84825985577066,141.02046585083008,149.1926718458895,0.0213180754820405,0.0584750737854551,0.0674022686136188,0.0210940239492067,0.0099312213810226,0.0114539900157468,0.866977742221552,2.146355247656152,0.0584750737854551,0.0674022686136188,-0.0089271948281637,146.78284301757813,144.0246337890625,141.02046585083008,1.0191509546384634,1.0213030634958349,0.0382564265428337,0.1551746685953197,25467070.0,1.144580040028117,0.0112893414144525,0.0071923022164313,-0.0026643479657362,0.0142078987943725,-0.0011214318262093,0.0094359280207048,-0.0182120378770695,3,1,0,0,1,xg_GOOGL,0.4100028,2.4473333
2024-01-26,150.9424591064453,151.28958097989496,149.77212402167038,149.86139776851957,26115500,76.65723303593259,141.60662078857422,142.81469756408003,3.5126970840799743,2.594380639276047,132.36644611095733,141.60662078857422,150.8467954661911,0.0021071047418468,0.0396911122081475,0.0711571281816501,0.0021048879101686,0.009675895198737,0.0111266145946683,0.8695390298090581,0.2177459503872515,0.0396911122081475,0.0711571281816501,-0.0314660159735025,147.93531494140626,145.0273468017578,141.60662078857422,1.0200511710637818,1.0241565400977324,0.0419278590682626,-0.1040718238298952,25677750.0,1.0170478332408013,0.0213180754820405,0.0112893414144525,0.0071923022164313,0.0202120410357038,-0.0071584228212665,-0.0014057052385335,-0.0048390422578933,4,1,0,0,1,xg_GOOGL,0.32917258,1.9648525
2024-01-29,152.25164794921875,152.51943895245324,150.18869623371097,150.8135368633547,27784300,78.24759593556168,142.26517791748046,143.71345474361706,3.823917531961598,2.8402880178131573,131.9662732475254,142.26517791748046,152.5640825874355,0.0086734299316681,0.0515103897884463,0.0761306395817549,0.0086360318292442,0.0096313633944212,0.0111031280834463,0.8673678223128035,0.9004467103775937,0.0515103897884463,0.0761306395817549,-0.0246202497933085,149.42698669433594,146.1044479370117,142.26517791748046,1.022740846047046,1.0269867164666129,0.0470392857701231,0.0639007485975762,26577630.0,1.0454017156533129,0.0021071047418468,0.0213180754820405,0.0112893414144525,-0.0026643479657362,0.0142078987943725,0.0040116829111598,0.0229129981631743,0,1,0,0,0,xg_GOOGL,0.062022112,0.37021402
2024-01-30,150.21844482421875,152.3607271720474,149.95065385559957,151.54745682095233,36331800,70.24348485509825,142.84885330200197,144.33297760843627,3.861980966547378,3.0446266075600015,132.12336912384845,142.84885330200197,153.5743374801555,-0.0133542273754445,0.0300597797188404,0.0629517742845058,-0.0134441969503953,0.0114414667751694,0.0116722639330554,0.9801429009730892,-1.1670759144718386,0.0300597797188404,0.0629517742845058,-0.0328919945656653,150.30373840332032,146.9940948486328,142.84885330200194,1.0225154864764847,1.0290183746723347,0.0496269623217166,0.3076377666523899,27943760.0,1.3001757816413648,0.0086734299316681,0.0021071047418468,0.0213180754820405,0.0071923022164313,0.0202120410357038,-0.0011214318262093,0.0151975249406333,1,1,0,0,0,xg_GOOGL,0.4415992,2.635934
2024-01-31,138.9515838623047,142.81960888272778,138.7234583129567,142.44271896094438,71910000,43.61734609403823,142.9445625305176,143.8204639183285,2.9490106352405405,3.02550341309611,132.4048775475908,142.9445625305176,153.4842475134444,-0.0750031793705374,-0.0578344077417414,-0.0096838868396709,-0.0779649786329566,0.0281483829926726,0.0210489805458131,1.3372165799113434,-2.6644697466392455,-0.0578344077417414,-0.0096838868396709,-0.0481505209020705,148.59784240722655,146.85821990966798,142.94456253051757,1.0118455916095714,1.0273788475047092,0.0406852496356655,0.9792578402391294,33037900.0,2.1765911271599534,-0.0133542273754445,0.0086734299316681,0.0021071047418468,0.0112893414144525,-0.0026643479657362,-0.0071584228212665,0.0094359280207048,2,1,0,1,1,xg_GOOGL,0.499158,2.9795065
2024-02-01,140.00289916992188,141.8873186018574,139.63592181078502,140.9550214666243,40466500,45.68618734945512,143.0556449890137,143.45688632324214,2.2839791394084727,2.8771985583585824,132.69986492386332,143.0556449890137,153.41142505416408,0.0075660548688598,-0.0705206422819944,-0.0161692682573765,0.0075375758348021,0.0278367337666886,0.0210785342208172,1.32055734605361,0.2717913366178389,-0.0705206422819944,-0.0161692682573765,-0.0543513740246178,146.47340698242186,146.628125,143.05564498901367,0.9989448271429636,1.024972660192897,0.0244120801331409,-0.4372618550966486,34509910.0,1.1726052023896565,-0.0750031793705374,-0.0133542273754445,0.0086734299316681,0.0213180754820405,0.0071923022164313,0.0142078987943725,-0.0014057052385335,3,2,1,0,1,xg_GOOGL,0.7184327,4.2883716
2024-02-02,141.212890625,141.45091361668173,135.38108518943704,138.11845552974717,62499600,48.04889736550451,143.3526908874512,143.24317244721908,1.8334383497524416,2.6684465166373545,133.61458535520987,143.3526908874512,153.0907964196925,0.0086426171333033,-0.0644587913768118,-0.027326120290003,0.0086054835188678,0.0270748656140537,0.0206398352935539,1.3117136602756128,0.3192000306286586,-0.0644587913768118,-0.027326120290003,-0.0371326710868088,144.52749328613282,146.23140411376954,143.35269088745116,0.9883478460870754,1.0200813337266097,0.0083193707988134,0.5444775307970791,37332680.0,1.6741257257715847,0.0075660548688598,-0.0750031793705374,-0.0133542273754445,0.0021071047418468,0.0112893414144525,0.0202120410357038,0.0040116829111598,4,2,0,0,1,xg_GOOGL,0.55493546,3.3124456
2024-02-05,142.50221252441406,144.27754793012062,141.60959609870966,141.64927668377285,38505400,50.51893142445063,143.746932220459,143.17260483552337,1.562408556673148,2.4472389246445134,134.90022534613738,143.746932220459,152.59363909478063,0.0091303413853196,-0.0640350075426209,-0.0158230859528011,0.0090889118049455,0.0273190039351158,0.0206197127325852,1.3248331563217868,0.3341998561568268,-0.0640350075426209,-0.0158230859528011,-0.0482119215898197,142.57760620117188,146.0022964477539,143.74693222045897,0.9765435864373028,1.0156898251145698,-0.0082056692213586,-0.3839096570218049,37963180.0,1.01428278663692,0.0086426171333033,0.0075660548688598,-0.0750031793705374,0.0086734299316681,0.0213180754820405,-0.0026643479657362,-0.0011214318262093,0,2,0,0,1,xg_GOOGL,0.41295984,2.464984
2024-02-06,142.91880798339844,144.16847422458696,142.01626368679536,143.46428748684863,29128200,51.32423351550645,144.00777893066405,143.14843370674956,1.3654907376647998,2.2308892872485706,135.61558587883246,144.00777893066405,152.39997198249563,0.0029234315145316,-0.0485934789789771,-0.0199944085340167,0.0029191665987253,0.0272056516536168,0.0200842391071447,1.354509722711702,0.1074528226314474,-0.0485934789789771,-0.0199944085340167,-0.0285990704449603,141.1176788330078,145.71070861816406,144.00777893066407,0.9684784335433276,1.0118252618028356,-0.0202219717505059,-0.2435294789821687,38712390.0,0.7524257737638841,0.0091303413853196,0.0086426171333033,0.0075660548688598,-0.0133542273754445,0.0021071047418468,0.0071923022164313,-0.0071584228212665,1,2,0,0,1,xg_GOOGL,0.41754907,2.4923775
2024-02-07,144.3469696044922,144.4263156427516,142.7501665270815,143.57336464859975,25208900,54.08315479040379,144.2353973388672,143.26257998272504,1.309576669894625,2.0466267637777817,136.0807696182325,144.2353973388672,152.39002505950188,0.0099928178890187,0.038829249672563,-0.0212508247270473,0.0099432198269138,0.0271400364635294,0.0199382433085332,1.3611367313981524,0.3681811452722708,0.038829249672563,-0.0212508247270473,0.0600800743996103,142.1967559814453,145.39729919433594,144.2353973388672,0.9779876020350774,1.00805559437493,-0.0141232016370535,-0.1345534567875804,38709930.0,0.65122566741917,0.0029234315145316,0.0091303413853196,0.0086426171333033,-0.0750031793705374,0.0086734299316681,0.0112893414144525,0.0142078987943725,2,2,0,0,1,xg_GOOGL,0.08945663,0.53397244
2024-02-08,144.7139434814453,145.13049882211826,143.91058567202538,144.63459744507298,22563800,54.79221355119861,144.41540985107423,143.40080507784126,1.280119670573555,1.8933253451369365,136.39305742252844,144.41540985107423,152.43776227962002,0.0025423039912693,0.0336496196825584,-0.0392440153919949,0.0025390778032869,0.0259879847743043,0.0198587140707603,1.3085779926996426,0.0978223664120545,0.0336496196825584,-0.0392440153919949,0.0728936350745533,143.13896484375,144.80618591308593,144.41540985107423,0.9884865341986384,1.002705916649855,-0.0088204700709292,-0.1049272280821456,38051400.0,0.5929821241793839,0.0099928178890187,0.0029234315145316,0.0091303413853196,0.0075660548688598,-0.0133542273754445,0.0213180754820405,0.0202120410357038,3,2,0,0,1,xg_GOOGL,0.1896522,1.1320463
2024-02-09,147.7786102294922,148.21500586230158,144.9817192012369,145.47762057784595,26829500,60.305084844859415,144.7585739135742,143.817738901808,1.4869274068975926,1.812045757489068,136.77956887048282,144.7585739135742,152.73757895666557,0.0211774116185274,0.0464951859241227,-0.0209606289421981,0.020956286691403,0.0271340948161258,0.0203240681618256,1.3350063379904813,0.7804436196752182,0.0464951859241227,-0.0209606289421981,0.0674558148663209,144.45210876464844,144.48980102539062,144.75857391357422,0.9997391354927844,0.9981433024592792,-0.002073812633979,0.1890506031785426,38122800.0,0.7037652008771469,0.0025423039912693,0.0099928178890187,0.0029234315145316,0.0086426171333033,-0.0750031793705374,0.0021071047418468,-0.0026643479657362,4,2,0,0,0,xg_GOOGL,0.2725313,1.626757
2024-02-12,146.3206787109375,148.1158395150447,146.1619866169241,147.20338267503428,21564100,56.75908625998834,145.00057601928708,144.0561141217251,1.5157089890684858,1.7527784038049516,137.14757826810907,145.00057601928708,152.8535737704651,-0.0098656464307695,0.0267958378952835,-0.0389550413290727,-0.0099146343853719,0.026974067950362,0.0205088182189318,1.3151783044797214,-0.3657320325911235,0.0267958378952835,-0.0389550413290727,0.0657508792243563,145.21580200195314,143.8967041015625,145.0005760192871,1.0091669778583643,0.9923871204651092,0.0014709197945371,-0.1962541232598446,37500780.0,0.575030706027966,0.0211774116185274,0.0025423039912693,0.0099928178890187,0.0091303413853196,0.0075660548688598,0.0086734299316681,0.0071923022164313,0,2,0,0,0,xg_GOOGL,0.5858064,3.4967165
2024-02-13,143.9502410888672,145.46769798615009,142.51213022242555,143.73204328748068,27837700,51.46077976590234,145.1319892883301,144.04603097573863,1.3318908857145004,1.6686009001868616,137.45212923957322,145.1319892883301,152.81184933708695,-0.0162002913255563,0.0072169165138051,-0.0417272575460785,-0.0163329507436866,0.0271028375935018,0.0208988215799539,1.296797558286217,-0.5977120866987623,0.0072169165138051,-0.0417272575460785,0.0489441740598837,145.42208862304688,143.26988372802734,145.1319892883301,1.015022032816786,0.9871695718536364,0.0020152750875748,0.2909279775181899,36651370.0,0.7595268607967244,-0.0098656464307695,0.0211774116185274,0.0025423039912693,0.0029234315145316,0.0086426171333033,-0.0133542273754445,0.0112893414144525,1,2,0,0,1,xg_GOOGL,0.60637975,3.61952
2024-02-14,144.7436981201172,145.31894554055629,142.90885694916992,144.88254990203637,22704200,53.04093828878616,145.35365753173832,144.11247546567944,1.2359913270529432,1.582078985560078,138.01126646635566,145.35365753173832,152.69604859712098,0.0055120229410394,0.002748436747318,0.041684406156552,0.005496887335652,0.0105263924875018,0.0208260562592529,0.5054191219570557,0.5235886234490984,0.002748436747318,0.041684406156552,-0.0389359694092339,145.50143432617188,143.8490951538086,145.3536575317383,1.011486614987717,0.9896489541200492,0.0010209549455545,-0.1844081946425171,31730790.0,0.7155258346860978,-0.0162002913255563,-0.0098656464307695,0.0211774116185274,0.0099928178890187,0.0091303413853196,-0.0750031793705374,0.0213180754820405,2,2,0,0,0,xg_GOOGL,0.37920606,2.2635055
2024-02-15,141.59967041015625,142.34352240728126,139.30860868040443,141.96663255261817,37590700,46.57138032547249,145.31844863891604,143.87316069848674,0.8959653446624998,1.4448562573805626,137.9080413686477,145.31844863891604,152.72885590918438,-0.021721344354155,-0.0215202004476393,0.0114052726743634,-0.0219607255571903,0.0132021207608269,0.0212421655984511,0.6214761495711119,-1.645167437883421,-0.0215202004476393,0.0114052726743634,-0.0329254731220027,144.87857971191406,144.00877227783204,145.318448638916,1.0060399614573752,0.9909875423709056,-0.003106426206557,0.655671637846742,31443210.0,1.1955108909045484,0.0055120229410394,-0.0162002913255563,-0.0098656464307695,0.0025423039912693,0.0029234315145316,0.0075660548688598,0.0021071047418468,3,2,0,0,0,xg_GOOGL,0.4167712,2.4877343
2024-02-16,139.3681182861328,142.01622965333587,138.9912284210113,141.81787214200648,31468900,42.59969147536429,145.02784957885743,143.44410904016732,0.4413372363756593,1.244152453179582,137.15330056756017,145.02784957885743,152.9023985901547,-0.0157595855806693,-0.0569127827789037,-0.0130637672715453,-0.0158850881751524,0.0139124425436403,0.0209593552311266,0.6637503224649599,-1.1326877249277756,-0.0569127827789037,-0.0130637672715453,-0.0438490155073584,143.19648132324218,143.8242950439453,145.02784957885743,0.995634856263253,0.9917012178115646,-0.0131405107433201,-0.1628541101921485,28340140.0,1.1104003014804755,-0.021721344354155,0.0055120229410394,-0.0162002913255563,0.0211774116185274,0.0099928178890187,0.0086426171333033,0.0086734299316681,4,2,0,0,1,xg_GOOGL,0.6799675,4.05877
2024-02-20,139.96319580078125,140.91533307623592,138.34656764889544,138.51517229621072,25144700,43.97187865238342,144.78634490966795,143.11259349355913,0.1275882098394163,1.0208396045115489,136.5917422015668,144.78634490966795,152.98094761776915,0.0042698252797437,-0.043448970891638,-0.0178173845770838,0.0042607354412798,0.0135915988943613,0.0210020501038545,0.6471250045662179,0.3141286896588253,-0.043448970891638,-0.0178173845770838,-0.0256315863145542,141.92498474121095,143.57039337158204,144.78634490966795,0.9885393597403296,0.991601752645634,-0.0204436612931429,-0.2009666686792357,27004070.0,0.9311448237246857,-0.0157595855806693,-0.021721344354155,0.0055120229410394,-0.0098656464307695,0.0025423039912693,0.0091303413853196,-0.0133542273754445,1,2,0,0,1,xg_GOOGL,0.47960702,2.8628054
2024-02-21,141.38150024414062,141.52035203872512,139.52681861125646,140.2905110483264,23223300,47.21097156073287,144.56368560791017,142.947727469805,-0.0065394560373874,0.8153637924017616,136.24791626845823,144.56368560791017,152.8794549473621,0.0101334099671326,-0.0178446442694094,-0.010756511063515,0.0100824112065431,0.0140484290702226,0.02107612315011,0.6665249792474296,0.7212684527238279,-0.0178446442694094,-0.010756511063515,-0.0070881332058944,141.41123657226564,143.41666259765626,144.56368560791014,0.9860167850160014,0.9920656214219324,-0.02229746487483,-0.0764137174036675,26413580.0,0.8792181900370614,0.0042698252797437,-0.0157595855806693,-0.021721344354155,-0.0162002913255563,0.0211774116185274,0.0029234315145316,-0.0750031793705374,2,2,0,0,1,xg_GOOGL,0.2037004,1.2159009
2024-02-22,142.90882873535156,143.8113727064956,141.6294100783797,143.74193926238937,27191900,50.52782313957442,144.3350738525391,142.94402282842847,0.0102874598085804,0.6543485258831254,136.10605866022783,144.3350738525391,152.56408904485036,0.0108028878500618,-0.0126766789062066,-0.0099630832090282,0.0107449535223418,0.0141209561305801,0.0210610671778787,0.6704449288534805,0.7649710670513243,-0.0126766789062066,-0.0099630832090282,-0.0027135956971783,141.0442626953125,143.2728485107422,144.33507385253907,0.9844451629279738,0.9926405598206705,-0.0230273467800978,0.1708887195187591,26611880.0,1.0217955289141158,0.0101334099671326,0.0042698252797437,-0.0157595855806693,0.0055120229410394,-0.0098656464307695,0.0099928178890187,0.0075660548688598,3,2,0,0,0,xg_GOOGL,0.35982776,2.1478353
2024-02-23,142.77993774414062,143.49402183711422,142.2542683371376,142.4923064572686,19493800,50.240933501169074,143.94281692504887,142.9283956775439,0.0130718024424538,0.5260931811949912,136.2454996879974,143.94281692504887,151.64013416210034,-0.000901910626177,0.0083352406864056,-0.0133643358115844,-0.0009023175922822,0.0140692802302803,0.0203770060662709,0.6904149593697179,-0.0641004025091185,0.0083352406864056,-0.0133643358115844,0.0216995764979901,141.2803161621094,143.0794479370117,143.94281692504882,0.987425644976668,0.9940020001936832,-0.0186475831619326,-0.2831026886683166,26304880.0,0.7410716186501995,0.0108028878500618,0.0101334099671326,0.0042698252797437,-0.021721344354155,-0.0162002913255563,0.0025423039912693,0.0086426171333033,4,2,0,0,0,xg_GOOGL,0.46360648,2.767297
2024-02-26,136.4423065185547,141.27238088903258,136.26377416065105,140.9748370483321,53641800,38.62730831574056,143.21780929565435,142.3106729004973,-0.4904617226340519,0.3227822004291825,135.56506662234008,143.21780929565435,150.8705519689686,-0.0443874071225809,-0.020993407987121,-0.0767113974974648,-0.045402685637593,0.0173486358441757,0.0223813491620473,0.7751034405983193,-2.558405693424491,-0.020993407987121,-0.0767113974974648,0.0557179895103437,140.69515380859374,141.94581756591796,143.2178092956543,0.9911891468253834,0.9911184807532528,-0.0184888071114327,1.7517364495378018,28986110.0,1.850603616697727,-0.000901910626177,0.0108028878500618,0.0101334099671326,-0.0157595855806693,0.0055120229410394,0.0211774116185274,0.0091303413853196,0,2,0,0,1,xg_GOOGL,0.46070737,2.7499921
2024-02-27,137.74154663085938,138.10850874128178,135.96621154451603,136.88859580994557,33099200,41.607304890297456,142.49230422973636,141.87551801767464,-0.7757356524373904,0.1030786298558679,135.74836668779582,142.49230422973636,149.2362417716769,0.0095222672897867,-0.0158730954749282,-0.0586323967033159,0.0094772162687322,0.0181580686915723,0.02240901408648,0.8102658312261873,0.5243808177346725,-0.0158730954749282,-0.0586323967033159,0.0427593012283877,140.25082397460938,141.08790435791016,142.49230422973633,0.9940669585595566,0.9901440300273208,-0.0162730876046717,-0.3829588119712612,30139620.0,1.0981956640461592,-0.0443874071225809,-0.000901910626177,0.0108028878500618,0.0042698252797437,-0.021721344354155,-0.0098656464307695,0.0029234315145316,1,2,0,0,0,xg_GOOGL,0.20935641,1.249662
2024-02-28,135.26206970214844,136.87869796321857,134.30001978259713,136.76959905068048,37328600,37.831974715687714,141.74448547363284,141.24566579714832,-1.1881936071099517,-0.1551758175372959,135.29742691211663,141.74448547363284,148.19154403514904,-0.0180009371853201,-0.0432831065692825,-0.0603553791990881,-0.0181649249919964,0.0182803743090358,0.0225267086808036,0.8114617677301972,-0.9846599539523064,-0.0432831065692825,-0.0603553791990881,0.0170722726298055,139.02693786621094,140.21908721923828,141.7444854736328,0.991497952406698,0.9892383943594174,-0.0200909805195646,0.1277795233721661,31088710.0,1.200712412962738,0.0095222672897867,-0.0443874071225809,-0.000901910626177,0.0101334099671326,-0.0157595855806693,-0.0162002913255563,0.0099928178890187,2,2,0,0,1,xg_GOOGL,0.49835432,2.9747093
2024-02-29,137.32501220703125,137.72172724425474,135.2818858775754,136.15467711991738,42133000,42.50628424205949,141.66315689086915,140.87227021713716,-1.3332385443458463,-0.3907883628990061,135.02941797164004,141.66315689086915,148.29689581009825,0.0152514486095436,-0.0390725791942554,-0.0512539475599791,0.0151363144333318,0.019201256904676,0.0157957277245042,1.2155211661267415,0.7942529196049695,-0.0390725791942554,-0.0512539475599791,0.0121813683657237,137.91017456054686,139.4772186279297,141.66315689086915,0.9887648744160644,0.984569465265952,-0.0273291971360926,0.1287056037461893,33031590.0,1.2755365394157148,-0.0180009371853201,0.0095222672897867,-0.0443874071225809,0.0108028878500618,0.0042698252797437,0.0055120229410394,0.0025423039912693,3,2,0,1,0,xg_GOOGL,0.70449543,4.2051787
2024-03-01,136.0158233642578,137.7316378191588,135.79762555684746,137.29524220433814,31151100,40.42878470316671,141.46380310058598,140.4097514692439,-1.5361208553433985,-0.6198548613878846,134.39464222107156,141.46380310058598,148.5329639801004,-0.0095335061088486,-0.0473744034823996,-0.0394340398513946,-0.0095792408855048,0.0183975189755214,0.0158007250073824,1.1642728225511008,-0.5181670395064197,-0.0473744034823996,-0.0394340398513946,-0.007940363631005,136.5573516845703,138.91883392333983,141.46380310058595,0.9830009929389943,0.9820097500458363,-0.0360726516566818,-0.2606484228514466,32387630.0,0.9618209174304831,0.0152514486095436,-0.0180009371853201,0.0095222672897867,-0.000901910626177,0.0101334099671326,-0.021721344354155,0.0211774116185274,4,3,1,0,0,xg_GOOGL,0.5173087,3.0878491
2024-03-04,132.25689697265625,134.54795880340606,130.82869865382304,134.54795880340606,55999400,35.1211318861997,141.01600341796876,139.63328913623556,-1.9774259581006677,-0.8913690807304412,132.8330224776559,141.01600341796876,149.19898435828162,-0.0276359492493381,-0.0306753063085258,-0.051024735075182,-0.0280250068341523,0.019595353283756,0.0166556623039443,1.1764273613877498,-1.4102597993192107,-0.0306753063085258,-0.051024735075182,0.0203494287666561,135.72026977539062,138.20771179199218,141.01600341796876,0.9820021474608792,0.9800852984206844,-0.040041266382297,0.7976700662255907,34840680.0,1.607299283481218,-0.0095335061088486,0.0152514486095436,-0.0180009371853201,-0.0443874071225809,0.0108028878500618,-0.0157595855806693,-0.0098656464307695,0,3,0,0,0,xg_GOOGL,0.75475967,4.5052094
2024-03-05,131.5824737548828,132.14780860687847,129.59886818360178,130.79895621305897,40194800,34.2522625707555,140.4700164794922,138.86654481420197,-2.3544431932103578,-1.1839839032264243,131.3061719549003,140.4700164794922,149.63386100408408,-0.0050993425160494,-0.0447147068304857,-0.0598780414947602,-0.0051123885327335,0.0193224213792,0.016406092595042,1.177687104968184,-0.2638943909559662,-0.0447147068304857,-0.0598780414947602,0.0151633346642745,134.48845520019532,137.36963958740233,140.4700164794922,0.9790260468334864,0.977928550378276,-0.0454586474064894,-0.2822280238716843,36345690.0,1.1059027906747374,-0.0276359492493381,-0.0095335061088486,0.0152514486095436,0.0095222672897867,-0.000901910626177,0.0042698252797437,-0.0162002913255563,1,3,0,0,0,xg_GOOGL,0.53920645,3.218558
2024-03-06,130.32289123535156,132.48502936431544,129.77741176310514,132.02879338468463,35318600,32.628716054580934,139.8402206420899,138.05286352097812,-2.7234753226382793,-1.4918821871087955,129.7051233565367,139.8402206420899,149.9753179276431,-0.0095725705984039,-0.036515620954737,-0.0782182180107922,-0.0096186821590649,0.018482551695679,0.0163725153537103,1.1288077908993897,-0.5178967092478114,-0.036515620954737,-0.0782182180107922,0.0417025970560551,133.50061950683593,136.26377868652344,139.84022064208983,0.979721983300902,0.9744247975357532,-0.0486453383220691,-0.1213141998467463,37555220.0,0.9404444974626448,-0.0050993425160494,-0.0276359492493381,-0.0095335061088486,-0.0180009371853201,-0.0443874071225809,0.0101334099671326,0.0055120229410394,2,3,0,0,1,xg_GOOGL,0.6323294,3.7744153
2024-03-07,133.2784423828125,133.83384943472203,130.531144857788,131.7014646980678,37738200,39.83506757307913,139.28679428100588,137.59815674591474,-2.745795841650306,-1.742664918017098,128.98052160071737,139.28679428100588,149.5930669612944,0.0226786800035265,-0.0294670996869684,-0.0673883232950798,0.0224253418378452,0.0201298974087141,0.0171878952014132,1.1710989666781515,1.1265608056653054,-0.0294670996869684,-0.0673883232950798,0.0379212236081113,132.6913055419922,135.30074005126954,139.28679428100585,0.9807138193901336,0.9713823966563936,-0.049486538266028,0.0685078117479174,38609850.0,0.9774241547169704,-0.0095725705984039,-0.0050993425160494,-0.0276359492493381,0.0152514486095436,0.0095222672897867,0.0108028878500618,-0.021721344354155,3,3,0,0,1,xg_GOOGL,0.30951095,1.8474909
2024-03-08,134.30001831054688,136.9580425014898,132.90157275617153,133.10985799917378,39370400,42.13886567787879,138.76609802246097,137.28404832349875,-2.6504990706677916,-1.9242317485472369,128.56255928724852,138.76609802246097,148.9696367576734,0.0076649749912303,-0.0126147459264053,-0.0593915333454594,0.0076357483232012,0.020584444540123,0.0173256178100174,1.188024389169713,0.3723492575684012,-0.0126147459264053,-0.0593915333454594,0.0467767874190541,132.34814453125,134.45274810791017,138.76609802246094,0.984346890589614,0.968916399783378,-0.0477881803140969,0.0432506054872781,40597510.0,0.9697737619868566,0.0226786800035265,-0.0095725705984039,-0.0050993425160494,-0.0095335061088486,-0.0180009371853201,-0.000901910626177,-0.0157595855806693,4,3,0,0,1,xg_GOOGL,0.6921858,4.131702
2024-03-11,136.5414581298828,137.95974367590222,135.01408882941428,135.01408882941428,32437800,46.93965014067073,138.2042404174805,137.21332544791628,-2.3668269246727505,-2.0127507837723395,128.89162384889676,138.2042404174805,147.51685698606423,0.0166897953368327,0.0323957483904402,0.0007266925769437,0.0165520512040826,0.0165691225516058,0.0170143320908779,0.9737760311177646,1.0072222027842102,0.0323957483904402,0.0007266925769437,0.0316690558134964,133.2050567626953,134.46266326904296,138.20424041748046,0.9906471694389144,0.9729271899535418,-0.0366129359042714,-0.1760866031333184,38477110.0,0.8430414862238655,0.0076649749912303,0.0226786800035265,-0.0095725705984039,-0.0276359492493381,0.0152514486095436,-0.0443874071225809,0.0042698252797437,0,3,0,0,1,xg_GOOGL,0.33745855,2.014312
2024-03-12,137.36468505859375,138.23747634796243,135.90673376099352,135.90673376099352,27563400,48.62561707165229,137.75644073486328,137.22774064893318,-2.0519337570054006,-2.020587378418952,129.26172756238094,137.75644073486328,146.2511539073456,0.0060291353262673,0.0439436281953649,-0.0027360050869443,0.0060110328150955,0.016386484281526,0.0170875355282644,0.958916827859402,0.3679109753938331,0.0439436281953649,-0.0027360050869443,0.0466796332823092,134.3614990234375,134.42497711181642,137.75644073486328,0.99952778055282,0.9758162768631716,-0.0247148072299489,-0.1502691304589091,37923530.0,0.7268152516392665,0.0166897953368327,0.0076649749912303,0.0226786800035265,-0.0050993425160494,-0.0095335061088486,0.0095222672897867,0.0101334099671326,1,3,0,0,1,xg_GOOGL,0.4141835,2.4722881
2024-03-13,138.64410400390625,139.9334506450809,137.85067388660744,137.86058646627538,23347200,51.21979894964854,137.49113388061525,137.36263239702586,-1.6797768151099888,-1.9524252657571597,129.4940587553122,137.49113388061525,145.4882090059183,0.0093140310755035,0.0638507378840094,0.0250035675870194,0.009270922954915,0.015322849412634,0.0170033920124532,0.9011112776870984,0.6078127515286332,0.0638507378840094,0.0250035675870194,0.0388471702969899,136.02574157714844,134.7631805419922,137.49113388061522,1.0093687387762629,0.9801590599944304,-0.0105694527293097,-0.1529637127495157,36525390.0,0.6392046737899133,0.0060291353262673,0.0166897953368327,0.0076649749912303,-0.0095725705984039,-0.0276359492493381,-0.0180009371853201,0.0108028878500618,2,3,0,0,1,xg_GOOGL,0.5032643,3.0040174
2024-03-14,141.92698669433594,142.41296038062768,139.30862790840655,140.03263971476812,42753400,57.19286400864246,137.35029830932618,137.7973328062935,-1.1071757278914447,-1.7833753581840166,129.80453394662288,137.35029830932618,144.89606267202947,0.023678487549223,0.0648907967177649,0.0335115534551473,0.0234025003135052,0.0162979511894734,0.0178739688886813,0.9117750800558592,1.4527614245826832,0.0648907967177649,0.0335115534551473,0.0313792432626176,137.7554504394531,135.22337799072267,137.35029830932618,1.0187251086783542,0.9845146290558942,0.0028546518147355,0.8312003152412282,36587430.0,1.1685270050396772,0.0093140310755035,0.0060291353262673,0.0166897953368327,0.0226786800035265,-0.0050993425160494,0.0152514486095436,-0.000901910626177,3,3,0,0,0,xg_GOOGL,0.39139754,2.3362772
2024-03-15,140.022705078125,142.00631057950346,138.88213796831596,141.33189197321508,49475400,53.12894238179172,137.2714500427246,138.0092730226584,-0.7978477602482599,-1.5862698385968654,129.8812942458263,137.2714500427246,144.66160583962292,-0.0134173328171346,0.0426112136064296,0.0294589380467633,-0.0135081585682579,0.0166827043876259,0.017454637098178,0.9557201661443354,-0.8042178466723551,0.0426112136064296,0.0294589380467633,0.0131522755596662,138.89998779296874,135.6240661621094,137.2714500427246,1.024154427186571,0.9879990786131968,0.0116305262731176,0.1572272614575682,38419860.0,1.287755863764176,0.023678487549223,0.0093140310755035,0.0060291353262673,0.0076649749912303,-0.0095725705984039,-0.0095335061088486,-0.0443874071225809,4,3,0,0,1,xg_GOOGL,0.30009326,1.7912761
2024-03-18,146.46942138671875,150.9027808454485,145.96360743742733,147.39180580449582,69273700,62.77289046850721,137.6265151977539,138.8150014382832,-0.0321365386428453,-1.2754431786060616,129.20219393292172,137.6265151977539,146.05083646258606,0.0460405068234957,0.0727102478090728,0.1074614990929425,0.045012090345593,0.0178607395260203,0.0198946631874832,0.8977202397182132,2.57760487193454,0.0727102478090728,0.1074614990929425,-0.0347512512838696,140.88558044433594,137.04531860351562,137.62651519775392,1.028021838906665,0.9957770013038316,0.0222508235215677,0.4001645262089846,39747290.0,1.7428534121445327,-0.0134173328171346,0.023678487549223,0.0093140310755035,0.0166897953368327,0.0226786800035265,-0.0276359492493381,0.0095222672897867,0,3,0,0,0,xg_GOOGL,0.41069484,2.4514642
2024-03-19,145.8247528076172,147.57032014783982,144.882543249734,146.9454947247472,24070400,61.41211401514899,137.9195930480957,139.48259680679118,0.5167193356626001,-0.9170106757523292,128.7758660892833,137.9195930480957,147.06332000690807,-0.0044013868082366,0.0615883751010293,0.1082384199529906,-0.0044111014268306,0.0177946807845782,0.0199525095421494,0.8918070651676121,-0.2473289368086946,0.0615883751010293,0.1082384199529906,-0.0466500448519613,142.5775939941406,138.46954650878905,137.9195930480957,1.0296675159912567,1.0039874933542008,0.031942457342548,-0.6525319132657849,38134850.0,0.6311916790022609,0.0460405068234957,-0.0134173328171346,0.023678487549223,0.0060291353262673,0.0076649749912303,-0.0050993425160494,-0.0180009371853201,1,3,0,0,1,xg_GOOGL,0.45708284,2.728357
2024-03-20,147.520751953125,147.63976344475105,145.53714637957398,146.7868124427757,21311500,63.64493252142227,138.2265556335449,140.2481353921563,1.0761394614904418,-0.5183806483037752,128.22182298375398,138.2265556335449,148.23128828333583,0.0116303927341148,0.0640247056518801,0.1319634682345685,0.0115632795835036,0.0163453118138263,0.0199864471644562,0.8177788628701552,0.7114995031648297,0.0640247056518801,0.1319634682345685,-0.0679387625826883,144.35292358398436,140.1893325805664,138.22655563354493,1.029699770494486,1.0141997095856532,0.041528855224288,-0.1146179540015953,36734140.0,0.5801551363390954,-0.0044013868082366,0.0460405068234957,-0.0134173328171346,0.0093140310755035,0.0166897953368327,-0.0095725705984039,0.0152514486095436,2,3,0,0,0,xg_GOOGL,0.2639629,1.5756116
2024-03-21,146.39010620117188,149.13738918978584,145.6958321016332,148.24477268139387,24755600,61.1064448227254,138.4006195068359,140.83308499301495,1.4119739221798966,-0.1323097342070408,127.94204337398924,138.4006195068359,148.85919563968258,-0.0076643166265338,0.0314465882126282,0.0983779790935659,-0.0076938384409697,0.0170650822928223,0.0200003822214,0.8531951494114238,-0.4490964296918527,0.0314465882126282,0.0983779790935659,-0.0669313908809376,145.24554748535155,141.50049896240233,138.40061950683594,1.0264666806860117,1.022397872687364,0.0467581324731685,0.1616075827604814,35435880.0,0.6986026592256014,0.0116303927341148,-0.0044013868082366,0.0460405068234957,0.023678487549223,0.0060291353262673,0.0226786800035265,-0.0095335061088486,3,3,0,0,1,xg_GOOGL,0.40818653,2.4364917
2024-03-22,149.5341033935547,150.3374611918101,147.75876801352786,147.89761979182254,29211800,65.25625421315841,138.73832778930662,141.66175341211397,1.9098044133126564,0.2761130952968986,127.29456398536097,138.73832778930662,150.1820915932523,0.0214768420760778,0.0679275429661414,0.1134332316156612,0.0212494645105598,0.0174495946849428,0.0204852810815777,0.8517697582815236,1.2307226466390262,0.0679275429661414,0.1134332316156612,-0.0455056886495197,147.1478271484375,143.02390747070314,138.73832778930665,1.0288337785665596,1.0308896593297905,0.0562380030259593,0.1800077558209052,34420020.0,0.8486863168585943,-0.0076643166265338,0.0116303927341148,-0.0044013868082366,-0.0134173328171346,0.0093140310755035,0.0076649749912303,-0.0276359492493381,4,3,0,0,0,xg_GOOGL,0.10316863,0.6158202
2024-03-25,148.83984375,149.14730017654827,146.60828759558476,148.71090455162476,19229300,63.641467575490225,139.3582046508789,142.34538106334122,2.222695858864597,0.6654296480104384,127.12242723974386,139.3582046508789,151.59398206201394,-0.0046428181117151,0.016183735422991,0.0900707066451462,-0.0046536294681454,0.0179646241560361,0.0173900286793228,1.0329822627108471,-0.2584278771163802,0.016183735422991,0.0900707066451462,-0.0738869712221552,147.62191162109374,144.25374603271484,139.35820465087892,1.0233488951310494,1.0351291938217797,0.0555207984771539,-0.3417283426560499,33099170.0,0.5809601872191786,0.0214768420760778,-0.0076643166265338,0.0116303927341148,0.0460405068234957,0.023678487549223,0.0166897953368327,-0.0050993425160494,0,3,0,0,1,xg_GOOGL,0.6016433,3.591248
2024-03-26,149.43492126464844,151.011884033954,148.7505749332153,148.98861304571224,22149100,64.45341369137411,139.94287338256834,143.0205753682276,2.489979432942903,1.0303396049969311,126.9389665517674,139.94287338256834,152.9467802133693,0.0039981062842819,0.024756897491841,0.0878700096819358,0.0039901350967248,0.0180109076846523,0.0173498921640864,1.0380392843390511,0.2219701740803786,0.024756897491841,0.0878700096819358,-0.0631131121900947,148.3439453125,145.4607696533203,139.94287338256837,1.0198209844898471,1.03942963394547,0.0562189336925697,0.151841200667731,32557740.0,0.6803021339933092,-0.0046428181117151,0.0214768420760778,-0.0076643166265338,-0.0044013868082366,-0.0134173328171346,0.0060291353262673,-0.0095725705984039,1,3,0,0,1,xg_GOOGL,0.38507292,2.298525
2024-03-27,149.63328552246094,150.39697792574609,147.6794327705728,149.94074197303146,22879200,64.73611355724456,140.66143417358398,143.65035728767842,2.6868377359585907,1.361639231189263,127.16757484312627,140.66143417358398,154.1552935040417,0.0013274290649987,0.0143202467542138,0.0792618019893949,0.0013265488099358,0.0181523093512305,0.0165674239817758,1.0955966222977436,0.0731232547914872,0.0143202467542138,0.0792618019893949,-0.064941555235181,148.76645202636718,146.55968780517577,140.66143417358398,1.0150571023604045,1.041932272809852,0.0541658750891129,0.0329629646351319,32510940.0,0.7037384954110616,0.0039981062842819,-0.0046428181117151,0.0214768420760778,0.0116303927341148,0.0460405068234957,0.0093140310755035,0.0226786800035265,2,3,0,0,0,xg_GOOGL,0.5207658,3.1084847
2024-03-28,149.69277954101562,150.1886809085542,148.93901491049212,149.61344863987313,24485400,64.82646566294065,141.27982254028322,144.22582607371052,2.8151981772834063,1.652351020408092,127.30476549372676,141.27982254028322,155.25487958683968,0.0003975988253346,0.0225607687947515,0.0547168162134283,0.000397519803867,0.0173658248475359,0.0164250009292292,1.0572156255412275,0.0228941576151754,0.0225607687947515,0.0547168162134283,-0.0321560474186768,149.42698669433594,147.33626708984374,141.2798225402832,1.0141901219963534,1.0428684325947088,0.0544258993588961,0.0702035036190076,30684140.0,0.7979822800964669,0.0013274290649987,0.0039981062842819,-0.0046428181117151,-0.0076643166265338,-0.0044013868082366,0.023678487549223,0.0076649749912303,3,3,0,0,1,xg_GOOGL,0.18247937,1.0892311
2024-04-01,154.2154083251953,154.46335900189007,149.37540627332734,149.45475230591467,31730800,70.92505427062221,142.18980178833007,145.17721485956622,3.244462948258388,1.9707734059781512,127.3166964951471,142.18980178833007,157.06290708151306,0.0302127383701931,0.0313059350703432,0.1013600132860708,0.0297653230216434,0.0175716547183868,0.0170374022407172,1.0312970940664388,1.7193041606047477,0.0313059350703432,0.1013600132860708,-0.0700540782157275,150.36324768066407,148.7555374145508,142.18980178833007,1.0108077339106574,1.0461758546931148,0.0530001896768874,0.2959069486306125,28909680.0,1.0975839234470566,0.0003975988253346,0.0013274290649987,0.0039981062842819,0.0214768420760778,0.0116303927341148,-0.0134173328171346,0.0166897953368327,0,4,1,0,0,xg_GOOGL,0.17228508,1.0283808
2024-04-02,153.29302978515625,153.43188156405296,150.90278153856184,152.24172129726563,24586000,68.32319139931504,143.24160842895506,145.95014961438432,3.4702275098082396,2.270664226744169,128.35086867332512,143.24160842895506,158.132348184585,-0.0059811049366353,0.029919314096003,0.0465872557823612,-0.0059990633881614,0.0126833844051544,0.0153641089982427,0.8254666079235156,-0.4715329294344692,0.029919314096003,0.0465872557823612,-0.0166679416863582,151.2538848876953,149.43789825439453,143.2416084289551,1.0121521157250843,1.0432576113421168,0.0522677154334388,-0.2251692361995285,24440910.0,1.0059363583434084,0.0302127383701931,0.0003975988253346,0.0013274290649987,-0.0046428181117151,-0.0076643166265338,0.0460405068234957,0.0060291353262673,1,4,0,0,1,xg_GOOGL,0.24587384,1.4676368
2024-04-03,153.6500701904297,153.8087622521674,151.47801988823227,152.34089851536356,24705000,68.80031164237272,144.34498825073243,146.6834753835315,3.636043679992355,2.5437401173938063,129.82611607471466,144.34498825073243,158.8638604267502,0.0023291365939719,0.0282072549716558,0.0536624765833564,0.0023264283597521,0.0123240514580894,0.0151310573454534,0.8144333038621706,0.1889758109239554,0.0282072549716558,0.0536624765833564,-0.0254552216117005,152.09691467285157,150.22042999267578,144.34498825073243,1.0124915411323698,1.0407041616972352,0.0504518248023682,0.0048401529325632,24504370.0,1.0081875192057168,-0.0059811049366353,0.0302127383701931,0.0003975988253346,0.0039981062842819,0.0214768420760778,-0.0044013868082366,0.0093140310755035,2,4,0,0,0,xg_GOOGL,0.082941204,0.49508142
2024-04-04,149.29605102539062,153.501299690698,149.216704997701,152.24170609339924,34724700,57.43850917198543,145.29364624023438,146.9322921113276,3.3771910744640934,2.710430308807864,132.22553630343938,145.29364624023438,158.36175617702938,-0.0283372416273081,-0.0022537398406565,0.0120342328029192,-0.0287464911316934,0.0159835354939526,0.0167644252794494,0.953362961424233,-1.77279106033634,-0.0022537398406565,0.0120342328029192,-0.0142879726435758,152.0294677734375,150.39795989990233,145.29364624023438,1.010847938859151,1.0351310177131097,0.045117211653894,0.4055737704918032,25845690.0,1.343539290303283,0.0023291365939719,-0.0059811049366353,0.0302127383701931,0.0013274290649987,-0.0046428181117151,0.0116303927341148,0.023678487549223,3,4,0,0,1,xg_GOOGL,0.30821532,1.8397572
2024-04-05,151.24993896484375,152.16239579697978,148.37371667079992,148.80018464435562,23459200,60.584234464846126,146.19222106933594,147.34349657356722,3.291765523143738,2.8266973516750387,134.17340094082883,146.19222106933594,158.21104119784306,0.0130873383859351,0.0104023682946008,0.0331978225153646,0.0130024391077112,0.0160357134179023,0.0164245831280034,0.9762644828458787,0.8160860673188375,0.0104023682946008,0.0331978225153646,-0.0227954542207637,152.3408996582031,150.88394317626953,146.19222106933594,1.0096561400190311,1.0320928300604202,0.0406524368270744,-0.3244232491569402,25716050.0,0.912239632447405,-0.0283372416273081,0.0023291365939719,-0.0059811049366353,0.0003975988253346,0.0039981062842819,-0.0076643166265338,-0.0134173328171346,4,4,0,0,1,xg_GOOGL,0.2692733,1.6073098
2024-04-08,153.5806884765625,153.99724388762522,151.3590444838497,151.5276491644909,20702000,64.00214879531939,147.1562545776367,147.93751485004296,3.3732524109569795,2.936008363531427,136.0992260517514,147.1562545776367,158.213283103522,0.0154099203455579,-0.004115800460706,0.0270612856276519,0.0152923933726958,0.0153764683860135,0.0165450607407882,0.9293129420290686,1.0021103577474386,-0.004115800460706,0.0270612856276519,-0.031177086088358,152.21395568847657,151.28860168457032,147.15625457763673,1.0061164819662725,1.0280813555549788,0.0329318820029361,-0.1175317146364752,24865070.0,0.8325735660506554,0.0130873383859351,-0.0283372416273081,0.0023291365939719,0.0302127383701931,0.0013274290649987,0.0214768420760778,0.0460405068234957,0,4,0,0,1,xg_GOOGL,0.28360596,1.6928624
2024-04-09,155.31634521484375,157.26027048681237,153.91789944854148,154.81051603391515,31079500,66.34272647633469,148.09499893188473,148.6402605990716,3.5371107390957093,3.0562288386442837,137.66212290429846,148.09499893188473,158.527874959471,0.0113012694206415,0.0131990047592067,0.0435132240243549,0.0112378871616689,0.0153478587483871,0.01641994550263,0.9346513418444076,0.7362937926462544,0.0131990047592067,0.0435132240243549,-0.0303142192651482,152.61861877441407,151.93625183105468,148.09499893188476,1.0044911397716862,1.0259377624286736,0.0291252014478704,0.5012800695584967,26050090.0,1.1930668953542505,0.0154099203455579,0.0130873383859351,-0.0283372416273081,-0.0059811049366353,0.0003975988253346,-0.0046428181117151,-0.0044013868082366,1,4,0,0,0,xg_GOOGL,0.50746363,3.0290833
2024-04-10,154.86009216308594,155.32624070054823,153.41205338281176,154.92952562487014,22838600,65.14365456978352,148.96976928710936,149.23262550993013,3.588784561980475,3.162739983311522,139.4294319588232,148.96976928710936,158.51010661539553,-0.0029375726754753,0.0078751800839178,0.0363045722681485,-0.0029418958105118,0.0155224767079051,0.0165578848627428,0.9374107517850052,-0.1892341986753151,0.0078751800839178,0.0363045722681485,-0.0284293921842306,152.86062316894532,152.47876892089843,148.9697692871094,1.0025043109329206,1.0235551122256634,0.025124961683081,-0.265155488344407,26119040.0,0.8744042660066804,0.0113012694206415,0.0154099203455579,0.0130873383859351,0.0023291365939719,0.0302127383701931,0.0039981062842819,0.0116303927341148,2,4,0,0,1,xg_GOOGL,0.31729102,1.8939307
2024-04-11,158.10328674316406,158.37106260079813,155.1774715327962,155.62377976256258,27166400,69.38015115981943,149.94272842407224,150.07745038928573,3.847088297842504,3.2996096462177187,140.87915807449326,149.94272842407224,159.00629877365122,0.0209427395707775,0.0589917526772063,0.0566050607732711,0.0207264549171588,0.0164062311330993,0.0168762791217242,0.9720898146420645,1.2764335067193893,0.0589917526772063,0.0566050607732711,0.0023866919039352,154.6220703125,153.32576904296874,149.94272842407227,1.008454555797258,1.0225622186180876,0.0295967401109708,0.1894949778007408,26547760.0,1.023302907665241,-0.0029375726754753,0.0113012694206415,0.0154099203455579,-0.0283372416273081,-0.0059811049366353,0.0013274290649987,-0.0076643166265338,3,4,0,0,0,xg_GOOGL,0.2144802,1.2802463
2024-04-12,156.43704223632812,158.90663651169768,155.85188225072014,156.66516776322655,25353700,65.00849939284207,150.66823120117186,150.68312580328976,3.8727017678689606,3.414228070547967,141.9915671398001,150.66823120117186,159.34489526254362,-0.010538961846775,0.0342949115020143,0.0450540280966897,-0.0105948900020349,0.0171426993674431,0.0168011285778205,1.0202695026433852,-0.614742572235555,0.0342949115020143,0.0450540280966897,-0.0107591165946754,155.65949096679688,154.0001953125,150.66823120117186,1.010774633440755,1.022114576409139,0.0319058689315076,-0.066725808351493,26634590.0,0.9519087772704236,0.0209427395707775,-0.0029375726754753,0.0113012694206415,0.0130873383859351,0.0023291365939719,0.0003975988253346,0.0214768420760778,4,4,0,0,0,xg_GOOGL,0.36443406,2.1753306
2024-04-15,153.59059143066406,157.93469279815042,153.3228004211546,157.5578028687453,27136500,58.2554975353145,151.34662551879882,150.9600272916111,3.6215686471487345,3.455696185868121,144.18517966020153,151.34662551879882,158.5080713773961,-0.0181955038587596,6.448046430707066e-05,-0.0040515853851237,-0.0183630778807497,0.0158786426824469,0.0171081446903136,0.928079279815584,-1.145838368194056,6.448046430707066e-05,-0.0040515853851237,0.0041160658494308,155.66147155761718,153.93771362304688,151.34662551879882,1.0111977623546582,1.0171202238263728,0.0280931663757947,0.0703171529204811,26175160.0,1.0367271871499149,-0.010538961846775,0.0209427395707775,-0.0029375726754753,0.0154099203455579,-0.0283372416273081,0.0302127383701931,-0.0046428181117151,0,4,0,0,0,xg_GOOGL,0.31302544,1.8684691
2024-04-16,153.1343231201172,154.3740764327273,152.17227333883514,152.92605303847483,20779500,57.229264014756446,151.67987060546875,151.16710308480216,3.347143018994984,3.4339855524934935,144.86197381534532,151.67987060546875,158.49776739559218,-0.0029706787785425,-0.0140488890059076,-0.0010353155995513,-0.002975100002942,0.0157870719532755,0.0141382503745082,1.1165423579837193,-0.1881596934276815,-0.0140488890059076,-0.0010353155995513,-0.0130135734063562,155.22506713867188,153.92184295654295,151.67987060546875,1.0084667916982832,1.0147809484681445,0.0231508943323065,-0.2342601293460836,25794510.0,0.805578396333142,-0.0181955038587596,-0.010538961846775,0.0209427395707775,0.0113012694206415,0.0130873383859351,-0.0059811049366353,0.0039981062842819,1,4,0,0,1,xg_GOOGL,0.575755,3.436719
2024-04-17,154.19558715820312,155.792390319514,153.3128832450381,154.3443515291876,21763100,59.03681606027935,152.09841232299803,151.4555301394118,3.1786523444882846,3.382918910892452,145.78484237608097,152.09841232299803,158.4119822699151,0.0069302819672469,-0.0042910022563011,0.0035503854121077,0.006906377940723,0.0159286199936266,0.0140815667055596,1.1310878426258937,0.4350563271452637,-0.0042910022563011,0.0035503854121077,-0.0078413876684089,155.0921661376953,153.9763946533203,152.09841232299806,1.0072463801148686,1.0123471527522203,0.019415301500332,0.0473351139344064,25500320.0,0.8534441920728504,-0.0029706787785425,-0.0181955038587596,-0.010538961846775,-0.0029375726754753,0.0154099203455579,0.0023291365939719,0.0013274290649987,2,4,0,0,1,xg_GOOGL,0.25526386,1.5236865
2024-04-18,154.7311553955078,155.65353990489737,153.35255005525875,154.0666493097183,19883000,59.95652807686255,152.4589324951172,151.76749444951616,3.0531434150786936,3.3169638117297,146.42887791321775,152.4589324951172,158.48898707701667,0.0034733045684063,-0.021328660631415,0.0364048769728868,0.0034672865769458,0.0122995641157347,0.01393239100698,0.882740182169086,0.2823695349031456,-0.021328660631415,0.0364048769728868,-0.0577335376043018,154.41773986816406,154.51990509033203,152.45893249511718,0.9993388216093696,1.0135182147840427,0.0126594244581188,-0.086389347105881,24016150.0,0.8279012248007767,0.0069302819672469,-0.0029706787785425,-0.0181955038587596,0.0209427395707775,0.0113012694206415,-0.0283372416273081,0.0003975988253346,3,4,0,0,0,xg_GOOGL,0.318193,1.8993145
2024-04-19,152.82688903808594,155.07828562000708,151.0515686940003,154.91959354072858,32615600,55.2100260279615,152.7807716369629,151.8683891722371,2.768109263352841,3.2071929020543286,147.4703938626082,152.7807716369629,158.0911494113176,-0.0123069355525354,-0.0230773552518869,0.0104261203940632,-0.0123832930148868,0.0127479753184578,0.0141473376034379,0.9010228392740756,-0.9653274279006264,-0.0230773552518869,0.0104261203940632,-0.0335034756459501,153.69570922851562,154.67760009765624,152.7807716369629,0.9936520163971984,1.0124153611764743,0.0059867579410369,0.6403762007745311,24931790.0,1.308193274530176,0.0034733045684063,0.0069302819672469,-0.0029706787785425,-0.010538961846775,-0.0029375726754753,0.0130873383859351,0.0302127383701931,4,4,0,0,1,xg_GOOGL,0.12741393,0.760542
2024-04-22,154.99891662597656,156.3477688326678,152.79711353661722,153.04506419862878,26446200,59.17954068113379,153.05401229858398,152.16653464402182,2.686513661309874,3.103057053905438,147.88657099279902,153.05401229858398,158.22145360436895,0.0142123392130906,0.0091693454800469,0.0092344171880078,0.0141122907542783,0.0126035264321949,0.0137143144600595,0.918938203633448,1.1275583648100334,0.0091693454800469,0.0092344171880078,-6.507170796088424e-05,153.9773742675781,154.81942291259764,153.05401229858398,0.9945610916952268,1.0115345595159546,0.0059572156315277,-0.1891548829394522,25506210.0,1.0368533780596554,-0.0123069355525354,0.0034733045684063,0.0069302819672469,-0.0181955038587596,0.0209427395707775,0.0154099203455579,-0.0059811049366353,0,4,0,0,1,xg_GOOGL,0.18959625,1.1317123
2024-04-23,156.9626922607422,157.66687884737183,154.99892712206798,155.67336083793805,21151600,62.42218515666742,153.46015472412108,152.62331155989995,2.7486244093622645,3.0321705249968036,148.4118373405345,153.46015472412108,158.50847210770766,0.0126696087786495,0.0250000722412966,0.0105999599953314,0.012590020812623,0.0127346458389002,0.0138264728185923,0.92096697682727,0.9948147851246744,0.0250000722412966,0.0105999599953314,0.0144001122459651,154.74304809570313,154.9840576171875,153.46015472412108,0.9984449399171128,1.009930283830392,0.0081732375579474,-0.200202675620694,24513420.0,0.8628579773854134,0.0142123392130906,-0.0123069355525354,0.0034733045684063,-0.0029706787785425,-0.010538961846775,0.0113012694206415,0.0023291365939719,1,4,0,0,1,xg_GOOGL,0.19266243,1.1500145
2024-04-24,157.82557678222656,158.2619724145378,155.8816367293061,156.19902087415394,22779100,63.78354483238008,153.87968749999996,153.11876539059773,2.8347974141443615,2.9926959028263154,148.8452708920344,153.87968749999996,158.91410410796553,0.0054973860925562,0.0235414624434038,0.0191494437186412,0.0054823306175997,0.0127147812852893,0.0138376489872789,0.9187877586155484,0.4323278270691906,0.0235414624434038,0.0191494437186412,0.0043920187247625,155.46904602050782,155.28060607910157,153.8796875,1.0012135446026675,1.0091039863796292,0.0100703482471721,0.0769445337468559,24507470.0,0.9294757884024368,0.0126696087786495,0.0142123392130906,-0.0123069355525354,0.0069302819672469,-0.0181955038587596,-0.0029375726754753,-0.0283372416273081,2,4,0,0,0,xg_GOOGL,0.3060373,1.8267565
2024-04-25,154.72122192382812,155.20721069723666,149.63326920623868,150.08950510920468,57109700,55.93279329160133,154.13408432006835,153.27138029852443,2.622365649538523,2.918629852168757,149.50528861770397,154.13408432006835,158.76288002243274,-0.0196695296268863,-6.419826475345669e-05,-0.0213914896331665,-0.0198655494951642,0.012465374385266,0.014725373870928,0.8464659728539473,-1.5778067478972624,-6.419826475345669e-05,-0.0213914896331665,0.021327291368413,155.46705932617186,154.94239959716796,154.13408432006835,1.003386159826929,1.0052442344642023,0.0086153340151343,1.5071095872971276,27501800.0,2.076580442007357,0.0054973860925562,0.0126696087786495,0.0142123392130906,0.0034733045684063,-0.0029706787785425,0.0209427395707775,0.0130873383859351,3,4,0,0,1,xg_GOOGL,0.27206162,1.6239535
2024-04-26,170.5404815673828,173.27786687075127,168.2593321924788,172.94064243070838,64665300,73.6985021616237,155.17646942138674,154.91605660984428,3.6879812397230296,3.0725001296796117,146.84787998670214,155.17646942138674,163.50505885607134,0.1022436317840276,0.1159062560311783,0.0901540909329436,0.0973477677695244,0.0348657279650847,0.0268456092044924,1.298701362973256,2.932412582173286,0.1159062560311783,0.0901540909329436,0.0257521650982346,159.00977783203126,156.35274353027344,155.1764694213867,1.0169938450823752,1.0075802350270808,0.0224774104975771,0.1322997669397667,31432960.0,2.0572450065153887,-0.0196695296268863,0.0054973860925562,0.0126696087786495,-0.0123069355525354,0.0069302819672469,-0.010538961846775,0.0154099203455579,4,4,0,0,0,xg_GOOGL,0.36491907,2.1782255
2024-04-29,164.78802490234375,168.1601634153097,163.8557430067843,167.67417460775002,45610000,63.649680654764154,155.70510025024416,155.8562440662728,4.021951540921776,3.262390411928045,146.35399551805966,155.70510025024416,165.05620498242865,-0.0337307401279161,0.0631559786962188,0.0729044231640621,-0.0343127466819161,0.0365279354658044,0.0277127827248732,1.31804221128646,-0.9233978405829047,0.0631559786962188,0.0729044231640621,-0.0097484444678432,160.96759948730468,157.4724868774414,155.70510025024413,1.0221950683523748,1.0113508589272722,0.0319349615372791,-0.2946758153136226,33280310.0,1.370480022571864,0.1022436317840276,-0.0196695296268863,0.0054973860925562,0.0142123392130906,0.0034733045684063,-0.0181955038587596,0.0113012694206415,0,4,0,0,0,xg_GOOGL,0.37430423,2.2342463
2024-04-30,161.44566345214844,166.72206177178046,161.26714620693434,164.25246727701446,33562900,58.646105903836386,156.11273193359375,156.38856972207049,3.9711478544844567,3.4041419004393276,146.49730880970253,156.11273193359375,165.72815505748497,-0.0202827933169055,0.028560743491576,0.0542748363834273,-0.0204913135693844,0.0374841564220475,0.0281559330904303,1.331258496856219,-0.5410886668989827,0.028560743491576,0.0542748363834273,-0.0257140928918513,161.86419372558595,158.30362091064453,156.11273193359375,1.022492049104494,1.0140340185577097,0.0356247524337926,-0.2641328655996492,34558650.0,0.9711866638308796,-0.0337307401279161,0.1022436317840276,-0.0196695296268863,0.0126696087786495,-0.0123069355525354,-0.0029706787785425,-0.0029375726754753,1,4,0,1,1,xg_GOOGL,0.44455665,2.6535873
2024-05-01,162.51678466796875,165.75005589531395,161.75309238141418,162.95318026028562,33493200,59.73841346290384,156.55606765747072,156.97220924072747,3.971534717318548,3.517620463815172,146.60689180081602,156.55606765747072,166.50524351412545,0.0066345617027847,0.0297240027971845,0.053965211736106,0.0066126498618697,0.0374833731449426,0.0281673418643551,1.3306915020218115,0.1769954022475064,0.0297240027971845,0.053965211736106,-0.0242412089389214,162.80243530273438,159.1357406616211,156.5560676574707,1.023041301883968,1.0164776303004397,0.0384352155257401,-0.0020766977823728,35731660.0,0.9373535962224836,-0.0202827933169055,-0.0337307401279161,0.1022436317840276,0.0054973860925562,0.0142123392130906,0.0069302819672469,0.0209427395707775,2,5,1,0,1,xg_GOOGL,0.39355284,2.3491423
2024-05-02,165.25416564941406,165.36326455481128,162.54654844018515,163.43916484164697,24294500,62.4669143842875,157.35397338867185,157.7609669939357,4.14494473410079,3.643085317872296,147.2972922144659,157.35397338867185,167.4106545628778,0.0168436816359487,0.0680769166286152,0.0680083479439446,0.0167033998798258,0.0376264106570111,0.027305903365026,1.3779083682261124,0.447643920797145,0.0680769166286152,0.0680083479439446,6.856868467064459e-05,164.90902404785157,160.18804168701172,157.35397338867188,1.0294715030605348,1.0180107831871494,0.04571776226935,-0.2746438082954152,36172810.0,0.6716232440885662,0.0066345617027847,-0.0202827933169055,-0.0337307401279161,-0.0196695296268863,0.0126696087786495,0.0034733045684063,-0.010538961846775,3,5,0,0,1,xg_GOOGL,0.04237861,0.25296065
2024-05-03,165.8690948486328,166.5831940285256,161.71343896761203,166.18646385430256,34662400,63.072338312872375,158.0849311828613,158.533169646764,4.282625626570422,3.7709933796119217,147.77436385525627,158.0849311828613,168.39549851046635,0.0037211116391662,-0.0273916590114956,0.0853397323771776,0.003714205430465,0.0370394036617685,0.0272479322951529,1.359297430833907,0.1004608824770176,-0.0273916590114956,0.0853397323771776,-0.1127313913886732,163.97474670410156,161.4922622680664,158.08493118286134,1.0153721571620218,1.0215538006039533,0.0355088181232018,0.426759143015909,36377490.0,0.952852986833315,0.0168436816359487,0.0066345617027847,-0.0202827933169055,0.1022436317840276,0.0054973860925562,-0.0123069355525354,-0.0181955038587596,4,5,0,0,1,xg_GOOGL,0.4693138,2.8013644
2024-05-06,166.7220458984375,166.76171134902742,164.66900697168114,166.08729275303767,21871300,63.941179704451905,158.7419990539551,159.31306262311386,4.409732100409144,3.8987411237713663,147.97519991137244,158.7419990539551,169.50879819653778,0.0051423144895259,0.0117364171167164,0.0756336207223284,0.0051291379430304,0.0370035555942545,0.0271372302736977,1.363521321068538,0.1389643628181921,0.0117364171167164,0.0756336207223284,-0.063897203605612,164.3615509033203,162.6645751953125,158.74199905395508,1.0104323618462732,1.024710386442999,0.0337061113848644,-0.369019456240768,35920000.0,0.6088891982182458,0.0037211116391662,0.0168436816359487,0.0066345617027847,-0.0337307401279161,-0.0196695296268863,0.0142123392130906,-0.0029706787785425,0,5,0,0,1,xg_GOOGL,0.2905649,1.7344006
2024-05-07,169.84620666503906,170.35202057689946,167.00965043305126,167.11874933173186,28039700,67.00349939925765,159.46849212646487,160.31621919853532,4.708284389209325,4.060649776858958,147.75568935436564,159.46849212646487,171.1812948985641,0.0187387381780614,0.0520332539955803,0.0820801059075562,0.0185653309626916,0.0371398703804794,0.0272866206430081,1.361051990071391,0.504531476675092,0.0520332539955803,0.0820801059075562,-0.0300468519119758,166.04165954589843,163.9529266357422,159.46849212646484,1.012739833030226,1.028121131952016,0.0387007019379409,0.2820317036481599,36608810.0,0.7659276551190611,0.0051423144895259,0.0037211116391662,0.0168436816359487,-0.0202827933169055,0.1022436317840276,0.0126696087786495,0.0069302819672469,1,5,0,0,0,xg_GOOGL,0.41613883,2.4839597
2024-05-08,167.99154663085938,168.75522381569002,167.35679350646177,167.6146567610361,19569100,63.55293416607434,160.12506484985352,161.04720276351856,4.740587126833759,4.196637246853919,148.03387919786633,160.12506484985352,172.2162505018407,-0.0109196435445705,0.0336873632718977,0.0644126893492058,-0.0109797004523306,0.0376473977644454,0.0274638690734024,1.3707473960217769,-0.2900427161041861,0.0336873632718977,0.0644126893492058,-0.0307253260773081,167.13661193847656,164.96952362060546,160.12506484985352,1.013136294936845,1.0302542189462625,0.0417374994709111,-0.3020931037065304,36287810.0,0.5392747592097583,0.0187387381780614,0.0051423144895259,0.0037211116391662,0.0066345617027847,-0.0337307401279161,0.0054973860925562,0.0034733045684063,2,5,0,0,1,xg_GOOGL,0.31124943,1.8578681
2024-05-09,168.56680297851562,169.2908147525702,166.80138015076668,168.00146814371735,15346700,64.16928783650896,160.6482406616211,161.76335516494686,4.757761149835943,4.308862027450323,148.03132839396483,160.6482406616211,173.26515292927735,0.0034243172302015,0.0200457115019376,0.0894872783612317,0.0034184676061306,0.0365301002450685,0.0271871920815848,1.3436016685276853,0.0937370406921645,0.0200457115019376,0.0894872783612317,-0.069441566859294,167.79913940429688,166.3540817260742,160.6482406616211,1.0086866379425674,1.0355176069215195,0.0424217498126674,-0.2157687374483241,32111510.0,0.4779189767158107,-0.0109196435445705,0.0187387381780614,0.0051423144895259,0.0168436816359487,-0.0202827933169055,-0.0196695296268863,-0.0123069355525354,3,5,0,0,0,xg_GOOGL,0.4055919,2.4210043
2024-05-10,167.2675323486328,168.45770778843482,164.8277059911993,166.65261946945532,29799900,61.634093178740514,161.18976516723632,162.28756251577408,4.613351560347439,4.369759934029747,148.4053041098008,161.18976516723632,173.97422622467184,-0.0077077491352102,0.0084309708283882,-0.0191916264611743,-0.0077376073589965,0.0164174490974004,0.0271172753027127,0.6054016678471489,-0.4694565905393942,0.0084309708283882,-0.0191916264611743,0.0276225972895626,168.07882690429688,166.02678680419922,161.18976516723632,1.0123596929121907,1.030008242967191,0.0411858873047867,0.941779014380942,28624970.0,1.041045632536871,0.0034243172302015,-0.0109196435445705,0.0187387381780614,0.0037211116391662,0.0066345617027847,0.1022436317840276,0.0142123392130906,4,5,0,0,1,xg_GOOGL,0.47484118,2.8343577
2024-05-13,167.75350952148438,167.89236129533526,162.65564420480408,162.91350746089623,31327600,62.23509177483242,161.89791107177732,162.8081288972703,4.486403746926101,4.393088696609018,149.31841649955174,161.89791107177732,174.47740564400289,0.0029053885474836,0.0061867260414691,0.0179957531555949,0.0029011760634736,0.0119960160744309,0.0266271271259069,0.4505016825896025,0.242175931869917,0.0061867260414691,0.0179957531555949,-0.0118090271141257,168.28511962890624,166.32333526611328,161.89791107177734,1.0117950037476953,1.0273346590146797,0.0380749623381851,0.0512652727022573,27196730.0,1.1518884807106902,-0.0077077491352102,0.0034243172302015,-0.0109196435445705,0.0051423144895259,0.0168436816359487,-0.0337307401279161,0.0126696087786495,0,5,0,0,1,xg_GOOGL,0.34085083,2.0345607
2024-05-14,168.9436798095703,169.8462239602229,167.41631020621995,168.37836010153808,25127100,63.73343838540665,162.68837890624997,163.39246707939412,4.430758460281766,4.400622649343568,150.44520170497748,162.68837890624997,174.93155610752245,0.0070947564166072,-0.0053137887103281,0.0464429715676089,0.0070697070419916,0.009176261155943,0.0265687289755471,0.3453652524791745,0.7730799304989611,-0.0053137887103281,0.0464429715676089,-0.051756760277937,168.1046142578125,167.07313690185546,162.68837890625,1.0061738073222566,1.0269518820279857,0.0320594138689743,-0.1979245138472145,26353150.0,0.9534761499099368,0.0029053885474836,-0.0077077491352102,0.0034243172302015,0.0187387381780614,0.0037211116391662,-0.0202827933169055,0.0054973860925562,1,5,0,0,1,xg_GOOGL,0.34655052,2.0685825
2024-05-15,171.0959014892578,171.23475328070515,169.11229582074708,169.23132245178067,26948400,66.33461601025846,163.53339462280272,164.12612749938114,4.508355951344242,4.422169309743703,151.42614593715103,163.53339462280272,175.6406433084544,0.0127392849623817,0.0184792325605518,0.0527891124527026,0.0126588229038695,0.0095240354810205,0.0266198170972865,0.3577664594672187,1.3374527567656629,0.0184792325605518,0.0527891124527026,-0.0343098798921508,168.7254852294922,167.93104858398436,163.53339462280277,1.0047307311673843,1.0268914735814358,0.0303460840469953,0.0724834939169263,25698670.0,1.0486301431163152,0.0070947564166072,0.0029053885474836,-0.0077077491352102,-0.0109196435445705,0.0051423144895259,0.0066345617027847,-0.0196695296268863,2,5,0,0,1,xg_GOOGL,-0.030855587,-0.184179
2024-05-16,172.752197265625,173.68449428030138,171.27442084056955,171.86949341563104,27867900,68.2234999089743,164.4344467163086,164.94765795330912,4.6499005894499135,4.467715565684945,152.4033467075763,164.4344467163086,176.4655467250409,0.0096805111165749,0.0248292914924821,0.0453727238084755,0.0096339551845101,0.0087920944473821,0.0266306832230833,0.3301366411478448,1.100921999019018,0.0248292914924821,0.0453727238084755,-0.0205434323159934,169.56256408691405,168.68085174560548,164.4344467163086,1.0052271039195269,1.025824303326316,0.0296848170487835,0.0341207641269982,26056010.0,1.0695382754304643,0.0127392849623817,0.0070947564166072,0.0029053885474836,0.0034243172302015,0.0187387381780614,0.0168436816359487,0.1022436317840276,3,5,0,0,1,xg_GOOGL,0.01536371,0.09170698
2024-05-17,174.6167755126953,174.82506073205244,172.26620802954864,172.75218165186905,24479300,70.24733432343547,165.52394104003906,165.86852629229827,4.8565483502454185,4.54548212259704,153.9822138858691,165.52394104003906,177.06566819420902,0.0107933692108317,0.0439370573647526,0.0527384602420684,0.010735536568589,0.009005939044172,0.0263008054937025,0.3424076360966286,1.1983393201506851,0.0439370573647526,0.0527384602420684,-0.0088014028773157,171.03241271972655,169.5556198120117,165.52394104003906,1.0087097844904944,1.0243570733432297,0.0315460623042314,-0.1215950968677224,25037700.0,0.9776976319709488,0.0096805111165749,0.0127392849623817,0.0070947564166072,-0.0077077491352102,-0.0109196435445705,0.0037211116391662,-0.0337307401279161,4,5,0,0,1,xg_GOOGL,0.035179883,0.20999101
2024-05-20,175.46975708007812,177.30459839219796,174.63664632446375,174.7457452424878,22554400,71.15248532101182,166.54748306274416,166.78292922446778,5.031150699830874,4.642615838043807,155.30897019594255,166.54748306274416,177.78599592954578,0.0048848775547387,0.0459975328123047,0.052468832987867,0.0048729852529438,0.0090064556627264,0.0262488589653558,0.3431049162821434,0.5423149152931992,0.0459975328123047,0.052468832987867,-0.0064713001755623,172.5756622314453,170.43039093017578,166.5474830627441,1.01258737534756,1.023314119169059,0.034354519371393,-0.078633784462791,25106010.0,0.8983665664117517,0.0107933692108317,0.0096805111165749,0.0127392849623817,0.0029053885474836,0.0034243172302015,0.0051423144895259,-0.0202827933169055,0,5,0,0,1,xg_GOOGL,0.015445536,0.09219541
2024-05-21,176.39212036132812,176.6896490712989,174.36883433127562,175.44989566739218,16989400,72.13951643900006,167.51895446777343,167.69809028512114,5.184191199009462,4.750930910236938,156.41069912672913,167.51895446777343,178.62720980881778,0.0052565370614212,0.0440883054054082,0.038540240755559,0.0052427696951884,0.0076564256426486,0.026209987037457,0.2921074903324772,0.6864626973515154,0.0440883054054082,0.038540240755559,0.0055480646498491,174.0653503417969,171.0849822998047,167.51895446777343,1.0174203954194498,1.0212873095069208,0.0371127455161465,-0.246736778632994,24000980.0,0.7078627622705111,0.0048848775547387,0.0107933692108317,0.0096805111165749,0.0070947564166072,-0.0077077491352102,0.0187387381780614,0.0066345617027847,1,5,0,0,0,xg_GOOGL,0.08183228,0.48846218
2024-05-22,174.93418884277344,175.69786612928917,173.7737813421162,175.19205213168274,17880000,68.16915404172006,168.3743850708008,168.38724252870708,5.128713392623553,4.826487406714261,157.78633571038517,168.3743850708008,178.96243443121645,-0.0082652871090171,0.0224335435279647,0.0413273307565269,-0.0082996339832996,0.0071157560885431,0.0264083401521788,0.2694408890013878,-1.161384064057364,0.0224335435279647,0.0413273307565269,-0.0188937872285621,174.8330078125,171.77924652099608,168.37438507080077,1.01777724232322,1.0202219681382272,0.036920300053548,0.0524209212803277,23832070.0,0.7502495586828694,0.0052565370614212,0.0048848775547387,0.0107933692108317,0.0127392849623817,0.0029053885474836,-0.0109196435445705,0.0168436816359487,2,5,0,0,0,xg_GOOGL,0.19217956,1.1471323
2024-05-23,172.12734985351562,176.78881919834342,171.53226222068352,175.6184993564693,21024900,61.18711954832378,169.24469146728518,168.7434432263079,4.8028936147721595,4.821768648325841,160.7218495240988,169.24469146728518,177.76753341047154,-0.0160451139244172,-0.0036170157138355,0.021122467841155,-0.0161752304650759,0.0095592518544572,0.0262385908712856,0.3643064368399921,-1.6783149825636172,-0.0036170157138355,0.021122467841155,-0.0247394835549905,174.70803833007812,172.1353012084961,169.24469146728515,1.0149460169036788,1.0170794706537054,0.031740143954127,0.1758892617449665,24399890.0,0.8616801141316268,-0.0082652871090171,0.0052565370614212,0.0048848775547387,0.0096805111165749,0.0070947564166072,0.0034243172302015,0.0037211116391662,3,5,0,0,1,xg_GOOGL,0.19397177,1.15783
2024-05-24,173.55557250976562,174.32917746118142,172.22654529374813,173.5456447964723,16579400,63.24973227730437,169.3954460144043,169.20174125330388,4.606820170347021,4.778778952730077,160.67179938487925,169.3954460144043,178.11909264392938,0.0082974765919852,-0.0060773256167047,0.0375927119438024,0.0082632417777661,0.0090549944554229,0.0132140683973512,0.6852022390771655,0.9162413507239384,-0.0060773256167047,0.0375927119438024,-0.0436700375605071,174.49579772949218,172.76410522460938,169.39544601440429,1.010023450777761,1.019886362292872,0.0293874269856757,-0.2114397690357623,23077840.0,0.718412121758331,-0.0160451139244172,-0.0082652871090171,0.0052565370614212,0.0107933692108317,0.0127392849623817,-0.0077077491352102,0.0051423144895259,4,5,0,0,1,xg_GOOGL,0.52800834,3.151716
2024-05-28,174.95401000976562,175.8168887472588,172.94065151179802,173.01999755281523,20572200,65.1998242000311,169.9037452697754,169.7495763729669,4.512258267502858,4.725474815684634,161.12594442204644,169.9037452697754,178.68154611750438,0.0080575776379714,-0.0029392362472875,0.0429230989492894,0.0080252886904448,0.009148689569003,0.0104559528579278,0.8748905817307049,0.8806394552738255,-0.0029392362472875,0.0429230989492894,-0.045862335196577,174.39264831542968,173.4841552734375,169.90374526977538,1.005236749376681,1.0210731670333522,0.0256576173670082,0.2408289805421184,22002300.0,0.9350022497647548,0.0082974765919852,-0.0160451139244172,-0.0082652871090171,0.0048848775547387,0.0096805111165749,0.0029053885474836,0.0187387381780614,1,5,0,0,0,xg_GOOGL,0.14313799,0.8543999
2024-05-29,174.4580841064453,175.39038104034756,173.2877642166244,173.9919356394942,23388700,63.90477490218073,170.55436630249028,170.19800568091725,4.347188519226165,4.64981755639294,162.51861472368012,170.55436630249028,178.59011788130044,-0.0028346072393118,-0.0109644141185052,0.0326404888486548,-0.0028386323466111,0.0093423441373377,0.00903854338965,1.0334973498810025,-0.3033825146163921,-0.0109644141185052,0.0326404888486548,-0.0436049029671601,174.00584106445314,174.035595703125,170.55436630249022,0.999829031305052,1.0204112593310015,0.019783977220895,0.1369080603921797,21828460.0,1.0714773282219143,0.0080575776379714,0.0082974765919852,-0.0160451139244172,0.0052565370614212,0.0107933692108317,0.0070947564166072,-0.0109196435445705,2,5,0,0,0,xg_GOOGL,0.22828998,1.3626777
2024-05-30,170.6991729736328,173.78368015073974,170.38178882747087,173.7638398581773,22931500,54.98923756970571,170.96348571777347,170.24573589927112,3.86846360021832,4.493546765158016,163.87318295764527,170.96348571777347,178.05378847790166,-0.0215462135335557,-0.0242091948815502,-0.0023187493807378,-0.0217817222174403,0.0115143091055519,0.0106469172631547,1.0813672590596928,-1.8710929368945464,-0.0242091948815502,-0.0023187493807378,-0.0218904455008124,173.158837890625,173.9959228515625,170.96348571777344,0.9951890541616216,1.0177373380114338,0.0128609420573505,-0.0195479013369703,21426770.0,1.0702266370525717,-0.0028346072393118,0.0080575776379714,0.0082974765919852,-0.0082652871090171,0.0048848775547387,0.0127392849623817,0.0034243172302015,3,5,0,0,1,xg_GOOGL,0.17532338,1.0465167
2024-05-31,171.08599853515625,171.64140573219544,168.05108411296985,170.451245290867,37638900,55.674575714329286,171.25507736206058,170.32576091221256,3.480167043507862,4.290870820827986,164.69343398878206,171.25507736206058,177.8167207353391,0.0022661244034449,-0.0060498887553057,-0.0096450219264464,0.0022635606160488,0.0110382551754626,0.0100991122205331,1.0928844090486771,0.2052787409500207,-0.0060498887553057,-0.0096450219264464,0.0035951331711406,172.95056762695313,173.8293029785156,171.25507736206055,0.9949448376280317,1.015031528735424,0.0099101637738296,0.6413623182085777,22403870.0,1.6800177826419418,-0.0215462135335557,-0.0028346072393118,0.0080575776379714,-0.0160451139244172,0.0052565370614212,0.0096805111165749,-0.0077077491352102,4,5,0,1,1,xg_GOOGL,0.4478357,2.6731603
2024-06-03,171.75047302246094,173.09932530985793,169.75695502874458,171.12563247401937,27459100,56.88887494846265,171.54914627075198,170.46144777985526,3.1892925830381103,4.070555173270011,165.49641123668175,171.54914627075198,177.6018813048222,0.0038838624609491,-0.0104007002552632,-0.016414817429875,0.0038763397389951,0.0104231425682721,0.0101008204990075,1.0318083328936745,0.3725833981559757,-0.0104007002552632,-0.016414817429875,0.0060141171746117,172.58954772949218,173.54267272949218,171.54914627075195,0.9945078349606516,1.0116207308638767,0.0060576337312571,-0.2704595511558521,22701850.0,1.209553406440391,0.0022661244034449,-0.0215462135335557,-0.0028346072393118,0.0082974765919852,-0.0082652871090171,0.0107933692108317,0.0029053885474836,0,6,0,0,1,xg_GOOGL,0.44949126,2.6830425
2024-06-04,172.36538696289062,172.42490783803038,170.48096786025872,171.85957302701576,26879600,58.03461152808376,171.83131332397463,170.64277532109674,2.9741072365158914,3.851265585919187,166.2156942680734,171.83131332397463,177.44693237987585,0.0035802750909994,-0.0147960200896825,-0.0176917673384068,0.0035738811629393,0.0103407330653241,0.0100795709527609,1.0258082715535004,0.3461968190809442,-0.0147960200896825,-0.0176917673384068,0.0028957472487243,172.0718231201172,173.23223571777345,171.8313133239746,0.9933014049443616,1.0081528934784867,0.0013953485695731,-0.0211041148471726,23134370.0,1.161890295694192,0.0038838624609491,0.0022661244034449,-0.0215462135335557,0.0080575776379714,-0.0160451139244172,0.0048848775547387,0.0070947564166072,1,6,0,0,1,xg_GOOGL,0.4202542,2.5085247
2024-06-05,173.9721221923828,175.2019479039631,172.50424324144495,173.7638369582265,22068500,60.95459263387296,172.03760910034177,170.95985597550492,2.8997943794962566,3.6609713446346017,166.42590426929033,172.03760910034177,177.6493139313932,0.0093216814454639,-0.002785551134254,-0.013719423316575,0.0092785026979189,0.0107191023867268,0.0094422414294145,1.13510837002834,0.8695515312433669,-0.002785551134254,-0.013719423316575,0.010933872182321,171.9746307373047,172.9902359008789,172.0376091003418,0.994129118569697,1.0055373171338453,-0.0003620026142318,-0.1789870384975966,23642280.0,0.933433662066394,0.0035802750909994,0.0038838624609491,0.0022661244034449,-0.0028346072393118,0.0082974765919852,0.0052565370614212,0.0127392849623817,2,6,0,0,1,xg_GOOGL,0.16772151,1.0011406
2024-06-06,175.2812957763672,175.6978511153371,174.30933331877074,174.4580976777925,23251000,63.201360271113906,172.4020965576172,171.37142167082513,2.912961465402759,3.5113693687882335,166.952283284301,172.4020965576172,177.8519098309334,0.00752519178065,0.0268432630510879,0.001984214383077,0.0074970187748846,0.0107467042703048,0.0090857733886887,1.1826755010400545,0.7001673651778467,0.0268432630510879,0.001984214383077,0.0248590486680109,172.89105529785155,173.0249465942383,172.4020965576172,0.9992261734563588,1.0036127753029551,0.0027895659834589,0.0535831615198132,24179380.0,0.96160447455638,0.0093216814454639,0.0035802750909994,0.0038838624609491,-0.0215462135335557,0.0080575776379714,-0.0082652871090171,0.0096805111165749,3,6,0,0,0,xg_GOOGL,0.23733383,1.416661
2024-06-07,173.02987670898438,176.41191184769264,172.8711846714839,175.59864163948757,19661400,57.11468950425407,172.62525024414063,171.52936976969744,2.71048103484992,3.351191702000571,167.4796668110873,172.62525024414063,177.77083367719396,-0.0128446053380121,0.011361994496754,0.0052433669387044,-0.0129278105410621,0.0102433419895537,0.0096762397829568,1.0584983134957502,-1.2538243404124776,0.011361994496754,0.0052433669387044,0.0061186275580495,173.2798309326172,173.11519927978514,172.62525024414063,1.0009509947914277,1.0028382234635524,0.0037830500774006,-0.1543847576448325,24043030.0,0.8177588265704939,0.00752519178065,0.0093216814454639,0.0035802750909994,0.0022661244034449,-0.0028346072393118,-0.0160451139244172,0.0107933692108317,4,6,0,0,1,xg_GOOGL,0.045033842,0.2688099
2024-06-10,173.7746124267578,175.81014466476933,171.54049500356726,173.7349014501534,23726700,58.537159020831815,172.9506042480469,171.74320240370318,2.580362965209531,3.1970259546423634,168.4487993483074,172.9506042480469,177.45240914778637,0.0043040874324034,0.0117853498082194,0.0012620736621975,0.0042948513405711,0.0099831786104205,0.0094545457064288,1.0558014228235308,0.4310907887716693,0.0117853498082194,0.0012620736621975,0.0105232761460218,173.68465881347657,173.13710327148436,172.9506042480469,1.0031625545977492,1.0010783369289071,0.0042241761047752,0.2067655406023987,24757760.0,0.9583540675731184,-0.0128446053380121,0.00752519178065,0.0093216814454639,0.0038838624609491,-0.0215462135335557,0.0082974765919852,0.0048848775547387,0,6,0,0,1,xg_GOOGL,0.2762368,1.6488754
2024-06-11,175.3732452392578,175.59169348463175,172.54337230776866,174.97607487552963,21540600,61.48999426405214,173.33159103393558,172.0889207689941,2.576539027141308,3.0729285691421526,169.43230494292771,173.33159103393558,177.23087712494345,0.0091994612456625,0.0174504773224264,0.0023962596197069,0.0091574039416411,0.0100893703235968,0.0095916813794917,1.051777904889758,0.911706998914513,0.0174504773224264,0.0023962596197069,0.0150542177027195,174.28623046875,173.17902679443358,173.33159103393555,1.0063934051069052,0.9991198128477796,0.005443472483571,-0.0921367067480939,24854600.0,0.8666645208532479,0.0043040874324034,-0.0128446053380121,0.00752519178065,0.0035802750909994,0.0022661244034449,0.0080575776379714,0.0052565370614212,1,6,0,0,1,xg_GOOGL,0.09419813,0.56227475
2024-06-12,176.5349884033203,179.13650434238232,174.8668546571235,176.99174796777623,27864700,63.52302995271152,173.71115646362307,172.51235578178705,2.6368554645100346,2.985713948215729,170.14678175422463,173.71115646362307,177.2755311730215,0.0066244036396632,0.014731476391967,0.01190488997694,0.0066025586979447,0.0102070639788651,0.0095797917509779,1.0653674815365066,0.6489382955845919,0.014731476391967,0.01190488997694,0.0028265864150269,174.7988037109375,173.3867172241211,173.71115646362304,1.008144144542463,0.9981323062599616,0.0061610860099278,0.2935897793004838,25302200.0,1.1012757783907683,0.0091994612456625,0.0043040874324034,-0.0128446053380121,0.0093216814454639,0.0038838624609491,-0.0028346072393118,-0.0082652871090171,2,6,0,0,0,xg_GOOGL,0.41171896,2.4575772
2024-06-13,173.92356872558594,175.49241749987627,173.64554642645388,174.86685975128964,20913300,56.32485009881591,173.85253982543946,172.6467570145298,2.445743918760172,2.877719942324618,170.5073651744765,173.85253982543946,177.19771447640244,-0.0147926464966151,-0.0077459893525291,0.0188893460687777,-0.0149031487934667,0.008634854137919,0.0099627429669523,0.8666275481572567,-1.7129338060102652,-0.0077459893525291,0.0188893460687777,-0.0266353354213069,174.52725830078126,173.70915679931642,173.85253982543946,1.0047096049312472,0.9991752606762776,0.0038793964514743,-0.2494697592294192,25100380.0,0.8331865892069829,0.0066244036396632,0.0091994612456625,0.0043040874324034,0.00752519178065,0.0035802750909994,-0.0215462135335557,-0.0160451139244172,3,6,0,0,1,xg_GOOGL,0.20689856,1.2349908
2024-06-14,175.5420379638672,175.8101362841722,172.92067425165644,172.99018739624864,18063600,59.3958143034326,173.99203186035157,172.92249805732385,2.3972495823374516,2.781625870327185,170.60761218621954,173.99203186035157,177.3764515344836,0.0093056349414888,0.0145186559839487,0.0260456113700926,0.0092626042665004,0.0089486483077324,0.0099456272247484,0.8996666011034472,1.0397766059085067,0.0145186559839487,0.0260456113700926,-0.0115269553861439,175.02969055175782,174.1547607421875,173.99203186035157,1.0050238638659184,1.0009352662883235,0.0059111692187362,-0.1362625697522629,23142850.0,0.7805261668290302,-0.0147926464966151,0.0066244036396632,0.0091994612456625,-0.0128446053380121,0.0093216814454639,0.0022661244034449,0.0082974765919852,4,6,0,0,1,xg_GOOGL,0.3833391,2.288176
2024-06-17,175.98887634277344,177.10096546528715,173.57602172386774,174.2214424940307,19618500,60.22730251917275,174.06063690185547,173.21453408450952,2.3675815873624515,2.698817013734238,170.56896685227096,174.06063690185547,177.55230695144,0.0025454779042626,0.0127421600030839,0.0246776806242519,0.0025422436626794,0.0089374930330194,0.009678990168708,0.9232956725422276,0.2847770753816599,0.0127421600030839,0.0246776806242519,-0.0119355206211679,175.47254333496093,174.57860107421874,174.06063690185547,1.0051205717954066,1.0029757685688312,0.0080227026982971,0.0860791868730486,22358790.0,0.8774401477002612,0.0093056349414888,-0.0147926464966151,0.0066244036396632,0.0043040874324034,0.00752519178065,0.0038838624609491,0.0080575776379714,0,6,0,0,0,xg_GOOGL,0.20238748,1.208064
2024-06-18,173.85403442382812,176.13780173263285,172.8710325397334,175.88956648496008,21869900,54.48648164617168,173.97985076904297,173.27543887873034,2.1470556651457855,2.588464744016548,170.5512590475833,173.97985076904297,177.40844249050264,-0.0121305503126645,-0.0086627285328332,0.0086365800417806,-0.0122047259089841,0.0100354155064386,0.0100095500133603,1.0024839287596732,-1.2086536577608231,-0.0086627285328332,0.0086365800417806,-0.0172993085746139,175.168701171875,174.7274658203125,173.97985076904297,1.0025252775772315,1.004297135834781,0.0068382100350562,0.1147590284680275,21857820.0,1.0005526626168115,0.0025454779042626,0.0093056349414888,-0.0147926464966151,0.0091994612456625,-0.0128446053380121,0.0035802750909994,-0.0028346072393118,1,6,0,0,1,xg_GOOGL,0.1411655,0.842626
2024-06-20,175.05551147460938,176.03851342488448,173.7547611134038,174.13206841253606,20160100,56.972266271338064,173.91302032470705,173.44496960214738,2.0456553977717533,2.479902874767589,170.63354440810318,173.91302032470705,177.19249624131092,0.0069108379035498,-0.0083806442116214,0.0062273729179926,0.0068870675159766,0.0098377862699232,0.0100655588394991,0.9772740046302332,0.7024075647090756,-0.0083806442116214,0.0062273729179926,-0.0146080171296141,174.8728057861328,174.83580474853517,173.91302032470702,1.000211633067099,1.0053060111434169,0.005482749176766,-0.0781805129424459,21666980.0,0.9304526980686312,-0.0121305503126645,0.0025454779042626,0.0093056349414888,0.0066244036396632,0.0043040874324034,0.0093216814454639,-0.0215462135335557,3,6,0,0,1,xg_GOOGL,0.27055347,1.6149511
2024-06-21,178.36199951171875,179.57338876304848,175.3633134017814,175.75055979188994,57759000,62.96674155132683,174.0844108581543,173.9132581649637,2.2066638590826244,2.4252550716305965,170.266193935335,174.0844108581543,177.90262778097363,0.0188882258505123,0.0255194325798115,0.0175757699742367,0.0187120581854438,0.0112701985374701,0.0107473376439845,1.0485527074763652,1.6757956829275975,0.0255194325798115,0.0175757699742367,0.0079436626055748,175.76049194335937,175.1438751220703,174.08441085815429,1.003520630229629,1.0060859226779315,0.0093970749923946,1.8650155505181027,25117780.0,2.29952647089025,0.0069108379035498,-0.0121305503126645,0.0025454779042626,-0.0147926464966151,0.0091994612456625,0.00752519178065,0.0022661244034449,4,6,0,0,0,xg_GOOGL,0.337063,2.011951
2024-06-24,177.9548797607422,179.61308934299385,177.4087592034553,178.8882466857276,18298000,61.82464135360437,174.37578735351562,174.2981745074188,2.275186133717426,2.3952412840479624,170.30531230713768,174.37578735351562,178.44626239989356,-0.002282547583516,0.0137450939094807,0.0284633101833684,-0.0022851565660921,0.0101881280809348,0.0100122501595076,1.017464651201304,-0.2240179498564784,0.0137450939094807,0.0284633101833684,-0.0147182162738876,176.24306030273436,175.6363754272461,174.37578735351562,1.003454209721719,1.0072291462757663,0.0104929572694453,-0.6832008864419398,24981440.0,0.7324637811110676,0.0188882258505123,0.0069108379035498,-0.0121305503126645,0.0093056349414888,0.0066244036396632,-0.0128446053380121,0.0038838624609491,0,6,0,0,1,xg_GOOGL,0.36738685,2.192956
2024-06-25,182.73094177246097,182.98910099326696,178.15348288701358,178.35206806848578,23130200,68.9417345473127,174.8345558166504,175.10129519932758,2.683940029209822,2.4529810330803343,169.33569226594045,174.8345558166504,180.33341936736036,0.026838612226538,0.0383096112083585,0.051539918407115,0.0264847737356905,0.0127209976001738,0.0114141527612111,1.1143957392668469,2.1096224877586285,0.0383096112083585,0.051539918407115,-0.0132303071987565,177.5914733886719,176.5320083618164,174.83455581665038,1.0060015463296834,1.009708907585444,0.015087305659785,0.2640835063941413,24921790.0,0.9281115040291678,-0.002282547583516,0.0188882258505123,0.0069108379035498,0.0025454779042626,-0.0147926464966151,0.0043040874324034,0.0035802750909994,1,6,0,0,0,xg_GOOGL,0.2821577,1.6842176
2024-06-26,182.58200073242188,183.20754327614856,181.19187420519867,181.3408244497642,19839000,68.51277121568765,175.2159553527832,175.81374334533655,2.9617212600430776,2.554729078472883,168.7153084545331,175.2159553527832,181.7166022510333,-0.0008150838527639,0.0502028402016623,0.0411052180925848,-0.0008154162142215,0.012757488747396,0.0113648674467599,1.1224386354279354,-0.0638856112899985,0.0502028402016623,0.0411052180925848,0.0090976221090774,179.33706665039062,177.2528839111328,175.2159553527832,1.0117582444543058,1.01162524585303,0.0225712900563895,-0.1422901661031897,24751630.0,0.8015229704063611,0.026838612226538,-0.002282547583516,0.0188882258505123,-0.0121305503126645,0.0093056349414888,0.0091994612456625,0.0093216814454639,2,6,0,0,1,xg_GOOGL,0.37427092,2.2340474
2024-06-27,184.10118103027344,184.73666261792096,182.7209937468948,182.87985278049953,18848900,70.52714383281395,175.6981101989746,176.60302312485433,3.266792490182155,2.6971417608147377,168.09685201289298,175.6981101989746,183.29936838505623,0.0083205370286085,0.0516731491597513,0.0428594506697281,0.0082861121840291,0.0128058275452943,0.0113786371843714,1.1253282804904898,0.6496954065463147,0.0516731491597513,0.0428594506697281,0.0088136984900231,181.14620056152344,178.00950317382814,175.6981101989746,1.01762095467809,1.01315548000053,0.0295929137013681,-0.0499067493321235,23850050.0,0.7903086157051751,-0.0008150838527639,0.026838612226538,-0.002282547583516,0.0069108379035498,0.0025454779042626,0.0066244036396632,0.00752519178065,3,6,0,0,0,xg_GOOGL,0.2995391,1.7879683
2024-06-28,180.86419677734375,183.8231718610113,180.6755507145743,183.0188920765721,29156600,61.49916487163291,176.20636138916018,177.00884918699617,3.2103590407390925,2.799785216799609,168.65327153330733,176.20636138916018,183.75945124501305,-0.0175826370847528,0.014028757652835,0.0399061961677467,-0.0177390477681953,0.0132887889462954,0.0109599227065868,1.2123786748637184,-1.323018533688154,0.014028757652835,0.0399061961677467,-0.0258774385149116,181.64664001464843,178.7035659790039,176.20636138916015,1.0164690280214683,1.0141720456069605,0.0300793563481534,0.5468594984322692,24674380.0,1.1816548176691295,0.0083205370286085,-0.0008150838527639,0.026838612226538,0.0188882258505123,-0.0121305503126645,-0.0147926464966151,-0.0128446053380121,4,6,0,0,1,xg_GOOGL,0.3968515,2.3688323
2024-07-01,181.6982879638672,182.58200489120532,180.0202151673191,181.7379989393426,16006100,62.81986092719786,176.7369758605957,177.45546240384104,3.196096700177435,2.8790475134751743,169.20744595761184,176.7369758605957,184.26650576357952,0.0046116987296842,0.0210357153912157,0.0350699471842019,0.0046010974279422,0.0131628556207347,0.0109647308236656,1.2003628241838082,0.3503303942668787,0.0210357153912157,0.0350699471842019,-0.0140342317929862,182.39532165527345,179.3191909790039,176.7369758605957,1.0171544978508726,1.0146104973553751,0.0311414370387627,-0.4510299554817777,24468630.0,0.6541477802394065,-0.0175826370847528,0.0083205370286085,-0.0008150838527639,-0.002282547583516,0.0069108379035498,0.0093056349414888,0.0043040874324034,0,7,1,0,1,xg_GOOGL,0.39331776,2.3477392
2024-07-02,183.9323883056641,184.26006063956152,180.27835770580916,180.76490422906485,17372500,66.16751416343403,177.3460716247559,178.07231248972894,3.3267185779983777,2.968581726379815,169.54884614842925,177.3460716247559,185.14329710108248,0.0122956598371537,0.0065749485092632,0.0451364434387266,0.0122206821858901,0.0134399855466078,0.0111572105665371,1.2044929127716624,0.914788561784954,0.0065749485092632,0.0451364434387266,-0.0385614949294634,182.63561096191407,180.11354217529296,177.3460716247559,1.014002660522697,1.015604915999452,0.0287580636878802,0.0853674536582926,24244030.0,0.7165681613163853,0.0046116987296842,-0.0175826370847528,0.0083205370286085,0.026838612226538,0.0188882258505123,0.0025454779042626,0.0091994612456625,1,7,0,0,1,xg_GOOGL,0.19185513,1.1451957
2024-07-03,184.50831604003903,184.77639921891327,182.7011560285435,183.54516199454144,10242100,66.99258450698187,177.95321807861328,178.6852652088061,3.4370892864065468,3.0622832383851613,169.90203400883502,177.95321807861328,186.0044021483915,0.0031311926065888,0.0105504118691317,0.0612829127119218,0.003126300632168,0.0121451322176899,0.011157473726672,1.088422351944018,0.2577933905600455,0.0105504118691317,0.0612829127119218,-0.0507325008427901,183.0208740234375,181.1789703369141,177.95321807861328,1.0101662112501153,1.0181269678240703,0.0274657319170617,-0.4104417901856382,23081250.0,0.4437411318710883,0.0122956598371537,0.0046116987296842,-0.0175826370847528,-0.0008150838527639,-0.002282547583516,-0.0121305503126645,0.0066244036396632,2,7,0,0,1,xg_GOOGL,0.5010689,2.9909127
2024-07-05,189.25457763671875,189.512736865488,184.48845737897847,184.54803142014995,20967500,72.86542776067121,178.71734085083008,179.69186639241684,3.86301211368189,3.2224290134445073,169.44830507991716,178.71734085083008,187.986376621743,0.0257238356435367,0.027992197429727,0.0811117915825738,0.0253985444774604,0.0136591624163395,0.0121674204341413,1.1225090791583372,1.8831280961028236,0.027992197429727,0.0811117915825738,-0.0531195941528468,184.05155334472656,182.598876953125,178.71734085083008,1.0079555603837282,1.0217188555056598,0.0281853816193323,1.0471875884828306,23161990.0,0.9052546866654848,0.0031311926065888,0.0122956598371537,0.0046116987296842,0.0083205370286085,0.026838612226538,0.0069108379035498,-0.0147926464966151,4,7,0,0,0,xg_GOOGL,0.26451272,1.5788935
2024-07-08,187.6956329345703,188.82758504993225,186.45445670495957,188.55948674203475,21035900,68.55108219853123,179.33805770874025,180.45412987262193,4.028329143271179,3.383609039409842,169.39936247281324,179.33805770874025,189.2767529446673,-0.0082372892725527,0.0377710806171136,0.052329719606212,-0.0082714032065585,0.0139281833263156,0.0124538799909533,1.1182912510142622,-0.5913691477511435,0.0377710806171136,0.052329719606212,-0.0145586389890983,185.41784057617187,183.53224029541016,179.33805770874022,1.0102739457532186,1.023387019131665,0.0323917119028071,0.0032621914868249,19489680.0,1.0793353200257223,0.0257238356435367,0.0031311926065888,0.0122956598371537,-0.0175826370847528,-0.0008150838527639,0.0188882258505123,0.0093056349414888,0,7,0,0,0,xg_GOOGL,0.109105684,0.6512589
2024-07-09,187.64598083496097,190.00918519904204,187.38782163636895,188.9665941471782,15121400,68.4121451055564,180.06886291503906,181.13906805951137,4.10798329647605,3.528483890823084,169.9356365532708,180.06886291503906,190.20208927680733,-0.0002645351883421,0.0327338960523202,0.0544581923645381,-0.0002645701839467,0.0138219326530232,0.0118897968359007,1.1624059214679323,-0.0191374142508227,0.0327338960523202,0.0544581923645381,-0.0217242963122179,186.6073791503906,184.50135040283203,180.06886291503906,1.0114147064125023,1.0246155132877377,0.0348449575432277,-0.2811622036613599,19172020.0,0.7887223151237696,-0.0082372892725527,0.0257238356435367,0.0031311926065888,0.0046116987296842,0.0083205370286085,-0.002282547583516,0.0025454779042626,1,7,0,0,1,xg_GOOGL,0.22355978,1.3344429
2024-07-10,189.83045959472656,190.3964432565855,187.69564243220248,187.8147905079295,15952500,71.17970603242462,180.87165527343748,181.96681963429376,4.297836185988501,3.682354349856168,170.3033562768797,180.87165527343748,191.43995426999527,0.0116414897353271,0.0320665182646402,0.0388523024803648,0.0115742489458599,0.0119057693115088,0.0120080730131773,0.9913978621368084,0.9777202724566708,0.0320665182646402,0.0388523024803648,-0.0067857842157246,187.78699340820313,185.2113021850586,180.8716552734375,1.013906771308,1.0239929628833246,0.0364290227686817,0.0549618421574722,18454250.0,0.8644350217429122,-0.0002645351883421,-0.0082372892725527,0.0257238356435367,0.0122956598371537,-0.0175826370847528,0.026838612226538,-0.0121305503126645,2,7,0,0,0,xg_GOOGL,0.35787895,2.1362026
2024-07-11,184.2600555419922,189.51270639206513,183.77350903219687,188.50984150775463,25625800,57.37509871974243,181.3159957885742,182.18522305407456,3.9532404207332377,3.7365315640315817,170.97626703216864,181.3159957885742,191.6557245449798,-0.0293441003336701,-0.0013455247079106,0.0091906913213726,-0.0297832507719109,0.0159034396402089,0.0141206781239681,1.126172081009036,-1.845025728506877,-0.0013455247079106,0.0091906913213726,-0.0105362160292832,187.73734130859376,185.3791076660156,181.3159957885742,1.012721140328428,1.022409009529304,0.0348493627722593,0.6063814449145901,19032930.0,1.3463928044709172,0.0116414897353271,-0.0002645351883421,-0.0082372892725527,0.0031311926065888,0.0046116987296842,-0.0008150838527639,0.0069108379035498,3,7,0,0,0,xg_GOOGL,0.20617566,1.2306758
2024-07-12,183.76361083984375,185.7892039533301,183.1877032019216,183.77353479614163,22898400,56.32664179584485,181.6774269104004,182.33554570033832,3.598604384299392,3.708946128085144,171.5379512175707,181.6774269104004,191.8169026032301,-0.0026942611120363,-0.0290136538066472,-0.0018336123024337,-0.0026978971659605,0.0157227754329372,0.0141335711997152,1.1123630997206355,-0.1713495034018683,-0.0290136538066472,-0.0018336123024337,-0.0271800415042134,186.6391479492187,185.34535064697263,181.6774269104004,1.0069804680707115,1.020189210068355,0.0270005634746841,-0.1064317992023663,19437880.0,1.178029702827614,-0.0293441003336701,0.0116414897353271,-0.0002645351883421,0.0257238356435367,0.0122956598371537,0.0083205370286085,0.0188882258505123,4,7,0,0,1,xg_GOOGL,0.39794287,2.3753467
2024-07-15,185.2132873535156,186.91122316515236,183.61465170436625,183.61465170436625,16474000,58.69999386987294,182.24191284179688,182.60961633397423,3.395389611724738,3.646234824813063,172.67937959689698,182.24191284179688,191.80444608669677,0.0078888116479998,-0.0132253773955415,0.0240461664257733,0.0078578576602703,0.0145934470819877,0.013606630577064,1.072445860382576,0.5405351503679829,-0.0132253773955415,0.0240461664257733,-0.0372715438213149,186.1426788330078,185.78025970458984,182.24191284179688,1.001950794605381,1.0194156591511667,0.0210609403188528,-0.2805610872375362,18169620.0,0.9066782904650232,-0.0026942611120363,-0.0293441003336701,0.0116414897353271,-0.0082372892725527,0.0031311926065888,-0.0175826370847528,-0.002282547583516,0,7,0,0,0,xg_GOOGL,0.3467861,2.0699887
2024-07-16,182.6217041015625,187.3480977347005,182.07558352972123,186.03742351335848,18290700,53.14032956871252,182.59589614868165,182.61076754993505,2.9907458739480717,3.5151370346400648,173.56845804180415,182.59589614868165,191.62333425555912,-0.0139924261859601,-0.0267752962842163,0.0050821400027663,-0.0140912430560211,0.0154514540399953,0.0140498697899041,1.0996795409133693,-0.9055148230658926,-0.0267752962842163,0.0050821400027663,-0.0318574362869826,185.13782348632813,185.8726013183594,182.59589614868165,0.996046873897392,1.0179451194621023,0.013919086727133,0.1102767998057545,18398080.0,0.994163521410876,0.0078888116479998,-0.0026942611120363,-0.0293441003336701,-0.0002645351883421,0.0257238356435367,0.0046116987296842,0.026838612226538,1,7,0,0,0,xg_GOOGL,0.32711405,1.952565
2024-07-17,179.7421875,182.2543270659603,178.63008325599765,181.67841945681636,20734100,47.730924931713574,182.78356170654297,182.33756944994124,2.409929702357971,3.2940955681836463,174.18875165349485,182.78356170654297,191.3783717595911,-0.0157676581528397,-0.0531435898973444,-0.022781201528796,-0.0158932900383934,0.0156415276057763,0.0146032843591612,1.0710232162772426,-1.0079993815716335,-0.0531435898973444,-0.022781201528796,-0.0303623883685484,183.1201690673828,185.45358123779295,182.78356170654297,0.987417810134288,1.0146075473435443,0.0018727231793584,0.1335870141656689,18734240.0,1.1067489260305674,-0.0139924261859601,0.0078888116479998,-0.0026942611120363,0.0116414897353271,-0.0082372892725527,0.0122956598371537,-0.0008150838527639,2,7,0,0,0,xg_GOOGL,0.44602466,2.66235
2024-07-18,176.43568420410156,181.21172786784336,175.22429500298105,180.64574423979403,25315700,42.39429923674926,182.91264419555665,181.7754851408137,1.663644066227306,2.9680052677923783,174.81960683988063,182.91264419555665,191.0056815512326,-0.0183958109216759,-0.0424637413403333,-0.0437521300350802,-0.0185671179923367,0.0162952759890754,0.0149660193997726,1.0887455647530588,-1.128835258681677,-0.0424637413403333,-0.0437521300350802,0.0012883886947469,181.5552947998047,184.6463180541992,182.91264419555665,0.983259762301422,1.0094781520778249,-0.0076931682038978,0.2209693210701211,20241600.0,1.2506768239664232,-0.0157676581528397,-0.0139924261859601,0.0078888116479998,-0.0293441003336701,-0.0002645351883421,0.0031311926065888,0.0083205370286085,3,7,0,0,0,xg_GOOGL,0.39604008,2.3639889
2024-07-19,176.40591430664062,179.0173390205859,175.87965675110726,177.61730362532302,18881900,42.348390339349905,182.9801643371582,181.264097442321,1.0576136293904312,2.585926940111989,175.14470143605695,182.9801643371582,190.81562723825948,-0.0001687294585289,-0.0400389201081579,-0.067890898547995,-0.000168743694946,0.012632100904429,0.0148985379442209,0.8478182982398252,-0.0133561395420989,-0.0400389201081579,-0.067890898547995,0.0278519784398371,180.08375549316406,183.3614517211914,182.9801643371582,0.9821243985730916,1.0020837634801258,-0.0164190007765806,-0.2541426861591819,20033040.0,0.9425379273439808,-0.0183958109216759,-0.0157676581528397,-0.0139924261859601,-0.0026942611120363,0.0116414897353271,0.0257238356435367,-0.0175826370847528,4,7,0,0,1,xg_GOOGL,0.43744138,2.611116
2024-07-22,180.38758850097656,181.41031651236528,178.95775104592673,179.3152104096892,24100300,50.12740256393933,183.08144378662112,181.1806204002882,0.8883773125633638,2.246417014602264,175.44754946103131,183.08144378662112,190.71533811221093,0.0225710924148196,-0.0260548199402576,-0.0389356125091162,0.0223201345519115,0.0156703265382016,0.0151584019161485,1.03370348150139,1.4402796317081816,-0.0260548199402576,-0.0389356125091162,0.0128807925688586,179.11861572265624,182.63064727783205,183.0814437866211,0.9807697579375436,0.997537726929254,-0.021968407565598,0.2763704923762968,20339480.0,1.1849024655497002,-0.0001687294585289,-0.0183958109216759,-0.0157676581528397,0.0078888116479998,-0.0293441003336701,-0.0082372892725527,0.0046116987296842,0,7,0,0,0,xg_GOOGL,0.39819208,2.3768344
2024-07-23,180.50672912597656,182.31388893241848,180.25849388780003,180.76490347036915,36352700,50.34331100010704,183.2090362548828,181.1164402789252,0.7551648941083897,1.9481665905034893,175.85577665055618,183.2090362548828,190.5622958592094,0.0006604701908266,-0.0115811808130413,-0.0380463875496674,0.0006602521763801,0.0156965681241407,0.015142467988158,1.036524007341989,0.0420746822439896,-0.0115811808130413,-0.0380463875496674,0.0264652067366261,178.69562072753905,181.9167221069336,183.2090362548828,0.98229353881222,0.992946231395752,-0.0250041400074001,0.5083920117176965,22462610.0,1.618364918413238,0.0225710924148196,-0.0001687294585289,-0.0183958109216759,-0.0139924261859601,-0.0026942611120363,-0.0002645351883421,0.0122956598371537,1,7,0,0,0,xg_GOOGL,0.4665916,2.7851155
2024-07-24,171.41140747070312,174.9462749610045,170.60712769523397,172.37456144038464,49585200,37.12856858128331,182.6430595397949,180.1921514400469,-0.0833624021856564,1.5418607919656602,173.589029845545,182.6430595397949,191.6970892340448,-0.0503877151800017,-0.0463484958382232,-0.0970289602803823,-0.0517014989337978,0.0204656950012169,0.017776122642684,1.1512377684832686,-2.4619370727421104,-0.0463484958382232,-0.0970289602803823,0.0506804644421591,177.0294647216797,180.07481689453124,182.64305953979493,0.983088406111582,0.9859384602309288,-0.032749248728237,0.3640032239696089,25825880.0,1.919981042272251,0.0006604701908266,0.0225710924148196,-0.0001687294585289,-0.0157676581528397,0.0078888116479998,0.0116414897353271,0.0031311926065888,2,7,0,0,0,xg_GOOGL,0.32281283,1.9268906
2024-07-25,166.09918212890625,172.19583973492487,166.0098210682456,171.30219882616154,44852000,31.867145758824982,181.81891860961915,178.84996388660494,-1.1631454974632334,1.0008595340798816,170.1255071381204,181.81891860961915,193.51233008111788,-0.0309910840835071,-0.0585850992775248,-0.0985610981157396,-0.0314814659814901,0.0206448378097954,0.0188268942783976,1.096502747706764,-1.5010814464891016,-0.0585850992775248,-0.0985610981157396,0.0399759988382147,174.96216430664063,178.25872955322265,181.81891860961915,0.981506850997736,0.9804190395387812,-0.0412810840793732,-0.0954559021643555,27748500.0,1.6163756599455246,-0.0503877151800017,0.0006604701908266,0.0225710924148196,-0.0183958109216759,-0.0139924261859601,-0.0293441003336701,0.0257238356435367,3,7,0,0,0,xg_GOOGL,0.36371565,2.1710422
2024-07-26,165.8211669921875,166.90346917641645,162.90191767605657,165.9701020997129,41336900,31.614646582674677,180.9049179077149,177.60912608713662,-2.018052030339618,0.3970772211959817,167.26668387600034,180.9049179077149,194.54315193942935,-0.0016737899197059,-0.0600022247329757,-0.0976387205587383,-0.0016751922711,0.0206881406257972,0.0185985753246618,1.112291020879708,-0.0809018581283585,-0.0600022247329757,-0.0976387205587383,0.0376364958257625,172.84521484375,176.46448516845703,180.90491790771483,0.9794900921777432,0.9754543282149852,-0.0486047903905088,-0.0783710871310086,29592350.0,1.3968779093244912,-0.0309910840835071,-0.0503877151800017,0.0006604701908266,-0.0001687294585289,-0.0157676581528397,-0.0026942611120363,-0.0082372892725527,4,7,0,0,1,xg_GOOGL,0.5643988,3.3689332
2024-07-29,168.33326721191406,169.22690794899225,166.8041449137618,167.63821162184485,20293800,36.509908720845495,180.27837142944335,176.72571095616303,-2.4644573929245155,-0.1752297016281177,165.52638448843695,180.27837142944335,195.03035837044976,0.0151494544713035,-0.0668245603216611,-0.0911382783751509,0.01503584743869,0.0214982666272083,0.0188756809547352,1.1388795879296534,0.7046498252238602,-0.0668245603216611,-0.0911382783751509,0.0243137180534898,170.4343505859375,174.77648315429687,180.27837142944335,0.9751560822715144,0.96948115166827,-0.0584793547143195,-0.5090633308254853,29974330.0,0.6770393199781054,-0.0016737899197059,-0.0309910840835071,-0.0503877151800017,0.0225710924148196,-0.0183958109216759,0.0078888116479998,-0.0002645351883421,0,7,0,0,1,xg_GOOGL,0.39890257,2.3810751
2024-07-30,169.08792114257812,170.0212881339037,167.25098932978506,169.03828621199597,18959700,37.946957459827075,179.64785308837892,175.99830240248826,-2.7259198860315053,-0.6853677385087953,164.09516328242597,179.64785308837892,195.20054289433187,0.004483094418372,-0.0632597357377695,-0.0741082941130466,0.0044730752839132,0.0218413102494618,0.0188728253521713,1.1572275276431476,0.205248179664625,-0.0632597357377695,-0.0741082941130466,0.010848558375277,168.1505889892578,173.42310485839843,179.6478530883789,0.9695973851151743,0.9653502776517005,-0.067995774159565,-0.0657392898323625,30041230.0,0.631122627136085,0.0151494544713035,-0.0016737899197059,-0.0309910840835071,0.0006604701908266,-0.0001687294585289,-0.0139924261859601,0.0116414897353271,1,7,0,0,1,xg_GOOGL,0.42791426,2.5542479
2024-07-31,170.3291015625,173.01997848256258,168.80990296351985,172.01711347343624,25729100,40.33878255665498,178.96768875122075,175.45837851296557,-2.8006932601126664,-1.1084328428295696,163.0191618209729,178.96768875122075,194.9162156814686,0.0073404440218725,-0.0063140833167016,-0.0523699308905984,0.007313634080627,0.0220848274135317,0.0186872858670509,1.18174708855825,0.3323599285836616,-0.0063140833167016,-0.0523699308905984,0.0460558475738968,167.9341278076172,172.48179626464844,178.9676887512207,0.9736339222137188,0.963759421983774,-0.0647778966858161,0.357041514369953,30540730.0,0.8424520304524207,0.004483094418372,0.0151494544713035,-0.0016737899197059,-0.0503877151800017,0.0225710924148196,-0.0157676581528397,-0.0293441003336701,2,7,0,1,0,xg_GOOGL,0.41290137,2.4646351
2024-08-01,169.5546112060547,172.82139580223534,167.6878923021726,169.0482167160951,24531400,39.32031063504853,178.22000350952155,174.89611495992642,-2.8891423621421097,-1.4645747466920775,161.9659967671009,178.22000350952155,194.4740102519422,-0.0045470230826123,0.0208034081375954,-0.0390004608709813,-0.0045573922365296,0.0215899859760163,0.0186190327962328,1.1595031121741306,-0.2105982138871867,0.0208034081375954,-0.0390004608709813,0.0598038690085767,168.62521362304688,171.79368896484374,178.2200035095215,0.9815565090843048,0.9639416764777786,-0.0565881978568801,-0.0465504040172412,30462300.0,0.8053036047835914,0.0073404440218725,0.004483094418372,0.0151494544713035,-0.0309910840835071,0.0006604701908266,-0.0183958109216759,-0.0026942611120363,3,8,1,0,0,xg_GOOGL,0.49865124,2.9764814
2024-08-02,165.4835662841797,167.3204982165653,163.50760805366414,165.26511803151652,29130100,34.40330206144349,177.03145294189457,173.99968175271243,-3.2502711126322197,-1.821714019880106,160.69861582020073,177.03145294189457,193.3642900635884,-0.0240102282852547,-0.002035932529794,-0.061915996781576,-0.0243031724244247,0.0224490854629204,0.0177332965621438,1.2658571138841197,-1.0694938478034357,-0.002035932529794,-0.061915996781576,0.0598800642517819,168.5576934814453,170.70145416259766,177.03145294189454,0.9874414621031268,0.9642436489442668,-0.0512060481334896,0.1874617836731698,31487120.0,0.9251433602056676,-0.0045470230826123,0.0073404440218725,0.004483094418372,-0.0016737899197059,-0.0503877151800017,-0.0001687294585289,0.0078888116479998,4,8,0,0,0,xg_GOOGL,0.4258616,2.5419955
2024-08-05,158.12588500976562,163.26931311778455,153.83637178282208,154.40235553543832,53630700,27.66894193583772,175.55296554565436,172.4878915867175,-4.083104154278487,-2.2739920467597825,157.97849414139245,175.55296554565436,193.12743694991627,-0.0444617035976789,-0.0606379378907818,-0.1234103946740793,-0.0454804361444232,0.0229261341748392,0.0196612212866663,1.1659991941188388,-1.939261281354225,-0.0606379378907818,-0.1234103946740793,0.0627724567832974,166.51621704101564,168.47528381347655,175.5529655456543,0.9883717852962346,0.9596834966007046,-0.0571490778001373,0.8410750392205999,34440160.0,1.557214019911593,-0.0240102282852547,-0.0045470230826123,0.0073404440218725,0.0151494544713035,-0.0309910840835071,0.0225710924148196,-0.0139924261859601,0,8,0,0,0,xg_GOOGL,0.46523774,2.7770343
2024-08-06,157.17263793945312,159.43655755600886,155.3059189992834,158.2053051541738,49004600,26.933351953030183,174.02929840087896,171.02929600126376,-4.765120073949049,-2.772217652197636,155.6058641980473,174.02929840087896,192.4527326037106,-0.0060284062299706,-0.0704679738363913,-0.1292699241712948,-0.0060466504300604,0.0225833732286958,0.0195785642756587,1.1534155158279715,-0.2669282060177333,-0.0704679738363913,-0.1292699241712948,0.0588019503349034,164.13316040039064,166.14187469482422,174.0292984008789,0.9879096447050252,0.9546776101579983,-0.0629634911663218,-0.0862584303393392,35705350.0,1.3724721925425358,-0.0444617035976789,-0.0240102282852547,-0.0045470230826123,0.004483094418372,-0.0016737899197059,0.0006604701908266,-0.0157676581528397,1,8,0,0,1,xg_GOOGL,0.48611507,2.9016523
2024-08-07,157.8180389404297,161.82951376084208,157.3513554761563,160.11173013870962,25138600,28.322771164828215,172.4286773681641,169.77108104308908,-5.1936746881549425,-3.256509059389097,154.2242973770654,172.4286773681641,190.6330573592628,0.0041063190733312,-0.0734522903444044,-0.0793025897800691,0.0040979111543713,0.0189847347026877,0.019237338255853,0.9868178036069102,0.2162844439593869,-0.0734522903444044,-0.0793025897800691,0.0058502994356646,161.63094787597657,164.78253784179688,172.42867736816407,0.9808742479203344,0.9556562188896144,-0.0684188548069795,-0.4870155046669088,33260690.0,0.7558051261113118,-0.0060284062299706,-0.0444617035976789,-0.0240102282852547,0.0073404440218725,0.0151494544713035,-0.0503877151800017,-0.0183958109216759,2,8,0,0,1,xg_GOOGL,0.33052495,1.9729248
2024-08-08,160.88626098632812,162.53454701010432,159.07911588580504,159.37698612413064,25578800,34.681791513652335,171.2599876403809,168.92490770434995,-5.2254912205447965,-3.6503054916202378,153.2536931594909,171.2599876403809,189.2662821212709,0.0194415167397725,-0.0511242375425117,-0.0313843877842365,0.0192549447373977,0.0189158003602115,0.0196130305738162,0.964401492544992,1.0277381147746696,-0.0511242375425117,-0.0313843877842365,-0.0197398497582751,159.89727783203125,164.26124572753906,171.25998764038087,0.9734327602583366,0.9591338174825864,-0.0706257311139526,0.0175109194624998,31333370.0,0.8163437255551887,0.0041063190733312,-0.0060284062299706,-0.0444617035976789,-0.0045470230826123,0.004483094418372,-0.0309910840835071,-0.0001687294585289,3,8,0,0,1,xg_GOOGL,0.16377951,0.9776105
2024-08-09,162.5146484375,162.63379650679866,157.9371899119943,158.88048081312152,28602300,37.83401825551058,170.1975395202637,168.3144068217928,-5.060969092032593,-3.932438211702709,152.80037708418317,170.1975395202637,187.5947019563442,0.0101213580400767,-0.0179408621251324,-0.0199402682701134,0.0100704801102802,0.0193713383578052,0.0199528601905303,0.9708065593743332,0.5224644466319054,-0.0179408621251324,-0.0199402682701134,0.0019994061449809,159.30349426269532,163.93059387207032,170.19753952026366,0.9717740325336348,0.9631784004289486,-0.0670342357584952,0.118203355904108,30059910.0,0.9515098348597534,0.0194415167397725,0.0041063190733312,-0.0060284062299706,-0.0240102282852547,0.0073404440218725,-0.0016737899197059,0.0225710924148196,4,8,0,0,0,xg_GOOGL,0.4082337,2.4367733
2024-08-12,161.1444091796875,163.73598613275442,160.6975887017958,163.1898806325975,15895300,36.248761195463615,168.99409561157228,167.63154990349705,-4.983701962430786,-4.1426909618483245,152.67386644603508,168.99409561157228,185.31432477710948,-0.008431481537121,0.0190893740751898,-0.0427061040951373,-0.0084672275472739,0.0184884779605728,0.0196898250682049,0.9389387136665226,-0.4560151214166459,0.0190893740751898,-0.0427061040951373,0.0617954781703271,159.90719909667968,163.21170806884766,168.99409561157228,0.9797532357741514,0.9657834936670494,-0.0563897721376114,-0.4442649716980802,29620060.0,0.536639696205864,0.0101213580400767,0.0194415167397725,0.0041063190733312,-0.0444617035976789,-0.0045470230826123,0.0151494544713035,0.0006604701908266,0,8,0,0,1,xg_GOOGL,0.4663592,2.7837284
2024-08-13,163.00119018554688,163.56715864917211,161.81958802944447,162.25648447214553,18551700,39.92225899000683,168.0130699157715,167.19056326369227,-4.718251430652202,-4.2578030556091,152.82223539348382,168.0130699157715,183.20390443805917,0.0115224661861457,0.037083759123131,-0.0359974320809042,0.0114565881413861,0.0189831484911648,0.0200196346608394,0.9481791567924678,0.6069519626602291,0.037083759123131,-0.0359974320809042,0.0730811912040352,161.07290954589843,162.60303497314453,168.0130699157715,0.9905898101625298,0.9677999161295064,-0.0425773600914997,0.1671185822224179,29579260.0,0.6271860756489301,-0.008431481537121,0.0101213580400767,0.0194415167397725,-0.0060284062299706,-0.0240102282852547,0.004483094418372,-0.0503877151800017,1,8,0,0,0,xg_GOOGL,0.3505775,2.09262
2024-08-14,159.23793029785156,162.0678179768307,156.59671896869054,161.2535991509072,40591100,35.46215952381409,166.98785705566408,166.43316964789793,-4.756711188184255,-4.3575846821241315,152.3733253409956,166.98785705566408,181.60238877033257,-0.0230873153957436,0.0089970155943823,-0.0651161261516939,-0.0233580018602399,0.0194853971185837,0.0202829063251979,0.9606333615521458,-1.1847913832016543,0.0089970155943823,-0.0651161261516939,0.0741131417460763,161.3568878173828,161.4939178466797,166.98785705566405,0.9991514848910472,0.9670997681756404,-0.0353619845959352,1.1879989434930494,31065460.0,1.3066312232298731,0.0115224661861457,-0.008431481537121,0.0101213580400767,0.0041063190733312,-0.0444617035976789,0.0073404440218725,-0.0309910840835071,2,8,0,0,1,xg_GOOGL,0.2637721,1.5744728
2024-08-15,160.16139221191406,160.49898852805327,158.4833194361169,159.36703635252704,31524300,37.31290642882197,166.1741424560547,165.83585751113756,-4.658969464465827,-4.417861638592471,151.96796805839557,166.1741424560547,180.38031685371385,0.0057992584576751,-0.0045054734317907,-0.0553993720803341,0.0057825074892745,0.0198736406270301,0.0202160073265431,0.9830159482080136,0.2917918651463795,-0.0045054734317907,-0.0553993720803341,0.0508938986485434,161.2119140625,160.55459594726562,166.17414245605468,1.0040940473323496,0.9661827861679794,-0.0309826751942129,-0.223369162205508,31764750.0,0.992430288291235,-0.0230873153957436,0.0115224661861457,-0.008431481537121,0.0194415167397725,-0.0060284062299706,-0.0045470230826123,-0.0016737899197059,3,8,0,0,1,xg_GOOGL,0.4707447,2.8099055
2024-08-16,161.80967712402344,163.89484419906685,159.9925932186499,160.33018953302678,24208600,40.58786449403325,165.4443305969238,165.45241175998385,-4.397810406290631,-4.413851392132103,151.97053534550216,165.4443305969238,178.91812584834545,0.010291399752123,-0.0043378939698945,-0.0222009305373996,0.010238803846895,0.0192755673991161,0.0204711841732569,0.9415491398468347,0.5338813461464567,-0.0043378939698945,-0.0222009305373996,0.017863036567505,161.0709197998047,160.18720703125,165.44433059692383,1.0055167499635742,0.968224214473194,-0.0270281164566382,-0.2320654225470509,31272600.0,0.7741153597717884,0.0057992584576751,-0.0230873153957436,0.0115224661861457,0.0101213580400767,0.0041063190733312,-0.0240102282852547,0.0151494544713035,4,8,0,0,1,xg_GOOGL,0.28286523,1.6884408
2024-08-19,165.49349975585938,165.51336282117407,163.10050794660387,164.11331216253947,22416200,47.22399926854326,164.69962615966796,165.4563249024482,-3.849214918214414,-4.300924097348566,153.20189393833843,164.69962615966796,176.19735838099749,0.0227663925749779,0.0269887773228441,0.0465933502641817,0.0225111056382827,0.0137925630393335,0.0204846216971486,0.6732801788121159,1.6505084661633485,0.0269887773228441,0.0465933502641817,-0.0196045729413376,161.94073791503905,160.92396850585936,164.69962615966796,1.0063183217429954,0.9770754934795768,-0.0166706743690773,-0.074039804036582,28151150.0,0.7962800809202895,0.010291399752123,0.0057992584576751,-0.0230873153957436,-0.008431481537121,0.0194415167397725,-0.0444617035976789,0.004483094418372,0,8,0,0,1,xg_GOOGL,0.19543901,1.1665881
2024-08-20,165.9998779296875,167.44957853320707,165.642433695725,165.72185564699794,18341500,48.08244961000639,163.9742835998535,165.50809185742335,-3.3351431012314947,-4.107767898125152,155.15751150278825,163.9742835998535,172.79105569691873,0.003059807029129,0.0183967229977104,0.0561627017651433,0.0030551353468055,0.0133014251884882,0.0205209424435298,0.6481562466657187,0.2300187361156468,0.0183967229977104,0.0561627017651433,-0.0377659787674329,162.54047546386718,161.80669250488282,163.97428359985352,1.004534935778149,0.9867809082779084,-0.0086374047611869,-0.1817747878766249,25084840.0,0.7311786720584732,0.0227663925749779,0.010291399752123,0.0057992584576751,0.0115224661861457,0.0101213580400767,-0.0060284062299706,0.0073404440218725,1,8,0,0,0,xg_GOOGL,0.40444,2.4141285
2024-08-21,164.6792755126953,165.67221654044488,163.50759722139043,163.98420467240848,22902000,45.98183310109778,163.63767700195314,165.42915696744925,-2.9997201542245193,-3.886158349345026,155.53097275115772,163.63767700195314,171.74438125274855,-0.0079554420970813,0.0341711626411234,0.043475616718666,-0.0079872554651672,0.0139774890060713,0.017430930462126,0.8018325357848289,-0.5691203171978025,0.0341711626411234,0.043475616718666,-0.0093044540775426,163.62874450683594,162.49281616210936,163.63767700195314,1.0069906373189652,0.993003684354245,-5.424176836692829e-05,0.2486437859498951,24861180.0,0.921195212777474,0.003059807029129,0.0227663925749779,0.010291399752123,-0.0230873153957436,-0.008431481537121,0.0041063190733312,-0.0045470230826123,2,8,0,0,0,xg_GOOGL,0.1906134,1.1377838
2024-08-22,162.6437530517578,166.4069931043409,162.15720646482643,166.07932072756,22493300,42.872765385761355,163.46490554809571,165.16388040405005,-2.8651174130918378,-3.681950162094388,155.43213734961148,163.46490554809571,171.49767374657995,-0.0123605259653973,0.0154991212648756,0.0109238169540097,-0.0124375526515123,0.0137794550536387,0.0162497262183302,0.8479285706072655,-0.8969606531341313,0.0154991212648756,0.0109238169540097,0.0045753043108658,164.12521667480468,162.66856536865234,163.46490554809571,1.0089547190807957,0.9951283721923476,0.0040598615951688,-0.0178456030041044,24552630.0,0.9161258895686158,-0.0079554420970813,0.003059807029129,0.0227663925749779,0.0057992584576751,0.0115224661861457,0.0194415167397725,-0.0240102282852547,3,8,0,0,1,xg_GOOGL,0.04940893,0.29492512
2024-08-23,164.45089721679688,165.00694179876172,162.67353934579646,163.55725630307884,13955700,46.34159706613409,163.3963920593262,165.09597724335927,-2.5828488658412994,-3.4621299028437704,155.42510393737223,163.3963920593262,171.36768018128015,0.0111110579480047,0.0163230045304954,0.0119143030976776,0.011049783607687,0.0138542218833227,0.0164686609986823,0.8411965422015167,0.8019400946136296,0.0163230045304954,0.0119143030976776,0.0044087014328177,164.65346069335936,162.86219024658203,163.39639205932616,1.010998688179652,0.9967306388714496,0.007644036337339,-0.3795619139921665,23087970.0,0.6044576461247739,-0.0123605259653973,-0.0079554420970813,0.003059807029129,0.010291399752123,-0.0230873153957436,0.0101213580400767,-0.0444617035976789,4,8,0,0,1,xg_GOOGL,0.36968398,2.2066677
2024-08-26,164.98709106445312,166.36727853932712,163.29909428347517,165.20553931092914,14190400,47.36287949247219,163.2290832519531,165.0856071310825,-2.2894908211357574,-3.227602086502168,155.55932644050063,163.2290832519531,170.8988400634056,0.0032605103208975,-0.003059991432614,0.0238462004628454,0.0032552063830237,0.0134312727006621,0.0160925161270945,0.834576645314298,0.2427370552666677,-0.003059991432614,0.0238462004628454,-0.0269061918954595,164.55217895507812,163.2464584350586,163.2290832519531,1.007998461544199,1.0001064466133076,0.0080193892418415,0.0168175010927433,22917480.0,0.6191954787349823,0.0111110579480047,-0.0123605259653973,-0.0079554420970813,0.0227663925749779,0.0057992584576751,-0.008431481537121,-0.0060284062299706,0,8,0,0,0,xg_GOOGL,0.24595113,1.4680983
2024-08-27,163.51751708984375,165.26510295168842,163.29908400819048,164.66933228950003,11821900,44.84367390224718,162.95056304931637,164.9362652223931,-2.1507918060659392,-3.0122400304149224,155.78889170760047,162.95056304931637,170.11223439103227,-0.0089072058009391,-0.0149539919595315,0.0031676265903894,-0.0089471121043684,0.0134501284754452,0.0161361794570171,0.8334869492696021,-0.6621902256899161,-0.0149539919595315,0.0031676265903894,-0.018121618549921,164.0557067871094,163.29809112548827,162.9505630493164,1.0046394642852188,1.0021327209287807,0.0067585648159381,-0.166908614274439,22244500.0,0.5314527186495299,0.0032605103208975,0.0111110579480047,-0.0123605259653973,0.003059807029129,0.010291399752123,0.0115224661861457,0.0041063190733312,1,8,0,0,0,xg_GOOGL,0.34432337,2.0552886
2024-08-28,161.70046997070312,164.43105809322844,160.3897803993729,163.8749983304621,16407400,41.87769725783434,162.51913146972652,164.62809424604168,-2.1625636663721366,-2.8423047576063656,156.24432745283474,162.51913146972652,168.7939354866183,-0.011112247491761,-0.0180885271247295,0.0154645295140762,-0.0111744497477577,0.0115216900686525,0.0161287231880902,0.7143141847071411,-0.9643796219072058,-0.0180885271247295,0.0154645295140762,-0.0335530566388058,163.45994567871094,163.54434509277343,162.51913146972657,0.9994839356015972,1.006308264225728,0.0058182527803092,0.3878818125681997,19826130.0,0.8275644313841972,-0.0089072058009391,0.0032605103208975,0.0111110579480047,-0.0079554420970813,0.0227663925749779,-0.0230873153957436,0.0194415167397725,2,8,0,0,0,xg_GOOGL,0.12944452,0.77266276
2024-08-29,160.6379852294922,164.7984102225247,159.11878679232862,163.15012461387778,19699800,40.20325952497606,162.07330017089842,164.24808386351316,-2.231898651194427,-2.720223536323978,156.70109174515028,162.07330017089842,167.44550859664656,-0.0065706966801236,-0.0123322770449556,0.002975704762528,-0.0065923787372241,0.0116830967455537,0.0161487674256112,0.7234219811132379,-0.5623623993548389,-0.0123322770449556,0.002975704762528,-0.0153079818074837,163.0587921142578,163.59200439453124,162.07330017089845,0.9967405969365868,1.0093704775680596,0.0061348624483272,0.2006655533478796,18643680.0,1.056647614633964,-0.011112247491761,-0.0089072058009391,0.0032605103208975,-0.0123605259653973,0.003059807029129,0.0057992584576751,0.0101213580400767,3,8,0,0,1,xg_GOOGL,0.22580978,1.3478732
2024-08-30,162.22671508789062,162.50473737235887,160.54864227379994,161.472070186267,22123800,43.820490112474936,161.91045761108398,164.05557255154912,-2.1340499052861617,-2.6029888101164147,156.78156672464775,161.91045761108398,167.03934849752022,0.0098901256519665,-0.0135249011501231,0.0025773363576242,0.0098415384522887,0.0116458188851767,0.0155481152319232,0.7489698745859938,0.8491696959891786,-0.0135249011501231,0.0025773363576242,-0.0161022375077474,162.61395568847655,163.63370819091796,161.91045761108398,0.9937680780218484,1.0106432321003829,0.0043365118809896,0.1230469344866445,18435200.0,1.2000846207255036,-0.0065706966801236,-0.011112247491761,-0.0089072058009391,0.0111110579480047,-0.0079554420970813,0.010291399752123,-0.008431481537121,4,8,0,0,0,xg_GOOGL,0.124312535,0.74202955
2024-09-03,156.24923706054688,160.70754876608456,155.37544390462614,160.57846155411957,38945300,35.19422655752385,161.81662521362304,163.31211202859652,-2.5099039794163502,-2.584371843976402,156.33936953957928,161.81662521362304,167.2938808876668,-0.0368464468019665,-0.0529608343751739,-0.0558587661083359,-0.0375424269378239,0.0139145956981666,0.0144812267436453,0.9608049883815164,-2.64785263966968,-0.0529608343751739,-0.0558587661083359,0.0028979317331619,160.86638488769532,162.70928192138672,161.81662521362304,0.9886736822145044,1.005516470922473,-0.0060815677810926,0.7603350238205009,20088110.0,1.9387239516309929,0.0098901256519665,-0.0065706966801236,-0.011112247491761,0.0032605103208975,-0.0123605259653973,0.0227663925749779,0.0115224661861457,1,9,0,0,0,xg_GOOGL,0.4116939,2.4574275
2024-09-04,155.3456268310547,157.87762958096508,154.8590954051368,155.554151121504,19353800,34.10136514710855,161.72527465820315,162.55339915264014,-2.8478565175756785,-2.6370687786962574,155.873745484253,161.72527465820315,167.5768038321533,-0.0057831337067075,-0.0499756258792692,-0.0641822827312296,-0.0057999207769778,0.0135769531297885,0.0144763984373351,0.9378033759695018,-0.4259208771328004,-0.0499756258792692,-0.0641822827312296,0.0142066568519603,159.2320068359375,161.64385681152345,161.72527465820312,0.9850792351583262,0.9994965669599156,-0.0160498101757132,-0.5030517161249239,20189340.0,0.958614793747544,-0.0368464468019665,0.0098901256519665,-0.0065706966801236,-0.0089072058009391,0.0111110579480047,0.003059807029129,-0.0230873153957436,2,9,0,0,1,xg_GOOGL,0.37006217,2.208925
2024-09-05,156.13006591796875,158.32445729106303,154.87895042005644,155.1966988484402,18688700,35.96047285812249,161.6408760070801,161.9416531302905,-3.017603604441547,-2.7131757438453157,155.51003460872676,161.6408760070801,167.77171740543344,0.0050496373983361,-0.0344489045315924,-0.0519143017122849,0.0050369307374769,0.0140399358974647,0.0144936685775671,0.9686275903675208,0.3596368101963892,-0.0344489045315924,-0.0519143017122849,0.0174653971806925,158.11792602539063,160.78893585205077,161.64087600708007,0.9833880993582924,0.9947294262684396,-0.0225641996688863,-0.034365344273476,19768010.0,0.94540118099895,-0.0057831337067075,-0.0368464468019665,0.0098901256519665,-0.011112247491761,0.0032605103208975,-0.0079554420970813,0.0057992584576751,3,9,0,0,0,xg_GOOGL,0.41489285,2.4765222
2024-09-06,149.85467529296875,156.71590221863735,149.4872919188711,156.1896446256026,37912100,28.9292412999289,161.08929672241214,160.7905123838789,-3.616808652790126,-2.893902325634278,153.00032350679444,161.08929672241214,169.17826993802984,-0.0401933515374105,-0.067128020319217,-0.0786324560201167,-0.0410234226570098,0.0178524075954836,0.0162202806370431,1.1005547585876556,-2.2512986006984033,-0.067128020319217,-0.0786324560201167,0.0115044357008996,155.96126403808594,159.51002807617186,161.08929672241212,0.9777520944552072,0.990196315469912,-0.0342200380088293,1.0286108718102382,21309890.0,1.7790847348343055,0.0050496373983361,-0.0057831337067075,-0.0368464468019665,-0.0065706966801236,-0.0089072058009391,-0.0123605259653973,0.010291399752123,4,9,0,0,0,xg_GOOGL,0.5945995,3.549203
2024-09-09,147.85621643066406,152.51927694187998,146.3747655212842,151.63438731483413,39260500,27.111238702597724,160.35637512207035,159.55867467404892,-4.204475324668266,-3.156016925441076,150.3759851756187,160.35637512207035,170.336765068522,-0.0133359793973572,-0.0885828123280494,-0.1009096396978358,-0.0134257021573827,0.0165709015000086,0.016036726268183,1.0332450637272297,-0.8047344112774416,-0.0885828123280494,-0.1009096396978358,0.0123268273697864,153.08716430664063,157.8505599975586,160.35637512207032,0.9698233842756614,0.9843734611573492,-0.049164052691951,0.0355664814135856,23840370.0,1.6468074950178355,-0.0401933515374105,0.0050496373983361,-0.0057831337067075,0.0098901256519665,-0.011112247491761,0.0111110579480047,0.0227663925749779,0,9,0,0,0,xg_GOOGL,0.40202156,2.3996928
2024-09-10,147.80648803710938,150.4015036061094,147.48831800096144,149.58620426686707,31118800,27.06565915983883,159.68947906494142,158.4394188038642,-4.620950619504015,-3.449003664253664,148.25432981090998,159.68947906494142,171.12462831897287,-0.0003363294067382,-0.0540338575871952,-0.104133013780042,-0.0003363859781577,0.0162765421053261,0.0160368690503626,1.014881843355496,-0.0206621739671724,-0.0540338575871952,-0.104133013780042,0.0500991561928467,151.39861450195312,156.13249969482422,159.6894790649414,0.969680334317814,0.9777256498615626,-0.0560926971007301,-0.2073763706524369,25533210.0,1.2187578451749226,-0.0133359793973572,-0.0401933515374105,0.0050496373983361,-0.0368464468019665,-0.0065706966801236,0.0032605103208975,0.003059807029129,1,9,0,0,1,xg_GOOGL,0.60662854,3.621005
2024-09-11,150.29212951660156,150.63017379029483,146.67302891819028,149.0592434246133,29607700,33.118322289871216,159.05402603149415,157.66348649079154,-4.696303731116643,-3.69846367762626,146.9981100822937,159.05402603149415,171.10994198069466,0.0168168631330183,-0.0325306699489457,-0.0808805552372445,0.0166770252687822,0.0184932940431774,0.0163504620370838,1.1309871864201502,0.909300084326393,-0.0325306699489457,-0.0808805552372445,0.0483498852882988,150.3879150390625,154.8099609375,159.05402603149415,0.9714356500598644,0.9733168332805748,-0.0576617752393638,-0.0485590704011722,27311790.0,1.0840629632843148,-0.0003363294067382,-0.0133359793973572,-0.0401933515374105,-0.0057831337067075,0.0098901256519665,-0.0089072058009391,-0.0079554420970813,2,9,0,0,1,xg_GOOGL,0.30426013,1.8161484
2024-09-12,153.8018798828125,153.931138367879,151.7735836501272,152.91699025153633,29621500,40.612621367056214,158.7822235107422,157.2957144328888,-4.421841852242295,-3.843139312549467,146.50076160813578,158.7822235107422,171.06368541334862,0.0233528553857056,-0.0149118366245966,-0.0488470447199176,0.0230843496731765,0.0209476604388667,0.0167774995586642,1.2484823428713332,1.1147660469200344,-0.0149118366245966,-0.0488470447199176,0.033935208095321,149.92227783203126,154.02010192871094,158.7822235107422,0.9733942255240398,0.9700084714980132,-0.0576062248748953,0.0004660949685386,28633200.0,1.0345158766745934,0.0168168631330183,-0.0003363294067382,-0.0133359793973572,0.0050496373983361,-0.0368464468019665,-0.011112247491761,-0.0123605259653973,3,9,0,0,1,xg_GOOGL,0.42100763,2.513022
2024-09-13,156.5559539794922,157.47067000170316,154.31887229884703,154.53759521680126,29591200,45.74963374599785,158.6019515991211,157.22526105637482,-3.936718037978892,-3.861855057635352,146.29990071159435,158.6019515991211,170.90400248664784,0.0179066348134244,0.0447185159450134,-0.0254113698212056,0.0177481995936545,0.022114773982057,0.017269748213547,1.2804757332233248,0.8096770580108318,0.0447185159450134,-0.0254113698212056,0.070129885766219,151.26253356933594,153.61189880371094,158.6019515991211,0.9847058382021756,0.9685372547746266,-0.0468804784693565,-0.0010229056597403,29622340.0,0.9989487663702126,0.0233528553857056,0.0168168631330183,-0.0003363294067382,-0.0401933515374105,-0.0057831337067075,-0.0065706966801236,0.0111110579480047,4,9,0,0,1,xg_GOOGL,0.52664727,3.1435916
2024-09-16,157.15252685546875,157.34143843484944,155.70091765708278,156.4068328344505,18379800,46.82267279816275,158.36909408569338,157.21833398962187,-3.4641825348401483,-3.782320553076312,146.14664672287708,158.36909408569338,170.59154144850967,0.0038106048400734,0.0628739910246798,-0.0312783762506243,0.0038033628771261,0.0218225947022122,0.017106867489861,1.2755882470533086,0.1746094028994765,0.0628739910246798,-0.0312783762506243,0.0941523672753041,153.12179565429688,153.10447998046874,158.36909408569335,1.0001130971074808,0.9667573137573424,-0.0333898444803394,-0.3788761523696233,29247940.0,0.6284134882661607,0.0179066348134244,0.0233528553857056,0.0168168631330183,-0.0133359793973572,0.0050496373983361,0.0098901256519665,0.0032605103208975,0,9,0,0,1,xg_GOOGL,0.39769205,2.3738496
2024-09-17,158.40528869628906,159.628222536102,157.47068317745328,158.107008079676,20715600,49.09947253341989,158.01468353271486,157.33137729501874,-2.9545491301521736,-3.616766268491484,146.2599437505507,158.01468353271486,169.76942331487902,0.0079716302746595,0.0717072761820758,0.0137987978456926,0.0079400246843208,0.0184270433160335,0.016311964365721,1.1295950204338672,0.4325814812755346,0.0717072761820758,0.0137987978456926,0.0579084783363832,155.2415557861328,153.32008514404296,158.01468353271486,1.0125324130904614,0.9702901130216804,-0.0175065350999673,0.1270851695883523,27424970.0,0.7553554297415547,0.0038106048400734,0.0179066348134244,0.0233528553857056,-0.0003363294067382,-0.0401933515374105,-0.0368464468019665,-0.0089072058009391,1,9,0,0,1,xg_GOOGL,0.28564727,1.7050471
2024-09-18,158.89247131347656,159.57851220454893,157.68942685128602,158.9421872798641,23677300,49.99609618265129,157.6593132019043,157.48005291582425,-2.482730052969714,-3.3899590253871303,146.5067116145892,157.6593132019043,168.8119147892194,0.003075545148758,0.0572241661924484,0.0228319557799925,0.0030708253346354,0.0182486966675049,0.0163122246551986,1.1186443547008675,0.1685258229104885,0.0572241661924484,0.0228319557799925,0.0343922104124558,156.9616241455078,153.67476959228514,157.6593132019043,1.0213883812023472,0.974726874494776,-0.0043909510037138,0.1429695495182374,27857320.0,0.8499489541707225,0.0079716302746595,0.0038106048400734,0.0179066348134244,0.0168168631330183,-0.0133359793973572,-0.0057831337067075,-0.011112247491761,2,9,0,0,1,xg_GOOGL,0.16189443,0.9663583
2024-09-19,161.2091064453125,162.8496272464335,160.41369644399956,162.77009990036774,26587700,54.13355360539786,157.48580474853514,157.8352008710136,-1.8999752092988444,-3.0919622621694733,146.69081041301305,157.48580474853514,168.28079908405724,0.0145798923805866,0.0481608324172879,0.0325308293279802,0.0144746276814347,0.0186462861053227,0.016658051810549,1.1192885595994937,0.7818774430894221,0.0481608324172879,0.0325308293279802,0.0156300030893077,158.4430694580078,154.18267364501952,157.48580474853514,1.0276321308501704,0.9790258486548048,0.0059380312352106,0.1229194207109762,28647220.0,0.9281075092102854,0.003075545148758,0.0079716302746595,0.0038106048400734,0.0233528553857056,-0.0003363294067382,0.0050496373983361,-0.0065706966801236,3,9,0,0,1,xg_GOOGL,0.10608388,0.6332215
2024-09-20,162.65077209472656,162.78996770160265,161.1295575441582,162.5612924555598,40896400,56.543334839834266,157.48615570068358,158.2938267018434,-1.3067440952524692,-2.7349186287860725,146.69045487636478,157.48615570068358,168.28185652500238,0.0089428300993847,0.0389306057055662,0.0853900405625729,0.0089030798052691,0.0106537301572129,0.0165696156806751,0.642929047569271,0.8393295716955145,0.0389306057055662,0.0853900405625729,-0.0464594348570066,159.6620330810547,155.4622833251953,157.48615570068358,1.0270145894298643,0.987148887046714,0.0133776025305547,0.5381699056330558,28945650.0,1.4128686002904958,0.0145798923805866,0.003075545148758,0.0079716302746595,0.0179066348134244,0.0168168631330183,-0.0401933515374105,0.0098901256519665,4,9,0,0,0,xg_GOOGL,0.17765227,1.0604179
2024-09-23,160.92076110839844,164.53986181971814,160.74178667068307,163.40640761812853,24150900,52.94829662214952,157.30964889526368,158.54401093103914,-0.965076787199564,-2.380950260468771,146.8843276028053,157.30964889526368,167.73497018772204,-0.0106363527455042,0.0239781970314436,0.0883597930010666,-0.0106933230765022,0.0100629964455222,0.0165248686555731,0.6089239032000046,-1.0568716715154107,0.0239781970314436,0.0883597930010666,-0.064381595969623,160.41567993164062,156.76873779296875,157.30964889526368,1.023263197688611,0.9965614880835756,0.0193016178582742,-0.4094614684911141,27434690.0,0.8803051902536213,0.0089428300993847,0.0145798923805866,0.003075545148758,0.0038106048400734,0.0233528553857056,-0.0133359793973572,-0.0368464468019665,0,9,0,0,1,xg_GOOGL,0.28341135,1.6917007
2024-09-24,161.3582305908203,162.28289902982328,159.7674258440889,162.09398745781283,23332100,53.74909994383482,157.12820587158205,158.8120318510183,-0.651492848820169,-2.035058778139051,147.14870843344286,157.12820587158205,167.10770330972124,0.0027185397297939,0.0186416875271944,0.0916857083452826,0.0027148511841224,0.0098064072166888,0.0165180379803416,0.5936427550053993,0.2771925004977811,0.0186416875271944,0.0916857083452826,-0.0730440208180882,161.0062683105469,158.12391204833983,157.12820587158205,1.0182284654159448,1.0063369028573494,0.0240338681501722,-0.0339034984203486,26656020.0,0.8753032148084795,-0.0106363527455042,0.0089428300993847,0.0145798923805866,0.0079716302746595,0.0179066348134244,-0.0003363294067382,-0.0057831337067075,1,9,0,0,0,xg_GOOGL,0.18803361,1.1223848
2024-09-25,160.56283569335938,161.87524922923666,160.37392412147798,160.5429462723237,18869200,52.01567718631114,156.98047180175783,158.9787750740984,-0.4618333122939475,-1.7204136849700302,147.31674548144804,156.98047180175783,166.64419812206762,-0.0049293729520245,0.010512545786939,0.0683382836466051,-0.0049415623848796,0.0102457077343499,0.0164413381645231,0.6231296079566456,-0.4810689520791033,0.010512545786939,0.0683382836466051,-0.057825737859666,161.34034118652343,159.15098266601564,156.9804718017578,1.0137564876058744,1.013826629767038,0.0271536645820832,-0.191277253226242,25582170.0,0.7375918461959742,0.0027185397297939,-0.0106363527455042,0.0089428300993847,0.003075545148758,0.0038106048400734,0.0168168631330183,0.0050496373983361,2,9,0,0,1,xg_GOOGL,0.26383325,1.5748378
2024-09-26,161.7957000732422,163.13795527115403,161.34828673099906,162.7004790534292,20319300,54.46687276438032,156.9852333068848,159.24705364544542,-0.2096284449702921,-1.4182566369700826,147.3116260493291,156.9852333068848,166.65884056444048,0.0076783919177743,0.0036387127307146,0.0519747885820411,0.0076490631029697,0.0084537433696924,0.0163565906367196,0.516808591035124,0.9081756337275596,0.0036387127307146,0.0519747885820411,-0.0483360758513264,161.45765991210936,159.9503646850586,156.98523330688477,1.0094235185397584,1.0188879636365378,0.0276424318025757,0.0768501049329064,24651950.0,0.8242471690880103,-0.0049293729520245,0.0027185397297939,-0.0106363527455042,0.0145798923805866,0.0079716302746595,0.0233528553857056,-0.0401933515374105,3,9,0,0,1,xg_GOOGL,0.16477287,0.98353994
2024-09-27,163.00869750976562,164.7486500925775,161.69628402203105,161.87524329123835,21101300,56.80486309427108,157.10376892089846,159.60530544204735,0.0871202174700158,-1.117181266082063,147.18666802785523,157.10376892089846,167.0208698139417,0.0074970931611553,0.0022005761818986,0.0412168516511273,0.0074691296346927,0.0072597725524235,0.0163544814820567,0.4438739734069031,1.0325475845752623,0.0022005761818986,0.0412168516511273,-0.0390162754692287,161.52924499511718,160.59563903808595,157.10376892089843,1.0058133954484894,1.022226520351308,0.0271487113376488,0.038485577751202,23802960.0,0.8864989900415374,0.0076783919177743,-0.0049293729520245,0.0027185397297939,0.0089428300993847,0.003075545148758,0.0179066348134244,-0.0133359793973572,4,9,0,0,1,xg_GOOGL,0.19518484,1.165071
2024-09-30,164.89779663085938,165.19606207708327,162.32265529939457,162.38232355982177,20413900,60.22979983775788,157.2373229980469,160.10935222193422,0.4693201510649771,-0.7998809826526551,146.9641818828908,157.2373229980469,167.51046411320297,0.011588946785987,0.0247142475282102,0.0492850476563693,0.0115223092869829,0.0076357492496225,0.0164081655136103,0.4653344037080504,1.517523544007926,0.0247142475282102,0.0492850476563693,-0.024570800128159,162.32465209960938,161.370166015625,157.23732299804686,1.0059148856790046,1.026284109515331,0.0308514073899424,-0.0325761919881713,24006370.0,0.8503534686834849,0.0074970931611553,0.0076783919177743,-0.0049293729520245,-0.0106363527455042,0.0145798923805866,0.0038106048400734,-0.0003363294067382,0,9,0,1,1,xg_GOOGL,0.2828833,1.6885487
2024-10-01,166.03123474121094,168.18877389639653,163.6350680810018,166.72721266688677,28338100,62.16802599827911,157.7264228820801,160.6733410332939,0.8538328810484188,-0.4691382099124403,146.74438030759543,157.7264228820801,168.70846545656477,0.0068735794747389,0.0289604325312704,0.0481419913923653,0.0068500641222728,0.0075936296608771,0.0138156813795254,0.5495986664446051,0.9050578871735384,0.0289604325312704,0.0481419913923653,-0.0191815588610948,163.2592529296875,162.13276062011718,157.72642288208007,1.00694796230732,1.027936585750958,0.0333240312055218,0.3881766835342586,24768620.0,1.1441129945874602,0.011588946785987,0.0074970931611553,0.0076783919177743,0.0027185397297939,0.0089428300993847,0.0079716302746595,0.0168168631330183,1,10,1,0,0,xg_GOOGL,0.05953501,0.35536835
2024-10-02,164.90773010253906,166.55820300060364,163.78421304270756,165.46451248473383,17760200,59.09370214209306,158.2045280456543,161.07661618274582,1.0557347025254558,-0.1641636274248611,146.8332227614027,158.2045280456543,169.57583332990592,-0.0067668269794117,0.0270603990669267,0.0378574185380695,-0.006789825764347,0.0084254697261805,0.0138507982102238,0.6082581913416684,-0.8030441215955069,0.0270603990669267,0.0378574185380695,-0.0107970194711428,164.12823181152345,162.73428649902343,158.20452804565429,1.0085657751816697,1.0286322933314649,0.0359213225613245,-0.3732748490548061,24176910.0,0.7345934612818291,0.0068735794747389,0.011588946785987,0.0074970931611553,-0.0049293729520245,-0.0106363527455042,0.003075545148758,0.0233528553857056,2,10,0,0,0,xg_GOOGL,0.19530557,1.1657916
2024-10-03,164.90773010253906,165.6832505879078,162.9788660133771,163.46605818338855,15073100,59.09370214209306,158.64341125488286,161.4414841751071,1.2018887255912318,0.1090468431783575,146.93661225294704,158.64341125488286,170.35021025681868,0.0,0.0192343185133356,0.0229430194036914,0.0,0.0075612440397769,0.0138590884760299,0.5455408205260437,0.0,0.0192343185133356,0.0229430194036914,-0.0037087008903557,164.75063781738282,163.1041488647461,158.6434112548828,1.0100947092032715,1.0281180136923336,0.0370342042710949,-0.151298971858425,23025450.0,0.6546278140057782,-0.0067668269794117,0.0068735794747389,0.011588946785987,0.0076783919177743,0.0027185397297939,0.0145798923805866,0.0179066348134244,3,10,0,0,1,xg_GOOGL,0.24815425,1.4812489
2024-10-04,166.10084533691406,167.26412612073125,164.5299148711692,167.09510397311843,19047400,61.44210572185842,159.45571975708012,161.88523285718395,1.3978774093610866,0.3668129564149033,148.06636212198518,159.45571975708012,170.84507739217506,0.0072350473421296,0.018969219890633,0.0212115392860121,0.0072089999477382,0.0074122737646631,0.0094736845624667,0.7823240674445523,0.9759584728432636,0.018969219890633,0.0212115392860121,-0.0022423193953791,165.3690673828125,163.44915618896485,159.4557197570801,1.0117462288494656,1.0250441717485488,0.0356009484102139,0.2636683893824096,20840550.0,0.9139586047392744,0.0,-0.0067668269794117,0.0068735794747389,0.0074970931611553,-0.0049293729520245,0.0089428300993847,0.0038106048400734,4,10,0,0,0,xg_GOOGL,0.30972013,1.8487395
2024-10-07,162.04428100585938,167.5127039344141,161.81560574950586,166.7570727731855,22463100,50.76999468291635,160.16512298583987,161.90038029991493,1.2118989966252798,0.5358301644569786,150.13102236041888,160.16512298583987,170.19922361126086,-0.0244222979288665,-0.0173047529033264,0.0069818206782163,-0.0247254685072091,0.0106322509220773,0.0108411115487264,0.9806439340062192,-2.296785631020847,-0.0173047529033264,0.0069818206782163,-0.0242865735815428,164.7983642578125,163.56150817871094,160.16512298583984,1.0075620241759458,1.0212055229600228,0.0285924393209848,0.179326312252591,20671770.0,1.0866558596578288,0.0072350473421296,0.0,-0.0067668269794117,0.011588946785987,0.0076783919177743,-0.0106363527455042,0.0079716302746595,0,10,0,0,1,xg_GOOGL,0.33642858,2.008164
2024-10-08,163.43624877929688,163.78423021907105,161.93490844359246,162.99877252706997,23072700,53.73928126898089,160.94661102294924,162.0466534884275,1.1634187634840032,0.6613478842623836,152.68770809997437,160.94661102294924,169.2055139459241,0.0085900456640439,-0.0156295046890352,0.0128782906261912,0.0085533611531722,0.0109116560217738,0.0108088143887539,1.0094212193990917,0.787163605899827,-0.0156295046890352,0.0128782906261912,-0.0285077953152265,164.27936706542968,163.7693099975586,160.9466110229492,1.0031144850514342,1.0175381075542305,0.0203917800816696,0.0271378393899328,20645830.0,1.1175477081812106,-0.0244222979288665,0.0072350473421296,0.0,0.0068735794747389,0.0074970931611553,0.0027185397297939,0.003075545148758,1,10,0,0,0,xg_GOOGL,0.22793825,1.3605782
2024-10-09,160.9307098388672,163.89359644421285,158.8228863013817,162.5115774919813,31181800,48.11392908970624,161.4785400390625,161.9403731408503,0.912305289125527,0.7115393652350123,154.91198482266128,161.4785400390625,168.0450952554637,-0.0153303747433236,-0.0241166394152595,0.002291153764937,-0.0154490999019492,0.012014996082091,0.0113505111224282,1.058449042819675,-1.2758305377755903,-0.0241166394152595,0.002291153764937,-0.0264077931801965,163.4839630126953,163.80609741210938,161.4785400390625,0.9980334407295984,1.0144140352797582,0.0124614063757051,0.3514586502663321,21877090.0,1.4253175353759835,0.0085900456640439,-0.0244222979288665,0.0072350473421296,-0.0067668269794117,0.011588946785987,-0.0049293729520245,0.0145798923805866,2,10,0,0,1,xg_GOOGL,0.25781202,1.5388967
2024-10-10,161.1494598388672,162.13378146188393,159.47909725173434,159.94640007740227,14144100,48.619621863406074,161.84591903686524,161.86504806447095,0.7226174640398142,0.7137549849959727,156.35341388010767,161.84591903686524,167.3384241936228,0.0013592806507782,-0.0227901400458001,-0.0039941743450688,0.0013583576651372,0.0117466694831434,0.0103454265842367,1.135335894717511,0.115706409065108,-0.0227901400458001,-0.0039941743450688,-0.0187959657007312,162.73230895996093,163.74147338867186,161.84591903686524,0.9938368428729386,1.0117120923597391,0.0055004213106391,-0.5463988608739714,21259570.0,0.6653050837810612,-0.0153303747433236,0.0085900456640439,-0.0244222979288665,0.0,0.0068735794747389,0.0076783919177743,0.0089428300993847,3,10,0,0,1,xg_GOOGL,0.5363255,3.2013617
2024-10-11,162.30276489257812,162.958963980126,160.31424786941037,161.1991373378728,15344300,51.313778549530774,162.13325958251954,161.90673538143355,0.657768232556009,0.7025576345079799,157.23707745430863,162.13325958251954,167.02944171073045,0.0071567416661781,-0.0228661114675968,-0.0043306438734362,0.0071312537253618,0.0117219138808454,0.0097593290951108,1.2009752710814987,0.6104917035918774,-0.0228661114675968,-0.0043306438734362,-0.0185354675941605,161.97269287109376,163.67088012695314,162.13325958251954,0.9896243775646458,1.0094836836586945,-0.0009893036112604,0.0848551692932035,20683870.0,0.7418485998993061,0.0013592806507782,-0.0153303747433236,0.0085900456640439,0.0072350473421296,-0.0067668269794117,0.0074970931611553,-0.0106363527455042,4,10,0,0,1,xg_GOOGL,0.35503414,2.1192217
2024-10-14,164.0128936767578,165.2755910857808,162.46183762718093,162.70046513584995,19016100,55.07543188403995,162.476277923584,162.10732188575014,0.7358850256293863,0.7092231127322612,158.11757358957587,162.476277923584,166.83498225759217,0.0105366583576782,0.0121486093719485,-0.0053663722146786,0.0104815346480391,0.011606770557762,0.0099445896469587,1.1670268902871177,0.907724554447924,0.0121486093719485,-0.0053663722146786,0.0175149815866271,162.36641540527344,163.58238983154297,162.47627792358398,0.9925665933385512,1.0068078363321395,-0.0006698407414666,0.2392940701107251,20544090.0,0.9256238655496094,0.0071567416661781,0.0013592806507782,-0.0153303747433236,-0.0244222979288665,0.0,0.011588946785987,0.0027185397297939,0,10,0,0,1,xg_GOOGL,0.4415111,2.6354084
2024-10-15,164.51004028320312,166.7172804935471,163.68480379630955,164.83813228183462,20247200,56.13643574329503,162.7815155029297,162.33615220931708,0.8283599058947289,0.7330504713647548,158.7830479559961,162.7815155029297,166.7799830498633,0.0030311434381806,0.0065700939169026,-0.0091620980858141,0.0030265587850664,0.0113981243569951,0.0098542596601623,1.156552414653211,0.2659102000515138,0.0065700939169026,-0.0091620980858141,0.0157321920027168,162.5811737060547,163.43027038574218,162.7815155029297,0.9948045323691664,1.0039854333632912,-0.0012178089345191,0.0647398783136394,19735000.0,1.025953889029591,0.0105366583576782,0.0071567416661781,0.0013592806507782,0.0085900456640439,0.0072350473421296,0.0068735794747389,-0.0049293729520245,1,10,0,0,0,xg_GOOGL,0.42331126,2.5267723
2024-10-16,164.21176147460938,164.84808640066018,162.7999160190336,163.58537367338425,16406000,55.29266745582741,163.04748001098633,162.51478166315445,0.8675774153213922,0.7599558601560823,159.45075710550094,163.04748001098633,166.64420291647173,-0.0018131343721043,0.0203879771550585,-0.004220351753656,-0.001814780089802,0.0112191779623715,0.0098851651889986,1.1348361824720787,-0.1615958657861757,0.0203879771550585,-0.004220351753656,0.0246083289087146,163.2373840332031,163.3606735229492,163.04748001098633,0.9992452927189432,1.001920873060668,0.001156458103314,-0.1897151211031649,19599580.0,0.837058753299773,0.0030311434381806,0.0105366583576782,0.0071567416661781,-0.0153303747433236,-0.0244222979288665,-0.0067668269794117,0.0076783919177743,2,10,0,0,0,xg_GOOGL,0.4792216,2.8605049
2024-10-17,161.99456787109375,165.41482033547592,161.82554570724955,164.7784953540456,21453400,49.35427322427963,163.0867530822754,162.465237492482,0.7115463171236911,0.7502739515496041,159.5580397785551,163.0867530822754,166.61546638599572,-0.0135020389745861,0.0052442498601708,-0.0176654073743779,-0.0135940203990347,0.0119583956752239,0.009952742460727,1.2013969341085888,-1.1289900711754215,0.0052442498601708,-0.0176654073743779,0.0229096572345487,163.40640563964843,163.0693572998047,163.08675308227538,1.002066901749199,0.9998933341786386,0.0019732301000821,0.3076557357064489,20237610.0,1.0600757698166403,-0.0018131343721043,0.0030311434381806,0.0105366583576782,0.0013592806507782,0.0085900456640439,0.0,0.0074970931611553,3,10,0,0,1,xg_GOOGL,0.35259798,2.1046803
2024-10-18,162.48175048828125,163.76435267205474,162.14370618061358,162.25307524146882,19757700,50.60948749167281,163.07830200195312,162.4668101587486,0.620054510879811,0.7242300634156456,159.5443865111587,163.07830200195312,166.61221749274753,0.0030074009492415,0.0011027883340224,-0.0217885396145453,0.0030028877653789,0.0116782414885183,0.0097679405502705,1.195446059725981,0.2574996802830127,0.0011027883340224,-0.0217885396145453,0.0228913279485677,163.44220275878905,162.70744781494142,163.07830200195312,1.0045158040010764,0.9977259133651804,0.002239640794996,-0.0790410843968788,20308640.0,0.9728716447777414,-0.0135020389745861,-0.0018131343721043,0.0030311434381806,0.0071567416661781,-0.0153303747433236,0.0072350473421296,0.011588946785987,4,10,0,0,1,xg_GOOGL,0.50363827,3.0062494
2024-10-21,163.12802124023438,163.5555451703661,161.68633408506915,162.01444125458505,20946500,52.29843100261831,163.18866500854494,162.52978264269962,0.5928611100082719,0.6979562727341708,159.80372799639122,163.18866500854494,166.57360202069867,0.0039774974728608,-0.0053951394715794,0.0066879264584216,0.0039696081427278,0.0087408606431287,0.0094730565694013,0.9226101384447484,0.4549943810860434,-0.0053951394715794,0.0066879264584216,-0.012083065930001,163.26522827148438,162.8158218383789,163.18866500854492,1.00276021352244,0.9977152630659336,0.0004693446432891,0.0601689467903652,20156980.0,1.039168565925995,0.0030074009492415,-0.0135020389745861,-0.0018131343721043,0.0105366583576782,0.0013592806507782,-0.0244222979288665,0.0068735794747389,0,10,0,0,1,xg_GOOGL,0.37422052,2.2337465
2024-10-22,164.1918487548828,164.81823646722327,162.0442467450133,162.0442467450133,16568100,55.02480864509259,163.33034591674806,162.68807465338372,0.6496632203514423,0.6882976622576251,160.03189456997083,163.33034591674806,166.62879726352529,0.0065214271990816,-0.0019341769521942,0.0046232092404805,0.0065002546928463,0.0085559436672462,0.0095530201524749,0.8955333493858995,0.7621210858316151,-0.0019341769521942,0.0046232092404805,-0.0065573861926747,163.20158996582032,162.8913818359375,163.33034591674806,1.001904386385495,0.9973124156546248,-0.0007841799206485,-0.2090277612011553,19506520.0,0.8493621619847698,0.0039774974728608,0.0030074009492415,-0.0135020389745861,0.0030311434381806,0.0071567416661781,0.0085900456640439,-0.0067668269794117,1,10,0,0,0,xg_GOOGL,0.4290726,2.561162
2024-10-23,161.8454132080078,164.867967838788,161.0002873320743,163.81404098216163,18280500,48.44751878698115,163.39447479248048,162.60782118239555,0.4995826851675815,0.6505546668396165,160.27770780450317,163.39447479248048,166.5112417804578,-0.0142908162900213,-0.0144103457958914,0.005683833558284,-0.0143939134118937,0.0083460468362306,0.0100697878163628,0.8287382266827316,-1.712080520261566,-0.0144103457958914,0.005683833558284,-0.0200941793541754,162.7283203125,162.98285217285155,163.39447479248048,0.9984382905504584,0.997480804536679,-0.0041159923335258,0.1033552429065494,18216390.0,1.0035193581164543,0.0065214271990816,0.0039774974728608,0.0030074009492415,-0.0018131343721043,0.0105366583576782,-0.0153303747433236,0.0,2,10,0,0,0,xg_GOOGL,0.19988197,1.1931084
2024-10-24,161.78575134277344,162.3922496608961,160.08556255879623,161.89512038935888,22412500,48.28946180446857,163.39397735595705,162.52952881671726,0.3715456192337001,0.5947528573184333,160.27613300082996,163.39397735595705,166.51182171108414,-0.0003686348846827,-0.0012890341390118,0.0039484557040556,-0.0003687028472247,0.0083464309295358,0.0099253438496408,0.8408363699629278,-0.0441614776803249,-0.0012890341390118,0.0039484557040556,-0.0052374898430674,162.68655700683593,163.04648132324218,163.39397735595702,0.9977925048520816,0.9978732629051692,-0.0043725751078183,0.2260332047810509,19043230.0,1.176927443506108,-0.0142908162900213,0.0065214271990816,0.0039774974728608,-0.0135020389745861,0.0030311434381806,0.0013592806507782,0.0072350473421296,3,10,0,0,1,xg_GOOGL,0.2950297,1.7610514
2024-10-25,164.32113647460938,164.63929136354844,162.48175184608664,162.7303165163636,19828900,55.00711775605182,163.45959930419923,162.7001581174689,0.4692504855660502,0.5696523829679567,160.32072295721449,163.45959930419923,166.59847565118395,0.0156712510885106,0.0113205697304497,0.0124358422567054,0.0155497250323755,0.009468296155539,0.0104051037398859,0.9098790856031626,1.6549541624953563,0.0113205697304497,0.0124358422567054,-0.0011152725262557,163.05443420410157,163.24831848144532,163.45959930419923,0.9988123352255798,0.9987074431623884,-0.0024656907126507,-0.1152749581706636,19491690.0,1.0173001930565786,-0.0003686348846827,-0.0142908162900213,0.0065214271990816,0.0030074009492415,-0.0018131343721043,0.0071567416661781,-0.0244222979288665,4,10,0,0,1,xg_GOOGL,0.3404564,2.0322063
2024-10-28,165.76278686523438,167.78113051042075,163.00868643055472,167.78113051042075,32138600,58.322552687585954,163.502848815918,162.9918370458275,0.6554557483484871,0.5868130560440629,160.25847105825451,163.502848815918,166.74722657358151,0.0087733715914737,0.0161515207808464,0.0106692416019762,0.0087351091975413,0.0092914617365357,0.0102646018079533,0.9051063844437376,0.9441385760006902,0.0161515207808464,0.0106692416019762,0.0054822791788702,163.58138732910157,163.42330780029295,163.50284881591796,1.0009673009984708,0.9995135190842176,0.0004738006320288,0.6207959090015078,20803940.0,1.5448323730984832,0.0156712510885106,-0.0003686348846827,-0.0142908162900213,0.0039774974728608,-0.0135020389745861,0.0105366583576782,0.0085900456640439,0,10,0,0,1,xg_GOOGL,0.55688983,3.3241115
2024-10-29,168.70579528808594,169.40178845873763,166.13066910445878,166.76699401414237,42169000,64.13298173554848,163.63657684326174,163.53602354509022,1.0286433839941085,0.675179121634072,159.78898863593298,163.63657684326174,167.4841650505905,0.0177543372581219,0.0274919039369723,0.0255045527778112,0.0175985700063359,0.0106922596793537,0.0108993987127071,0.9809053743042616,1.6603297582309289,0.0274919039369723,0.0255045527778112,0.001987351159161,164.4841766357422,163.84288330078124,163.6365768432617,1.0039140750091884,1.001260760042158,0.0050241296751726,0.3120982245648536,22996120.0,1.833744127270086,0.0087733715914737,0.0156712510885106,-0.0003686348846827,0.0065214271990816,0.0030074009492415,0.0030311434381806,-0.0153303747433236,1,10,0,0,1,xg_GOOGL,0.25308582,1.5106857
2024-10-30,173.45835876464844,180.9749512117023,173.06064622942904,179.6426331826948,68890800,71.13210072589052,164.0641082763672,164.48100785171482,1.6884263002628472,0.8778285573598271,158.2328928521105,164.0641082763672,169.8953237006239,0.0281707185485058,0.0717533189631725,0.0563089830290188,0.0277812218720567,0.01322883074503,0.012320490919057,1.0736388016623604,2.1293332538731415,0.0717533189631725,0.0563089830290188,0.0154443359341536,166.8067657470703,164.76754302978514,164.0641082763672,1.0123763617505452,1.004287560276334,0.0158116189397617,0.6336835115843391,28244600.0,2.439078620337961,0.0177543372581219,0.0087733715914737,0.0156712510885106,-0.0142908162900213,0.0039774974728608,-0.0018131343721043,0.0013592806507782,2,10,0,0,0,xg_GOOGL,0.30873504,1.8428595
2024-10-31,170.12759399414062,175.80481742033143,170.01822493850247,172.13600066532192,44769000,62.000553137351325,164.32510147094726,165.01877796051727,1.9204068791763405,1.0863442217231298,157.89807939551196,164.32510147094726,170.75212354638256,-0.0192021001134171,0.0515610465206755,0.0502055484324552,-0.0193888550274188,0.0142271236091036,0.0132473266824657,1.0738807964279278,-1.3495876646117235,0.0515610465206755,0.0502055484324552,0.0013554980882202,168.47513427734376,165.58084564208986,164.32510147094726,1.017479610180939,1.0076418280585369,0.0243936489605526,-0.3501454475779059,30576160.0,1.464179936264022,0.0281707185485058,0.0177543372581219,0.0087733715914737,-0.0003686348846827,0.0065214271990816,-0.0135020389745861,0.0071567416661781,3,10,0,1,1,xg_GOOGL,0.019735849,0.11780456
2024-11-01,170.3065643310547,171.33066473922122,167.91041241830663,169.09358268677013,31796500,62.28075019793175,164.5353874206543,165.52237666247322,2.0945499023048058,1.287985357839465,157.6079949795425,164.5353874206543,171.4627798617661,0.0010519771232422,0.0364251853709043,0.04815810895229,0.0010514241830614,0.0142709461393124,0.0131819367028346,1.0825316438213584,0.0737094375899115,0.0364251853709043,0.04815810895229,-0.0117329235813856,169.6722198486328,166.3633270263672,164.5353874206543,1.0198895566794068,1.011109704935629,0.0301622691301149,-0.2897652393397216,31780040.0,1.0005179351567526,-0.0192021001134171,0.0281707185485058,0.0177543372581219,0.0156712510885106,-0.0142908162900213,0.0030074009492415,0.0105366583576782,4,11,1,0,0,xg_GOOGL,0.40948617,2.4442494
2024-11-04,168.26834106445312,169.7497767581588,167.04539198951443,168.95436679599575,21492700,57.11545307044624,164.84659042358396,165.7838970817094,2.0445239202144023,1.4392930703144526,157.83173364500564,164.84659042358396,171.86144720216228,-0.0119679665584675,0.0151152996797512,0.0315109555374839,-0.0120401592481949,0.0152322384439524,0.0121553864186602,1.2530235482289938,-0.7856482127881871,0.0151152996797512,0.0315109555374839,-0.0163956558577327,170.17333068847657,166.87735900878906,164.846590423584,1.019750861945951,1.012319142179325,0.0316562238101119,-0.32405453430409,31834660.0,0.6751352142601594,0.0010519771232422,-0.0192021001134171,0.0281707185485058,0.0087733715914737,-0.0003686348846827,0.0039774974728608,0.0030311434381806,0,11,0,0,1,xg_GOOGL,0.44937482,2.6823475
2024-11-05,168.7654571533203,169.55091475770118,167.87061532690117,168.45722424913848,18242100,58.02972221868933,165.11305084228516,166.0678551837676,2.021686341104896,1.5557717244725415,157.9211335368216,165.11305084228516,172.30496814774872,0.0029543055201142,0.0003536444325016,0.02785527072824,0.0029499501355436,0.0151878125978256,0.0120584470465887,1.2594120227197143,0.1945053638055388,0.0003536444325016,0.02785527072824,-0.0275016262957383,170.18526306152344,167.3347198486328,165.11305084228516,1.0170349776511962,1.0134554415596728,0.0300548009337614,-0.1512420496261521,32002060.0,0.5700289293876529,-0.0119679665584675,0.0010519771232422,-0.0192021001134171,0.0177543372581219,0.0156712510885106,0.0065214271990816,-0.0018131343721043,1,11,0,0,1,xg_GOOGL,0.55008256,3.2834785
2024-11-06,175.49659729003906,175.92413641911588,172.50388407123629,172.8021647148181,33695500,67.98305676047248,165.84134521484376,166.96583062246012,2.5177115382803663,1.7481596872341063,157.5644876785339,165.84134521484376,174.1182027511536,0.0398845845012207,0.0117505927065535,0.0843470556962056,0.0391097305538066,0.0178256341880712,0.0141069620645186,1.263515886033076,2.2373592277957655,0.0117505927065535,0.0843470556962056,-0.072596462989652,170.59291076660156,168.69983825683593,165.84134521484376,1.011221543122546,1.017236311236435,0.0270749725358207,0.84712834596894,33543560.0,1.004529632513633,0.0029543055201142,-0.0119679665584675,0.0010519771232422,0.0281707185485058,0.0087733715914737,-0.0142908162900213,-0.0135020389745861,2,11,0,0,1,xg_GOOGL,0.32557353,1.9433695
2024-11-07,179.71224975585938,180.0403569286527,176.1726914135067,176.39142952870222,25352900,72.39802661461547,166.76948471069335,168.17977530183148,3.2139347636738194,2.0413147025220493,156.7320326682853,166.76948471069335,176.80693675310138,0.0240212775114563,0.0563380433279321,0.1108039383215231,0.0237373052212204,0.0181770994531032,0.0147426904289764,1.2328731087149662,1.3214405374680438,0.0563380433279321,0.1108039383215231,-0.054465894993591,172.5098419189453,170.49248809814452,166.76948471069335,1.0118325085363262,1.0223242483114323,0.0319419361565518,-0.2475879568488374,33837600.0,0.7492523110385858,0.0398845845012207,0.0029543055201142,-0.0119679665584675,-0.0192021001134171,0.0177543372581219,-0.0003686348846827,0.0030074009492415,3,11,0,0,0,xg_GOOGL,0.17010158,1.0153474
2024-11-08,177.32601928710938,179.86136646447602,177.0575652294279,179.612801825818,22006200,66.78426106838542,167.52064743041993,169.05084615757224,3.532428196162442,2.339537401250128,156.67465826787523,167.52064743041993,178.36663659296462,-0.0132780624136179,0.041216584831162,0.0791430919448972,-0.0133670040770441,0.0195525997699525,0.015323492040669,1.2759052448892063,-0.6790597419316089,0.041216584831162,0.0791430919448972,-0.0379265071137351,173.91373291015626,171.79297637939453,167.52064743041993,1.012344838394779,1.0255032977397556,0.0360527208891169,-0.1320046227453269,34055330.0,0.6461895979278238,0.0240212775114563,0.0398845845012207,0.0029543055201142,0.0010519771232422,0.0281707185485058,0.0156712510885106,0.0039774974728608,4,11,0,0,1,xg_GOOGL,0.24130903,1.4403893
2024-11-11,179.31454467773438,179.513393363608,177.44533365392132,177.55470270682915,17450400,68.94528012004307,168.28572998046874,170.02834125473055,3.90033330182402,2.6516965813649067,156.37506970394804,168.28572998046874,180.19639025698945,0.0112139515600662,0.0656463571424297,0.0817539211832727,0.0111515413485712,0.0195810852576481,0.0153381679383795,1.2765415527301882,0.5726638104430889,0.0656463571424297,0.0817539211832727,-0.016107564040843,176.1229736328125,173.14815216064454,168.28572998046874,1.0171807867138425,1.028893847272375,0.0437066812757933,-0.2070234752024429,32586510.0,0.5355099395424507,-0.0132780624136179,0.0240212775114563,0.0398845845012207,-0.0119679665584675,-0.0192021001134171,0.0087733715914737,0.0065214271990816,0,11,0,0,1,xg_GOOGL,0.23712617,1.4154215
2024-11-12,180.5772247314453,181.44223994675815,178.36003251435403,178.7875715603005,25134900,70.26805185617496,169.08908920288084,171.0329968239415,4.2448564139423866,2.9703285478804027,156.12947197513247,169.08908920288084,182.0487064306292,0.0070417045978072,0.0699892488508133,0.0703676445915058,0.007017027573803,0.0192825692050538,0.0153430613738432,1.256679619251557,0.365166039695691,0.0699892488508133,0.0703676445915058,-0.0003783957406924,178.4853271484375,174.33529510498047,169.08908920288087,1.023804887248781,1.0310262828123993,0.05203445760965,0.4403623985696603,30883100.0,0.8138723120411872,0.0112139515600662,-0.0132780624136179,0.0240212775114563,0.0029543055201142,0.0010519771232422,0.0177543372581219,-0.0142908162900213,1,11,0,0,0,xg_GOOGL,0.24358712,1.4539874
2024-11-13,177.85299682617188,179.92105669289288,177.5149373462163,179.42392735486908,23184000,63.94007035505439,169.77115097045896,171.6825206336777,4.249090171290334,3.226080872562389,156.46120961473306,169.77115097045896,183.0810923261849,-0.0150862209191935,0.0134270383159533,0.0253354066810129,-0.0152011755694818,0.0188499765679724,0.0159195305854135,1.184004293502809,-0.8002885614331934,0.0134270383159533,0.0253354066810129,-0.0119083683650595,178.95660705566405,174.7747589111328,169.771150970459,1.0239270714523347,1.029472663123692,0.0516463385443127,-0.0776171777090818,26312420.0,0.8811048166606918,0.0070417045978072,0.0112139515600662,-0.0132780624136179,0.0398845845012207,-0.0119679665584675,0.0281707185485058,-0.0003686348846827,2,11,0,0,0,xg_GOOGL,0.27334714,1.6316267
2024-11-14,174.57192993164062,177.79333331489727,173.3191695348543,177.2564251654299,31007500,57.25264187506181,170.4000190734863,171.95770247157895,3.942247007582779,3.369314099566467,157.45359675237435,170.4000190734863,183.34644139459823,-0.0184481957182766,-0.0286030575611953,0.0261235454705428,-0.0186204859333356,0.0187540726649614,0.0162427892774591,1.1545380418709137,-0.983637656213503,-0.0286030575611953,0.0261235454705428,-0.0547266030317381,177.9285430908203,175.2191925048828,170.40001907348633,1.0154626359544603,1.0282815310561566,0.0431256274721945,0.3374525534851622,24936270.0,1.2434698533501105,-0.0150862209191935,0.0070417045978072,0.0112139515600662,0.0240212775114563,0.0029543055201142,-0.0192021001134171,0.0156712510885106,3,11,0,0,0,xg_GOOGL,0.5918448,3.53276
2024-11-15,171.4996795654297,173.1402002652983,170.236966835199,172.73255057874763,32504600,51.79050715436053,170.85091552734374,171.91408124242187,3.4118371263753033,3.3778187049282344,158.44895544947616,170.85091552734374,183.25287560521133,-0.0175987649756406,-0.0328566543426784,0.0070056914075005,-0.0177554644398467,0.0198366129729776,0.016939012400718,1.170991644146424,-0.887141260373071,-0.0328566543426784,0.0070056914075005,-0.0398623457501789,176.76327514648438,175.3385040283203,170.85091552734374,1.0081258313800483,1.026266107425443,0.0344744645244948,0.0482818672901717,25007080.0,1.2998158921392942,-0.0184481957182766,-0.0150862209191935,0.0070417045978072,-0.0132780624136179,0.0398845845012207,0.0010519771232422,0.0087733715914737,4,11,0,0,1,xg_GOOGL,0.5731079,3.4209182
2024-11-18,174.2935333251953,174.4327289205199,171.90730361382492,172.4243223269658,20135300,55.90995636861736,171.40919113159185,172.14069572649552,3.180264019355036,3.338307767813595,159.47457977992272,171.40919113159185,183.34380248326093,0.0162907229147313,-0.0280011382320539,0.0358070461895996,0.0161594528258453,0.0198167828907835,0.01720423038168,1.1517882906051806,0.8220255012636901,-0.0280011382320539,0.0358070461895996,-0.0638081844216535,175.75907287597656,175.94102325439454,171.4091911315918,0.9989658444912254,1.026438676321176,0.0249572182134192,-0.3805399851097998,24871340.0,0.8095784143515867,-0.0175987649756406,-0.0184481957182766,-0.0150862209191935,0.0112139515600662,0.0240212775114563,-0.0119679665584675,0.0177543372581219,0,11,0,0,1,xg_GOOGL,0.5002018,2.985737
2024-11-19,177.0973663330078,177.8430604066146,172.56354879286812,172.7226338363219,23434900,59.63746126612733,172.0544670104981,172.6127595937824,3.1862573632603244,3.307897686902941,160.36998616047185,172.0544670104981,183.73894786052435,0.0160868447286632,-0.0192707491413313,0.0493697544522877,0.0159588225984723,0.0201934747396454,0.0174254842116145,1.158780766930991,0.7965963431117045,-0.0192707491413313,0.0493697544522877,-0.068640503593619,175.06310119628907,176.7742141723633,172.05446701049806,0.9903203474325402,1.0274317037149476,0.0169885879620235,0.1638714099119456,25390620.0,0.9229747048319056,0.0162907229147313,-0.0175987649756406,-0.0184481957182766,0.0070417045978072,-0.0132780624136179,0.0029543055201142,0.0281707185485058,1,11,0,0,0,xg_GOOGL,0.27917317,1.6664027
2024-11-20,174.96963500976562,176.65987170014589,172.78226898861567,176.32182739630647,18997100,55.78328887311584,172.710678100586,172.83722391911414,2.984908824998598,3.2432999145220727,162.00735982007404,172.710678100586,183.41399638109797,-0.0120144718540945,-0.0162120507827279,-0.0030026922938143,-0.0120872289671485,0.0165815211196209,0.0173072156226458,0.958014475965153,-0.7245262507085655,-0.0162120507827279,-0.0030026922938143,-0.0132093584889135,174.4864288330078,176.72151794433594,172.71067810058594,0.9873524789888228,1.0232228828458083,0.0101489080223706,-0.1893671404614485,23920780.0,0.7941672470546197,0.0160868447286632,0.0162907229147313,-0.0175987649756406,-0.0150862209191935,0.0112139515600662,0.0398845845012207,-0.0192021001134171,2,11,0,0,0,xg_GOOGL,0.24685228,1.4734772
2024-11-21,166.66758728027344,173.1302686962832,162.76014278127062,172.9015782767723,59734400,43.86997685888064,172.95476989746098,172.2496394773198,2.130869452497876,3.020813822117234,163.1124535097597,172.95476989746098,182.7970862851623,-0.0474485057308876,-0.0452784285220562,-0.0725863845859545,-0.0486111112178004,0.0200353849494485,0.0207906458600041,0.9636266933532924,-2.3681170955039805,-0.0452784285220562,-0.0725863845859545,0.0273079560638983,172.9055603027344,175.41705169677735,172.95476989746095,0.98568274081824,1.014236564858987,-0.0002952559374595,2.1443957235578064,27358930.0,2.1833602410619792,-0.0120144718540945,0.0160868447286632,0.0162907229147313,-0.0184481957182766,0.0070417045978072,0.0240212775114563,0.0010519771232422,3,11,0,0,0,xg_GOOGL,0.4864709,2.9037764
2024-11-22,163.81405639648438,165.5043083073982,162.95899331574788,164.8978098993039,38604600,40.65605255133741,172.9294158935547,171.4462506124783,1.2098347801509135,2.6586180137239697,162.9913093056394,172.9294158935547,182.86752248147,-0.0171210907312798,-0.0448142129969002,-0.0761984222335003,-0.0172693512969903,0.0201984716821104,0.0209229351026229,0.965328538013794,-0.8476009175251378,-0.0448142129969002,-0.0761984222335003,0.0313842092366001,171.36843566894532,174.06585540771485,172.92941589355468,0.9845034528313932,1.006571695788643,-0.0095289760777992,-0.3537291744790272,29018770.0,1.330332057492398,-0.0474485057308876,-0.0120144718540945,0.0160868447286632,-0.0175987649756406,-0.0150862209191935,-0.0132780624136179,-0.0119679665584675,4,11,0,0,1,xg_GOOGL,0.4992025,2.979772
2024-11-25,166.6874542236328,167.6618386099698,164.65917328191838,165.13641317917185,33135300,45.023644439521554,172.97564926147464,170.99303190877873,0.7036560483678329,2.2676256206527423,163.1702040986162,172.97564926147464,182.78109442433308,0.017540606040509,-0.0436394796551122,-0.0704186627849685,0.0173885451948434,0.0209424041373724,0.0212051721232138,0.987561735125562,0.8375241162065297,-0.0436394796551122,-0.0704186627849685,0.0267791831298562,169.84721984863282,172.8031463623047,172.97564926147462,0.982894255249992,0.9990027330441804,-0.0187682356024503,-0.1416748263160349,30587260.0,1.0833039638071182,-0.0171210907312798,-0.0474485057308876,-0.0120144718540945,0.0162907229147313,-0.0184481957182766,0.0112139515600662,0.0029543055201142,0,11,0,0,1,xg_GOOGL,0.3831249,2.2868972
2024-11-26,168.14901733398438,168.84501052303654,166.61786569467208,166.66758166120195,20486700,47.154151567052836,172.94781036376952,170.72217337784593,0.4156503265901108,1.897230561840216,163.08830991497916,172.94781036376952,182.80731081255988,0.0087682850347614,-0.0505278490827315,-0.0688248887197384,0.0087300668662519,0.0210784022929639,0.0209133593649724,1.0078435550010778,0.4159645948636892,-0.0505278490827315,-0.0688248887197384,0.0182970396370069,168.05755004882812,171.5603256225586,172.94781036376952,0.9795828344285336,0.991977436786898,-0.0290828955915226,-0.381725833174892,30122440.0,0.6801142271342999,0.017540606040509,-0.0171210907312798,-0.0474485057308876,0.0160868447286632,-0.0175987649756406,0.0070417045978072,0.0398845845012207,1,11,0,0,0,xg_GOOGL,0.5041697,3.0094216
2024-11-27,168.25839233398438,168.5069570042289,167.0553478258637,168.0297170852908,19266500,47.31868298666251,172.68781204223632,170.48752756414484,0.1939931334413245,1.5565830761604378,162.61309843817847,172.68781204223632,182.76252564629416,0.0006504646993135,-0.0383566135655862,-0.0539468249813354,0.0006502532388443,0.0209868193454551,0.0198432469479137,1.0575770096260328,0.0309924860990557,-0.0383566135655862,-0.0539468249813354,0.0155902114157491,166.71530151367188,170.60086517333986,172.68781204223632,0.9772242441108372,0.9879149151048018,-0.0354960632020619,-0.0595605929700732,29730690.0,0.6480340684995657,0.0087682850347614,0.017540606040509,-0.0171210907312798,-0.0120144718540945,0.0162907229147313,-0.0150862209191935,0.0240212775114563,2,11,0,0,0,xg_GOOGL,0.2261495,1.349901
2024-11-29,167.97998046875,168.45722032902532,166.20026432388437,167.53256715154302,14257200,46.918246081619685,172.5804313659668,170.24871355505962,-0.004090151106368,1.244448430707077,162.3463021180888,172.5804313659668,182.8145606138448,-0.001654668521269,0.0078743156356466,-0.0377606495240782,-0.0016560389972246,0.0204863592166247,0.0193944359930178,1.0562463882740063,-0.080765339435565,0.0078743156356466,-0.0377606495240782,0.0456349651597248,166.9777801513672,169.9416702270508,172.5804313659668,0.9825593683307708,0.9847099632442085,-0.0333530888559776,-0.2600005190356318,28055660.0,0.5081755339207665,0.0006504646993135,0.0087682850347614,0.017540606040509,-0.0474485057308876,0.0160868447286632,-0.0184481957182766,-0.0132780624136179,4,11,0,0,1,xg_GOOGL,0.35161313,2.0988016
2024-12-02,170.50543212890625,171.09204112840575,167.60219850791557,167.8010472162495,23789100,50.9713469608344,172.59037475585936,170.273162943045,0.0422235350422965,1.0040034515741207,162.3651651446548,172.59037475585936,182.8155843670639,0.0150342418966173,0.0408473844040986,-0.0057973719778532,0.0149223477834459,0.0206162383078143,0.0197012259027411,1.0463913270300096,0.7292073590146712,0.0408473844040986,-0.0057973719778532,0.0466447563819518,168.31605529785156,169.84224548339844,172.5903747558594,0.9910140720219336,0.9840771579739116,-0.025068523651354,0.6685674606514602,27184110.0,0.8751104965363635,-0.001654668521269,0.0006504646993135,0.0087682850347614,-0.0171210907312798,-0.0120144718540945,-0.0175987649756406,0.0112139515600662,0,12,0,0,0,xg_GOOGL,0.24531333,1.4642912
2024-12-03,170.3562774658203,171.68858044714352,169.86910042539293,170.50542536954606,22248700,50.72500030789826,172.69477157592772,170.28107861188076,0.0661296290146822,0.816428687062233,162.61374122322036,172.69477157592772,182.77580192863508,-0.0008747795376582,0.0220101942241273,-0.0225897988540337,-0.0008751623805629,0.0197706233102989,0.0194944074250704,1.014116959919216,-0.0442441940112511,0.0220101942241273,-0.0225897988540337,0.044599993078161,169.04981994628906,169.44851989746093,172.69477157592777,0.9976470732738584,0.9812023742882132,-0.0213960511691152,-0.0647523445611645,27395450.0,0.8121312115697749,0.0150342418966173,-0.001654668521269,0.0006504646993135,0.017540606040509,-0.0474485057308876,0.0162907229147313,0.0070417045978072,1,12,0,0,1,xg_GOOGL,0.4052519,2.4189749
2024-12-04,173.368896484375,173.9058047148439,170.07790239038704,170.1673820384036,31615100,55.41234849442571,172.92494354248046,170.57515650449926,0.3244287453846937,0.7180286987267253,163.01286243437676,172.92494354248046,182.83702465058417,0.0176842266300349,0.0310431736869605,-0.0210532201908747,0.0175296800586277,0.0199396523437979,0.0198550665428945,1.0042095850516417,0.8868429339793013,0.0310431736869605,-0.0210532201908747,0.0520963938778352,170.0937957763672,169.07567291259767,172.92494354248046,1.0060216993150506,0.977740223295564,-0.0163301943054614,0.4209863947107022,28213470.0,1.1205675870426035,-0.0008747795376582,0.0150342418966173,-0.001654668521269,0.0087682850347614,-0.0171210907312798,0.0160868447286632,-0.0150862209191935,2,12,0,0,0,xg_GOOGL,0.2772763,1.6550802
2024-12-05,171.6488037109375,175.0491662947447,171.34058597302015,174.35318831054713,21356200,52.35029975770767,172.7325538635254,170.67740861939814,0.3858872763361489,0.65160041424861,162.88145960856357,172.7325538635254,182.58364811848725,-0.0099215765244979,0.0201500283577138,-0.0189794720589248,-0.0099711233590742,0.0198328994906894,0.0178100214430077,1.1135183658136276,-0.5002332763234689,0.0201500283577138,-0.0189794720589248,0.0391295004166386,170.77187805175782,168.74358978271485,172.7325538635254,1.012019942633997,0.9769067035044118,-0.0114226010865151,-0.3244936754905093,28449380.0,0.7506736526419644,0.0176842266300349,-0.0008747795376582,0.0150342418966173,0.0006504646993135,0.017540606040509,-0.0120144718540945,-0.0184481957182766,3,12,0,0,1,xg_GOOGL,0.45746306,2.7306266
2024-12-06,173.70692443847656,174.07479526094843,170.8732813965907,171.04230353586647,21462400,55.517655675446434,172.43228759765623,170.96593393550083,0.593821542083731,0.6400446398156342,163.12593071810835,172.43228759765623,181.7386444772041,0.0119903004451169,0.0340930148565647,0.0422357896521627,0.0119189862789435,0.0119506930874084,0.0171114807567073,0.698361228702871,1.0032302835611815,0.0340930148565647,0.0422357896521627,-0.0081427747955979,171.91726684570312,169.44752349853516,172.43228759765626,1.0145752696538484,0.9826902250111906,-0.0029648832573484,0.004972794785589,24622180.0,0.8716693647759511,-0.0099215765244979,0.0176842266300349,-0.0008747795376582,-0.001654668521269,0.0087682850347614,-0.0474485057308876,-0.0175987649756406,4,12,0,0,1,xg_GOOGL,0.086845994,0.51838934
2024-12-09,174.56295776367188,175.44886145410123,172.8508718378986,173.15945800345577,25389600,56.80379149244303,172.29413452148438,171.30850763342187,0.818253365496048,0.675686384951717,163.214385599451,172.29413452148438,181.37388344351777,0.0049280322472031,0.0237970461357386,0.0656164776310257,0.0049159292426663,0.0093230475539639,0.0169385282200221,0.5503723263641003,0.5285292914564913,0.0237970461357386,0.0656164776310257,-0.0418194314952871,172.72877197265626,170.5224136352539,172.29413452148438,1.012938817193391,0.9897168821727385,0.0024898607169586,0.1829804681675861,23300680.0,1.0896506024716408,0.0119903004451169,-0.0099215765244979,0.0176842266300349,0.0150342418966173,0.0006504646993135,-0.0171210907312798,0.0162907229147313,0,12,0,0,1,xg_GOOGL,0.41655585,2.4864488
2024-12-10,184.31787109375,185.502397306232,180.21683563214248,182.00855531536865,54813000,68.1168073370611,172.54430084228517,172.54749462964358,1.7629351638396145,0.8931361407292965,162.4330131326323,172.54430084228517,182.655588551938,0.0558819205119369,0.0819552636135225,0.1057693091074731,0.0543763613349757,0.0181307036782789,0.0210343470933569,0.8619160690723585,3.082000539137496,0.0819552636135225,0.1057693091074731,-0.0238140454939506,175.52109069824218,172.28545532226562,172.54430084228517,1.0187806647399469,0.998499831528738,0.0161503051130778,1.1588760752434069,25468450.0,2.152192222141428,0.0049280322472031,0.0119903004451169,-0.0099215765244979,-0.0008747795376582,-0.001654668521269,0.017540606040509,0.0160868447286632,1,12,0,0,1,xg_GOOGL,0.101923905,0.6083904
2024-12-11,194.50079345703125,194.7098337526011,183.9993550701832,184.4572297159907,67894100,75.36873139656231,173.24047927856446,174.6382849941567,3.295292941791189,1.373567500941675,159.52535067905922,173.24047927856446,186.9556078780697,0.0552465276581992,0.1218897818534641,0.1567168012091673,0.0537744151355639,0.0230098941186709,0.0242138389267178,0.9502394043712812,2.4008857445210063,0.1218897818534641,0.1567168012091673,-0.0348270193557032,179.74747009277343,174.9206329345703,173.24047927856446,1.0275944414173748,1.009698389562316,0.0334548291477611,0.2386495904256289,30209190.0,2.247465092576059,0.0558819205119369,0.0049280322472031,0.0119903004451169,0.0176842266300349,0.0150342418966173,0.0087682850347614,-0.0120144718540945,2,12,0,0,0,xg_GOOGL,0.19696279,1.1756836
2024-12-12,191.07662963867188,194.2817976089121,190.8277801088796,194.10263323797517,34817500,69.63318876212664,173.90166091918948,176.20384162696766,4.1851522872483145,1.935884458203003,158.12955167411636,173.90166091918948,189.6737701642626,-0.0176048835457107,0.1131835789572499,0.1356142596405798,-0.0177616926375581,0.0249113105707593,0.0243246066101129,1.024077671321167,-0.7066740556122648,0.1131835789572499,0.1356142596405798,-0.0224306806833298,183.6330352783203,177.20245666503905,173.90166091918945,1.0362894439180197,1.018980817827746,0.0509291710741025,-0.4871792983484574,31764290.0,1.09612083254494,0.0552465276581992,0.0558819205119369,0.0049280322472031,-0.0099215765244979,-0.0008747795376582,0.0006504646993135,-0.0474485057308876,3,12,0,0,0,xg_GOOGL,0.012083246,0.07212568
2024-12-13,188.9464874267578,191.84308455058388,188.76730785856873,190.1309984875668,25143500,66.25531971303766,174.6203887939453,177.4174269412334,4.6647156174993825,2.481650690062279,157.46982678616607,174.6203887939453,191.77095080172452,-0.0111481043806466,0.0877314651534157,0.1248155101548442,-0.0112107102221061,0.0257031482498738,0.024024997024167,1.0698056868990609,-0.4337083754837642,0.0877314651534157,0.1248155101548442,-0.0370840450014284,186.68094787597656,179.29910736083986,174.62038879394532,1.0411705368966546,1.0267936556504609,0.0638305545992556,-0.2778487829396137,32852920.0,0.7653353187478993,-0.0176048835457107,0.0552465276581992,0.0558819205119369,0.0119903004451169,0.0176842266300349,-0.001654668521269,-0.0171210907312798,4,12,0,0,1,xg_GOOGL,0.2845145,1.6982853
2024-12-16,195.75498962402344,198.0842174808024,191.733572884141,191.98242240358925,44934900,71.0836566133106,175.833154296875,179.1638614824515,5.530411101466569,3.091402772343137,156.3412398356718,175.833154296875,195.3250687580782,0.0360340236539451,0.1214005086293388,0.148086528269832,0.0353999846628374,0.0268019242794048,0.024449053115593,1.096190840678048,1.3444064266388027,0.1214005086293388,0.148086528269832,-0.0266860196404932,190.9193542480469,181.82406311035157,175.833154296875,1.0500224831747118,1.0340715540105798,0.0770667454257344,0.7871378288623303,34967500.0,1.2850475441481009,-0.0111481043806466,-0.0176048835457107,0.0552465276581992,0.0049280322472031,-0.0099215765244979,0.0150342418966173,0.017540606040509,0,12,0,0,0,xg_GOOGL,0.21862517,1.3049878
2024-12-17,194.52069091796875,200.4930793963414,194.082713332717,196.3422712265007,43504000,69.1519115428401,176.84451217651366,180.62641666678647,6.047175346240294,3.682557287122569,155.6631566138708,176.84451217651366,198.02586773915652,-0.0063053243670843,0.055354479539476,0.1418463341158455,-0.0063252868824346,0.0271939389346689,0.0245151083572731,1.1092273919812945,-0.2318565370649201,0.055354479539476,0.1418463341158455,-0.0864918545763695,192.9599182128906,184.2405044555664,176.84451217651366,1.047326258593843,1.0418220061681676,0.0828467447875402,-0.0318438452071775,37093030.0,1.1728348964751285,0.0360340236539451,-0.0111481043806466,-0.0176048835457107,0.0558819205119369,0.0119903004451169,-0.0008747795376582,0.0087682850347614,1,12,0,0,0,xg_GOOGL,0.2707333,1.6160246
2024-12-18,187.5330047607422,196.09343489769404,186.87605352724103,194.3216274116736,34166100,59.32308674764287,177.3662940979004,181.2841869614489,5.825711681070686,4.111188165912192,155.6512909287759,177.3662940979004,199.08129726702492,-0.0359225855319079,-0.0358239602648632,0.0816992468867894,-0.0365836821310772,0.0312915451273102,0.0260740208136605,1.2000582991257591,-1.1479598538808828,-0.0358239602648632,0.0816992468867894,-0.1175232071516526,191.5663604736328,185.65691528320312,177.36629409790038,1.031829922313507,1.0467429351640318,0.0757203586315332,-0.2146446303788157,37348130.0,0.9148008213530124,-0.0063053243670843,0.0360340236539451,-0.0111481043806466,0.0552465276581992,0.0049280322472031,0.0176842266300349,0.0006504646993135,2,12,0,0,0,xg_GOOGL,0.5429191,3.2407193
2024-12-19,187.64247131347656,192.1416745215128,187.51307990183983,190.74812339841523,32265200,59.4203923804553,177.99993591308595,181.8897378521182,5.594542760360241,4.407859084801802,155.844279503806,177.99993591308595,200.1555923223659,0.000583718865242,-0.0179726758405218,0.0931766913416591,0.0005835485676524,0.0307833856817187,0.0258385574273259,1.1913278998023638,0.01896152391271,-0.0179726758405218,0.0931766913416591,-0.111149367182181,190.87952880859376,187.25628204345705,177.99993591308595,1.0193491333139677,1.0520019632753732,0.0686390069654918,-0.0556370203213126,38439030.0,0.8393864257240404,-0.0359225855319079,-0.0063053243670843,0.0360340236539451,-0.0176048835457107,0.0558819205119369,-0.0099215765244979,-0.001654668521269,3,12,0,0,1,xg_GOOGL,0.5044407,3.0110393
2024-12-20,190.52915954589844,192.00234452424112,184.36764269628745,184.92506321844033,63462900,62.00179750773933,179.1930145263672,182.7125399181925,5.579949159992736,4.64227709983999,157.0369277321564,179.1930145263672,201.34910132057797,0.0153839811009488,0.0083762981820665,0.0968426282475571,0.0152668474572861,0.0308341673898221,0.0229338082370479,1.3444266492716466,0.4989102509632138,0.0083762981820665,0.0968426282475571,-0.0884663300654906,191.19606323242184,188.9385055541992,179.1930145263672,1.0119486373177384,1.054385440490472,0.0629984866078367,0.9669148184421604,42639080.0,1.4883740455938197,0.000583718865242,-0.0359225855319079,-0.0063053243670843,-0.0111481043806466,0.0552465276581992,0.0119903004451169,0.0150342418966173,4,12,0,0,1,xg_GOOGL,0.5884866,3.5127146
2024-12-23,193.73434448242188,194.20218282242337,189.2749498878787,191.73358450411797,25675000,64.68782634585209,180.68902893066405,183.76223559097625,5.760610531735239,4.86594378621904,158.867192419462,180.68902893066405,202.5108654418661,0.0168225427759329,-0.0103223174310014,0.1098250566119802,0.0166826109619959,0.0308587102866359,0.0223053976564515,1.3834017828383345,0.5451296405468247,-0.0103223174310014,0.1098250566119802,-0.1201473740429817,190.79193420410155,190.85564422607425,180.68902893066405,0.9996661873835012,1.0562658140097227,0.0521482409349167,-0.5954329222270018,42667620.0,0.6017443672742796,0.0153839811009488,0.000583718865242,-0.0359225855319079,0.0360340236539451,-0.0176048835457107,0.0049280322472031,-0.0008747795376582,0,12,0,0,1,xg_GOOGL,0.46886584,2.7986906
2024-12-24,195.20753479003903,195.20753479003903,192.8882552424337,193.9433748674021,10403300,65.8816125569579,182.1150329589844,184.85226408612507,5.954025812976056,5.083560191570443,160.41862154208408,182.1150329589844,203.8114443758847,0.0076041773158648,0.0035309553386273,0.0590808890731502,0.0075754112954502,0.0265088729497077,0.0222075318800385,1.1936346397365594,0.2868432198936151,0.0035309553386273,0.0590808890731502,-0.0555499337345228,190.92930297851564,191.94461059570312,182.1150329589844,0.994710413519627,1.0539745537587364,0.0451533288866727,-0.5948081791626095,38226650.0,0.2721478340372418,0.0168225427759329,0.0153839811009488,0.000583718865242,-0.0063053243670843,-0.0111481043806466,0.0558819205119369,0.0176842266300349,1,12,0,0,0,xg_GOOGL,0.40935513,2.4434674
2024-12-26,194.69989013671875,195.84459196860377,193.48550314170072,194.25194880473947,12046600,65.0653358023719,183.44257659912108,185.79013323380067,5.997213986185017,5.266290950493358,162.09793906139137,183.44257659912108,204.7872141368508,-0.0026005382111212,0.0382166615690939,0.0010236291387237,-0.0026039254843785,0.0201291209648238,0.0223362456095614,0.9011460641417502,-0.1291864174917553,0.0382166615690939,0.0010236291387237,0.0371930324303702,192.36268005371093,191.9645202636719,183.44257659912108,1.0020741321859483,1.0464556474431446,0.0458146301383433,0.1579594936222159,32641900.0,0.3690532720215316,0.0076041773158648,0.0168225427759329,0.0153839811009488,-0.0359225855319079,0.0360340236539451,0.0552465276581992,-0.0099215765244979,3,12,0,0,0,xg_GOOGL,0.37228233,2.2221773
2024-12-27,191.8729248046875,194.42115659969988,189.77263428806023,194.05284898883724,18891400,60.56504476758161,184.62330322265623,186.3694467167423,5.737193651116257,5.360471490617939,164.22362117116072,184.62330322265623,205.02298527415175,-0.0145196041458788,0.0225452876504888,0.0041674126632933,-0.0146260451756328,0.0198461077054856,0.0228363031979729,0.8690215098272716,-0.731572799489856,0.0225452876504888,0.0041674126632933,0.0183778749871954,193.20877075195312,192.04414978027344,184.62330322265623,1.0060643397521465,1.0401945281450609,0.0447455915837851,0.5681935151827071,31049290.0,0.6084325921784167,-0.0026005382111212,0.0076041773158648,0.0168225427759329,0.000583718865242,-0.0063053243670843,-0.0176048835457107,0.0119903004451169,4,12,0,0,0,xg_GOOGL,0.036981437,0.2207446
2024-12-30,190.3599548339844,191.66392402935992,188.2497003483825,188.92657901389887,14264700,58.243212948397094,185.74230194091797,186.74949510886057,5.347400129953684,5.357857218485088,166.7821542685547,185.74230194091797,204.7024496132812,-0.0078852707970298,-0.0008880777741177,0.0074807816037041,-0.0079165239462453,0.019657549757964,0.0230000831150483,0.85463582995808,-0.4011115211505031,-0.0008880777741177,0.0074807816037041,-0.0083688593778218,193.1749298095703,192.18549652099608,185.74230194091797,1.005148324439072,1.034688891613541,0.0390451230939534,-0.2449103825020908,29961410.0,0.4761024264211705,-0.0145196041458788,-0.0026005382111212,0.0076041773158648,0.0153839811009488,-0.0359225855319079,-0.0111481043806466,0.0049280322472031,0,12,0,0,0,xg_GOOGL,0.49524063,2.9561234
2024-12-31,188.42886352539065,191.07662611886295,187.6424905201336,190.2006709297877,17466900,55.32774118003698,186.63847351074216,186.9094349580539,4.827020142830747,5.25168980335422,169.06722222571534,186.63847351074216,204.20972479576895,-0.0101444198716997,-0.0273853403288161,-0.0374249775839875,-0.01019622515311,0.015470079234116,0.0231977911028635,0.6668485079899921,-0.6557021470958418,-0.0273853403288161,-0.0374249775839875,0.0100396372551714,192.11383361816405,191.4528839111328,186.6384735107422,1.003452283891101,1.0257953802869777,0.029057969171926,0.2244842162821509,27214610.0,0.6418206985144876,-0.0078852707970298,-0.0145196041458788,-0.0026005382111212,0.0168225427759329,0.000583718865242,0.0360340236539451,0.0558819205119369,1,12,0,1,0,xg_GOOGL,0.5366275,3.203164
2025-01-02,188.5582733154297,191.1164539742449,186.63716208422355,189.77266033181004,20370800,55.488540555175554,187.54857330322264,187.0664671825659,4.374629536252286,5.076277749933833,171.73008158407353,187.54857330322264,203.36706502237175,0.0006867832646115,-0.0340625246958891,-0.0306518426106838,0.0006865475369082,0.0154971468247327,0.0231786704837787,0.6685663126910171,0.0443138958727357,-0.0340625246958891,-0.0306518426106838,-0.0034106820852052,190.7839813232422,190.8566421508789,187.54857330322267,0.9996192910719908,1.0176384644755887,0.0171586638079102,0.1662515958756276,24901290.0,0.8180620361434763,-0.0101444198716997,-0.0078852707970298,-0.0145196041458788,0.0076041773158648,0.0153839811009488,-0.0063053243670843,0.0552465276581992,3,1,0,0,1,xg_GOOGL,0.4759712,2.8411028
2025-01-03,190.90740966796875,192.32088844513345,189.10574139792004,190.48934425629204,18596200,58.41478858330605,188.42549896240232,187.43227122879475,4.157734615787916,4.89256912310465,174.03686451433614,188.42549896240232,202.81413341046857,0.0124584103960758,-0.0194785958332431,0.0179936588310505,0.0123814430028845,0.0109664274107624,0.0230613458166585,0.4755122266374638,1.1359464648792903,-0.0194785958332431,0.0179936588310505,-0.0374722546642937,190.02548522949215,191.19408264160157,188.42549896240232,0.9938878996882976,1.014693253802935,0.008380954253544,-0.087114889940503,23344300.0,0.796605595370142,0.0006867832646115,-0.0101444198716997,-0.0078852707970298,-0.0026005382111212,0.0168225427759329,-0.0359225855319079,-0.0176048835457107,4,1,0,0,1,xg_GOOGL,0.03777928,0.22550696
2025-01-06,195.9640350341797,197.3078286539653,192.95794346331456,193.0873348986171,29563600,63.91416333742727,189.64126052856443,188.2448201626409,4.34379862907295,4.78281502429831,177.25097311921203,189.64126052856443,202.03154793791683,0.0264873185121812,0.0213219777290445,0.0443479755007121,0.0261426032964777,0.0134214924441355,0.0232512019578883,0.5772138255311481,1.973353207120174,0.0213219777290445,0.0443479755007121,-0.0230259977716675,190.8437072753906,192.02623901367187,189.6412605285645,0.993841822115794,1.0125762636172109,0.0061360583160906,0.5897656510469882,23074140.0,1.2812438513417497,0.0124584103960758,0.0006867832646115,-0.0101444198716997,-0.0145196041458788,0.0076041773158648,0.000583718865242,-0.0111481043806466,0,1,0,0,0,xg_GOOGL,0.13855286,0.827031
2025-01-07,194.59039306640625,200.0750314967655,193.7044893056301,196.2029332360376,26487200,61.53357656587414,190.68543395996093,188.84916043919,4.330495022347719,4.692351023908192,180.65389225068208,190.68543395996093,200.7169756692398,-0.007009663622888,0.0222233622408203,0.0213155483926303,-0.007034346729422,0.0132578159615445,0.0234197660785208,0.5660709780839868,-0.5286794569906251,0.0222233622408203,0.0213155483926303,0.0009078138481899,191.689794921875,192.43236236572267,190.68543395996093,0.9961411509232716,1.0091613101718535,0.0051614108285979,-0.1040603985982762,19376570.0,1.366970521614436,0.0264873185121812,0.0124584103960758,0.0006867832646115,-0.0078852707970298,-0.0026005382111212,0.0153839811009488,0.0360340236539451,1,1,0,0,0,xg_GOOGL,0.3607405,2.1532836
2025-01-08,193.0574493408203,195.38667713957392,191.49468229567276,191.68381035591295,24864800,58.89713342135329,191.6101585388184,189.24994985839288,4.148435488857018,4.583567916897958,185.0152466980442,191.6101585388184,198.20507037959257,-0.0078777975697021,0.0245641019577977,-0.0034939346630044,-0.007908991350507,0.0125085055908766,0.0236233137789901,0.5294759334766732,-0.6297449177725759,0.0245641019577977,-0.0034939346630044,0.0280580366208021,192.61551208496093,192.3646728515625,191.61015853881835,1.0013039776466233,1.0039377573636905,0.005207535630328,-0.0612522274910145,19295550.0,1.2886287252759685,-0.007009663622888,0.0264873185121812,0.0124584103960758,-0.0101444198716997,-0.0145196041458788,0.0168225427759329,-0.0063053243670843,2,1,0,0,0,xg_GOOGL,0.48932278,2.9207993
2025-01-10,191.15623474121097,195.61562893869856,189.43420036839143,193.40584405374383,26665200,55.70910597150001,191.95207672119145,189.43150079961364,3.8068567924056538,4.428225691999497,186.30860774033803,191.95207672119145,197.5955457020448,-0.0098479214663868,0.0137780293598428,-0.0207538098013765,-0.0098967329706107,0.0125037309647127,0.020595338938328,0.6070851233392908,-0.7875356530401818,0.0137780293598428,-0.0207538098013765,0.0345318391612193,193.1351043701172,191.95954284667968,191.95207672119145,1.0061240066839316,1.0000388957786537,0.0061887997036946,0.0724075801936874,20921740.0,1.2745211440348043,-0.0078777975697021,-0.007009663622888,0.0264873185121812,0.0006867832646115,-0.0078852707970298,0.0076041773158648,-0.0359225855319079,4,1,0,0,0,xg_GOOGL,0.46704942,2.7878482
2025-01-13,190.1309814453125,190.3001972959748,186.49778453538255,189.19532001022137,21823700,54.01126518697665,191.73358612060548,189.4981180039659,3.4140685844885184,4.2253942704973015,186.16776574208657,191.73358612060548,197.2994064991244,-0.0053634311079963,-0.0040670407922177,-0.023466416381632,-0.0053778659412451,0.0125483005434242,0.0163790879679935,0.7660704001067312,-0.4273888484411739,-0.0040670407922177,-0.023466416381632,0.0193993755894142,192.97981872558591,191.50265197753907,191.73358612060548,1.0077135576598706,0.9987955467388946,0.0065546003892002,-0.1815662361429878,21899450.0,0.9965410090207292,-0.0098479214663868,-0.0078777975697021,-0.007009663622888,0.0124584103960758,-0.0101444198716997,-0.0026005382111212,0.000583718865242,0,1,0,0,0,xg_GOOGL,0.47803718,2.8534348
2025-01-14,188.7872009277344,191.09651654383717,187.44340746260227,190.3599316953501,17174900,51.78362486524996,191.6191146850586,189.4304116157534,2.9602256044105957,3.9723605372799606,185.90422714640013,191.6191146850586,197.33400222371708,-0.0070676567667359,-0.0366232207108488,-0.0160821224781668,-0.0070927509608251,0.0119490610373349,0.0159817926338501,0.7476203509033746,-0.5914326918209734,-0.0366232207108488,-0.0160821224781668,-0.020541098232682,191.5444519042969,191.19407958984377,191.6191146850586,1.001832547928287,0.9977818752794394,-0.0003954864545627,-0.2130161246718017,21727800.0,0.79045738638975,-0.0053634311079963,-0.0098479214663868,-0.0078777975697021,0.0264873185121812,0.0006867832646115,-0.0145196041458788,0.0153839811009488,1,1,0,0,1,xg_GOOGL,0.38512275,2.2988226
2025-01-15,194.65011596679688,195.45638605757955,190.97709427450172,192.2014297757432,21776000,59.61066206397212,191.90429611206056,189.9275263158528,3.038612781489462,3.785610986121861,186.1817244342838,191.90429611206056,197.62686778983732,0.0310556807360407,0.0003069159759097,0.0225370989216402,0.0305832101100245,0.015480709276672,0.0172362856449541,0.8980943749228659,2.005959431290686,0.0003069159759097,0.0225370989216402,-0.0222301829457305,191.556396484375,191.623095703125,191.90429611206056,0.9996519249493112,0.9985346841387472,-0.0017873075798469,0.2678967563129917,22478930.0,0.9687293834715012,-0.0070676567667359,-0.0053634311079963,-0.0098479214663868,-0.007009663622888,0.0124584103960758,-0.0078852707970298,0.0168225427759329,2,1,0,0,0,xg_GOOGL,0.36905062,2.202887
2025-01-16,192.0222625732422,194.5804279448186,191.92271668187493,193.2465980564925,17815400,55.27917882184725,191.71765975952152,190.12702500703273,2.8557698400398976,3.5996427569054688,186.28788629549155,191.71765975952152,197.1474332235515,-0.0135003946979561,-0.0053620659089441,0.0190703217151619,-0.0135923536188435,0.0158141536847529,0.0155041145364965,1.0199314327881273,-0.8536366428719306,-0.0053620659089441,0.0190703217151619,-0.0244323876241061,191.34935913085937,191.98243560791016,191.7176597595215,0.9967024250158816,1.0013810717735694,-0.0019180100459531,-0.1818791329904482,22513780.0,0.7913109215777719,0.0310556807360407,-0.0070676567667359,-0.0053634311079963,-0.0078777975697021,0.0264873185121812,-0.0101444198716997,0.0076041773158648,3,1,0,0,1,xg_GOOGL,0.22380687,1.3359177
2025-01-17,195.09800720214844,196.32234248434244,192.85836171130745,195.6255669249055,27735100,59.03147290665683,191.74652557373048,190.600451882758,2.9253309834888626,3.464780402222148,186.24830213168173,191.74652557373048,197.24474901577923,0.0160176460150451,0.0206206847831769,0.0346828265433825,0.0158907171305102,0.0164045659053545,0.0158893047667357,1.032363201723816,0.9763543731104838,0.0206206847831769,0.0346828265433825,-0.0140621417602055,192.1377136230469,192.636408996582,191.74652557373048,0.9974112091471556,1.0046409363621525,0.0020050848028963,0.5568047868697867,23250210.0,1.1928967523303575,-0.0135003946979561,0.0310556807360407,-0.0070676567667359,-0.0098479214663868,-0.007009663622888,0.0006867832646115,-0.0026005382111212,4,1,0,0,1,xg_GOOGL,0.40521526,2.4187562
2025-01-21,197.13861083984375,201.3590893649602,196.95943127097465,198.1539212272468,29971300,61.34857754329241,192.2268058776856,191.22313368819476,3.10927654579649,3.3936796309370165,186.60163439853085,192.2268058776856,197.8519773568403,0.0104593771456669,0.0368568517411607,0.0326399126294389,0.0104050563069719,0.0162955653510758,0.0135403237040347,1.2033953036822025,0.6418148192788614,0.0368568517411607,0.0326399126294389,0.0042169391117217,193.53923950195312,193.25952911376953,192.2268058776855,1.001447330382446,1.0053724205184011,0.0066574154026773,0.0806270754387039,24387720.0,1.228950471794771,0.0160176460150451,-0.0135003946979561,0.0310556807360407,-0.0053634311079963,-0.0078777975697021,0.0124584103960758,-0.0145196041458788,1,1,0,0,1,xg_GOOGL,0.29955,1.7880334
2025-01-22,197.45713806152344,199.5574288922106,196.6210072103629,198.1439652566093,26200600,61.71259632632268,192.71753921508795,191.81684839041657,3.243369667330512,3.363617638215716,187.06392370687348,192.71753921508795,198.3711547233024,0.0016157525931765,0.0459243904840127,0.0076192706844566,0.0016144486693123,0.0141224456326296,0.013534252030608,1.04338253921639,0.1144021533558136,0.0459243904840127,0.0076192706844566,0.038305119799556,195.27322692871093,193.4088394165039,192.7175392150879,1.0096396189431245,1.003587116171323,0.0129429998768985,-0.1258103585763713,24051420.0,1.0893577177563285,0.0104593771456669,0.0160176460150451,-0.0135003946979561,-0.0070676567667359,-0.0098479214663868,0.0264873185121812,-0.0078852707970298,2,1,0,0,0,xg_GOOGL,0.3994719,2.3844738
2025-01-23,197.0689239501953,199.3782549776066,194.30171827365388,197.2281913014452,26951400,60.95905686813887,193.04452743530277,192.31704606277643,3.2804982560352016,3.346993761779613,187.17160801229983,193.04452743530277,198.91744685830568,-0.0019660677509018,0.0124264399812175,0.0127371698300811,-0.0019680029990709,0.0138989285936031,0.0132268780463341,1.050730022224157,-0.1414444497079361,0.0124264399812175,0.0127371698300811,-0.0003107298488636,195.75698852539065,193.6566925048828,193.0445274353027,1.010845460558792,1.0031711081257415,0.0137640224329504,0.0286558323091836,24097840.0,1.1184155924347945,0.0016157525931765,0.0104593771456669,0.0160176460150451,0.0310556807360407,-0.0053634311079963,-0.007009663622888,-0.0101444198716997,3,1,0,0,1,xg_GOOGL,0.3643113,2.1745977
2025-01-24,199.2886657714844,199.9754777209976,197.0888292269401,197.18837511510904,23877500,63.6891907145385,193.3222434997559,192.98100984455817,3.4492764322908727,3.367450295881865,186.82035699032977,193.3222434997559,199.82413000918208,0.0112637841461502,0.0378414622391538,0.0322764879155925,0.0112008200973194,0.0138042520550691,0.0129494513431216,1.0659282591259611,0.8159057220555651,0.0378414622391538,0.0322764879155925,0.0055649743235612,197.21026916503905,194.27981414794925,193.32224349975587,1.0150836824193077,1.0049532357521735,0.0195095172634725,-0.1140534443479744,23999110.0,0.9949327287553166,-0.0019660677509018,0.0016157525931765,0.0104593771456669,-0.0135003946979561,-0.0070676567667359,-0.0078777975697021,0.0006867832646115,4,1,0,0,0,xg_GOOGL,0.14031486,0.8375485
2025-01-27,190.9273223876953,195.97399844848505,189.8522905311619,191.5245673708486,41728900,49.61471015807958,193.1082328796387,192.78542056295217,2.8752003012226623,3.2690002969500247,186.5858935860991,193.1082328796387,199.6305721731783,-0.0419559404014309,-0.0213773829587696,-0.0011975144510748,-0.0428615108386019,0.0196780089030521,0.0160816366860125,1.2235561423934012,-2.1320149103100285,-0.0213773829587696,-0.0011975144510748,-0.0201798685076948,196.37613220214843,194.25692291259767,193.10823287963868,1.0109093115332846,1.005948425998362,0.0171159333386239,0.7476243325306251,25505480.0,1.6360758550710814,0.0112637841461502,-0.0019660677509018,0.0016157525931765,0.0160176460150451,0.0310556807360407,-0.0098479214663868,0.0124584103960758,0,1,0,0,1,xg_GOOGL,0.4791149,2.8598678
2025-01-28,194.4012451171875,194.58040947836048,189.80249572901596,191.86297701391987,24157900,54.14838206691807,193.09330062866215,192.93930861573648,2.6697817803597843,3.149156593631977,186.5849518168781,193.09330062866215,199.6016494404462,0.0181950005166786,-0.0138854875308018,0.0224595888550822,0.0180314523548918,0.020355658060469,0.0166344425377042,1.2236318940318511,0.8938107847875003,-0.0138854875308018,0.0224595888550822,-0.0363450763858841,195.8286590576172,194.68394927978517,193.09330062866212,1.005879836432673,1.0082377205524184,0.0140706836898403,-0.4210750822571407,25738900.0,0.938575463597864,-0.0419559404014309,0.0112637841461502,-0.0019660677509018,0.0104593771456669,-0.0135003946979561,-0.0053634311079963,0.0264873185121812,1,1,0,0,0,xg_GOOGL,0.51404905,3.068392
2025-01-29,194.51075744628903,195.8843965743091,192.5398581602494,194.66006109436609,18218300,54.28802015799992,193.2251922607422,193.0889704091224,2.487152506445568,3.0167557761946955,186.7140628601069,193.2251922607422,199.7363216613775,0.0005633314181476,-0.0149216211890824,0.0303175029367883,0.0005631728065687,0.0201022666556363,0.0162769631672088,1.2349374703176217,0.0280218845920616,-0.0149216211890824,0.0303175029367883,-0.0452391241258708,195.2393829345703,195.2563049316406,193.22519226074215,0.9999133344396932,1.01051163488122,0.0103551633867052,-0.2458657416414505,25843240.0,0.7049541775721347,0.0181950005166786,-0.0419559404014309,0.0112637841461502,0.0016157525931765,0.0160176460150451,-0.0070676567667359,-0.007009663622888,2,1,0,0,1,xg_GOOGL,0.3803142,2.2701201
2025-01-30,199.9456329345703,200.4731927690754,196.76036171060423,197.0888449414686,24354700,60.68682195658262,193.7044761657715,193.74198588773652,2.7492745956754447,2.9632595400908457,186.6896676948523,193.7044761657715,200.7192846366907,0.0279412591860479,0.0145974764905196,0.0272053111372239,0.0275580245307685,0.0196411536654909,0.0172141725640529,1.1409211027314166,1.4225150491077596,0.0145974764905196,0.0272053111372239,-0.0126078346467042,195.81472473144532,195.78585662841795,193.7044761657715,1.0001474473362095,1.010745133534577,0.0105541118088054,0.3368261583133443,26101110.0,0.933090585036386,0.0005633314181476,0.0181950005166786,-0.0419559404014309,-0.0019660677509018,0.0104593771456669,0.0310556807360407,-0.0078777975697021,3,1,0,0,1,xg_GOOGL,0.5399905,3.2232382
2025-01-31,203.0811462402344,204.53441911538957,200.87136100783613,201.0704376113212,32001100,63.8323439300773,194.43709030151368,194.63142973083157,3.173436557823891,3.005294943637455,186.71710682097947,194.43709030151368,202.1570737820479,0.0156818294035465,0.0190300861018291,0.0575916746256131,0.0155601400755669,0.0191001857486515,0.01717642620997,1.1119352524166557,0.8209872208930099,0.0190300861018291,0.0575916746256131,-0.0385615885237839,196.5732208251953,196.8917449951172,194.43709030151368,0.9983822370514832,1.0126244158961497,0.0105186058047687,0.3139599338115435,27519680.0,1.1628441900486792,0.0279412591860479,0.0005633314181476,0.0181950005166786,0.0112637841461502,0.0016157525931765,-0.0135003946979561,-0.0098479214663868,4,1,0,1,0,xg_GOOGL,0.5498403,3.2820323
2025-02-03,200.303955078125,202.8123625387659,199.17916555521708,199.76644678798675,27838300,59.30612139860863,195.02437438964844,195.1716702400976,3.2480503493351875,3.053846024777002,187.40096515629187,195.02437438964844,202.647783623005,-0.0136752781512475,0.0491110050314831,0.0266837573106653,-0.013769646093741,0.0196326830419992,0.0176121687278574,1.114659340709523,-0.696521285486489,0.0491110050314831,0.0266837573106653,0.0224272477208178,198.44854736328125,197.41233978271484,195.02437438964844,1.005248950403541,1.0122444458572926,0.0170948844834205,-0.1300830283958989,27530000.0,1.0111986923355971,0.0156818294035465,0.0279412591860479,0.0005633314181476,-0.0419559404014309,-0.0019660677509018,0.0160176460150451,-0.0053634311079963,0,2,0,0,1,xg_GOOGL,0.29524365,1.7623285
2025-02-04,205.43028259277344,206.09719755510824,201.8767037764101,202.4540365472158,43856400,64.33349258880817,195.75051803588863,196.14868094035245,3.6784314367380944,3.1787631071692206,187.0830885653863,195.75051803588863,204.41794750639104,0.0255927423532351,0.0567333684973956,0.0420601104857427,0.0252707306705746,0.0208341304805747,0.0182112771757097,1.1439607622687564,1.228345672089554,0.0567333684973956,0.0420601104857427,0.0146732580116528,200.65435485839845,198.24150695800785,195.75051803588863,1.012171254836666,1.0127253248017585,0.0238710513397419,0.5753979230053559,28918510.0,1.5165511639430416,-0.0136752781512475,0.0156818294035465,0.0279412591860479,0.0181950005166786,0.0112637841461502,0.0104593771456669,-0.0070676567667359,1,2,0,0,0,xg_GOOGL,0.5601045,3.3432999
2025-02-05,190.4495086669922,191.86297206005932,187.16469209984552,190.1907106446792,70373900,46.323133242790384,195.47479171752929,195.60590262860384,2.7786576571568276,3.0987420171667424,186.49088569219737,195.47479171752929,204.45869774286123,-0.0729238831622395,-0.0208793016520861,-0.0354893698112236,-0.0757196058511047,0.0321646437077015,0.024262958555921,1.325614022690151,-2.2671358243260964,-0.0208793016520861,-0.0354893698112236,0.0146100681591374,199.84210510253905,197.54074401855468,195.47479171752929,1.011650057791461,1.0105688937323989,0.0229316075193775,0.6046437920121122,33335840.0,2.1110582484196554,0.0255927423532351,-0.0136752781512475,0.0156818294035465,0.0005633314181476,-0.0419559404014309,0.0016157525931765,0.0310556807360407,2,2,0,0,1,xg_GOOGL,0.4245238,2.5340102
2025-02-06,190.71829223632812,191.21599131294843,187.85154069465264,188.62795003909463,29297400,46.61192358950744,195.28118667602536,195.1404159245776,2.063482500256356,2.8916901137846653,186.05345200972127,195.28118667602536,204.50892134232944,0.0014113114348113,-0.046149248487271,-0.0322254345665994,0.0014103164708538,0.0321959202263725,0.0242287823307665,1.3287746372154028,0.0438337401493238,-0.046149248487271,-0.0322254345665994,-0.0139238139206716,197.99663696289065,196.90568084716796,195.28118667602536,1.0055405009699514,1.008318743852359,0.0142380169989168,-0.5836894075786621,33570440.0,0.8727142092864772,-0.0729238831622395,0.0255927423532351,-0.0136752781512475,0.0279412591860479,0.0181950005166786,-0.0019660677509018,-0.0135003946979561,3,2,0,0,0,xg_GOOGL,0.565697,3.376682
2025-02-07,184.48709106445312,190.3002126652559,182.39676404459453,190.1708212328695,49315000,41.09229728809742,194.85266876220703,194.12581355694667,0.9825687368342528,2.509865838394583,184.4668220782551,194.85266876220703,205.23851544615897,-0.0326722785675619,-0.0915597312701075,-0.0742720347378088,-0.0332179356366859,0.0330513878174845,0.0252280834104687,1.310051073982737,-0.9884997945678964,-0.0915597312701075,-0.0742720347378088,-0.0172876965322986,194.27782592773437,195.42552337646484,194.85266876220703,0.9941271875397792,1.0029399372248624,-0.0031158973300296,0.6832551694006976,36114190.0,1.3655297266808044,0.0014113114348113,-0.0729238831622395,0.0255927423532351,0.0156818294035465,0.0005633314181476,0.0112637841461502,0.0160176460150451,4,2,0,0,1,xg_GOOGL,0.34697735,2.0711303
2025-02-10,185.6119079589844,187.3339426329122,185.0047144350808,186.4878632560443,23105600,42.41784482402477,194.5754524230957,193.3149654047598,0.2142305976845762,2.050738790252582,183.5010280074524,194.5754524230957,205.64987683873895,0.0060969951232974,-0.0733487619523549,-0.0278399883381671,0.0060784836533196,0.030854416176577,0.0252175918778116,1.223478944663995,0.1975988620087315,-0.0733487619523549,-0.0278399883381671,-0.0455087736141878,191.33941650390625,194.89398193359375,194.5754524230957,0.9817615434072324,1.001637048797941,-0.0174344197781994,-0.5314691270404542,34251860.0,0.6745794242998577,-0.0326722785675619,0.0014113114348113,-0.0729238831622395,-0.0136752781512475,0.0279412591860479,-0.0419559404014309,0.0104593771456669,0,2,0,0,0,xg_GOOGL,0.34989598,2.0885518
2025-02-11,184.4671936035156,186.0797337562697,183.4319710154344,184.17851963260873,21239500,41.39692580813671,194.2922630310058,192.47232047130797,-0.4815013470733333,1.544290762787399,182.47458393648637,194.2922630310058,206.10994212552524,-0.0061672463154776,-0.1020447848519645,-0.0511007607368128,-0.0061863423327475,0.0299993877727257,0.0252252805624884,1.1892116912920951,-0.2055722200059169,-0.1020447848519645,-0.0511007607368128,-0.0509440241151517,187.14679870605468,193.90057678222655,194.29226303100583,0.9651688603084602,0.997984035788822,-0.0387356916173901,-0.0807639706391524,33960020.0,0.625426604577953,0.0060969951232974,-0.0326722785675619,0.0014113114348113,0.0255927423532351,0.0156818294035465,0.0181950005166786,0.0016157525931765,1,2,0,0,0,xg_GOOGL,0.44896048,2.6798742
2025-02-12,182.7650604248047,184.25815769470228,180.9932528796119,182.37685574217417,22072600,39.86065350750331,193.99115600585935,191.54781951449817,-1.1568859864580645,1.0040554129383064,181.30771721048004,193.99115600585935,206.67459480123867,-0.0092272948130245,-0.0403490053399089,-0.0603858479381416,-0.0092701300033812,0.0299640956953065,0.0252563158577675,1.186353128893209,-0.3079347687339377,-0.0403490053399089,-0.0603858479381416,0.0200368425982326,185.6099090576172,192.72600708007812,193.99115600585935,0.96307660740616,0.9934783164767416,-0.0458580372460769,0.0392240871960263,34345450.0,0.6426644577374692,-0.0061672463154776,0.0060969951232974,-0.0326722785675619,-0.0729238831622395,-0.0136752781512475,0.0005633314181476,-0.0019660677509018,2,2,0,0,1,xg_GOOGL,0.2514689,1.5010341
2025-02-13,185.28341674804688,185.42277188580212,182.2972222059454,183.4717999572288,21402500,43.218167550230945,193.52282104492187,190.95120972721708,-1.4719550885497483,0.5088533126406954,180.26319149146477,193.52282104492187,206.78245059837897,0.0137792000144267,-0.0284968758085703,-0.0733310148930407,0.0136851299926359,0.0284909422456772,0.0243710160913466,1.1690022745304622,0.4836174345579175,-0.0284968758085703,-0.0733310148930407,0.0448341390844704,184.52293395996097,191.2597854614258,193.52282104492187,0.9647764349143664,0.9883061048238296,-0.0485736243584022,-0.0303589065175828,34050230.0,0.6285566940369969,-0.0092272948130245,-0.0061672463154776,0.0060969951232974,0.0014113114348113,0.0255927423532351,0.0279412591860479,0.0112637841461502,3,2,0,0,0,xg_GOOGL,0.30299184,1.8085779
2025-02-14,184.3776092529297,185.54222335537645,183.47180841007437,184.20839337704305,20448400,42.30334418399105,193.14058837890624,190.3251525391897,-1.77428783095516,0.0522250839215243,179.27206572943388,193.14058837890624,207.0091110283786,-0.0048887672249099,-0.0005934388736456,-0.0920988350399569,-0.0049007563380154,0.0273752227345915,0.0242360631035698,1.1294777183857534,-0.178577127761774,-0.0005934388736456,-0.0920988350399569,0.0915053961663113,184.50103759765625,189.38943176269532,193.14058837890624,0.9741886644912466,0.980578102988628,-0.0468579173808368,-0.0445789043336058,32894960.0,0.6216271428814438,0.0137792000144267,-0.0092272948130245,-0.0061672463154776,-0.0326722785675619,-0.0729238831622395,0.0156818294035465,-0.0419559404014309,4,2,0,0,0,xg_GOOGL,0.49659383,2.9642007
2025-02-18,182.92431640625,185.10424071494356,180.90365944170068,184.74589678490392,29916700,40.81073129915967,192.53190383911135,189.6203110027193,-2.106870601737768,-0.3795940532103341,177.9736621186078,192.53190383911135,207.0901455596149,-0.0078821547397659,-0.0144796289326883,-0.0867663280293011,-0.0079133831276694,0.0273328443923271,0.0239011566677149,1.1435304676605225,-0.2883661232072618,-0.0144796289326883,-0.0867663280293011,0.0722866990966127,183.96351928710936,187.6514678955078,192.53190383911132,0.9803468171618458,0.9746512871566376,-0.0468411456734529,0.4630337825942372,33102800.0,0.903751344297132,-0.0048887672249099,0.0137792000144267,-0.0092272948130245,0.0060969951232974,0.0014113114348113,-0.0136752781512475,0.0181950005166786,1,2,0,0,1,xg_GOOGL,0.40137723,2.3958466
2025-02-19,184.41741943359375,184.60654751219352,182.7451426441692,183.22294469175932,19549400,43.034579388815615,191.89584426879884,189.12479751994545,-2.224323293454717,-0.7485399012592107,177.07581456713126,191.89584426879884,206.7158739704664,0.008162408676317,-0.0002698266773051,-0.1022870771240367,0.008129276389357,0.0253905931175924,0.0238388299456006,1.0650492547778407,0.3214610693592803,-0.0002698266773051,-0.1022870771240367,0.1020172504467316,183.953564453125,185.55018157958983,191.89584426879884,0.9913952273564336,0.9669317346949928,-0.0430668634235701,-0.3465388896502622,30672100.0,0.6373675098868146,-0.0078821547397659,-0.0048887672249099,0.0137792000144267,-0.0061672463154776,-0.0326722785675619,0.0255927423532351,0.0005633314181476,2,2,0,0,0,xg_GOOGL,0.34301028,2.0474505
2025-02-20,183.71066284179688,184.45721138402692,181.87913406344907,183.9495638431953,20441500,42.225846174759965,191.20852050781252,188.60916564583604,-2.3473756627386138,-1.0683070535550914,176.20059972894532,191.20852050781252,206.21644128667972,-0.0038323743709653,0.0051738686529816,-0.0353838971408344,-0.0038397367338651,0.0127496463948208,0.0238137897713973,0.5353667413068562,-0.3005631441965209,0.0051738686529816,-0.0353838971408344,0.040557765793816,184.14268493652344,184.8762969970703,191.2085205078125,0.9960318760573266,0.9668831519959205,-0.0384617608035839,0.0456331140597665,25678860.0,0.7960439053758307,0.008162408676317,-0.0078821547397659,-0.0048887672249099,-0.0092272948130245,0.0060969951232974,-0.0729238831622395,0.0279412591860479,3,2,0,0,0,xg_GOOGL,0.357825,2.1358807
2025-02-21,178.83323669433594,184.48709094071828,178.255903940123,184.29796286054517,35199200,37.051044705499315,190.2967361450195,187.67812479331224,-2.8061159220862635,-1.4158688272613258,174.58850621713574,190.2967361450195,206.00496607290333,-0.0265494994793042,-0.0348125059809429,-0.0623173341299891,-0.0269083023853884,0.0144941662662583,0.0243679471202144,0.5947801599616593,-1.8316105515192245,-0.0348125059809429,-0.0623173341299891,0.0275048281490462,182.85264892578124,183.6877914428711,190.2967361450195,0.9954534674812636,0.9652703202586094,-0.0416258596938656,0.7219479979453562,26269040.0,1.3399499943659403,-0.0038323743709653,0.008162408676317,-0.0078821547397659,0.0137792000144267,-0.0061672463154776,0.0014113114348113,0.0156818294035465,4,2,0,0,0,xg_GOOGL,0.5011631,2.991475
2025-02-24,178.4251251220703,182.2773112476267,178.06678116700198,181.15252162389993,29854200,36.646357903381045,189.25355911254883,186.79688672938445,-3.1661051860625946,-1.7659160990215796,173.29063299296965,189.25355911254883,205.216485232128,-0.0022820789905132,-0.0322842028106229,-0.032858482983316,-0.0022846869011665,0.0111560550946057,0.0240918370254599,0.4630444759501184,-0.2045413391941213,-0.0322842028106229,-0.032858482983316,0.0005742801726931,181.6621520996094,183.0815948486328,189.25355911254883,0.9922469391300804,0.9673878563084484,-0.0425467377856439,-0.1518500420464101,24322960.0,1.2274081772941603,-0.0265494994793042,-0.0038323743709653,0.008162408676317,-0.0048887672249099,-0.0092272948130245,-0.0326722785675619,-0.0136752781512475,0,2,0,0,0,xg_GOOGL,0.50679433,3.0250883
2025-02-25,174.61273193359375,177.91746089820734,173.88609557732903,177.22067008112575,41913400,33.01828087259141,188.43782958984377,185.6364910345472,-3.716189619471692,-2.155970803111602,171.2171850464966,188.43782958984377,205.65847413319088,-0.0213669077483806,-0.0454372859549047,-0.0592589998472575,-0.0215984847867201,0.0119440833922803,0.0228477715801301,0.5227451003391017,-1.7887617061082497,-0.0454372859549047,-0.0592589998472575,0.0138217138923528,179.9998352050781,181.98167724609377,188.43782958984377,0.9891096616373328,0.965738554950444,-0.048324049978066,0.4039364645510515,26203740.0,1.599519763209313,-0.0022820789905132,-0.0265494994793042,-0.0038323743709653,-0.0078821547397659,0.0137792000144267,0.0060969951232974,0.0255927423532351,1,2,0,0,0,xg_GOOGL,0.51201755,3.0562658
2025-02-26,171.9351043701172,175.26969397988614,170.79040266509935,174.2643473971189,35431300,30.718025047357425,187.3145225524902,184.33159706650628,-4.318417632255034,-2.5884601689402884,168.84601972802454,187.3145225524902,205.78302537695583,-0.0153346639378787,-0.0676851194524564,-0.0679366828788767,-0.0154534558846943,0.0123026056946934,0.0223424059328772,0.5506146078020605,-1.2463552814028012,-0.0676851194524564,-0.0679366828788767,0.0002515634264202,177.5033721923828,180.7284683227539,187.31452255249025,0.9821550187399832,0.9648395963111148,-0.057063101779305,-0.1546545973364127,27622920.0,1.282677573551193,-0.0213669077483806,-0.0022820789905132,-0.0265494994793042,0.008162408676317,-0.0048887672249099,-0.0061672463154776,-0.0729238831622395,2,2,0,0,0,xg_GOOGL,0.6649127,3.9689069
2025-02-27,167.72457885742188,173.75668887755327,167.1671583548918,173.18931986196714,39991000,27.47646977485523,185.97521362304684,182.74997628468873,-5.076918336932721,-3.086151802538775,165.88980801336078,185.97521362304684,206.0606192327329,-0.0244890392111636,-0.0870177252484331,-0.082294074876368,-0.0247938829094804,0.0135054078918131,0.0226622158022075,0.5959175436390467,-1.8131422808582232,-0.0870177252484331,-0.082294074876368,-0.004723650372065,174.3061553955078,179.22442016601562,185.97521362304687,0.972558065658954,0.9637005742565542,-0.0695727382774269,0.1286912983717787,29414760.0,1.3595555428634687,-0.0153346639378787,-0.0213669077483806,-0.0022820789905132,-0.0038323743709653,-0.0078821547397659,-0.0092272948130245,0.0014113114348113,3,2,0,0,1,xg_GOOGL,0.5791015,3.4566944
2025-02-28,169.4963836669922,169.82486685567105,166.00254187779413,167.90374066525882,48130600,30.786378161107073,184.45275115966797,181.4877293687176,-5.471988096963116,-3.5633190614236434,164.21062159188696,184.45275115966797,204.69488072744895,0.0105637755756504,-0.0522098307894657,-0.0852047817237864,0.0105083687603064,0.0129434606625988,0.0215527228794548,0.6005208814731782,0.816084644312217,-0.0522098307894657,-0.0852047817237864,0.0329949509343207,172.43878479003905,177.64571685791014,184.45275115966797,0.9706892338302991,0.963096054361014,-0.0708803698917413,0.2035357955539996,32087570.0,1.4999764706395189,-0.0244890392111636,-0.0153346639378787,-0.0213669077483806,-0.0265494994793042,0.008162408676317,0.0137792000144267,-0.0326722785675619,4,2,0,1,0,xg_GOOGL,0.6015698,3.5908089
2025-03-03,166.24142456054688,172.57215683074952,165.1663928329386,171.1387811939385,40770500,28.236807924197375,182.6107650756836,180.03570033936802,-5.978811705512896,-4.046417590241494,162.8061396011568,182.6107650756836,202.41539055021036,-0.0192037082799376,-0.0682846687269402,-0.0983643554435265,-0.0193904946800307,0.0132519789486086,0.0209381422634175,0.632880696921429,-1.4490106982289983,-0.0682846687269402,-0.0983643554435265,0.0300796867165862,170.00204467773438,175.83209838867188,182.6107650756836,0.966843063556858,0.9628791507214688,-0.0758458394547562,-0.1529193486056687,34119780.0,1.1949227105215452,0.0105637755756504,-0.0244890392111636,-0.0153346639378787,-0.0022820789905132,-0.0038323743709653,-0.0048887672249099,0.0060969951232974,0,3,0,0,1,xg_GOOGL,0.6294998,3.757525
2025-03-04,170.13345336914062,172.49254217135646,165.03701959982106,165.47499722472898,45388000,35.15222896327123,181.1022399902344,179.09262919934636,-5.997285890380454,-4.436591250269286,162.4070026024821,181.1022399902344,199.79747737798667,0.0234119072239797,-0.0256526457999444,-0.0699243451521371,0.0231420522869489,0.0170239422490943,0.0221773104989133,0.767594188472045,1.375153400313304,-0.0256526457999444,-0.0699243451521371,0.0442716993521927,169.10618896484374,174.55301208496093,181.1022399902344,0.9687955936419704,0.9638368475970998,-0.0705096545554898,0.1132559080707864,35666910.0,1.2725520657662446,-0.0192037082799376,0.0105637755756504,-0.0244890392111636,-0.0213669077483806,-0.0265494994793042,-0.0078821547397659,-0.0061672463154776,1,3,0,0,1,xg_GOOGL,0.47772384,2.8515644
2025-03-05,172.22378540039062,172.98028249678805,168.2820021982634,169.73529012314535,30954900,38.57580714291423,179.44191513061526,178.4384535994458,-5.776664694944714,-4.704605939204372,164.27948749607955,179.44191513061526,194.60434276515096,0.0122864256843984,0.0016790115743439,-0.0661197519770842,0.0122115601524379,0.0174784225150443,0.0213022954804996,0.8204562778112692,0.702907986452276,0.0016790115743439,-0.0661197519770842,0.0677987635514281,169.16392517089844,173.33364868164062,179.44191513061523,0.975943946588232,0.965959645244934,-0.05967810970954,-0.3179937428395171,36807460.0,0.8409952765009908,0.0234119072239797,-0.0192037082799376,0.0105637755756504,-0.0153346639378787,-0.0022820789905132,0.008162408676317,-0.0092272948130245,2,3,0,0,0,xg_GOOGL,0.6296464,3.7584002
2025-03-06,171.55686950683594,174.0055403400316,169.715376936786,169.7452376648565,28302000,37.88852762629405,178.49728317260747,177.78306463824487,-5.5911836621667135,-4.88192148379684,163.87803490750215,178.49728317260747,193.1165314377128,-0.0038723797180756,0.0228487123087177,-0.0661572559096759,-0.0038798967926698,0.0174777029799782,0.0149775107442415,1.1668518505217569,-0.2215484594315387,0.0228487123087177,-0.0661572559096759,0.0890059682183936,169.93038330078124,172.11826934814454,178.4972831726074,0.987288472887571,0.9642626839407168,-0.0499362100535694,-0.0857021020904605,37593510.0,0.752842711414796,0.0122864256843984,0.0234119072239797,-0.0192037082799376,-0.0244890392111636,-0.0213669077483806,-0.0038323743709653,0.0137792000144267,3,3,0,0,1,xg_GOOGL,0.608986,3.635077
2025-03-07,173.05992126464844,174.1648138078256,169.48644558654738,170.4718800246714,27385800,40.46302637712143,177.6143646240235,177.3332414598071,-5.262245007234071,-4.957986188484287,164.00475166739662,177.6143646240235,191.22397758065037,0.0087612449570408,0.0210242691941882,-0.0322832351323782,0.0087230879570308,0.0165611208428111,0.0152337368400583,1.087063138449839,0.5289929375707777,0.0210242691941882,-0.0322832351323782,0.0533075043265665,170.6430908203125,171.5409378051758,177.61436462402344,0.9947659899942776,0.9658055426333114,-0.040282427917266,-0.0323722705109179,36812170.0,0.7439333242240068,-0.0038723797180756,0.0122864256843984,0.0234119072239797,0.0105637755756504,-0.0153346639378787,-0.0265494994793042,-0.0048887672249099,4,3,0,0,0,xg_GOOGL,0.36999568,2.2085283
2025-03-10,165.2968292236328,167.87789100205225,163.12436954047675,167.6785699397653,43604000,32.8820487824374,176.65485153198247,176.18691648493336,-5.5638389303480835,-5.079156736857047,162.3950336024032,176.65485153198247,190.91466946156177,-0.0448578271865967,-0.0056820695528269,-0.0735787400426689,-0.0458950775258317,0.0211495735378118,0.0165929368760285,1.2745362174038544,-2.1208799423997844,-0.0056820695528269,-0.0735787400426689,0.067896670489842,170.45417175292968,170.22810821533204,176.65485153198242,1.0013280035827672,0.9636197746004906,-0.0375123939653054,0.5922120222889236,38187150.0,1.1418500726029268,0.0087612449570408,-0.0038723797180756,0.0122864256843984,-0.0192037082799376,-0.0244890392111636,-0.0022820789905132,-0.0078821547397659,0,3,0,0,0,xg_GOOGL,0.8258984,4.929841
2025-03-11,163.47315979003906,166.17380218640486,160.81238769070245,164.34016388069963,39587400,31.394024851414446,175.5479141235352,174.97608251399106,-5.882202797230093,-5.239765948931656,160.78738094320465,175.5479141235352,190.30844730386576,-0.0110326945904478,-0.0391474659874836,-0.0637958757084857,-0.0110940061368491,0.0206381298064895,0.0164123806974292,1.2573966440516438,-0.5345523136822786,-0.0391474659874836,-0.0637958757084857,0.0246484097210021,169.1221130371094,169.11415100097656,175.54791412353515,1.0000470808391,0.9633503869602742,-0.0393079885081985,-0.0921154022566737,37954550.0,1.0430211924525243,-0.0448578271865967,0.0087612449570408,-0.0038723797180756,0.0234119072239797,0.0105637755756504,-0.0213669077483806,0.008162408676317,1,3,0,0,1,xg_GOOGL,0.51209,3.0566986
2025-03-12,166.5325469970703,167.06071434970798,162.96491596959018,166.00437964443265,28372400,36.579115482866094,174.6511817932129,174.17193627428432,-5.820545846822,-5.3559219285097255,159.99340796615715,174.6511817932129,189.30895562026868,0.0187149206081331,-0.0330456004673753,-0.0314220728386974,0.0185419512211924,0.0217735778393165,0.0173323679226927,1.2561654455399087,0.8594848885814558,-0.0330456004673753,-0.0314220728386974,-0.0016235276286779,167.9838653564453,168.5738952636719,174.65118179321288,0.996499873801316,0.965203289968364,-0.0400361164048302,-0.2832972107286662,37248660.0,0.7617025686292941,-0.0110326945904478,-0.0448578271865967,0.0087612449570408,0.0122864256843984,-0.0192037082799376,-0.0153346639378787,-0.0038323743709653,2,3,0,0,0,xg_GOOGL,0.40910554,2.4419775
2025-03-13,162.19757080078125,165.55593597038603,161.54982298434425,165.4662354123983,31756200,32.79676029081746,173.62280731201173,173.03152051490306,-6.051718179433323,-5.495081178694445,158.48383423090172,173.62280731201173,188.76178039312177,-0.0260308046352364,-0.0545550797992484,-0.0329528808138429,-0.026375602775305,0.0219476316806321,0.0179466480270477,1.2228695173627353,-1.185987582916453,-0.0545550797992484,-0.0329528808138429,-0.0216021989854054,166.11200561523438,168.0211944580078,173.62280731201173,0.9886372141982922,0.9677368835308748,-0.0463064992878498,0.1192637915720911,36425180.0,0.871819988260844,0.0187149206081331,-0.0110326945904478,-0.0448578271865967,-0.0038723797180756,0.0234119072239797,-0.0244890392111636,-0.0265494994793042,3,3,0,0,1,xg_GOOGL,0.18732356,1.1181464
2025-03-14,164.91815185546875,165.91469633780176,161.88864811378173,162.70582188820455,31995900,37.18652805822859,172.60454406738282,172.2588187378141,-5.946844245584714,-5.585433792072499,158.0391964609622,172.60454406738282,187.16989167380345,0.0167732540090199,-0.0470459558150905,-0.0270107934604566,0.016634136464753,0.0224598415757713,0.0181300895245657,1.2387474864839556,0.746777628631395,-0.0470459558150905,-0.0270107934604566,-0.0200351623546338,164.48365173339843,167.56337127685546,172.60454406738282,0.9816205682662676,0.9707935105778018,-0.0492419557375429,0.0075481323332136,34811710.0,0.9191131375045662,-0.0260308046352364,0.0187149206081331,-0.0110326945904478,0.0087612449570408,0.0122864256843984,0.0105637755756504,-0.0022820789905132,4,3,0,0,0,xg_GOOGL,0.38350683,2.2891772
2025-03-17,163.7222900390625,165.72535422603255,163.10443731189008,164.45973844695973,31184300,36.07116683991997,171.57177810668946,171.44581600459966,-5.8923041375182095,-5.6468078611616415,157.60439746897362,171.57177810668946,185.5391587444053,-0.0072512443472825,-0.0095255256375189,-0.0151534704911463,-0.0072776624062464,0.0217801984025727,0.0181325823018091,1.20109739157275,-0.3329130111787617,-0.0095255256375189,-0.0151534704911463,0.0056279448536273,164.1687438964844,167.31145782470702,171.57177810668946,0.9812163854820076,0.9751688749222308,-0.0452170208982465,-0.025365749986717,33853090.0,0.9211655420524116,0.0167732540090199,-0.0260308046352364,0.0187149206081331,-0.0448578271865967,-0.0038723797180756,-0.0192037082799376,-0.0213669077483806,0,3,0,0,0,xg_GOOGL,0.83660954,4.9937763
2025-03-18,160.11480712890625,163.68243835584954,156.17845929337233,163.11440067725707,42074800,32.86845970893736,170.43130264282226,170.36667230215266,-6.070200933005452,-5.731486475530404,156.64316852690024,170.43130264282226,184.21943675874428,-0.0220341586310303,-0.0205437557177349,-0.0588869857270033,-0.0222805365828753,0.0207664323532053,0.0184920940500569,1.122929040267408,-1.0609958061391946,-0.0205437557177349,-0.0588869857270033,0.0383432300092684,163.4970733642578,166.3095932006836,170.43130264282226,0.9830886494140362,0.9758160069293336,-0.0433078576735367,0.3492302216179295,33521770.0,1.2551485199021035,-0.0072512443472825,0.0167732540090199,-0.0260308046352364,-0.0110326945904478,0.0087612449570408,0.0234119072239797,-0.0153346639378787,1,3,0,0,1,xg_GOOGL,0.61356866,3.662431
2025-03-19,163.32366943359375,165.29682318848322,160.44365657902026,161.20102488744715,34275600,38.130622333300565,169.37661514282226,169.69591012419468,-5.8844250654718735,-5.762074193518698,156.9314112567141,169.37661514282226,181.8218190289304,0.0200410090873361,-0.0192687713083077,-0.0516776236575315,0.0198428314755654,0.0216452986204819,0.0191654017075138,1.129335539909732,0.9258399987318466,-0.0192687713083077,-0.0516776236575315,0.0324088523492238,162.8552978515625,165.4195816040039,169.37661514282226,0.9844983058983912,0.9766376631420948,-0.0399287948518158,-0.1853651116582847,33853840.0,1.0124582617510742,-0.0220341586310303,-0.0072512443472825,0.0167732540090199,0.0187149206081331,-0.0448578271865967,0.0122864256843984,-0.0244890392111636,2,3,0,0,0,xg_GOOGL,0.5667795,3.3831434
2025-03-20,162.23744201660156,164.3202162999389,160.40380384962694,161.01169658179438,28138500,37.071295960343534,168.30295410156248,168.98557982823343,-5.758465817158964,-5.761352518246752,157.4630411794846,168.30295410156248,179.14286702364035,-0.0066507654448324,0.0002458188222145,-0.0543226716424959,-0.0066729803374787,0.0216459230853655,0.0191599201231687,1.1296912124377607,-0.3072383737219774,0.0002458188222145,-0.0543226716424959,0.0545684904647104,162.86327209472657,164.48763885498047,168.3029541015625,0.990124687960984,0.9773306697618648,-0.0335291406177329,-0.1790515702132129,33837490.0,0.8315776377030084,0.0200410090873361,-0.0220341586310303,-0.0072512443472825,-0.0260308046352364,-0.0110326945904478,-0.0038723797180756,0.0105637755756504,3,3,0,0,1,xg_GOOGL,0.45335642,2.7061138
2025-03-21,163.42335510253906,163.6724912535671,160.33406074736575,160.65296231959232,36625800,39.06179659970257,167.53246002197264,168.45584414007206,-5.499553501030931,-5.708992714803588,157.7002568087335,167.53246002197264,177.36466323521176,0.0073097373281818,-0.0090638703872918,-0.055683407756628,0.0072831506806032,0.0215453666947127,0.0187418169505576,1.1495266027272262,0.339256146140666,-0.0090638703872918,-0.055683407756628,0.0466195373693362,162.56431274414064,163.52398223876952,167.53246002197267,0.9941313226262578,0.9760734261129012,-0.0304004728988386,0.3016258862412708,34761490.0,1.0536314755207257,-0.0066507654448324,0.0200410090873361,-0.0220341586310303,0.0167732540090199,0.0187149206081331,0.0087612449570408,-0.0192037082799376,4,3,0,0,1,xg_GOOGL,0.45402443,2.7101014
2025-03-24,167.1005859375,167.7383890591239,164.56936942432435,166.492708348571,30879100,44.88347338037597,166.96623306274412,168.3267719303033,-4.940688645423421,-5.555331900927555,158.57680176678923,166.96623306274412,175.35566435869902,0.0225012565226903,0.020634306407707,0.0109122281554889,0.0222518378071114,0.0181334033305563,0.0196799807695421,0.921366853760618,1.2408049006374462,0.020634306407707,0.0109122281554889,0.009722078252218,163.23997192382814,163.70435791015626,166.96623306274415,0.997163264361093,0.9804638633048508,-0.0222995097115322,-0.1569030574076197,33489000.0,0.9220669473558208,0.0073097373281818,-0.0066507654448324,0.0200410090873361,-0.0072512443472825,-0.0260308046352364,-0.0448578271865967,0.0234119072239797,0,3,0,0,1,xg_GOOGL,0.35690853,2.1304102
2025-03-25,169.9706268310547,170.04039224469534,167.7383768915496,168.3960847024039,24174400,48.98030554092835,166.7341278076172,168.48332953989868,-4.2175782896020735,-5.287781178662459,159.00452472766872,166.7341278076172,174.46373088756567,0.0171755286042394,0.0615547048950548,0.0397463843566785,0.0170296966714831,0.0182070502916698,0.0196829473697714,0.9249694662174494,0.9432931219493174,0.0615547048950548,0.0397463843566785,0.0218083205383763,165.2111358642578,164.3541046142578,166.7341278076172,1.0052145412006075,0.9857256386280706,-0.0089603243322341,-0.217127442185815,31947700.0,0.7566867098413734,0.0225012565226903,0.0073097373281818,-0.0066507654448324,-0.0220341586310303,0.0167732540090199,-0.0110326945904478,0.0122864256843984,1,3,0,0,0,xg_GOOGL,0.11913484,0.7111236
2025-03-26,164.48963928222656,169.0239199788623,164.27039826701778,168.41602720143118,28901600,42.485547654023456,166.36185455322266,168.10297808678706,-4.040205042758515,-5.03826595148167,158.9774762778213,166.36185455322266,173.74623282862402,-0.0322466749168139,0.0071390133020914,-0.0122673180209013,-0.032778053639622,0.0206199663701588,0.0206628048173141,0.997878491035758,-1.5637809760205488,0.0071390133020914,-0.0122673180209013,0.0194063313229927,165.44432983398437,164.14981384277343,166.36185455322266,1.0078861861668078,0.9867034380183496,-0.0055780091879466,0.1955457012376729,32000620.0,0.9031575013233836,0.0171755286042394,0.0225012565226903,0.0073097373281818,0.0200410090873361,-0.0072512443472825,0.0187149206081331,-0.0038723797180756,2,3,0,0,0,xg_GOOGL,0.3315385,1.9789748
2025-03-27,161.6793975830078,164.84840203770966,161.44022141043914,164.06113851285755,24508300,39.587104699081976,166.05959548950196,167.49120851499856,-4.079374001519511,-4.846487561489239,158.41961578631626,166.05959548950196,173.69957519268766,-0.0170846122070765,-0.0034396772203585,-0.0031947039355471,-0.0172322380300915,0.0195833147817349,0.0203019604350064,0.964554644354686,-0.8723620099800654,-0.0034396772203585,-0.0031947039355471,-0.0002449732848114,165.3327209472656,164.0979965209961,166.05959548950196,1.0075243114020074,0.9881873795806648,-0.0044957771559184,-0.1520088853212279,31275830.0,0.7836178927945068,-0.0322466749168139,0.0171755286042394,0.0225012565226903,-0.0066507654448324,-0.0220341586310303,-0.0260308046352364,0.0087612449570408,3,3,0,0,0,xg_GOOGL,0.30825564,1.8399979
2025-03-28,153.79672241210938,161.26084657481337,153.0991442674789,159.9354404969839,48669300,32.82292086198936,165.27461242675784,166.18697174329483,-4.692390732113125,-4.815668195614016,156.05796042795328,165.27461242675784,174.4912644255624,-0.0487549761363466,-0.0589061011774572,-0.0674360542986559,-0.0499836009750849,0.0238015990503147,0.0226258068295618,1.0519203716901877,-2.0483047264412892,-0.0589061011774572,-0.0674360542986559,0.0085299531211987,163.4073944091797,162.98585357666016,165.2746124267578,1.0025863645418849,0.9861517820765612,-0.0121408180115489,0.985829290485264,32943170.0,1.4773714855005915,-0.0170846122070765,-0.0322466749168139,0.0171755286042394,0.0073097373281818,0.0200410090873361,0.0167732540090199,-0.0448578271865967,4,3,0,0,1,xg_GOOGL,0.53979987,3.2221003
2025-03-31,154.1056365966797,155.0025205393741,150.13939385440554,152.58092477046202,54603500,33.30388324939863,164.66782302856447,165.03636839599815,-5.094557230166743,-4.871446002524562,154.2054178534001,164.66782302856447,175.13022820372885,0.0020085875675721,-0.077767227852096,-0.058737594252367,0.0020065730526663,0.0239573621015486,0.0224013828812082,1.069411331311758,0.0838365978049196,-0.077767227852096,-0.058737594252367,-0.0190296335997289,160.80840454101562,162.02418823242186,164.66782302856444,0.9924962827793204,0.983945650415965,-0.0250439800436992,0.1219290189092507,35285090.0,1.5474949900935056,-0.0487549761363466,-0.0170846122070765,-0.0322466749168139,0.0225012565226903,-0.0066507654448324,-0.0072512443472825,-0.0110326945904478,0,3,0,1,1,xg_GOOGL,0.49184003,2.935825
2025-04-01,156.5272674560547,157.55370717648853,153.08917642482464,153.08917642482464,30672900,37.10541010376976,163.9875137329102,164.22597783028925,-5.158408779971808,-4.928838558014011,153.2555325552542,163.9875137329102,174.7194949105662,0.0157140965953945,-0.0790922503825456,-0.0224060456192741,0.015591908566817,0.024084139584966,0.021975996983748,1.095879459908748,0.6524395069399284,-0.0790922503825456,-0.0224060456192741,-0.0566862047632714,158.11973266601564,161.66543426513672,163.98751373291014,0.97806765796759,0.9858399007649116,-0.037487277215402,-0.4382612836173505,34144900.0,0.8983157074701962,0.0020085875675721,-0.0487549761363466,-0.0170846122070765,0.0171755286042394,0.0073097373281818,-0.0220341586310303,0.0187149206081331,1,4,1,0,0,xg_GOOGL,0.2790231,1.665507
2025-04-02,156.49732971191406,157.86260591341835,154.16541940835015,154.61386135810304,25041700,37.07727418340741,163.20119094848636,163.4899161047297,-5.152037833853427,-4.973478413181894,152.70824735215322,163.20119094848636,173.6941345448195,-0.0001912621655458,-0.0485885287680613,-0.041796389619174,-0.0001912804584858,0.0228448787051751,0.0216664338223677,1.054341685889535,-0.0083718454437278,-0.0485885287680613,-0.041796389619174,-0.0067921391488872,156.52127075195312,160.98280029296876,163.20119094848633,0.9722856756566776,0.9864070191974408,-0.0426839244403073,-0.1835887705433786,33221510.0,0.7537797047755881,0.0157140965953945,0.0020085875675721,-0.0487549761363466,-0.0322466749168139,0.0225012565226903,0.0200410090873361,-0.0260308046352364,2,4,0,0,0,xg_GOOGL,0.42258587,2.5224423
2025-04-03,150.19918823242188,152.25206746912303,149.87032672274708,150.58783997911712,46883400,31.64152595387415,162.13330688476563,162.22413249784324,-5.590749514502448,-5.096932633446006,150.89979458556587,162.13330688476563,173.3668191839654,-0.040244402195782,-0.0710060126534791,-0.074201452109605,-0.0410766125532822,0.0255805943597845,0.0230864615979177,1.1079864389288976,-1.5731780290851662,-0.0710060126534791,-0.074201452109605,0.0031954394561258,154.22522888183593,159.7789749145508,162.13330688476563,0.965241071075309,0.985479035643872,-0.0526506041476905,0.8722131484683548,35096000.0,1.3358616366537115,-0.0001912621655458,0.0157140965953945,0.0020085875675721,-0.0170846122070765,0.0171755286042394,-0.0066507654448324,0.0167732540090199,3,4,0,0,0,xg_GOOGL,0.581822,3.472933
2025-04-04,145.09689331054688,150.54799324363788,144.8776522919314,147.49855413182192,62259500,28.053347346090263,160.73515548706055,160.5929668609579,-6.277777924567886,-5.333101691670382,148.3283408716175,160.73515548706055,173.1419701025036,-0.0339701897321813,-0.0565670644023913,-0.1121410203608496,-0.0345605857552673,0.0262679416255524,0.0235844651917024,1.1137343025480666,-1.2931693334434788,-0.0565670644023913,-0.1121410203608496,0.0555739559584582,152.48526306152343,157.94632873535156,160.73515548706055,0.9654245482148656,0.9826495532775124,-0.0568578157485433,0.3279646953932522,37659370.0,1.6532273375788906,-0.040244402195782,-0.0001912621655458,0.0157140965953945,-0.0487549761363466,-0.0322466749168139,0.0073097373281818,-0.0072512443472825,4,4,0,0,1,xg_GOOGL,0.6622356,3.9529274
2025-04-07,146.24290466308594,152.3218321659185,140.04439668677543,141.06087632952463,76794100,29.97415137825653,159.7824592590332,159.22629427068438,-6.65308670860955,-5.597098695058216,146.00049662366715,159.7824592590332,173.56442189439923,0.0078982487246386,-0.0510217024324154,-0.124821113926048,0.0078672208284586,0.0245145173585351,0.0222151566543213,1.1034544696445807,0.3221734466839157,-0.0510217024324154,-0.124821113926048,0.0737994114936325,150.9127166748047,155.86056060791014,159.7824592590332,0.9682546763991664,0.9754547609962304,-0.0606507550206459,0.2334519229997029,42250870.0,1.8175744073435216,-0.0339701897321813,-0.040244402195782,-0.0001912621655458,0.0020085875675721,-0.0170846122070765,0.0225012565226903,-0.0220341586310303,0,4,0,0,0,xg_GOOGL,0.3119618,1.8621202
2025-04-08,144.19998168945312,151.7139355045659,142.5357542501846,150.69745588802078,52200200,28.512782600746565,158.81880035400388,157.79521688199569,-7.03428161470282,-5.884535278987137,143.5124795819931,158.81880035400388,174.12512112601468,-0.0139693818195097,-0.0787548774533004,-0.1516182273494628,-0.0140678719402433,0.0221206952776943,0.0222607502762912,0.993663795665376,-0.6314788104687143,-0.0787548774533004,-0.1516182273494628,0.0728633498961623,148.44725952148437,153.28349609375,158.8188003540039,0.9684490718471888,0.9651470465214708,-0.0719247028398071,-0.3202576760454253,45053450.0,1.1586282515545168,0.0078982487246386,-0.0339701897321813,-0.040244402195782,0.0157140965953945,-0.0487549761363466,0.0171755286042394,0.0200410090873361,1,4,0,0,1,xg_GOOGL,0.2651286,1.5825698
2025-04-09,158.16159057617188,158.99868434001036,143.41272834835817,143.9209605893895,70406200,47.39036502981475,158.40025253295897,157.83010961477436,-6.139029261109442,-5.935434075411599,143.53048238053472,158.40025253295897,173.27002268538322,0.0968211557528921,0.0106344361742238,-0.0384708042018209,0.0924161376949079,0.0411291093154085,0.0316842082737948,1.2980539360829817,2.3540213572109376,0.0106344361742238,-0.0384708042018209,0.0491052403760448,148.78011169433594,152.65069122314452,158.40025253295897,0.9746442056842668,0.963702322326676,-0.0608247603199835,0.3487726100666282,49203910.0,1.4309066088446745,-0.0139693818195097,0.0078982487246386,-0.0339701897321813,-0.0001912621655458,0.0020085875675721,-0.0322466749168139,-0.0066507654448324,2,4,0,0,0,xg_GOOGL,0.33799815,2.0175328
2025-04-10,152.29193115234375,157.17499290712513,149.41190307502956,155.99906254121734,48022000,42.32951577395175,157.90497055053712,157.30266404692384,-5.835895214341832,-5.9155263031976455,142.90841877106976,157.90497055053712,172.90152233000447,-0.0371117880292259,0.0139331173793264,-0.0580622303830915,-0.0378179570262533,0.0423509951667438,0.032216936412874,1.3145160703036447,-0.8762701233581398,0.0139331173793264,-0.0580622303830915,0.071995347762418,149.19866027832032,151.71194458007812,157.90497055053712,0.9834338403036472,0.96078004416918,-0.0571685591373027,-0.3179293869005855,51555280.0,0.9314661854226972,0.0968211557528921,-0.0139693818195097,0.0078982487246386,-0.040244402195782,0.0157140965953945,-0.0170846122070765,0.0073097373281818,3,4,0,0,1,xg_GOOGL,0.21065775,1.2574297
2025-04-11,156.59701538085938,157.12518279409443,152.29195068350106,152.37166086891528,33636200,46.81563450163288,157.48891372680663,157.23545941206055,-5.188465578681132,-5.770114158294343,142.85425656144628,157.48891372680663,172.12357089216698,0.0282686298344267,0.0792582239903587,0.0182077545270855,0.0278764459651688,0.0405095715234119,0.0326811445569073,1.2395016322406611,0.6978087144016164,0.0792582239903587,0.0182077545270855,0.0610504694632731,151.49868469238282,151.99197387695312,157.48891372680663,0.9967545050439988,0.9650963377689622,-0.0382525108786714,-0.2995668651867894,50051970.0,0.6720254966987179,-0.0371117880292259,0.0968211557528921,-0.0139693818195097,-0.0339701897321813,-0.0001912621655458,-0.0487549761363466,0.0225012565226903,4,4,0,0,1,xg_GOOGL,0.34942812,2.0857592
2025-04-14,158.5203399658203,161.16117679260088,157.0155480479404,159.44711904636745,30333000,48.734301722824256,157.2288162231445,157.3578289886091,-4.468664722554877,-5.50982427114645,142.87847421541474,157.2288162231445,171.57915823087424,0.0122820002685442,0.0839523485328679,0.0286472543551059,0.0122071884396346,0.0406251982368712,0.0328103556365138,1.238144460927478,0.3023172435907966,0.0839523485328679,0.0286472543551059,0.0553050941777619,153.95417175292968,152.43344421386718,157.22881622314452,1.0099763378496447,0.9695006798087724,-0.0206575665363883,-0.0982037209910751,47624920.0,0.6369144557093086,0.0282686298344267,-0.0371117880292259,0.0968211557528921,0.0078982487246386,-0.040244402195782,0.0020085875675721,0.0171755286042394,0,4,0,0,0,xg_GOOGL,0.42031333,2.5088775
2025-04-15,155.76988220214844,159.09833747842598,154.6736922783896,158.58014524074957,27551500,46.16919713912554,157.0115699768066,157.20659596132714,-4.073202964885013,-5.222500009894163,142.7137296827888,157.0115699768066,171.30941027082443,-0.0173508192340801,0.0802351038962825,-0.0048386793318223,-0.0175031088352435,0.0408699721189628,0.0326695852380509,1.2509715336033298,-0.4245267076980014,0.0802351038962825,-0.0048386793318223,0.0850737832281048,156.26815185546874,152.35770568847656,157.01156997680664,1.025666218517282,0.9703597366167503,-0.0047725408200099,-0.0916988098770316,47312780.0,0.5823268047237854,0.0122820002685442,0.0282686298344267,-0.0371117880292259,-0.0139693818195097,-0.0339701897321813,0.0157140965953945,-0.0322466749168139,1,4,0,0,0,xg_GOOGL,0.6964364,4.157074
2025-04-16,152.8001708984375,155.35132240030543,150.98645259897873,152.57096991980188,28187400,43.50651941724757,156.48539505004882,156.78693643152812,-3.953850034073469,-4.968770014730024,142.3925435013729,156.48539505004882,170.57824659872475,-0.0190647335783243,-0.0338983672217957,-0.0236244210702024,-0.019248808931775,0.0413255087498565,0.0325216078834161,1.27067020264784,-0.4613197232246373,-0.0338983672217957,-0.0236244210702024,-0.0102739461515932,155.19586791992188,151.9879898071289,156.48539505004882,1.021106128957056,0.9712599042135434,-0.0084393042399413,0.0230804130446617,47627350.0,0.5918322140534674,-0.0173508192340801,0.0122820002685442,0.0282686298344267,0.0968211557528921,0.0078982487246386,-0.0001912621655458,-0.0170846122070765,2,4,0,0,0,xg_GOOGL,0.22767183,1.3589879
2025-04-17,150.6376495361328,154.1454747449612,147.98683788152775,153.7568230516966,33046600,41.62399382789951,155.90540542602537,156.2012900605381,-3.9877906096719182,-4.772574133718404,141.8545764062248,155.90540542602537,169.95623444582594,-0.014152610887733,-0.0108625690389079,0.0029191988909584,-0.0142537141354237,0.0393962517672148,0.0326110965190113,1.2080257319319747,-0.359228378957904,-0.0108625690389079,0.0029191988909584,-0.0137817679298664,154.8650115966797,152.0318359375,155.9054054260254,1.018635410417226,0.9751543605692148,-0.0069065989316047,0.1723890816464093,46243670.0,0.7146188872985056,-0.0190647335783243,-0.0173508192340801,0.0122820002685442,-0.0371117880292259,-0.0139693818195097,-0.040244402195782,-0.0487549761363466,3,4,0,0,0,xg_GOOGL,0.38165534,2.2781255
2025-04-21,147.15972900390625,148.43530478654532,145.59516199807078,148.36555457655837,26049100,38.72205112447684,155.09222412109375,155.34018900752554,-4.24637827563555,-4.667334962101833,140.99097711591205,155.09222412109375,169.19347112627543,-0.0230879899078106,-0.0602647908327034,0.0142169528671047,-0.0233586923132458,0.0384632831867244,0.0328028978978586,1.172521732218757,-0.600244902413241,-0.0602647908327034,0.0142169528671047,-0.0744817436998082,152.97755432128906,152.23811950683594,155.09222412109375,1.0048570937216543,0.981597371303223,-0.0143698946316254,-0.2117464429018416,42622630.0,0.6111565616668748,-0.014152610887733,-0.0190647335783243,-0.0173508192340801,0.0282686298344267,0.0968211557528921,-0.0339701897321813,0.0020085875675721,0,4,0,0,1,xg_GOOGL,0.5098826,3.0435224
2025-04-22,150.94659423828125,151.66410748339032,148.02671099242252,148.37550764431742,26971800,43.35296936254819,154.28452453613284,154.92175141045465,-4.098497559039998,-4.553567481489466,141.27074669593944,154.28452453613284,167.29830237632623,0.0257330266915243,-0.0477777534994694,0.0321635404194935,0.0254075049856297,0.0391713848392289,0.0329517123574481,1.188715041551815,0.6569175401788186,-0.0477777534994694,0.0321635404194935,-0.0799412939189629,151.46280517578126,152.70848846435547,154.2845245361328,0.9918427370927388,0.9897848726143093,-0.0186934947064604,0.0354215692672683,37640400.0,0.7165651799661875,-0.0230879899078106,-0.014152610887733,-0.0190647335783243,0.0122820002685442,-0.0371117880292259,0.0078982487246386,0.0157140965953945,1,4,0,0,1,xg_GOOGL,0.3692052,2.2038097
2025-04-23,154.81320190429688,156.98566172409713,153.27851478210604,155.07229801307963,31128800,47.69913899530388,153.52665328979495,154.91141336224914,-3.627482738674246,-4.3683505329264225,142.79361739236805,153.52665328979495,164.25968918722185,0.0256157330712072,-0.0061416256103349,0.0736007043170103,0.025293147424648,0.0391721900212198,0.0332970518561836,1.1764108660292476,0.6539098055923298,-0.0061416256103349,0.0736007043170103,-0.0797423299273453,151.27146911621094,153.76981048583986,153.52665328979492,0.983752718679074,1.0015838109594295,-0.01456713087672,0.1541239368525644,35533260.0,0.8760468361191494,0.0257330266915243,-0.0230879899078106,-0.014152610887733,-0.0173508192340801,0.0282686298344267,-0.0139693818195097,-0.0001912621655458,2,4,0,0,1,xg_GOOGL,0.31043488,1.8530059
2025-04-24,158.72959899902344,159.03852534598082,155.2516533895316,155.61041000027018,45894000,51.738147836129194,153.23865127563482,155.27505008956098,-2.9046960571710656,-4.075619637775351,143.47927832378537,153.23865127563482,162.99802422748428,0.0252975653662121,0.038805114324951,0.0035913170876844,0.0249828781336054,0.0251203823326071,0.0332270529100629,0.7559992275382318,1.0070132698620016,0.038805114324951,0.0035913170876844,0.0352137972372665,152.4573547363281,153.826611328125,153.23865127563477,0.9910987014537026,1.0038368913299338,-0.0049221855547651,0.474326026059469,33082040.0,1.387278414511276,0.0256157330712072,0.0257330266915243,-0.0230879899078106,-0.0190647335783243,0.0122820002685442,0.0968211557528921,-0.040244402195782,3,4,0,0,1,xg_GOOGL,0.42402834,2.5310526
2025-04-25,161.40036010742188,165.52605388757996,160.4835257508864,164.49961422965615,56034000,54.32841779913464,153.22469940185547,155.85841294840486,-2.092256078033671,-3.6789469258270153,143.5154649293824,153.22469940185547,162.93393387432857,0.0168258543160237,0.0714476799421079,0.0598090055471591,0.0166858677099135,0.0216662742174906,0.0332426287932247,0.6517421534290011,0.7765561162484073,0.0714476799421079,0.0598090055471591,0.0116386743949488,154.60989685058593,154.73745422363282,153.22469940185547,0.9991756528909764,1.0098727870094228,0.0085823690096386,0.2209439142371552,33883240.0,1.6537379542215664,0.0252975653662121,0.0256157330712072,0.0257330266915243,-0.014152610887733,-0.0173508192340801,-0.0371117880292259,-0.0339701897321813,4,4,0,0,0,xg_GOOGL,0.48559126,2.8985257
2025-04-28,160.0550079345703,162.58622419769722,158.05195902405725,161.86871096281394,29745800,52.79136233729675,153.5376136779785,156.258088661373,-1.5392071955975837,-3.250998979781129,143.3587246977543,153.5376136779785,163.7165026582027,-0.0083354967235274,0.0876277703006762,0.0220821102196664,-0.0083704312428398,0.0205565873567306,0.0312649919988439,0.6574743368926462,-0.405470572926852,0.0876277703006762,0.0220821102196664,0.0655456600810098,157.18895263671874,155.0832534790039,153.53761367797853,1.0135778629250896,1.0100668478817647,0.0228130253833285,-0.4691473034229217,33494200.0,0.8880880868926295,0.0168258543160237,0.0252975653662121,0.0256157330712072,-0.0230879899078106,-0.0190647335783243,0.0282686298344267,0.0078982487246386,0,4,0,0,0,xg_GOOGL,0.5329992,3.1815069
2025-04-29,159.60658264160156,160.18458031932272,156.97570557414937,159.76603342291708,26809000,52.26062955039885,153.8126609802246,156.5769928499662,-1.1241377846312162,-2.825626740751147,143.27807460444606,153.8126609802246,164.34724735600312,-0.0028016948595076,0.057371207658053,0.0068523867411303,-0.0028056269526173,0.0203007801742411,0.0312870552141499,0.6488348360194723,-0.1380024232092924,0.057371207658053,0.0068523867411303,0.0505188209169227,158.92095031738282,155.19187774658204,153.81266098022462,1.0240287869761464,1.0089668610995213,0.0320055053658339,-0.0987299047260453,33141800.0,0.8089180430754875,-0.0083354967235274,0.0168258543160237,0.0252975653662121,0.0257330266915243,-0.014152610887733,0.0122820002685442,-0.0139693818195097,1,4,0,0,0,xg_GOOGL,0.4411349,2.6331627
2025-04-30,158.2512664794922,158.7196436016194,154.86300612354924,157.43409270690867,34981100,50.60471016595432,153.89886093139648,156.7364474813496,-0.894246654673367,-2.439350723535591,143.2432303976129,153.89886093139648,164.55449146518006,-0.0084916056698786,0.022207825514265,0.0159298077540019,-0.0085278647645088,0.0195985413974789,0.0312052006108643,0.6280335642864462,-0.433255324584832,0.022207825514265,0.0159298077540019,0.006278017760263,159.6085632324219,155.4400161743164,153.89886093139648,1.0268177214638907,1.0100140782952705,0.0360799785559082,0.3048267372897162,33884760.0,1.0323549583942448,-0.0028016948595076,-0.0083354967235274,0.0168258543160237,0.0256157330712072,-0.0230879899078106,-0.0173508192340801,0.0968211557528921,2,4,0,1,1,xg_GOOGL,0.4837081,2.887285
2025-05-01,160.7426300048828,161.39037784388623,158.36088927125817,159.8955611021286,30203200,53.52019014675766,154.11112594604492,157.11798867406705,-0.5052004265592984,-2.052520664140333,143.0751970509516,154.11112594604492,165.14705484113824,0.0157430874381878,0.0126821400580225,0.0519793862778104,0.0156204504854207,0.0185533928420819,0.0313761710846935,0.5913022812669276,0.8484830289074192,0.0126821400580225,0.0519793862778104,-0.0392972462197878,160.01116943359375,156.23426208496093,154.11112594604492,1.0241746419654028,1.0137766571094895,0.0367049082584352,-0.1365851845710969,34086340.0,0.8860792915871611,-0.0084916056698786,-0.0028016948595076,-0.0083354967235274,0.0252975653662121,0.0257330266915243,-0.0190647335783243,-0.0371117880292259,3,5,1,0,1,xg_GOOGL,0.25687438,1.5332998
2025-05-02,163.46319580078125,164.39995007912242,161.3106559960053,162.84534306658284,25715000,56.53702015401589,154.7743263244629,157.7222941147065,0.0223903333346413,-1.637538464645338,143.1497429336501,154.7743263244629,166.3989097152757,0.0169249799870501,0.0127808617774236,0.0851417046411895,0.016783348354477,0.0175191186409845,0.0299147736228487,0.5856147616922736,0.9660311287765908,0.0127808617774236,0.0851417046411895,-0.0723608428637658,160.42373657226562,157.51681671142578,154.7743263244629,1.0184546635815108,1.0177192849233512,0.0345607475745664,-0.1486001483286538,33353180.0,0.7709909519871637,0.0157430874381878,-0.0084916056698786,-0.0028016948595076,0.0168258543160237,0.0256157330712072,-0.014152610887733,0.0282686298344267,4,5,0,0,1,xg_GOOGL,0.012787867,0.07633161
2025-05-05,163.64259338378906,164.81850869798296,162.15773647441492,162.4367677423953,21341800,56.73643196039151,155.701611328125,158.28613214033342,0.4498006751059051,-1.2200706366950895,144.3723918944874,155.701611328125,167.03083076176262,0.0010974799686802,0.022414702891929,0.1120066236289771,0.0010968781778011,0.0140174654399296,0.0285273043802262,0.4913529122903475,0.0782881673734588,0.022414702891929,0.1120066236289771,-0.0895919207370481,161.14125366210936,159.16510314941405,155.701611328125,1.012415727276853,1.0222444186142048,0.0332409932005099,-0.1700641648843087,32882450.0,0.6490331468609958,0.0169249799870501,0.0157430874381878,-0.0084916056698786,-0.0083354967235274,0.0252975653662121,-0.0230879899078106,0.0122820002685442,0,5,0,0,0,xg_GOOGL,0.12858151,0.76751137
2025-05-06,162.66595458984375,164.23053675483612,160.63301049910467,161.6096198520829,21277200,55.25026433521783,156.5227638244629,158.70325808790582,0.7016318860922297,-0.8357301321376257,145.71129449074988,156.5227638244629,167.33423315817595,-0.0059681209748052,0.0191682065840106,0.0776391174024275,-0.0059860013859225,0.0138387655140176,0.0286573615690247,0.4828875328649351,-0.4312299199549615,0.0191682065840106,0.0776391174024275,-0.0584709108184169,161.7531280517578,160.3370391845703,156.52276382446288,1.0088319509602357,1.0243688219330516,0.032154019201394,-0.0030269236896606,32312990.0,0.6584720262655774,0.0010974799686802,0.0169249799870501,0.0157430874381878,-0.0028016948595076,0.0168258543160237,0.0257330266915243,-0.0173508192340801,1,5,0,0,0,xg_GOOGL,0.19559488,1.1675185
2025-05-07,150.85691833496094,164.42985019413678,147.32914212449143,163.5130310359637,127490100,41.1979815049999,156.85561065673832,157.9559876352444,-0.0510916457022005,-0.6788024348505407,147.30516306436684,156.85561065673832,166.4060582491098,-0.0725968521480654,-0.0467253647255295,-0.0255552079581794,-0.0753669127541361,0.0276167999396761,0.0333852397068837,0.8271910877696712,-2.628625462804211,-0.0467253647255295,-0.0255552079581794,-0.0211701567673501,160.27425842285157,159.94141082763673,156.8556106567383,1.00208105951731,1.019672870852235,0.0226615246012287,4.991864531047319,41949120.0,3.0391602970454916,-0.0059681209748052,0.0010974799686802,0.0169249799870501,-0.0084916056698786,-0.0083354967235274,0.0256157330712072,-0.0190647335783243,2,5,0,0,1,xg_GOOGL,0.4802773,2.8668063
2025-05-08,153.74688720703125,155.39117958130052,152.37165090458322,154.46440047734652,57498700,44.891932233167935,156.6348754882813,157.55512092779554,-0.409711236137241,-0.6249841951078808,147.00775828940328,156.6348754882813,166.2619926871593,0.0191570191408354,-0.0435213906705337,-0.0313911949845148,0.0189758337738839,0.026998045100301,0.0254436048113413,1.0610518536435376,0.7095443216479488,-0.0435213906705337,-0.0313911949845148,-0.0121301956860189,158.87510986328124,159.4431396484375,156.63487548828124,0.9964374147021394,1.0179287285248704,0.0145709250814513,-0.548994784693086,43109590.0,1.3337797923849115,-0.0725968521480654,-0.0059681209748052,0.0010974799686802,0.0157430874381878,-0.0028016948595076,0.0252975653662121,-0.014152610887733,3,5,0,0,0,xg_GOOGL,0.41206527,2.4596443
2025-05-09,152.22215270996094,154.51420780507095,151.6740502645559,153.63724389242287,32435300,43.34482002656731,156.63138656616212,157.04721919276366,-0.8076431687385082,-0.6615159898340064,146.99759412522923,156.63138656616212,166.265179007095,-0.0099171731198508,-0.0687680369624009,-0.0568660899600984,-0.0099666758377967,0.0261441070440322,0.0241095353770113,1.0843436960325603,-0.3793127755472121,-0.0687680369624009,-0.0568660899600984,-0.0119019470023025,156.62690124511718,158.52531890869142,156.63138656616212,0.9880245144646724,1.0120916527909896,-2.946562615945335e-05,-0.4358950724103327,40749720.0,0.7959637514073521,0.0191570191408354,-0.0725968521480654,-0.0059681209748052,0.0169249799870501,-0.0084916056698786,0.0168258543160237,-0.0230879899078106,4,5,0,0,1,xg_GOOGL,0.36434588,2.1748042
2025-05-12,157.91246032714844,158.5502482480448,155.7100901217978,156.94581087118723,44138800,50.23741345899568,156.6971588134766,157.12962311032413,-0.6562816174825343,-0.660469115363712,147.04640761709695,156.6971588134766,166.3479100098562,0.0373815999569366,-0.0350161467021108,-0.0133863203349297,0.03669984608704,0.0293922470654791,0.0247445066174202,1.187781180636152,1.2717751078559634,-0.0350161467021108,-0.0133863203349297,-0.0216298263671811,155.48087463378906,158.31106414794922,156.69715881347656,0.9821226044471836,1.0102995188087218,-0.0077022685680896,0.3608260136332946,42189020.0,1.046215342285717,-0.0099171731198508,0.0191570191408354,-0.0725968521480654,0.0010974799686802,0.0157430874381878,-0.0083354967235274,0.0257330266915243,0,5,0,0,1,xg_GOOGL,0.52485096,3.1328695
2025-05-13,158.978759765625,160.0151746711756,155.62040930962155,158.24131128306263,42382100,51.42986427316899,156.7200798034668,157.30573136320993,-0.4451535908652317,-0.617406010464016,147.0489404315934,156.7200798034668,166.3912191753402,0.0067524718205738,-0.0226672805229335,-0.0039335650546841,0.0067297759940645,0.029480415151654,0.0246391253847105,1.1964393318366366,0.2290416449087918,-0.0226672805229335,-0.0039335650546841,-0.0187337154682494,154.74343566894532,158.24828186035157,156.7200798034668,0.977852232263102,1.0097511567043689,-0.0124333850473833,-0.0397994508233119,43746330.0,0.9688149840226375,0.0373815999569366,-0.0099171731198508,0.0191570191408354,-0.0059681209748052,0.0169249799870501,-0.0028016948595076,0.0256157330712072,1,5,0,0,1,xg_GOOGL,0.5454431,3.2557852
2025-05-14,164.79856872558594,166.4229412214118,159.0584775444673,159.4072742222668,48755900,57.426299670289005,157.17151412963867,158.01933492153145,0.1895913452092088,-0.4560065393293711,146.86510122228847,157.17151412963867,167.47792703698886,0.0366074623335896,0.0924163806638891,0.041372826845226,0.0359533256030362,0.0314213526406701,0.0255269180099693,1.2308623299557495,1.1650134142472952,0.0924163806638891,0.041372826845226,0.0510435538186631,157.53176574707032,158.90301208496095,157.17151412963867,0.9913705453414724,1.0110166143331425,0.0021860118095535,0.1503889613775626,45123810.0,1.0804916517465817,0.0067524718205738,0.0373815999569366,-0.0099171731198508,-0.0725968521480654,0.0010974799686802,-0.0084916056698786,0.0252975653662121,2,5,0,0,0,xg_GOOGL,0.17518787,1.0457077
2025-05-15,163.39344787597656,165.6356730691148,161.80893051621783,165.26694125278715,33146700,55.64021407901443,157.7011779785156,158.53115520290717,0.5726486336723724,-0.2502755047290224,147.25282741241662,157.7011779785156,168.14952854461458,-0.0085262927977797,0.0627431282947246,0.0164910694257847,-0.0085628495764007,0.0313952806206604,0.0251505267094647,1.2482455233560903,-0.2715701551020332,0.0627431282947246,0.0164910694257847,0.0462520588689399,159.46107788085936,159.1680938720703,157.70117797851563,1.0018407207227382,1.0093018702355827,0.0107709331385159,-0.3201499715931816,45418160.0,0.7298115995892231,0.0366074623335896,0.0067524718205738,0.0373815999569366,0.0191570191408354,-0.0059681209748052,0.0157430874381878,0.0168258543160237,3,5,0,0,1,xg_GOOGL,0.57793003,3.4497018
2025-05-16,165.61572265625,168.76480673115492,165.04768502743335,167.15039440077075,42846900,57.871895100724686,158.45008163452147,159.20587591274935,1.043514313559342,0.0084824589286505,147.9863337897767,158.45008163452147,168.91382947926624,0.0136007582259984,0.0879869960307861,0.0131682660731293,0.0135090980769971,0.0312379702104199,0.0248800128777022,1.255494314639199,0.4353779312949915,0.0879869960307861,0.0131682660731293,0.0748187299576568,162.1397918701172,159.3833465576172,158.4500816345215,1.017294437417924,1.0058899617688324,0.0222787436869989,0.2926445166487161,47131350.0,0.909095538320016,-0.0085262927977797,0.0366074623335896,0.0067524718205738,-0.0099171731198508,-0.0725968521480654,0.0169249799870501,-0.0083354967235274,4,5,0,0,1,xg_GOOGL,0.4002679,2.389225
2025-05-19,165.96449279785156,166.06415331734098,163.65251776508842,163.9415089419112,30426100,58.22708749553488,159.39031982421872,159.84955371133051,1.4283563895693874,0.2924572450567979,149.8604118267279,159.39031982421872,168.92022782170957,0.0021058999472258,0.0509904820304976,0.0141888451291956,0.0021036856481151,0.0312372256874413,0.0240026760136967,1.301351745858302,0.0674141984982363,0.0509904820304976,0.0141888451291956,0.036801636901302,163.7501983642578,159.61553649902345,159.39031982421875,1.0259038810126084,1.0014129884114231,0.0262699476649471,-0.2898879498866895,48039780.0,0.6333521927036171,0.0136007582259984,-0.0085262927977797,0.0366074623335896,0.0373815999569366,0.0191570191408354,0.0010974799686802,-0.0028016948595076,0,5,0,0,0,xg_GOOGL,0.5184859,3.094876
2025-05-20,163.41336059570312,167.91774593119885,162.337090725838,165.8548915457752,46607700,54.60074629360009,160.01365814208984,160.18896389079458,1.5100841493538155,0.5359826259162014,151.20566789756973,160.01365814208984,168.82164838660995,-0.0153715542351324,0.0278942975565783,0.0045947291659396,-0.0154909213940044,0.0316380166455101,0.0240118617592882,1.31754461266044,-0.4858417190192238,0.0278942975565783,0.0045947291659396,0.0232995683906387,164.63711853027343,159.69027709960938,160.01365814208984,1.030977724633657,0.9979790410004044,0.0282930377989249,0.531832867176536,50572830.0,0.9215956473070436,0.0021058999472258,0.0136007582259984,-0.0085262927977797,0.0067524718205738,-0.0099171731198508,-0.0059681209748052,-0.0084916056698786,1,5,0,0,1,xg_GOOGL,0.47991133,2.8646219
2025-05-21,167.97755432128906,172.54173038625467,162.994831351597,163.12438701474937,73416000,59.46473343956195,160.67187576293944,160.93073440798454,1.921002159780329,0.812986532689027,151.53868382370408,160.67187576293944,169.8050677021748,0.0279303583804146,0.0192901286721525,0.1134892332104628,0.02754741997206,0.0192153604633217,0.0241255424164843,0.7964407054942492,1.4534676550081032,0.0192901286721525,0.1134892332104628,-0.0941991045383103,165.27291564941407,161.4023406982422,160.67187576293946,1.0239809096598438,1.0045463148533875,0.0273908017357738,0.575190365540458,45165420.0,1.6254913604257055,-0.0153715542351324,0.0021058999472258,0.0136007582259984,0.0366074623335896,0.0373815999569366,-0.0725968521480654,0.0157430874381878,2,5,0,0,1,xg_GOOGL,0.50054514,2.9877863
2025-05-22,170.27955627441406,176.15917803179707,170.12012070875053,171.25618084668935,74864400,61.6938778075894,161.249373626709,161.82109839526353,2.4046901908791085,1.1313272643270431,151.21692955890586,161.249373626709,171.28181769451214,0.013704223534068,0.0421443361894438,0.1075317319765984,0.01361116985119,0.0190337959901701,0.023732341750483,0.8019855016743574,0.719956417770129,0.0421443361894438,0.1075317319765984,-0.0653873957871546,166.65013732910157,163.05560760498048,161.24937362670897,1.0220448089882883,1.0112014945400838,0.0317170412030496,0.0197286694998366,46901990.0,1.5961881361536772,0.0279303583804146,-0.0153715542351324,0.0021058999472258,-0.0085262927977797,0.0067524718205738,0.0191570191408354,0.0169249799870501,3,5,0,0,0,xg_GOOGL,0.04358978,0.26019022
2025-05-23,167.8878631591797,169.37272002705043,167.30986548992928,168.47582079984258,35211400,58.11786346486998,161.57374877929686,162.3988855156365,2.565453839204139,1.4181525793024623,151.11048423953804,161.57374877929686,172.0370133190557,-0.0140456856217081,0.013719352646522,0.1029134733041627,-0.0141452597549038,0.0195615528630629,0.0238436260989904,0.8203757434422969,-0.7179883791255364,0.013719352646522,0.1029134733041627,-0.0891941206576407,167.1045654296875,164.62217864990234,161.57374877929686,1.015079297334926,1.0188671111095498,0.032943516858909,-0.5296642997205614,47179600.0,0.7463268022619788,0.013704223534068,0.0279303583804146,-0.0153715542351324,0.0136007582259984,0.0366074623335896,-0.0099171731198508,0.0010974799686802,4,5,0,0,1,xg_GOOGL,0.50491196,3.0138521
2025-05-27,172.3025360107422,172.5716072803838,169.41256307598843,169.5720138436325,37995700,62.44501881867903,162.18612518310545,163.34209032469417,3.01433995822498,1.737390055086966,150.71231287265852,162.18612518310545,173.65993749355238,0.0262953662551344,0.0381891518242429,0.0911269171145945,0.0259555866589833,0.0180975577665047,0.0242879478771028,0.7450943473580938,1.4528984350233507,0.0381891518242429,0.0911269171145945,-0.0529377652903515,168.37217407226564,166.06118621826172,162.18612518310547,1.0139164840781425,1.0238926790487248,0.0359022509614977,0.0790738226824268,46565290.0,0.8159661413039452,-0.0140456856217081,0.013704223534068,0.0279303583804146,0.0021058999472258,-0.0085262927977797,0.0373815999569366,-0.0059681209748052,1,5,0,0,0,xg_GOOGL,0.30486852,1.81978
2025-05-28,171.76441955566406,174.66436785084326,171.31597754856884,172.56165823831284,34784000,61.60944772904541,162.79401702880858,164.14421691811987,3.2887532407197,2.047662692213513,150.62824289863428,162.79401702880858,174.95979115898288,-0.0031230907422312,0.0511038933996472,0.080423698165015,-0.0031279777678596,0.0184932096564653,0.0242927762605167,0.7612324020008874,-0.1688685702305467,0.0511038933996472,0.080423698165015,-0.0293198047653677,170.04238586425782,167.33975219726562,162.79401702880858,1.0161505776810655,1.0279232323854544,0.0421994779489255,-0.0845279860615806,45805480.0,0.7593851216055206,0.0262953662551344,-0.0140456856217081,0.013704223534068,-0.0153715542351324,0.0136007582259984,0.0067524718205738,-0.0725968521480654,2,5,0,0,0,xg_GOOGL,0.23611219,1.409369
2025-05-29,171.2661590576172,173.81731085268368,170.0404134323131,173.3987639368741,29317300,60.79822267208126,163.44476165771482,164.82249712188153,3.4265234566110223,2.323434845093015,150.91521743575714,163.44476165771482,175.9743058796725,-0.0029008365023199,0.0195776438680495,0.0392454278095142,-0.0029050520829736,0.0156909048341635,0.0241737924850957,0.6490605800995936,-0.1848619739271193,0.0195776438680495,0.0392454278095142,-0.0196677839414647,170.70010681152343,167.98651123046875,163.44476165771485,1.016153651630587,1.0277876728913784,0.0423629816522465,-0.1571613385464582,43861620.0,0.6684044045796605,-0.0031230907422312,0.0262953662551344,-0.0140456856217081,0.0279303583804146,0.0021058999472258,0.0366074623335896,0.0191570191408354,3,5,0,0,0,xg_GOOGL,0.42447585,2.5337238
2025-05-30,171.1465606689453,171.61493780799665,166.86141620850907,170.75790891590938,52639900,60.59198747173554,163.96495819091794,165.42478888826855,3.4858737718841155,2.555922630451235,151.049817127039,163.96495819091794,176.88009925479687,-0.0006983188583778,0.005091652888348,0.0474505734088783,-0.0006985627965629,0.0151855080933398,0.0240413094229181,0.631616032645533,-0.0459828457000033,0.005091652888348,0.0474505734088783,-0.0423589205205303,170.87350769042968,168.76182250976564,163.96495819091797,1.012512813320334,1.029255423669625,0.0403662771399488,0.7955234622560741,45810940.0,1.1490683229813414,-0.0029008365023199,-0.0031230907422312,0.0262953662551344,0.013704223534068,-0.0153715542351324,-0.0085262927977797,-0.0099171731198508,4,5,0,0,0,xg_GOOGL,0.6236458,3.722582
2025-06-02,168.4459228515625,169.28301661805224,166.81159040962694,167.26003241267054,38612300,55.97467574963316,164.21409454345704,165.7125159323918,3.2772127540090423,2.7001806551627965,151.1483496421379,164.21409454345704,177.27983944477617,-0.015779679164028,0.0033240025924548,0.0170889584027407,-0.0159055037038946,0.0160975870478741,0.0241862311649668,0.6655407118773528,-0.9801903183864664,0.0033240025924548,0.0170889584027407,-0.0137649558102859,170.98511962890626,169.0448425292969,164.21409454345704,1.0114778840370309,1.02941737735284,0.0401970256734321,-0.2664822691532469,45387480.0,0.8507257948667595,-0.0006983188583778,-0.0029008365023199,-0.0031230907422312,-0.0140456856217081,0.0279303583804146,0.0136007582259984,0.0373815999569366,0,6,0,0,0,xg_GOOGL,0.5026196,3.000169
2025-06-03,165.6057586669922,167.89781407143477,164.70887469424017,166.91124474262,45084900,51.527588969141206,164.31225280761717,165.7023485737823,2.849818941759338,2.730108312482105,151.2350936018962,164.31225280761717,177.38941201333813,-0.0168609850359697,-0.0388663887299516,-0.0021615113257769,-0.0170047497451717,0.0171425329276986,0.0245438228642533,0.6984174635321874,-0.9835186893553112,-0.0388663887299516,-0.0021615113257769,-0.0367048774041747,169.64576416015626,169.00896911621095,164.3122528076172,1.003767818047026,1.028584090524843,0.0322060742058127,0.1676305218803335,46853360.0,0.9622554284260304,-0.015779679164028,-0.0006983188583778,-0.0029008365023199,0.0262953662551344,0.013704223534068,0.0021058999472258,0.0067524718205738,1,6,0,0,1,xg_GOOGL,0.606316,3.6191392
2025-06-04,167.4693145751953,167.63872532387313,165.78515185366567,166.1638436483944,26900800,54.104153733680285,164.55242080688475,165.87063105010736,2.6311494012863363,2.7103165302429515,151.42622707421552,164.55242080688475,177.678614539554,0.0112529656166755,-0.0250057898578746,0.0248202103225019,0.0111901220109125,0.016562283827958,0.0245926888242581,0.6734363415878364,0.6793921865711825,-0.0250057898578746,0.0248202103225019,-0.0498260001803765,168.7867431640625,169.41456451416016,164.55242080688475,0.996294171331148,1.0295476887148414,0.0252841684335938,-0.4033301615396729,44882670.0,0.599358282383811,-0.0168609850359697,-0.015779679164028,-0.0006983188583778,-0.0031230907422312,-0.0140456856217081,-0.0153715542351324,0.0366074623335896,2,6,0,0,0,xg_GOOGL,0.52634454,3.1417847
2025-06-05,167.62876892089844,170.33935616350743,167.01090094696792,169.75139851627495,36379100,54.3278591130632,165.39101333618163,166.03807275208746,2.4425625079657323,2.656765725787508,153.9088262144544,165.39101333618163,176.8732004579089,0.000952140671905,-0.0212382303470416,-0.0020763809891142,0.0009516876734982,0.0139677066900782,0.0173116234850569,0.8067931877646547,0.0681624070882213,-0.0212382303470416,-0.0020763809891142,-0.0191618493579274,168.05926513671875,169.3796859741211,165.39101333618163,0.992204373093453,1.0241166225267142,0.0159176245086917,0.3523426812585499,41178980.0,0.883438589299665,0.0112529656166755,-0.0168609850359697,-0.015779679164028,-0.0029008365023199,0.0262953662551344,0.0279303583804146,-0.0085262927977797,3,6,0,0,1,xg_GOOGL,0.28200048,1.6832792
2025-06-06,173.07986450195312,173.89703839964744,170.23972142250292,170.23972142250292,35731800,61.27663433439785,166.3576622009277,166.708719585408,2.7018190053289857,2.6657763816958036,155.78373688685812,166.3576622009277,176.9315875149973,0.032518854705823,0.0112961886318443,0.0164453577916672,0.0320013069026101,0.0169793102596188,0.0181089005152233,0.9375705982120608,1.915091904012889,0.0112961886318443,0.0164453577916672,-0.0051491691598228,168.4459259033203,169.659716796875,166.3576622009277,0.9928457331152574,1.0198491283915676,0.0120653185649391,-0.0177931834487383,37265720.0,0.958838310382814,0.000952140671905,0.0112529656166755,-0.0168609850359697,-0.0006983188583778,-0.0031230907422312,0.013704223534068,0.0136007582259984,4,6,0,0,1,xg_GOOGL,0.17533822,1.0466052
2025-06-09,175.69395446777344,176.07310468622353,173.97782168090652,174.14743750903665,28935900,64.097624034434,167.5312522888183,167.56445624087138,3.082681625831981,2.7491574305230393,158.45966611711458,167.5312522888183,176.60283846052204,0.0151033742332911,0.0430288337854163,0.046495864332924,0.0149904538430067,0.0164582616853783,0.017806307042182,0.9242420342611024,0.917621611588339,0.0430288337854163,0.046495864332924,-0.0034670305475077,169.8955322265625,170.44032592773436,167.53125228881837,0.9968036103063844,1.0173643639570058,0.0134568087155087,-0.190191929877588,36638170.0,0.7897747076341207,0.032518854705823,0.000952140671905,0.0112529656166755,-0.015779679164028,-0.0029008365023199,-0.0140456856217081,0.0021058999472258,0,6,0,0,1,xg_GOOGL,0.19630778,1.1717738
2025-06-10,178.19833374023438,180.70268325607967,174.5166301339373,175.80372221831115,61766100,66.6074426583108,168.54554595947266,168.57720647890594,3.5457275339912258,2.908471451216677,159.46596105917385,168.54554595947266,177.62513085977147,0.0142542142673458,0.0760394757682547,0.0342177072142724,0.0141535781535599,0.0150838955829309,0.0164525165383513,0.9167581621698976,0.944932909146215,0.0760394757682547,0.0342177072142724,0.0418217685539823,172.41404724121094,171.0299057006836,168.54554595947266,1.0080929796157971,1.0147399904700436,0.0217089643912019,1.134583683244689,39015210.0,1.5831287336399935,0.0151033742332911,0.032518854705823,0.000952140671905,-0.0168609850359697,-0.0006983188583778,0.0262953662551344,-0.0153715542351324,1,6,0,0,0,xg_GOOGL,0.2467713,1.4729939
2025-06-11,176.95114135742188,179.96433833777158,176.352484683136,179.36569688795734,31646800,64.20044740306653,169.4441650390625,169.37472408638365,3.768614508034205,3.0805000625801826,160.80441717201276,169.4441650390625,178.08391290611226,-0.0069989003636283,0.0566182933648369,0.0301967183609697,-0.0070235075494897,0.0153201263458274,0.0167129912054523,0.9166049064827726,-0.4568136966989009,0.0566182933648369,0.0301967183609697,0.0264215750038672,174.31041259765624,171.54857788085937,169.4441650390625,1.016099432306078,1.0124195061028611,0.0275005152341144,-0.4876348029096867,38701490.0,0.8177152869307922,0.0142542142673458,0.0151033742332911,0.032518854705823,0.0112529656166755,-0.015779679164028,-0.0031230907422312,0.0279303583804146,2,6,0,0,0,xg_GOOGL,0.30119082,1.7978275
2025-06-12,175.30482482910156,176.32253497944023,174.3569645474145,175.7837409838909,20941900,61.063558375963645,169.9694778442383,169.9394955856901,3.7689637873410504,3.2181928075323563,161.2418857553748,169.9694778442383,178.6970699331018,-0.009303791519462,0.0457919959540198,0.023581224648856,-0.0093473421220755,0.0157264794120082,0.015309674235963,1.0271578618705433,-0.5915627848387724,0.0457919959540198,0.023581224648856,0.0222107713051638,175.8456237792969,171.95244445800782,169.96947784423827,1.0226410234152838,1.011666604139284,0.0335195904664179,-0.3382616883855556,37863950.0,0.5530828135997287,-0.0069989003636283,0.0142542142673458,0.0151033742332911,0.000952140671905,-0.0168609850359697,-0.0029008365023199,0.013704223534068,3,6,0,0,0,xg_GOOGL,0.24407268,1.4568856
2025-06-13,174.27716064453125,176.73163473712606,172.00228964381978,172.05218023736916,27663100,59.12164360291634,170.51366348266603,170.352606543675,3.64430737563751,3.303415721153387,162.16342487008285,170.51366348266603,178.86390209524922,-0.0058621557368552,0.0069175934821963,0.018291924554894,-0.0058794056191642,0.0159246517383734,0.015213514035455,1.0466750171095496,-0.3680951858773955,0.0069175934821963,0.018291924554894,-0.0113743310726976,176.0850830078125,172.2655044555664,170.513663482666,1.0221726257054051,1.0102739037864756,0.0319687301797989,0.3209450909420825,35366270.0,0.7821887917498571,-0.009303791519462,-0.0069989003636283,0.0142542142673458,0.032518854705823,0.0112529656166755,-0.0006983188583778,-0.0140456856217081,4,6,0,0,1,xg_GOOGL,0.5698006,3.4011767
2025-06-16,176.3724365234375,176.5420523549515,174.25719419482596,174.33701609632743,27389200,61.7897469442872,171.05149917602537,170.92592368460475,3.672256041986088,3.3771837853199274,162.6440982289052,171.05149917602537,179.45890012314555,0.0120226647666124,0.0038617268176321,0.047056726204409,0.0119509666289259,0.014882563070216,0.0151614919590321,0.9815380684406984,0.8077813565134367,0.0038617268176321,0.047056726204409,-0.0431949993867768,176.2207794189453,173.05815582275392,171.0514991760254,1.0182749179381674,1.0117313011367617,0.0293088894433512,-0.009901276429612,34243960.0,0.799825721090645,-0.0058621557368552,-0.009303791519462,-0.0069989003636283,0.0151033742332911,0.000952140671905,-0.015779679164028,0.0262953662551344,0,6,0,0,0,xg_GOOGL,0.19260786,1.1496888
2025-06-17,175.5542755126953,176.96110799729416,174.1873615915514,175.304837776751,24973000,60.13912144544261,171.53098831176757,171.36671909680385,3.5870376681317566,3.4191545618822934,163.25228996534705,171.53098831176757,179.8096866581881,-0.0046388258101399,-0.0148377269980166,0.0600734957877162,-0.0046496185526239,0.013335933194586,0.0152631781494746,0.8736751539449935,-0.3478180285122104,-0.0148377269980166,0.0600734957877162,-0.0749112227857329,175.6919677734375,174.05300750732422,171.53098831176757,1.0094164432409725,1.0147029946039414,0.0237019545637271,-0.0882172535159844,32232770.0,0.7747705208084575,0.0120226647666124,-0.0058621557368552,-0.009303791519462,0.0142542142673458,0.032518854705823,-0.0168609850359697,-0.0031230907422312,1,6,0,0,0,xg_GOOGL,0.35539567,2.1213799
2025-06-18,172.93020629882812,176.16290971424257,172.81046582918458,175.6141436330853,28707500,55.05891916747185,172.0068305969238,171.51562263985377,3.2700657551096697,3.389336800527769,164.65000872003597,172.0068305969238,179.36365247381164,-0.0149473386860203,-0.0227234197403219,0.0326083123794049,-0.0150601759762345,0.0146799582750829,0.0152366891679607,0.9633979347701536,-1.018144620122621,-0.0227234197403219,0.0326083123794049,-0.0553317321197269,174.88778076171874,174.5990966796875,172.00683059692383,1.0016534110858597,1.0150707159347545,0.0166596121432744,0.1495415048252113,32413440.0,0.8856665630059357,-0.0046388258101399,0.0120226647666124,-0.0058621557368552,-0.0069989003636283,0.0151033742332911,0.0112529656166755,-0.0029008365023199,2,6,0,0,0,xg_GOOGL,0.26527482,1.5834426
2025-06-20,166.26522827148438,173.94790803011588,165.08788938336605,173.55878574385125,75659900,44.72466495182426,171.92121429443358,171.01558508096144,2.4527810717275145,3.202025654767718,164.33080815396124,171.92121429443358,179.51162043490592,-0.0385414333909166,-0.0515650186264387,-0.0081342877967295,-0.0393038073320601,0.019803257812613,0.0166808102238079,1.1871168384561892,-1.946118544587424,-0.0515650186264387,-0.0081342877967295,-0.0434307308297091,173.07986145019532,174.4627426147461,171.92121429443358,0.9920734871880096,1.0147830989371671,0.0069686678796714,1.6355447182791951,36341520.0,2.081913469772258,-0.0149473386860203,-0.0046388258101399,0.0120226647666124,-0.009303791519462,0.0142542142673458,0.000952140671905,-0.0006983188583778,4,6,0,0,0,xg_GOOGL,0.42422396,2.5322204
2025-06-23,164.81846618652344,166.96362443515676,161.63563852290417,165.89603893694584,57671000,42.84477508702776,171.64815979003905,170.42538328149115,1.6690951725938703,2.895439558332949,163.4412233794603,171.64815979003905,179.8550962006178,-0.0087015312822871,-0.0542738613770537,-0.0477317124045729,-0.0087396106658408,0.0160732445902857,0.0164357232759492,0.9778861833005758,-0.5413337611862498,-0.0542738613770537,-0.0477317124045729,-0.0065421489724807,171.18812255859376,173.63660278320313,171.64815979003907,0.9858988244105048,1.0115844119482338,-0.0027911752978255,-0.2377600287602812,38535440.0,1.4965704297134923,-0.0385414333909166,-0.0149473386860203,-0.0046388258101399,-0.0058621557368552,-0.0069989003636283,0.032518854705823,-0.015779679164028,0,6,0,0,1,xg_GOOGL,0.34112653,2.0362062
2025-06-24,166.3949432373047,167.84167918331357,165.75638318822968,166.5445998017471,40524300,45.53139825143672,171.5735137939453,170.0415318487115,1.1618340742170972,2.548718461509779,163.19716126745982,171.5735137939453,179.94986632043077,0.0095649297512401,-0.0565705927910507,-0.0529273261486888,0.0095194754257628,0.0153937579819349,0.016334818224298,0.942331615752072,0.6213108229739083,-0.0565705927910507,-0.0529273261486888,-0.0036432666423618,169.1926239013672,172.70670166015626,171.57351379394532,0.9796529160419966,1.0066046783163272,-0.0143086673564509,-0.2973192765861525,39694280.0,1.020910317557063,-0.0087015312822871,-0.0385414333909166,-0.0149473386860203,0.0120226647666124,-0.009303791519462,0.0151033742332911,-0.0168609850359697,1,6,0,0,1,xg_GOOGL,0.38156825,2.2776055
2025-06-25,170.29612731933594,171.97235685648238,167.17317715297744,167.25299905707695,35479000,51.59504771638303,171.473193359375,170.06577903639,1.0623725811868496,2.2514492854451933,163.08555148703005,171.473193359375,179.86083523171993,0.0234453283623383,-0.0299516954400755,-0.0443450073580247,0.0231747083391447,0.0168933541540571,0.0161011745078386,1.0491349566378962,1.3877611507692924,-0.0299516954400755,-0.0443450073580247,0.0143933119179491,168.1409942626953,171.9164810180664,171.473193359375,0.9780388318035992,1.0025851717694576,-0.0195670867513693,-0.1245006082770091,37065570.0,0.9571955860924044,0.0095649297512401,-0.0087015312822871,-0.0385414333909166,-0.0046388258101399,-0.0058621557368552,0.0142542142673458,0.0112529656166755,2,6,0,0,1,xg_GOOGL,0.4839573,2.8887725
2025-06-26,173.1497039794922,173.29937576602373,169.5578094698184,172.0421997468365,31796700,55.49760286886536,171.5424575805664,170.35948617382832,1.199975844937029,2.0411545973435605,163.1218753858659,171.5424575805664,179.9630397752669,0.0167565563884215,0.0012692847904476,-0.0214829774409377,0.0166177141624945,0.0181129085869124,0.0165360064104759,1.0952954928673342,0.9250657475730204,0.0012692847904476,-0.0214829774409377,0.0227522622313853,168.1848937988281,171.53633728027344,171.5424575805664,0.9804621951559488,0.9999643219504996,-0.0193911032163009,-0.1037881563741931,37080560.0,0.8575032308033952,0.0234453283623383,0.0095649297512401,-0.0087015312822871,-0.0149473386860203,0.0120226647666124,-0.0069989003636283,0.000952140671905,3,6,0,0,1,xg_GOOGL,0.242747,1.4489726
2025-06-27,178.12847900390625,178.27813555923768,171.3437693802371,173.14969619543672,108140200,61.352254508769,171.88557357788085,171.09939025288335,1.691276969823491,1.9711790718395468,162.96782974087395,171.88557357788085,180.80331741488777,0.0287541642289135,0.0713513634555693,0.0161071104435224,0.0283485208540863,0.0202810652966051,0.0176664470062689,1.1479341236687328,1.4177138180166704,0.0713513634555693,0.0161071104435224,0.0552442530120469,170.5575439453125,171.8187026977539,171.88557357788085,0.9926599448567603,0.9996109569946156,-0.0074554593403294,2.40098815285863,45800390.0,2.3611196323873584,0.0167565563884215,0.0234453283623383,0.0095649297512401,-0.0385414333909166,-0.0046388258101399,-0.009303791519462,0.032518854705823,4,6,0,0,0,xg_GOOGL,0.5292184,3.1589386
2025-06-30,175.83363342285156,180.82238782578247,174.18735055967244,180.37340297441276,63378900,57.59136418576099,172.11992721557618,171.5502705547851,1.8738610871880328,1.951715474909244,163.03909904981222,172.11992721557618,181.20075538134017,-0.0128830919900481,0.0668321183371671,0.0089310198339471,-0.0129667987312815,0.0206925707955723,0.0179759470118349,1.1510614556492589,-0.6225649559139699,0.0668321183371671,0.0089310198339471,0.05790109850322,172.7605773925781,171.97434997558594,172.11992721557618,1.0045717714130264,0.999154210425572,0.0036435018973945,-0.4139191530994024,49371970.0,1.283702068197779,0.0287541642289135,0.0167565563884215,0.0234453283623383,-0.0087015312822871,-0.0149473386860203,-0.0058621557368552,0.0151033742332911,0,6,0,1,0,xg_GOOGL,0.45222768,2.6993763
2025-07-01,175.44451904296875,175.6939567742825,173.139716841545,175.3447530851258,35904500,56.95384728123597,172.4698570251465,171.92115136318355,1.9645163159338497,1.9542756431141652,163.44594229341885,172.4698570251465,181.49377175687417,-0.0022129689997764,0.0543861227366626,-0.0052611252572078,-0.0022154212341538,0.0203430802985885,0.0175400429185933,1.1597417777836403,-0.108777048030524,0.0543861227366626,-0.0052611252572078,0.0596472479938705,174.57049255371095,171.88155822753907,172.4698570251465,1.0156441118750636,0.99658897613905,0.011973218314389,-0.4334944279563072,50223500.0,0.714894421933941,-0.0128830919900481,0.0287541642289135,0.0167565563884215,0.0095649297512401,-0.0385414333909166,0.0120226647666124,0.0142542142673458,1,7,1,0,1,xg_GOOGL,0.72371584,4.3199067
2025-07-02,178.23822021484375,178.4577266308603,174.67625741761273,175.14518633422566,29128900,60.34767900650644,173.10148010253909,172.5227769681036,2.2360141947197576,2.010623353435284,164.33579774058109,173.10148010253909,181.86716246449708,0.0159235591235014,0.0466369554054213,0.0152884040807901,0.0157981092426711,0.0208921246414821,0.0171950893112936,1.2149346437600284,0.7621434992009776,0.0466369554054213,0.0152884040807901,0.0313485513246312,176.1589111328125,172.14995269775392,173.10148010253906,1.023287595333222,0.9945030660383638,0.0171536218583651,-0.1887117213719729,50639090.0,0.5752255816603226,-0.0022129689997764,-0.0128830919900481,0.0287541642289135,0.0234453283623383,-0.0087015312822871,-0.0046388258101399,-0.0069989003636283,2,7,0,0,1,xg_GOOGL,0.37914434,2.263137
2025-07-03,179.126220703125,179.265905222364,176.65180269468908,178.09853847776557,21689700,61.389701421135065,173.68432540893556,173.15167637143895,2.494082210557707,2.107315124859769,164.9453181512227,173.68432540893556,182.42333266664843,0.0049820991659974,0.0345164709281897,0.0358295669502064,0.0049697295772812,0.0200599585321568,0.0171094356228727,1.1723815205114485,0.2483480117867434,0.0345164709281897,0.0358295669502064,-0.0013130960220166,177.35421447753907,172.7695541381836,173.68432540893554,1.0265362746476072,0.994733138591533,0.0204877267783471,-0.2553889779565997,49937310.0,0.434338573703701,0.0159235591235014,-0.0022129689997764,-0.0128830919900481,0.0167565563884215,0.0095649297512401,-0.0149473386860203,-0.009303791519462,3,7,0,0,0,xg_GOOGL,0.39442813,2.354367
2025-07-07,176.3923797607422,178.89674433224096,175.28487562232132,178.65727862884938,34175600,56.469664337939754,174.12250595092777,173.46031478946784,2.4497654844223575,2.1758051967722865,165.79269357502702,174.12250595092777,182.45231832682853,-0.0152620924600075,-0.0097463317088447,0.0609096176906081,-0.0153797569323446,0.015428109281438,0.0176137013038336,0.8758655066197616,-0.9891752130091256,-0.0097463317088447,0.0609096176906081,-0.0706559493994528,177.00699462890626,173.7822692871094,174.12250595092777,1.018556124022464,0.9980459926075596,0.0163526830461214,0.5756603364730726,45788880.0,0.7463733552775096,0.0049820991659974,0.0159235591235014,-0.0022129689997764,0.0287541642289135,0.0234453283623383,-0.0385414333909166,-0.0058621557368552,0,7,0,0,0,xg_GOOGL,0.43265113,2.5825226
2025-07-08,173.9678497314453,177.54977185383785,172.42133277200756,177.4500058972594,40442500,52.454574809351186,174.16690521240238,173.50865145060857,2.193717044407464,2.179387566299322,165.85103808350723,174.16690521240238,182.48277234129753,-0.0137450950692172,-0.0106110739742227,0.0555118838114148,-0.0138404335205724,0.0160339887500673,0.0164936101401565,0.972074430000152,-0.8571939328089357,-0.0106110739742227,0.0555118838114148,-0.0661229577856375,176.633837890625,174.69720764160155,174.16690521240236,1.011085639405276,1.0030447944662764,0.0141803941477166,0.1833735179484779,44066030.0,0.9177704458513528,-0.0152620924600075,0.0049820991659974,0.0159235591235014,-0.0128830919900481,0.0167565563884215,-0.0087015312822871,0.0120226647666124,1,7,0,0,1,xg_GOOGL,0.5109164,3.049693
2025-07-09,176.22276306152344,179.03642797074187,172.38143114455036,174.85584916951822,43025600,55.61539204872744,174.1933456420899,173.7671382706957,2.1479887938674835,2.173107811812954,165.85370650889178,174.1933456420899,182.532984775288,0.0129616669606427,0.0044358411582188,0.0590632120965526,0.0128783834455612,0.016164358947204,0.0163997096730965,0.9855889939762668,0.8018174544082459,0.0044358411582188,0.0590632120965526,-0.0546273709383338,176.78948669433595,175.67998962402345,174.19334564208984,1.0063154436238697,1.0085344476073623,0.0147321549562796,0.0638709278605427,44316160.0,0.9708783432499348,-0.0137450950692172,-0.0152620924600075,0.0049820991659974,-0.0022129689997764,0.0287541642289135,0.0095649297512401,-0.0046388258101399,2,7,0,0,1,xg_GOOGL,0.26026532,1.5535406
2025-07-10,177.22052001953125,178.02869585837095,173.98781666417247,175.2350053597822,29252400,56.97827349523412,174.14445495605472,174.0960317705848,2.1672764598226024,2.171941541414884,165.8926729066918,174.14445495605472,182.39623700541765,0.0056619073533619,-0.0057097753449613,0.040660893522322,0.0056459390017877,0.0149487131054867,0.0161245586045155,0.9270198615817684,0.3787301678240189,-0.0057097753449613,0.040660893522322,-0.0463706688672833,176.58594665527343,176.37242889404297,174.1444549560547,1.001210607364027,1.0127938264732603,0.0137765745126448,-0.3201163958201628,43693500.0,0.6694908853719508,0.0129616669606427,-0.0137450950692172,-0.0152620924600075,0.0159235591235014,-0.0128830919900481,0.0234453283623383,-0.0149473386860203,3,7,0,0,1,xg_GOOGL,0.3617965,2.1595867
2025-07-11,179.78475952148438,181.02196104807064,176.08309652221448,176.39239690386106,34282900,60.34810469211143,174.2861358642578,174.63781536590858,2.36224428988831,2.210002091109569,165.73941429343438,174.2861358642578,182.8328574350812,0.0144692019957424,0.0036763954253844,0.0383197625493951,0.0143655220069982,0.014749598816537,0.0163575965719488,0.90164206640007,0.980923023919603,0.0036763954253844,0.0383197625493951,-0.0346433671240107,176.7176544189453,177.0359344482422,174.2861358642578,0.998202172738044,1.0157774946948508,0.0135246088776336,0.171968795722744,43942120.0,0.7801831136048789,0.0056619073533619,0.0129616669606427,-0.0137450950692172,0.0049820991659974,-0.0022129689997764,0.0167565563884215,-0.0385414333909166,4,7,0,0,1,xg_GOOGL,0.3042505,1.816091
2025-07-14,181.1516571044922,183.2569121837853,179.27588047712075,180.60289104600895,32536600,62.05436094355034,174.57847747802734,175.25818124577367,2.5971169634858313,2.287425065584822,165.50150814896182,174.57847747802734,183.6554468070929,0.0076029669402788,0.0269811958442052,0.0169718964507614,0.0075742100535931,0.012054127117343,0.0162377380201594,0.7423068900045429,0.6306832658231246,0.0269811958442052,0.0169718964507614,0.0100092993934437,177.6695098876953,177.33825225830077,174.57847747802734,1.0018679423371786,1.015808218860316,0.0170632301082677,-0.0509379311551823,36381760.0,0.8943107755094615,0.0144692019957424,0.0056619073533619,0.0129616669606427,-0.0152620924600075,0.0159235591235014,0.0287541642289135,-0.0087015312822871,0,7,0,0,1,xg_GOOGL,0.22538832,1.3453574
2025-07-15,181.59066772460935,183.80567598843865,181.1915734457722,182.3988435351607,33448300,62.610841165583125,174.94415283203125,175.86127519613896,2.7865580311458302,2.3872516586970236,165.34410163827107,174.94415283203125,184.54420402579143,0.0024234424743017,0.0438173950240312,0.0327413714298505,0.0024205106733337,0.0109067798642602,0.0161382256529663,0.6757932566768218,0.2221755943427325,0.0438173950240312,0.0327413714298505,0.0110760235941806,179.19407348632814,177.91395568847656,174.94415283203125,1.007195151121776,1.0169757194417164,0.0234038494794351,0.0280207520146542,33388700.0,1.0017850350567408,0.0076029669402788,0.0144692019957424,0.0056619073533619,-0.0137450950692172,0.0049820991659974,-0.0128830919900481,0.0095649297512401,1,7,0,0,1,xg_GOOGL,0.06874878,0.4103659
2025-07-16,182.5585021972656,183.91544417003013,181.62061381873357,182.82789923086935,33104200,63.86884076233885,175.25345611572263,176.4991063391034,2.9804310417335387,2.5058875353043266,165.07825798849046,175.25345611572263,185.4286542429548,0.0053297588735343,0.0359530121175672,0.040548335126699,0.0053156059741317,0.0107442650356801,0.0159921552595222,0.6718039599648757,0.496009996573995,0.0359530121175672,0.040548335126699,-0.0045953230091317,180.46122131347656,178.62535400390624,175.25345611572266,1.0102777532327811,1.0192401220661638,0.0285265552415991,-0.0102875183492135,33108670.0,0.9998649900463836,0.0024234424743017,0.0076029669402788,0.0144692019957424,0.0129616669606427,-0.0152620924600075,-0.0022129689997764,0.0234453283623383,2,7,0,0,1,xg_GOOGL,0.32575116,1.9444298
2025-07-17,183.1671142578125,183.64603043273615,180.07408034072432,181.7303505085708,31992600,64.6737673678773,175.6340980529785,177.1341547123138,3.146911074326141,2.6340922431086895,164.8595925925741,175.6340980529785,186.40860351338287,0.0033337919254468,0.0335547725377731,0.0276534069798699,0.0033282471611215,0.0099008989677441,0.0159211800256765,0.6218306131307161,0.3366820784888623,0.0335547725377731,0.0276534069798699,0.0059013655579032,181.6505401611328,179.1182434082031,175.63409805297852,1.0141375702705988,1.0198375224050948,0.0328467374317313,-0.0335788208142773,33395040.0,0.958004541991836,0.0053297588735343,0.0024234424743017,0.0076029669402788,0.0056619073533619,-0.0137450950692172,0.0159235591235014,0.0167565563884215,3,7,0,0,1,xg_GOOGL,0.19087996,1.1393749
2025-07-18,184.643798828125,186.00074080595235,183.2968441040249,184.9830305164638,34014500,66.61702883937622,176.21977767944335,177.84935891381963,3.3592801131705983,2.779129817121071,164.80943507150772,176.21977767944335,187.630120287379,0.0080619524759997,0.0270269811499788,0.0308027384452249,0.0080296285502221,0.0100242900685001,0.0154373916239684,0.6493092229204269,0.8041615176134091,0.0270269811499788,0.0308027384452249,-0.0037757572952461,182.62234802246093,179.6700012207031,176.21977767944335,1.0164320519936505,1.0195790937129428,0.034675252478841,0.0631989897663833,34627520.0,0.9822967397029594,0.0033337919254468,0.0053297588735343,0.0024234424743017,0.0144692019957424,0.0129616669606427,0.0049820991659974,0.0287541642289135,4,7,0,0,1,xg_GOOGL,0.10034039,0.5989383
2025-07-21,189.67247009277344,189.86202999312056,185.73134148599024,185.83112267520195,45803100,72.22105179597109,177.39013977050783,178.9753695022914,3.88853128308429,3.0010101103137155,165.4877513033233,177.39013977050783,189.29252823769235,0.0272344443548269,0.0470369033575346,0.0752872111031344,0.0268701856682609,0.0103841120522843,0.0128167536697534,0.8101350922968779,2.622450698433847,0.0470369033575346,0.0752872111031344,-0.0282503077455997,184.3265106201172,180.99801025390624,177.3901397705078,1.0183897069450747,1.0203386190916022,0.0365702563277455,0.3465757250584309,35790270.0,1.2797640252504026,0.0080619524759997,0.0033337919254468,0.0053297588735343,0.0076029669402788,0.0056619073533619,-0.0152620924600075,-0.0128830919900481,0,7,0,0,1,xg_GOOGL,0.19781183,1.1807516
2025-07-22,190.90966796875,191.21896833519165,187.03840453704987,191.0693117786785,44660200,73.40398987325162,178.69469985961916,180.11196935623985,4.357566858928379,3.2723214600366486,166.87490674724626,178.69469985961916,190.51449297199207,0.0065228120631919,0.0513187178664564,0.0973847654233688,0.0065016305832346,0.0073465274132751,0.0122963510599903,0.5974073097073105,0.8877560703491687,0.0513187178664564,0.0973847654233688,-0.0460660475569123,186.1903106689453,182.6921920776367,178.6946998596191,1.0191476086171327,1.0223705136255186,0.0392626046081287,-0.0249524595496811,36212040.0,1.233296991829203,0.0272344443548269,0.0080619524759997,0.0033337919254468,0.0024234424743017,0.0144692019957424,-0.0137450950692172,-0.0022129689997764,1,7,0,0,0,xg_GOOGL,0.0022596149,0.013487788
2025-07-23,189.8021697998047,192.09700016081177,188.7545281975545,191.06931784155387,58681900,70.50943374851786,179.86506118774415,181.0348455889603,4.587038560327045,3.535264880094728,168.54849083572253,179.86506118774415,191.18163153976576,-0.0058011633498131,0.0396786099543688,0.0770581876164338,-0.0058180554588549,0.0086115876372833,0.0126324656243046,0.6816488755639748,-0.6735679907279307,0.0396786099543688,0.0770581876164338,-0.0373795776620649,187.63904418945313,184.0501327514648,179.86506118774415,1.0194996405834418,1.0232678405471547,0.0409583463134728,0.3139641112220723,37777670.0,1.5533488433775415,0.0065228120631919,0.0272344443548269,0.0080619524759997,0.0053297588735343,0.0076029669402788,0.0129616669606427,0.0159235591235014,2,7,0,0,1,xg_GOOGL,0.3722642,2.2220693
2025-07-24,191.73777770996097,197.5047763656739,190.57041105035847,196.5868474168703,74881700,72.54699752936253,180.9371437072754,182.05417245762703,4.8689576062749325,3.8020034253307697,169.37752875108126,180.9371437072754,192.4967586634695,0.010198028358674,0.0467914968627229,0.0819163474344268,0.0101463793162679,0.0086244102307168,0.012040450054733,0.7162268822704528,1.1823238647081111,0.0467914968627229,0.0819163474344268,-0.0351248505717038,189.3531768798828,185.50185852050785,180.9371437072754,1.0207616160295732,1.025228179906594,0.0438934532001212,0.2760612727263432,42340600.0,1.768555476304026,-0.0058011633498131,0.0065228120631919,0.0272344443548269,0.0033337919254468,0.0024234424743017,0.0056619073533619,0.0049820991659974,3,7,0,0,1,xg_GOOGL,0.22222354,1.3264667
2025-07-25,192.7455139160156,193.8929365997576,190.82983399147875,191.54821586623893,39785900,73.57082292670218,181.9169342041016,183.07239545366403,5.1147368683264745,4.0645501139299105,169.82682588267784,181.9169342041016,194.00704252552532,0.0052558041408981,0.0438775368537127,0.0720903953651443,0.0052420406068778,0.008336427380577,0.0117721169793133,0.7080900831296462,0.6303867969083707,0.0438775368537127,0.0720903953651443,-0.0282128585114316,190.97351989746093,186.79793395996091,181.91693420410155,1.0223534910102112,1.0268309257585837,0.046987270984193,-0.4686832697441431,42890900.0,0.9276070215360152,0.010198028358674,-0.0058011633498131,0.0065228120631919,0.0080619524759997,0.0053297588735343,0.0144692019957424,-0.0152620924600075,4,7,0,0,0,xg_GOOGL,0.030441701,0.18170848
2025-07-28,192.14686584472656,193.61356085282932,190.41077383680673,193.21445136708732,38139500,71.85642719071527,182.61785354614256,183.93663072900333,5.201255966887118,4.291891284521352,169.8463040263381,182.61785354614256,195.38940306594705,-0.0031058988566129,0.0130456241263838,0.0606961532451899,-0.0031107321709189,0.0089200676129965,0.0105427366484814,0.8460062983725362,-0.3481532694683465,0.0130456241263838,0.0606961532451899,-0.047650529118806,191.46839904785156,187.8974548339843,182.61785354614256,1.019004750314592,1.0289106524105966,0.0460613576120522,-0.0413814944490384,43451190.0,0.8777550166059692,0.0052558041408981,0.010198028358674,-0.0058011633498131,0.0272344443548269,0.0033337919254468,0.0076029669402788,-0.0137450950692172,0,7,0,0,1,xg_GOOGL,0.3197823,1.9088012
2025-07-29,195.30975341796875,195.47936925683575,191.64800916549825,191.99721287217557,41389200,75.15108118677223,183.59165954589844,185.01978527080956,5.462078132948108,4.525928654206703,170.05125619676457,183.59165954589844,197.1320628950323,0.0164607814930382,0.0230479969717354,0.0755495084921711,0.016326771436443,0.0093960731468387,0.0101254300448868,0.927876172075388,1.7516923871743737,0.0230479969717354,0.0755495084921711,-0.0525015115204356,192.34841613769532,189.2693634033203,183.59165954589844,1.016268098962291,1.0309257178210889,0.044835224245341,0.0852056267124634,44245280.0,0.935448933761953,-0.0031058988566129,0.0052558041408981,0.010198028358674,0.0065228120631919,0.0080619524759997,0.0024234424743017,0.0129616669606427,1,7,0,0,1,xg_GOOGL,-0.04037183,-0.24098207
2025-07-30,196.08799743652344,197.155598285003,194.2521393007246,195.1600963397073,32445400,75.89871260402778,184.62383346557615,186.0739007151633,5.666262223131923,4.753995367991748,170.56117753716026,184.62383346557615,198.68648939399205,0.0039846654093573,0.0331177859734099,0.07411046363997,0.0039767476562406,0.0094377273858621,0.0099766685110055,0.945885040723908,0.4221612984951589,0.0331177859734099,0.07411046363997,-0.0409926776665601,193.60558166503907,190.6223129272461,184.62383346557615,1.0156501549686452,1.0324902768460191,0.0458046811476587,-0.2160901877784542,44179400.0,0.7344011009655919,0.0164607814930382,-0.0031058988566129,0.0052558041408981,-0.0058011633498131,0.0272344443548269,0.0053297588735343,0.0056619073533619,2,7,0,0,0,xg_GOOGL,-0.043130964,-0.2574515
2025-07-31,191.46839904785156,195.54921195775628,190.66022322341527,195.26984291287636,51329200,63.65564891075398,185.28534240722655,186.5876624611336,5.393147753118228,4.881825845017044,171.24276035578657,185.28534240722655,199.3279244586666,-0.0235588024206698,-0.001404932639393,0.0453208253221415,-0.0238407480112403,0.0135861552902378,0.011604913777457,1.170623489951064,-1.733902492274925,-0.001404932639393,0.0453208253221415,-0.0467257579615345,193.5517059326172,191.45244140625,185.28534240722655,1.0109649399660183,1.0332843327966503,0.0431735135745544,0.5820177898870103,46113060.0,1.113116327565312,0.0039846654093573,0.0164607814930382,-0.0031058988566129,0.010198028358674,0.0065228120631919,0.0033337919254468,0.0144692019957424,3,7,0,1,0,xg_GOOGL,0.27996814,1.671148
2025-08-01,188.7046356201172,190.40080913246985,187.39758435603645,188.6048544387261,34832200,57.66280717812996,185.76426315307617,186.78927895246537,4.897237649862404,4.884908205986116,171.95472022849373,185.76426315307617,199.57380607765865,-0.0144345669649833,-0.0209648370735058,0.0219928143688823,-0.014539758819728,0.0147482961456724,0.0122801789895026,1.2008860190278672,-0.978661410173022,-0.0209648370735058,0.0219928143688823,-0.0429576514423881,192.7435302734375,191.85852508544923,185.76426315307617,1.004612800956299,1.0328064280445113,0.0369851386926781,-0.3213960085097761,46194830.0,0.7540281022789617,-0.0235588024206698,0.0039846654093573,0.0164607814930382,0.0052558041408981,-0.0058011633498131,0.0080619524759997,0.0076029669402788,4,8,1,0,1,xg_GOOGL,0.57094455,3.408005
2025-08-04,194.6013336181641,194.830827292421,189.69240089649873,189.86201672672937,31547400,65.1922738554198,186.6747108459473,187.5332841587224,4.923286980205717,4.892583960830037,173.06724520125687,186.6747108459473,200.28217649063765,0.0312482943445946,0.0127739152166082,0.0259861830395302,0.0307700046965084,0.0155365950653283,0.0130814268099478,1.18759273726755,2.011140991460392,0.0127739152166082,0.0259861830395302,-0.013212267822922,193.234423828125,192.35141143798828,186.6747108459473,1.0045906207993769,1.0304095855636584,0.0337084687972839,-0.0943035467182664,44769260.0,0.7046665502177006,-0.0144345669649833,-0.0235588024206698,0.0039846654093573,-0.0031058988566129,0.010198028358674,0.0272344443548269,0.0024234424743017,0,8,0,0,0,xg_GOOGL,0.47175145,2.8159149
2025-08-05,194.2321624755859,197.41499022677857,193.45391800516853,194.27208103659055,31602300,64.41983289671148,187.68792648315429,188.17127256985225,4.8581406153379305,4.885695291731616,175.0834706023681,187.68792648315429,200.29238236394048,-0.0018970637853004,-0.005517343212639,0.0174034900494393,-0.001898865489796,0.0155331700888266,0.0124401720183853,1.2485294846717092,-0.1221219913553617,-0.005517343212639,0.0174034900494393,-0.0229208332620783,193.01890563964844,192.68366088867188,187.68792648315429,1.0017398711931795,1.0266172390474246,0.0274464284830491,0.0017402384982596,43463470.0,0.727100252234791,0.0312482943445946,-0.0144345669649833,-0.0235588024206698,0.0164607814930382,0.0052558041408981,0.0065228120631919,0.0053297588735343,1,8,0,0,1,xg_GOOGL,0.53661186,3.2030709
2025-08-06,195.64898681640625,196.18778087351924,193.23443126184415,194.0625664055758,21562900,66.08089728383584,188.6592376708984,188.8834358314288,4.864759614605646,4.881508156306422,176.8030550588646,188.6592376708984,200.51542028293224,0.0072944888362576,-0.0022388449362348,0.0308047954497492,0.0072680127277218,0.0153690148923338,0.0123276408181833,1.2466106458115205,0.474592177519354,-0.0022388449362348,0.0308047954497492,-0.033043640385984,192.931103515625,193.26834259033205,188.65923767089845,0.9982550733855992,1.0244308467283951,0.0218343366568783,-0.3176794094100745,39751570.0,0.5424414683495383,-0.0018970637853004,0.0312482943445946,-0.0144345669649833,0.0039846654093573,-0.0031058988566129,-0.0058011633498131,0.0033337919254468,2,8,0,0,1,xg_GOOGL,0.4446688,2.6542568
2025-08-07,196.07801818847656,197.09571318148863,193.8929412029117,196.6167969951023,26321800,66.58954672962048,189.6021125793457,189.56863415114765,4.8487313090734006,4.874952786859818,178.60817314730838,189.6021125793457,200.596052011383,0.0021928627336715,0.0240750910518292,0.0226363345312212,0.0021904619193175,0.0151679699879634,0.0123468816869995,1.2283864044415809,0.1445624017590921,0.0240750910518292,0.0226363345312212,0.0014387565206079,193.85302734375,193.7023666381836,189.60211257934571,1.000777794862196,1.0216255715880909,0.0216797109827893,0.2206985145782802,34895580.0,0.7543018342150853,0.0072944888362576,-0.0018970637853004,0.0312482943445946,-0.0235588024206698,0.0164607814930382,0.010198028358674,0.0080619524759997,3,8,0,0,1,xg_GOOGL,0.46438834,2.771964
2025-08-08,200.9669952392578,202.15432130991044,196.72655368662487,196.7764442791972,39161800,71.78241892295969,190.66122436523435,190.65419235001528,5.170921189883131,4.934146467464481,179.56866994983432,190.66122436523435,201.7537787806344,0.0249338355005293,0.0649817614646526,0.0426545923492909,0.0246280597756927,0.0167786344677647,0.0129690607773308,1.2936434729041946,1.4859582041807626,0.0649817614646526,0.0426545923492909,0.0223271691153617,196.3054992675781,194.5245147705078,190.6612243652344,1.0091555786640642,1.020262590981126,0.0280855813942187,0.4878085845192959,34833170.0,1.1242674726417057,0.0021928627336715,0.0072944888362576,-0.0018970637853004,-0.0144345669649833,0.0039846654093573,0.0052558041408981,0.0272344443548269,4,8,0,0,0,xg_GOOGL,0.24771243,1.4786116
2025-08-11,200.5479431152344,201.02685931355308,198.62229106869012,200.48808049350347,25832400,70.76712554677631,191.63103866577143,191.5964543276552,5.330992622904461,5.013515698552477,180.64811249990743,191.63103866577143,202.61396483163543,-0.0020851788301085,0.0305579072173185,0.0437221665499176,-0.0020873558423177,0.0167315335837751,0.013073339290314,1.2797230676253408,-0.1246182366626422,0.0305579072173185,0.0437221665499176,-0.0131642593325991,197.49482116699215,195.3646224975586,191.63103866577148,1.0109037073457872,1.019483189455018,0.0292388064925272,-0.3403673988427498,33602460.0,0.7687651439805071,0.0249338355005293,0.0021928627336715,0.0072944888362576,0.0312482943445946,-0.0235588024206698,-0.0031058988566129,0.0065228120631919,0,8,0,0,1,xg_GOOGL,0.3680727,2.1970496
2025-08-12,202.88267517089844,204.04006993048975,200.1388600495838,200.91710457512625,30397900,73.05389870091204,192.69563903808591,192.6713325032022,5.581899093411124,5.1271923775242065,181.68282386775272,192.69563903808591,203.7084542084191,0.0116417651529963,0.0445369736147578,0.0387739046330339,0.0115745211941167,0.0164123620026889,0.013133416275203,1.249569197351727,0.7092858337669691,0.0445369736147578,0.0387739046330339,0.0057630689817238,199.22492370605468,196.12191467285157,192.69563903808591,1.015821837342243,1.0177807637571312,0.0321825639496757,0.1767354175376658,32503330.0,0.935224175492144,-0.0020851788301085,0.0249338355005293,0.0021928627336715,-0.0018970637853004,-0.0144345669649833,0.0164607814930382,-0.0058011633498131,1,8,0,0,0,xg_GOOGL,0.15409479,0.9198018
2025-08-13,201.5057830810547,204.06999503609887,197.0657792947183,203.6709007567403,28342900,69.59621906385036,193.64300308227536,193.51270874871196,5.605029305662015,5.222759763151768,183.05008501634688,193.64300308227536,204.2359211482039,-0.0067866420268951,0.0299352240967358,0.0276293588356169,-0.0068097760093444,0.0167583335543179,0.0134247287914026,1.2482252408561534,-0.4049470108640819,0.0299352240967358,0.0276293588356169,0.0023058652611189,200.3962829589844,196.6636932373047,193.64300308227536,1.0189795567256827,1.0155992734410646,0.0335140747498672,-0.0676033541790716,32093080.0,0.8831467718274194,0.0116417651529963,-0.0020851788301085,0.0249338355005293,0.0072944888362576,0.0312482943445946,0.0039846654093573,0.010198028358674,2,8,0,0,1,xg_GOOGL,0.4641509,2.770547
2025-08-14,202.48358154296875,203.98020797768137,200.77742070862897,201.0468177297292,25230400,70.65830741379246,194.6088264465332,194.36707758626025,5.637277305889768,5.305663271699369,184.5275527915383,194.6088264465332,204.6901001015281,0.0048524585595677,0.0326684419481175,0.0575300287143691,0.0048407233303615,0.0139569270878958,0.0134188953455517,1.040017580503869,0.3476489402051487,0.0326684419481175,0.0575300287143691,-0.0248615867662516,201.6773956298828,197.7652114868164,194.6088264465332,1.0197819632363765,1.016219125812109,0.0349093448934752,-0.1098158621735955,29483200.0,0.8557551419112968,-0.0067866420268951,0.0116417651529963,-0.0020851788301085,0.0021928627336715,-0.0018970637853004,-0.0235588024206698,0.0052558041408981,3,8,0,0,1,xg_GOOGL,0.101778954,0.60752517
2025-08-15,203.44140625,205.97570210941169,200.8273037146201,203.39153088363753,34931400,71.70116030246687,195.54870681762696,195.23129936375923,5.67470802565029,5.379472222489554,185.88273218909384,195.54870681762696,205.21468144616009,0.0047303820869446,0.0123125242918435,0.0780943752730565,0.0047192289880504,0.0120744197757847,0.0134009970210492,0.9009418340282134,0.391736450970478,0.0123125242918435,0.0780943752730565,-0.0657818509812129,202.17227783203128,199.2388885498047,195.54870681762696,1.0147229755374452,1.0188709083902012,0.0325576348320404,0.3844964804362991,29493120.0,1.1843914784193337,0.0048524585595677,-0.0067866420268951,0.0116417651529963,0.0249338355005293,0.0072944888362576,-0.0144345669649833,-0.0031058988566129,4,8,0,0,0,xg_GOOGL,0.55587715,3.3180666
2025-08-18,203.0423126220703,204.80833601681928,202.0345896716843,203.7407352225592,18526600,70.57560729856229,196.21719894409185,195.97520538836028,5.607528522087648,5.425083482409173,186.41404266761015,196.21719894409185,206.02035522057344,-0.0019617128847372,0.0124377715776553,0.043375751064834,-0.0019636395635984,0.0090360400731186,0.0123976986370189,0.7287893945691748,-0.2170747134974521,0.0124377715776553,0.043375751064834,-0.0309379794871786,202.67115173339843,200.0829864501953,196.2171989440918,1.0129354590768636,1.0197015731898456,0.0317862454675622,-0.4696290443555082,28191040.0,0.6571804374723084,0.0047303820869446,0.0048524585595677,-0.0067866420268951,-0.0020851788301085,0.0021928627336715,0.0312482943445946,0.0164607814930382,0,8,0,0,0,xg_GOOGL,0.117716186,0.70265555
2025-08-19,201.11666870117188,202.98245812812408,199.51028904350812,202.57337657986537,24240200,65.25298075655934,196.72754898071292,196.464868561009,5.3373789284886755,5.407542571625074,187.0255722715537,196.72754898071292,206.42952568987215,-0.0094839538420875,-0.0087045701080141,0.0354447282975152,-0.0095292129162825,0.0098914058937459,0.0127040949915483,0.7785385233503526,-0.9587105446293244,-0.0087045701080141,0.0354447282975152,-0.0441492984055293,202.3179504394531,200.7714370727539,196.7275489807129,1.0077028554920329,1.020555779365896,0.0277968081653474,0.3083998143210302,27454830.0,0.8829120413420559,-0.0019617128847372,0.0047303820869446,0.0048524585595677,0.0116417651529963,0.0249338355005293,-0.0018970637853004,0.0039846654093573,1,8,0,0,0,xg_GOOGL,0.4146159,2.4748693
2025-08-20,198.87171936035156,200.82730262485015,196.1578356580316,200.27853657760335,28955500,59.60884651046332,197.18102645874023,196.69409244666068,4.885814154993994,5.303196888298858,188.00860296374208,197.18102645874023,206.35344995373845,-0.0111624230617898,-0.0130719013639603,0.0164720124360748,-0.01122519043383,0.0107924553903542,0.0129468020319083,0.83353571237477,-1.0341843884179411,-0.0130719013639603,0.0164720124360748,-0.0295439138000351,201.7911376953125,201.09371032714844,197.18102645874023,1.0034681709687958,1.0198431052859285,0.023181331420074,0.1945239725744836,28194090.0,1.0270060143809918,-0.0094839538420875,-0.0019617128847372,0.0047303820869446,-0.0067866420268951,-0.0020851788301085,0.0072944888362576,-0.0235588024206698,2,8,0,0,1,xg_GOOGL,0.19535245,1.1660714
2025-08-21,199.30075073242188,202.02460654215824,198.9814631231269,199.30075073242188,19774600,60.31530590575498,197.5591751098633,196.9423456167332,4.510570021338594,5.144671514906806,188.71386387290667,197.5591751098633,206.4044863468199,0.0021573272129906,-0.0157189574892592,0.0164359706086356,0.0021550035240096,0.0107922762215632,0.0128166133225873,0.841987969986969,0.1998769575340504,-0.0157189574892592,0.0164359706086356,-0.0321549280978948,201.15457153320312,201.41598358154295,197.55917510986328,0.9987021285813992,1.0195222948746112,0.0180400545915001,-0.3170692959886723,27539370.0,0.7180483794654446,-0.0111624230617898,-0.0094839538420875,-0.0019617128847372,0.0048524585595677,0.0116417651529963,0.0021928627336715,-0.0144345669649833,3,8,0,0,1,xg_GOOGL,0.29273814,1.7473729
2025-08-22,205.62649536132812,208.07098221204853,200.8472748764244,202.2740514669347,42827000,68.94102571840334,198.2032241821289,197.7694074971708,4.669790627517472,5.049695337428939,188.96654547311564,198.2032241821289,207.43990289114225,0.0317396929297024,0.0107406311802769,0.0231853997544373,0.0312463997094045,0.0125007667750765,0.0144351419619489,0.8659354284563214,2.5388165929457767,0.0107406311802769,0.0231853997544373,-0.0124447685741604,201.59158935546876,201.88193359375,198.2032241821289,0.998561811683132,1.0185602904634927,0.0164782518292975,1.165758093716181,27905890.0,1.5346939302060771,0.0021573272129906,-0.0111624230617898,-0.0094839538420875,0.0047303820869446,-0.0067866420268951,0.0249338355005293,0.0312482943445946,4,8,0,0,1,xg_GOOGL,0.39306098,2.3462064
2025-08-25,208.0210876464844,210.046520726557,204.8183006045268,205.96570803332725,29928900,71.4691136783505,198.9969352722168,198.7457579875816,4.932340736273886,5.026224417197929,189.23812246394803,198.9969352722168,208.75574808048555,0.0116453489174557,0.0245208742952078,0.0372636309062315,0.0115780637110782,0.0127100717960243,0.0144653868799743,0.8785933835088305,0.9161579058264786,0.0245208742952078,0.0372636309062315,-0.0127427566110236,202.58734436035155,202.62924804687503,198.9969352722168,0.99979320020714,1.0182531091229592,0.0172598323023691,-0.3011674877997524,28315540.0,1.056977899768076,0.0317396929297024,0.0021573272129906,-0.0111624230617898,-0.0019617128847372,0.0048524585595677,-0.0020851788301085,-0.0018970637853004,0,8,0,0,0,xg_GOOGL,0.46486256,2.7747946
2025-08-26,206.6741180419922,207.38252787024737,205.23735432936843,207.04328099820484,28464100,68.11072118865401,199.56515350341795,199.50083989752548,4.974382810453761,5.015856095849095,189.39554018606495,199.56515350341795,209.73476682077097,-0.0064751589357194,0.0276329623830327,0.018687859216663,-0.0064962137152493,0.0127493007961382,0.0143404522589768,0.8889825497385058,-0.5078436218289567,0.0276329623830327,0.018687859216663,0.0089451031663696,203.69883422851564,203.0083923339844,199.56515350341795,1.0034010509939677,1.0172537077246175,0.0200009597924486,-0.0489426607726979,28122160.0,1.0121590944649697,0.0116453489174557,0.0317396929297024,0.0021573272129906,-0.0094839538420875,0.0047303820869446,0.0116417651529963,0.0072944888362576,1,8,0,0,1,xg_GOOGL,0.2805967,1.6748999
2025-08-27,207.01336669921875,208.4401585010209,205.1874805997711,205.2373711930947,23022900,68.51205194103669,200.1114219665527,200.21631864054388,4.977696205211572,5.008224117721591,189.56162030030484,200.1114219665527,210.66122363280064,0.0016414665776274,0.0409391911783831,0.0273321367454186,0.0016401208438141,0.0123826825952787,0.0143409436048925,0.863389435658818,0.1325507630705291,0.0409391911783831,0.0273321367454186,0.0136070544329645,205.32716369628903,203.5591506958008,200.1114219665527,1.0086854999858512,1.0172290451757635,0.0251951930104811,-0.1911600928889373,27590160.0,0.8344605468036128,-0.0064751589357194,0.0116453489174557,0.0317396929297024,-0.0111624230617898,-0.0019617128847372,-0.0067866420268951,0.0021928627336715,2,8,0,0,1,xg_GOOGL,0.14943337,0.8919775
2025-08-28,211.16400146484375,211.74269881815903,206.43465668224863,206.7838755896793,32339300,72.99074599529285,201.09620208740233,201.258955100001,5.254671054713157,5.057513505119904,190.27002690771587,201.09620208740233,211.9223772670888,0.0200500809769239,0.0595243655070285,0.0428697470467893,0.0198517250878476,0.0135449688028791,0.0134051622834961,1.010353933993014,1.4801511260429323,0.0595243655070285,0.0428697470467893,0.0166546184602391,207.69981384277344,204.42719268798828,201.09620208740233,1.0160087369579058,1.0165641646436376,0.0312724314256306,0.404657970976723,28301050.0,1.1426890521729356,0.0016414665776274,-0.0064751589357194,0.0116453489174557,0.0021573272129906,-0.0094839538420875,0.0048524585595677,0.0249338355005293,3,8,0,0,1,xg_GOOGL,0.048675038,0.29054445
2025-08-29,212.43116760253903,214.16724458693432,209.72725571237183,210.0365560843286,39728400,74.19737735881945,202.28252868652345,202.32297533833795,5.5128763289283995,5.1485860698816035,191.98677651623976,202.28252868652345,212.57828085680708,0.0060008624997867,0.0330923903033686,0.0441884546427677,0.0059829290328332,0.0135555324336104,0.0126011955112978,1.075648478985899,0.4426546780435453,0.0330923903033686,0.0441884546427677,-0.0110960643393991,209.0607482910156,205.3261688232422,202.28252868652345,1.0181885216539952,1.0150464805659785,0.0319078395180423,0.2284867019385081,28780750.0,1.3803809838172605,0.0200500809769239,0.0016414665776274,-0.0064751589357194,0.0317396929297024,-0.0111624230617898,0.0047303820869446,-0.0020851788301085,4,8,0,0,0,xg_GOOGL,0.34203678,2.0416398
2025-09-02,210.8746795654297,211.20392399730977,205.73625278986853,207.9712205067108,47523000,70.05726515149954,203.0961959838867,203.13742335996577,5.528184819111914,5.224505819727666,192.7842698765685,203.0961959838867,213.40812209120497,-0.0073270229348904,0.0137178011673255,0.0385750479405642,-0.0073539974099334,0.0139367928656775,0.0114335847903007,1.2188280660176922,-0.5256946351192758,0.0137178011673255,0.0385750479405642,-0.0248572467732386,209.6314666748047,206.10940551757812,203.09619598388673,1.017088308747396,1.0148363661815234,0.0309912536886166,0.196197178844353,31680390.0,1.5000762301221198,0.0060008624997867,0.0200500809769239,0.0016414665776274,0.0116453489174557,0.0021573272129906,-0.0019617128847372,0.0116417651529963,1,9,0,0,1,xg_GOOGL,0.37959793,2.2658446
2025-09-03,230.14125061035156,230.78978267421616,224.2844418547168,225.70126168023373,103336100,82.82921208982063,204.89165039062496,205.70921643143103,7.014113835584368,5.5824274228990065,189.71905803410104,204.89165039062496,220.06424274714888,0.0913650281988638,0.1135465475342747,0.1443171373940452,0.0874292321916083,0.030196336919414,0.0225142346834265,1.3411513290439552,3.0255988613394793,0.1135465475342747,0.1443171373940452,-0.0307705898597705,214.32489318847655,209.0118637084961,204.891650390625,1.0254197507534328,1.0201092299760188,0.04098892646509,1.1744439534541171,39589980.0,2.6101579237978245,-0.0073270229348904,0.0060008624997867,0.0200500809769239,-0.0064751589357194,0.0317396929297024,-0.0094839538420875,-0.0067866420268951,2,9,0,0,1,xg_GOOGL,0.2283277,1.3629029
2025-09-04,231.7775421142578,231.84737676203943,225.60146147412655,229.13349303754427,51684200,83.47393917928582,206.6980781555176,208.1919141155098,8.228900691131258,6.111722076545457,187.97209495280023,206.6980781555176,225.42406135823492,0.0071099444344144,0.1196259729982571,0.165462554755116,0.007084787949906,0.0290375990041896,0.0225148996251263,1.289648625533288,0.2448446095277759,0.1196259729982571,0.165462554755116,-0.0458365817568588,219.27772827148436,212.3024459838867,206.6980781555176,1.0328554023731176,1.027113787793191,0.0542746721758119,-0.4998437138618546,41862850.0,1.2346077727626945,0.0913650281988638,-0.0073270229348904,0.0060008624997867,0.0016414665776274,0.0116453489174557,-0.0111624230617898,0.0048524585595677,3,9,0,0,1,xg_GOOGL,0.1031753,0.61586004
2025-09-05,234.4714813232422,235.22976659054152,231.37844718195535,231.677775522156,46588900,84.50545595302721,208.61775131225588,210.69473004005573,9.301781261964408,6.749733913629248,186.850949105058,208.61775131225588,230.38455351945373,0.0116229518373973,0.1103761990524643,0.1764706377751681,0.011555924205358,0.0286960697865456,0.0224692928602763,1.277067013099566,0.4050222522317127,0.1103761990524643,0.1764706377751681,-0.0660944387227038,223.9392242431641,215.81951904296875,208.61775131225585,1.0376226637711057,1.0345213563343103,0.065344718446957,-0.0985852542943491,44544280.0,1.0459008429364882,0.0071099444344144,0.0913650281988638,-0.0073270229348904,0.0200500809769239,-0.0064751589357194,0.0021573272129906,0.0047303820869446,4,9,0,0,0,xg_GOOGL,0.23921262,1.4278756
2025-09-08,233.72247314453125,237.8069358559837,233.3529799966882,235.15054099905157,32474700,82.95509274662317,210.25552520751953,212.88784843095817,9.976604062327226,7.395107943368844,186.1130232868433,210.25552520751953,234.39802712819576,-0.0031944532208518,0.1002268442163274,0.1366359803673777,-0.0031995663786075,0.0287930251697077,0.0223130952811433,1.2903514485769678,-0.1109415304746119,0.1002268442163274,0.1366359803673777,-0.0364091361510503,228.1974853515625,218.62911682128907,210.25552520751953,1.0437652983710068,1.0398257862926783,0.076766088868775,-0.3029519907102336,43509050.0,0.7463895442442263,0.0116229518373973,0.0071099444344144,0.0913650281988638,0.0060008624997867,0.0016414665776274,0.0317396929297024,-0.0019617128847372,0,9,0,0,1,xg_GOOGL,0.49289805,2.9421403
2025-09-09,239.30490112304688,240.1437578458556,232.91357479962468,233.8523019486149,38061000,85.14287780147302,212.1933731079102,215.4037582111571,10.836939780985093,8.083474310892093,185.27004768374348,212.1933731079102,239.1166985320769,0.0238848575552403,0.1348204612151926,0.1503877026627553,0.0236040765013276,0.0289770764233687,0.0224624648300364,1.2899646890012606,0.8242388903350031,0.1348204612151926,0.1503877026627553,-0.0155672414475627,233.8835296630859,221.75749816894532,212.19337310791016,1.0546814948503,1.0450726849804652,0.09063816266773,0.1720200648504837,44322260.0,0.858733286614878,-0.0031944532208518,0.0116229518373973,0.0071099444344144,-0.0073270229348904,0.0200500809769239,0.0116453489174557,-0.0094839538420875,1,9,0,0,0,xg_GOOGL,0.036479928,0.21775106
2025-09-10,238.84552001953125,241.33214736167037,237.5273187664355,238.5758820575914,35141100,84.18528499143477,213.99151535034184,217.6363069548118,11.350848306935347,8.736949110100745,184.96487631525423,213.99151535034184,243.01815438542943,-0.0019196477019892,0.0378214222182913,0.1556624616682891,-0.0019214925870363,0.0286451542535366,0.0225861270415989,1.2682070721424916,-0.0670124054000117,0.0378214222182913,0.1556624616682891,-0.1178410394499978,235.62438354492187,224.9746383666992,213.9915153503418,1.047337536602077,1.0513250396791487,0.0905726353703895,-0.0767163237960116,44989960.0,0.7810876026562198,0.0238848575552403,-0.0031944532208518,0.0116229518373973,0.0913650281988638,0.0060008624997867,-0.0064751589357194,-0.0111624230617898,2,9,0,0,1,xg_GOOGL,0.51197493,3.0560114
2025-09-11,240.0438995361328,241.9213539288796,235.9294937696504,239.55457404217233,30599300,84.66966923821742,215.91842117309577,219.7703633911281,11.719726021674433,9.333504492415484,185.30825321875497,215.91842117309577,246.5285891274365,0.0050173832714282,0.0356650491090289,0.1595574883089843,0.0050048381489418,0.028490706953624,0.0223203861683721,1.2763860962180462,0.1760997780720893,0.0356650491090289,0.1595574883089843,-0.1238924391999554,237.27765502929688,228.27769165039064,215.9184211730957,1.039425505461523,1.0572404633664252,0.0889805318838609,-0.1292446736157946,45747600.0,0.6688722468500934,-0.0019196477019892,0.0238848575552403,-0.0031944532208518,0.0071099444344144,-0.0073270229348904,0.0016414665776274,0.0021573272129906,3,9,0,0,1,xg_GOOGL,0.33309358,1.9882572
2025-09-12,240.4733123779297,241.75157459718335,237.67710805902945,240.04388783032,26771600,84.84874735342643,217.81790771484376,221.74207281844252,11.909429802406208,9.84868955441363,186.02597527522573,217.81790771484376,249.60984015446184,0.0017888929592739,0.0255972752883042,0.1387988042931909,0.0017872947959425,0.0287338334490467,0.0223609289389941,1.2849443143941588,0.0622552054267544,0.0255972752883042,0.1387988042931909,-0.1132015290048866,238.47802124023437,231.20862274169923,217.81790771484376,1.0314408624225764,1.061476648854721,0.0859143716244113,-0.1250910968551568,45190830.0,0.5924122216830142,0.0050173832714282,-0.0019196477019892,0.0238848575552403,0.0116229518373973,0.0913650281988638,0.0200500809769239,0.0317396929297024,4,9,0,0,1,xg_GOOGL,0.63342613,3.7809615
2025-09-15,251.2686462402344,252.06756394348793,244.32807821701437,244.32807821701437,58383800,88.48911622396501,220.2092697143555,224.55412743004177,12.783504356925164,10.435652514915937,185.87699559820425,220.2092697143555,254.54154383050675,0.044892024630736,0.0750726828260661,0.1828238251289033,0.0439135543660906,0.0302098839034821,0.0237317209720562,1.2729212103008505,1.4859553521888746,0.0750726828260661,0.1828238251289033,-0.1077511423028372,241.987255859375,235.09237060546872,220.20926971435543,1.0293284092382446,1.0675861688766275,0.086672119545699,1.1808110086808408,47056370.0,1.240720438061813,0.0017888929592739,0.0050173832714282,-0.0019196477019892,-0.0031944532208518,0.0071099444344144,0.0060008624997867,0.0116453489174557,0,9,0,0,0,xg_GOOGL,0.065680206,0.3920494
2025-09-16,250.8192596435547,252.696698721273,249.13154999644232,251.73800966841424,34109700,87.54613606472827,222.59811706542973,227.05556859323343,13.286791138571829,11.005880239647116,186.68305878749976,222.59811706542973,258.5131753433597,-0.0017884706405034,0.0481158491383646,0.1894233113261523,-0.0017900718635646,0.0297550740035973,0.0237268221482185,1.2540162269309365,-0.0601043887808335,0.0481158491383646,0.1894233113261523,-0.1413074621877876,244.29012756347657,239.08682861328128,222.59811706542968,1.0217632187451513,1.074073903971995,0.0864846285284229,-0.4157677300895112,45715040.0,0.7461373762332758,0.044892024630736,0.0017888929592739,0.0050173832714282,0.0238848575552403,0.0116229518373973,-0.0073270229348904,-0.0064751589357194,1,9,0,0,0,xg_GOOGL,0.4284208,2.5572715
2025-09-17,249.19146728515625,251.2586662790108,245.94587648389523,250.879176939906,34108000,84.0521196485006,225.00185699462892,229.1637494210356,13.399835339037338,11.48467125952516,188.70721902064545,225.00185699462892,261.29649496861236,-0.0064899017751337,0.0433164803123751,0.0827761934215709,-0.0065110527491523,0.0156494349105625,0.0236006968112342,0.6630639752610291,-0.4146786854308876,0.0433164803123751,0.0827761934215709,-0.0394597131091958,246.35931701660155,240.99185028076172,225.0018569946289,1.0222723993761058,1.0710660502971516,0.0857070278314656,-4.983919530221481e-05,38792230.0,0.8792482412070438,-0.0017884706405034,0.044892024630736,0.0017888929592739,-0.0019196477019892,-0.0031944532208518,0.0913650281988638,0.0016414665776274,2,9,0,0,1,xg_GOOGL,0.16708054,0.9973145
2025-09-18,251.6880798339844,253.64542748570952,249.46110945180465,251.338548569648,31239500,85.03840520660093,227.64267501831057,231.30892374607836,13.53485803174118,11.894708613968366,191.6687940200717,227.64267501831057,263.6165560165495,0.0100188524752784,0.0485085449801185,0.085903653728071,0.0099689964960711,0.0156561787105297,0.0230206299551989,0.6800638678059444,0.6398887475519823,0.0485085449801185,0.085903653728071,-0.0373951087479524,248.6881530761719,242.98290405273437,227.64267501831057,1.0234800429506732,1.0673873166935417,0.0836173015096428,-0.0841005042805207,36747760.0,0.8501062377679388,-0.0064899017751337,-0.0017884706405034,0.044892024630736,0.0050173832714282,0.0238848575552403,0.0071099444344144,0.0200500809769239,3,9,0,0,1,xg_GOOGL,0.13102494,0.7820964
2025-09-19,254.3744354248047,255.6526976942288,251.4683796180924,252.90642848071656,55571400,86.0389033186507,230.3963592529297,233.5056391440523,13.700697817808305,12.255906454736357,195.13272852729312,230.3963592529297,265.6599899785663,0.0106733524789581,0.0578073421512483,0.0848843278902831,0.0106167943397634,0.0156372138460513,0.0229057709115745,0.6826459262379073,0.682517363174004,0.0578073421512483,0.0848843278902831,-0.0270769857390347,251.46837768554687,244.97319946289065,230.3963592529297,1.026513831867719,1.0632685353936449,0.0828385855576522,0.7788825045215193,37646010.0,1.476156437295706,0.0100188524752784,-0.0064899017751337,-0.0017884706405034,0.0017888929592739,-0.0019196477019892,0.0116229518373973,0.0060008624997867,4,9,0,0,0,xg_GOOGL,0.03312833,0.19774514
2025-09-22,252.1874084472656,255.4329993925613,249.96043800377367,254.08482475081848,32290500,81.27388339695197,232.72440490722653,235.28485526816783,13.500032275147705,12.504731618818624,198.20623247529247,232.72440490722653,267.24257733916056,-0.0085976681339331,0.003656493640487,0.0790036792538808,-0.0086348413043531,0.0161625933635461,0.022899593353353,0.7057718162215081,-0.5319156415629408,0.003656493640487,0.0790036792538808,-0.0753471856133938,251.65213012695312,246.81969299316407,232.72440490722656,1.019578815106633,1.0605664373341357,0.0750542040788864,-0.4189367192476706,37627590.0,0.8581601957499575,0.0106733524789581,0.0100188524752784,-0.0064899017751337,0.044892024630736,0.0050173832714282,-0.0031944532208518,-0.0073270229348904,0,9,0,0,0,xg_GOOGL,0.32677066,1.9505153
2025-09-23,251.3185882568359,254.01492224497756,250.1401811840686,252.69670571321296,26628000,79.39278573599057,234.8892799377441,236.8118774575648,13.119661566702462,12.627717608395391,201.48142969107835,234.8892799377441,268.2971301844099,-0.0034451370739684,0.0019907905556806,0.0502024282720887,-0.0034510852240892,0.0154245775287945,0.0231073950050771,0.6674880503559656,-0.2233392602343404,0.0019907905556806,0.0502024282720887,-0.0482116377164081,251.7519958496094,248.02106170654295,234.8892799377441,1.0150428117571757,1.0559062626113858,0.0670969705377794,-0.1753611743392019,36484290.0,0.7298483813169797,-0.0085976681339331,0.0106733524789581,0.0100188524752784,-0.0017884706405034,0.0017888929592739,0.0238848575552403,0.0913650281988638,1,9,0,0,0,xg_GOOGL,0.34931582,2.0850887
2025-09-24,246.80471801757812,252.00765659919705,246.1056707170572,251.31859024650916,28201000,70.29030797165824,236.89580993652345,237.76357655851845,12.312057698359212,12.564585626388158,205.88898478937347,236.89580993652345,267.9026350836734,-0.0179607496228842,-0.0095779734899466,0.0333236227223185,-0.0181240015923132,0.0169814321451965,0.0236675649889225,0.7174677532475753,-1.0576076188218138,-0.0095779734899466,0.0333236227223185,-0.0429015962122651,251.27464599609377,248.81698150634764,236.89580993652345,1.0098773985395502,1.0503224247529683,0.0582599723986888,0.0590731560763106,35790280.0,0.7879513655662714,-0.0034451370739684,-0.0085976681339331,0.0106733524789581,-0.0064899017751337,0.044892024630736,-0.0019196477019892,0.0071099444344144,2,9,0,0,0,xg_GOOGL,0.4213445,2.5150325
2025-09-25,245.45652770996097,246.15559020390248,240.413391282528,244.0684141454478,31020400,67.79034684476674,238.81796798706057,238.4962385729415,11.431463330264904,12.337961167163508,211.00963197581163,238.81796798706057,266.62630399830954,-0.0054625791534549,-0.0247590276350545,0.0225484929393651,-0.0054775535965765,0.017193329903529,0.0238391412525416,0.7211924510596576,-0.3176965420637758,-0.0247590276350545,0.0225484929393651,-0.0473075205744196,250.02833557128903,249.35824432373047,238.81796798706057,1.002687263256027,1.0441351897661275,0.0456714990993233,0.0999751781851707,35832390.0,0.8657083716715278,-0.0179607496228842,-0.0034451370739684,-0.0085976681339331,0.0100188524752784,-0.0017884706405034,0.0050173832714282,0.0116229518373973,3,9,0,0,1,xg_GOOGL,0.51583123,3.07903
2025-09-26,246.2055206298828,249.08161830530747,245.63630185383963,246.73481561544992,18503200,68.46145218880397,240.57004394531248,239.23045591169785,10.671014604369788,12.004571854604764,215.8542678753697,240.57004394531248,265.28582001525524,0.0030514279938274,-0.0321137412306382,0.0238371908935339,0.0030467818366366,0.017193282353274,0.0237201092736655,0.7248093735802411,0.1774675983058039,-0.0321137412306382,0.0238371908935339,-0.0559509321241722,248.3945526123047,249.93146514892575,240.5700439453125,0.9938506640782292,1.0389134950058094,0.0317803948789379,-0.4035151061881858,35005550.0,0.5285790396094183,-0.0054625791534549,-0.0179607496228842,-0.0034451370739684,0.0106733524789581,-0.0064899017751337,0.0017888929592739,-0.0031944532208518,4,9,0,0,0,xg_GOOGL,0.46132717,2.7536917
2025-09-29,243.71890258789065,250.809260938322,242.4406403715287,247.51375020937843,32505800,63.715068380221794,242.1344306945801,239.6579270237162,9.755251746209067,11.554707832925626,221.25480896023535,242.1344306945801,263.01405242892474,-0.0100997655764601,-0.0335802089070033,-0.0300465010868309,-0.0101511142410286,0.0089352243376526,0.0240609399735027,0.3713426410128274,-1.1302050166651485,-0.0335802089070033,-0.0300465010868309,-0.0035337078201723,246.7008514404297,249.1764907836914,242.1344306945801,0.990064715433324,1.029083266138197,0.0187364242057623,0.756766397163734,32417750.0,1.0027161046031572,0.0030514279938274,-0.0054625791534549,-0.0179607496228842,-0.0085976681339331,0.0100188524752784,0.044892024630736,0.0238848575552403,0,9,0,0,0,xg_GOOGL,0.5640772,3.3670132
2025-09-30,242.77020263671875,242.9599320717839,238.92541967317948,242.48058753408856,34724300,61.9503911547921,243.72920684814457,239.95433422495455,8.850922995178166,11.013950865376136,228.90980765859928,243.72920684814457,258.5486060376898,-0.0038925989781599,-0.0340141398987213,-0.0320910643715105,-0.0039001948597832,0.0089280329308689,0.023964189295374,0.3725417237823487,-0.4359485521329745,-0.0340141398987213,-0.0320910643715105,-0.0019230755272108,244.99117431640624,248.3715850830078,243.72920684814457,0.9863897040981086,1.0190472791295615,0.0051981975322981,0.068249358576008,32479210.0,1.0691239103413823,-0.0100997655764601,0.0030514279938274,-0.0054625791534549,-0.0034451370739684,0.0106733524789581,-0.0017884706405034,-0.0019196477019892,1,9,0,1,1,xg_GOOGL,0.40896994,2.441168
2025-10-01,244.5677490234375,245.96585884887975,238.2862890899911,240.42338523813993,31658200,63.98571639816382,244.4505317687988,240.3937070629053,8.184932112881626,10.448147114877234,231.08259117987973,244.4505317687988,257.8184723577179,0.0074043122557696,-0.0090637205484106,-0.0185548819632243,0.0073770348997328,0.0094297403689253,0.0135662003025743,0.695039518738147,0.7851252357839421,-0.0090637205484106,-0.0185548819632243,0.0094911614148136,244.5437805175781,247.90921325683593,244.45053176879884,0.9864247371243472,1.014148799198802,0.0003812798259444,-0.0882983962239699,32234230.0,0.9821298662942785,-0.0038925989781599,-0.0100997655764601,0.0030514279938274,-0.0179607496228842,-0.0085976681339331,-0.0064899017751337,0.0050173832714282,2,10,1,0,1,xg_GOOGL,0.34306732,2.047791
2025-10-02,245.356689453125,246.4751651396655,241.9712890736748,244.8174135056227,25483300,64.87381940727036,245.1294891357422,240.86637205245003,7.632804223845085,9.885078536670804,233.166119500504,245.1294891357422,257.0928587709804,0.0032258563642906,-0.0004067451689609,-0.0251557021891367,0.0032206644522272,0.0086974938411676,0.0135340000821951,0.6425928177576374,0.3708522904302715,-0.0004067451689609,-0.0251557021891367,0.0247489570201757,244.52381286621093,247.27607421875,245.12948913574215,0.9888696819486696,1.008756943485568,-0.0024685541318691,-0.1950489920462944,31658610.0,0.804940583304169,0.0074043122557696,-0.0038925989781599,-0.0100997655764601,-0.0054625791534549,-0.0034451370739684,0.0100188524752784,0.0017888929592739,3,10,0,0,0,xg_GOOGL,0.40289876,2.4049287
2025-10-03,245.0171356201172,245.96584369150784,241.33213946713911,244.15830178707057,30249600,64.1407055933285,245.65677185058593,241.26168286841835,7.086154954031258,9.325293820142894,234.79215556464905,245.65677185058593,256.52138813652283,-0.0013839191984723,-0.0048268008236586,-0.036785535421674,-0.0013848776990732,0.0074067426345049,0.0134065287891113,0.5524316039895549,-0.1868206371028777,-0.0048268008236586,-0.036785535421674,0.0319587345980154,244.2861358642578,246.3403442382813,245.65677185058593,0.9916610964380383,1.0027826319728368,-0.0055940413426969,0.1870362158747101,29126430.0,1.0385618834851702,0.0032258563642906,0.0074043122557696,-0.0038925989781599,0.0030514279938274,-0.0179607496228842,0.0106733524789581,0.044892024630736,4,10,0,0,1,xg_GOOGL,0.14522772,0.8668736
2025-10-06,250.0902404785156,250.97904766602093,244.24818617214953,244.44791178946252,28894700,69.657676082172,246.4751602172852,242.1024978789038,6.981806711923639,8.856596398499043,237.0214232058384,246.4751602172852,255.92889722873196,0.0207051023005342,0.0261421573089812,-0.0083159107017372,0.0204936652396812,0.0104373137168328,0.0139465688084301,0.7483249489706347,1.9835677353847927,0.0261421573089812,-0.0083159107017372,0.0344580680107184,245.5604034423828,246.13062744140623,246.47516021728515,0.9976832464738294,0.998602160251868,-0.0036577068067593,-0.0447906749180154,28786850.0,1.0037465023091794,-0.0013839191984723,0.0032258563642906,0.0074043122557696,-0.0100997655764601,-0.0054625791534549,-0.0085976681339331,-0.0017884706405034,0,10,0,0,0,xg_GOOGL,0.18015076,1.0753316
2025-10-07,245.42657470703125,250.1002333278666,245.18691006468788,247.93317917084852,23181300,60.45030438308164,246.7812438964844,242.41907662443973,6.448457324377074,8.37496858367465,237.9276320464455,246.7812438964844,255.6348557465233,-0.018647931892748,0.0109419197309297,-0.0234444001562801,-0.018823996841812,0.0118757862408264,0.0139143168844572,0.853432684245307,-1.5701159821034616,0.0109419197309297,-0.0234444001562801,0.0343863198872098,246.0916778564453,245.5414260864258,246.78124389648437,1.0022409732597457,0.9949760452193092,-0.0028096633009779,-0.1977317639567117,28442180.0,0.8150324623499038,0.0207051023005342,-0.0013839191984723,0.0032258563642906,-0.0038925989781599,0.0030514279938274,-0.0034451370739684,-0.0064899017751337,1,10,0,0,0,xg_GOOGL,0.2263667,1.3511975
2025-10-08,244.2881317138672,245.67624536262252,243.48922922331397,244.62768203424935,21307100,58.42029071715498,247.0533744812012,242.59708187105187,5.8662883366807534,7.873232534275872,238.92163812154465,247.0533744812012,255.18511084085776,-0.0046386296778294,-0.0011433122751746,-0.0101966701606235,-0.0046494215062695,0.0106036316095897,0.0139611937227259,0.759453121777739,-0.4374154471933517,-0.0011433122751746,-0.0101966701606235,0.0090533578854489,246.03575439453124,245.28976745605468,247.05337448120116,1.003041247689267,0.9928614331666183,-0.0041656550382965,-0.0808496503647336,27752790.0,0.7677462338020514,-0.018647931892748,0.0207051023005342,-0.0013839191984723,0.0074043122557696,-0.0100997655764601,-0.0179607496228842,0.0100188524752784,2,10,0,0,0,xg_GOOGL,0.35374382,2.1115198
2025-10-09,241.2023162841797,244.42792989328805,238.82554034163272,244.13833003954065,27892100,53.20480602640526,247.1112953186035,242.46424705325452,5.0971588295740275,7.318017793335503,239.17564035461717,247.1112953186035,255.0469502825899,-0.0126318679832628,-0.0169319743358332,-0.017331832506032,-0.0127123283219869,0.0111681766642479,0.0142629623211992,0.7829645376761626,-1.1309578461317509,-0.0169319743358332,-0.017331832506032,0.0003998581701988,245.2048797607422,244.86434631347657,247.1112953186035,1.0013907024537974,0.990907137602796,-0.0079038028623872,0.3090519122733737,27439960.0,1.0164774292673526,-0.0046386296778294,-0.018647931892748,0.0207051023005342,0.0032258563642906,-0.0038925989781599,-0.0054625791534549,0.0106733524789581,3,10,0,0,0,xg_GOOGL,0.4196379,2.5048456
2025-10-10,236.24905395507812,243.75884063652228,235.52003337107624,241.10244578834048,33180300,46.0916933074269,246.90008239746095,241.87232390104725,4.041345168641016,6.662683268396606,238.048526535794,246.90008239746095,255.7516382591279,-0.020535716262632,-0.0357855855381208,-0.040439656468029,-0.0207495060322759,0.0124702324103874,0.0149979110224017,0.8314091864244311,-1.646646906004863,-0.0357855855381208,-0.040439656468029,0.0046540709299082,243.4512634277344,243.8686996459961,246.90008239746095,0.9982882747196844,0.987722228676356,-0.0145982339907373,0.1895949032163228,28907670.0,1.1478026419977416,-0.0126318679832628,-0.0046386296778294,-0.018647931892748,-0.0013839191984723,0.0074043122557696,0.0030514279938274,-0.0085976681339331,4,10,0,0,1,xg_GOOGL,0.5306119,3.1672566
2025-10-13,243.8187713623047,244.16830263513637,239.38480762364867,239.8841293059291,24995000,55.813948969507855,246.5275886535645,242.05769984973844,3.7719376187014007,6.084534138457565,237.8243189542515,246.5275886535645,255.2308583528774,0.0320412601891981,-0.0250768246862063,0.0004097703270184,0.0315386470636465,0.0166263253663115,0.0130924815607967,1.269816991692458,1.927024309881891,-0.0250768246862063,0.0004097703270184,-0.0254865950132248,242.19696960449215,243.8786865234375,246.5275886535645,0.9931042890917664,0.9892551493137371,-0.0177616310051745,-0.2466915609563506,28156590.0,0.8877140307117841,-0.020535716262632,-0.0126318679832628,-0.0046386296778294,0.0207051023005342,0.0032258563642906,-0.0100997655764601,-0.0034451370739684,0,10,0,0,1,xg_GOOGL,0.5135498,3.065412
2025-10-14,245.11700439453125,246.7847369413055,240.18370386409975,240.9027282868883,22111600,57.23832204933796,246.24247589111332,242.34906218733775,3.621441032359939,5.59191551723804,237.76037940561233,246.24247589111332,254.7245723766143,0.005324581962959,-0.0012613561219665,0.0096667619515244,0.0053104564957049,0.0166319017737317,0.0131783538503591,1.2619664031008992,0.3201234538262066,-0.0012613561219665,0.0096667619515244,-0.010928118073491,242.1350555419922,244.11336669921872,246.2424758911133,0.9918959326808838,0.9913536071135184,-0.0167569784041173,-0.1153590718143628,26895320.0,0.8221355983122409,0.0320412601891981,-0.020535716262632,-0.0126318679832628,-0.018647931892748,-0.0013839191984723,-0.0038925989781599,-0.0179607496228842,1,10,0,0,1,xg_GOOGL,0.2798123,1.6702178
2025-10-15,250.68943786621097,251.76797450819856,245.6562821083569,246.91456723829836,27007700,62.78389481537976,246.31737442016603,243.14338368056377,3.9067852256183073,5.254889458914094,237.70025512471523,246.31737442016603,254.93449371561684,0.0227337694724374,0.0262039179203417,0.0250306463841509,0.0224792082049321,0.0179343794366506,0.0141311224907217,1.2690506644295836,1.267537692901069,0.0262039179203417,0.0250306463841509,0.0011732715361907,243.41531677246093,244.72553558349608,246.317374420166,0.9946461704214428,0.993537448016336,-0.0115763060159473,0.2214267624233434,26430270.0,1.0218472985708802,0.005324581962959,0.0320412601891981,-0.020535716262632,-0.0046386296778294,0.0207051023005342,0.0074043122557696,-0.0054625791534549,2,10,0,0,1,xg_GOOGL,0.42262682,2.522687
2025-10-16,251.1188507080078,256.6113736152233,249.76069521164575,251.42842769264908,27997200,63.18016222846054,246.2889129638672,243.90295196889176,4.120078877509741,5.027927342633223,237.74301785405055,246.2889129638672,254.83480807368375,0.0017129275387581,0.0411129319842213,0.0234848345391605,0.0017114621515448,0.017935075031145,0.0139543198755668,1.2851783542809407,0.0955018049257581,0.0411129319842213,0.0234848345391605,0.0176280974450608,245.39862365722655,245.30175170898437,246.2889129638672,1.0003949093211413,0.9959918567059994,-0.0035452906228685,0.0366376996189976,26681660.0,1.0493050282478285,0.0227337694724374,0.005324581962959,0.0320412601891981,-0.0126318679832628,-0.018647931892748,0.0032258563642906,0.0030514279938274,3,10,0,0,1,xg_GOOGL,0.32573792,1.9443507
2025-10-17,252.95635986328125,253.8751099031292,247.4738024671156,250.41979725844868,29671600,64.9023278634763,246.21800918579103,244.76518129216697,4.386818749611621,4.899705624028903,237.93508873581231,246.21800918579103,254.5009296357698,0.0073172888060484,0.0707190383559375,0.0324027306215566,0.0072906473316152,0.0179385066973428,0.0138386465658733,1.2961679774089572,0.4078868460263878,0.0707190383559375,0.0324027306215566,0.0383163077343808,248.7400848388672,246.0956741333008,246.218009185791,1.0107454578991666,0.9995031433610612,0.0099703982712247,0.0598059805980597,26623860.0,1.1144740094035532,0.0017129275387581,0.0227337694724374,0.005324581962959,-0.020535716262632,-0.0046386296778294,-0.0013839191984723,-0.0100997655764601,4,10,0,0,1,xg_GOOGL,0.32979196,1.9685496
2025-10-20,256.2019348144531,256.98087539491434,253.88509020638816,254.3444728441902,22350200,67.76982217183132,246.4187355041504,245.85439591333707,4.804717007339207,4.880707900690965,237.36775259240537,246.4187355041504,255.4697184158955,0.0128305726447284,0.0507883924726515,0.0244379561723144,0.0127489582127706,0.0172510975804895,0.013982131100701,1.2337077766241245,0.7437108783362423,0.0507883924726515,0.0244379561723144,0.026350436300337,251.2167175292969,246.70684356689452,246.4187355041504,1.01828029533838,1.0011691808342198,0.018727345008621,-0.2467477318378517,25969410.0,0.860635647864127,0.0073172888060484,0.0017129275387581,0.0227337694724374,0.0320412601891981,-0.0126318679832628,0.0207051023005342,-0.0038925989781599,0,10,0,0,0,xg_GOOGL,0.2460489,1.4686818
2025-10-21,250.1202087402344,254.53421031738455,243.81875668908756,254.39440086428343,47312100,58.17796556141993,246.35881652832035,246.26066380161305,4.59222362491073,4.823011045534918,237.4293628776499,246.35881652832035,255.28827017899076,-0.0237380177422283,0.0204114943312956,0.0191243920459958,-0.0240243041440013,0.0180047103095155,0.0150111319549445,1.1993439948138287,-1.318360527531285,0.0204114943312956,0.0191243920459958,0.0012871022852998,252.2173583984375,247.17620697021485,246.35881652832032,1.0203949704140824,1.0033178858926717,0.0234229049288922,1.1168535404604882,28382490.0,1.6669467689409327,0.0128305726447284,0.0073172888060484,0.0017129275387581,0.005324581962959,-0.020535716262632,-0.018647931892748,0.0074043122557696,1,10,0,0,1,xg_GOOGL,0.2200868,1.3137124
2025-10-22,251.3485412597656,256.01218852739623,248.9517881335524,254.02489806023604,35029400,59.42700786147498,246.58600769042977,246.74522355953232,4.47139381260132,4.752687598948199,237.38179658158168,246.58600769042977,255.7902187992778,0.0049109687126756,0.0026291629961145,0.0289019752878056,0.0048989492412632,0.0178637259476896,0.0144418429175383,1.236856625089874,0.2748975118373252,0.0026291629961145,0.0289019752878056,-0.026272812291691,252.34917907714845,247.8822479248047,246.58600769042968,1.0180203753586212,1.0052567469116185,0.0229290027220114,-0.2596101208781686,29754720.0,1.1772720428892902,-0.0237380177422283,0.0128305726447284,0.0073172888060484,0.0227337694724374,0.0320412601891981,-0.0046386296778294,0.0032258563642906,2,10,0,0,1,xg_GOOGL,0.5171738,3.087044
2025-10-23,252.7366485595703,254.6939808970836,251.50832156545113,252.6367781341903,19901400,60.84997795865568,246.95001373291015,247.31583546429783,4.43650273214277,4.689450625587114,237.3658954527029,246.95001373291015,256.53413201311747,0.0055226391720735,0.0064423592534024,0.0478201555154267,0.0055074453148193,0.0170006157952764,0.0143914738731278,1.18121567877349,0.3248302536990552,0.0064423592534024,0.0478201555154267,-0.0413777962620243,252.67273864746093,249.03568115234376,246.95001373291015,1.0146045638050247,1.008445706837212,0.0226430355358689,-0.4318658041530828,28955650.0,0.6873062770132707,0.0049109687126756,-0.0237380177422283,0.0128305726447284,0.0017129275387581,0.005324581962959,-0.0126318679832628,-0.0013839191984723,3,10,0,0,1,xg_GOOGL,0.36256337,2.1641643
2025-10-24,259.5674133300781,261.32500504033385,254.97364746401067,256.23191746004557,28655100,66.98601129551051,247.61810836791992,248.48265240389597,4.9035122920275,4.732262958875191,236.51068762387064,247.61810836791992,258.72552911196925,0.0270272032546075,0.026135154183789,0.0987024455108882,0.026668418672159,0.0157267331856454,0.0154796278416719,1.0158976332543197,1.7184423804490143,0.026135154183789,0.0987024455108882,-0.0725672913270991,253.9949493408203,251.36751708984377,247.61810836791992,1.0104525528254211,1.0151419003506514,0.0245671861929421,0.4398534776447889,28503130.0,1.0053316951506377,0.0055226391720735,0.0049109687126756,-0.0237380177422283,0.0073172888060484,0.0227337694724374,-0.020535716262632,0.0207051023005342,4,10,0,0,1,xg_GOOGL,0.39165694,2.3378255
2025-10-27,268.9046630859375,269.7735083332291,263.92144290721717,264.4607188078389,35235200,73.17511659400036,248.87739639282228,250.42760580218564,5.958374323264707,4.977485231753095,234.42436714570783,248.87739639282228,263.3304256399367,0.0359723496723591,0.0495809224886765,0.1028874503118393,0.0353404539756754,0.0163861921231799,0.0168341263943153,0.9733334778355434,2.195150297986425,0.0495809224886765,0.1028874503118393,-0.0533065278231628,256.5354949951172,253.87610626220703,248.87739639282228,1.0104751438489588,1.020085029584185,0.0284788612975725,0.2296310255417011,29527150.0,1.1933153047279812,0.0270272032546075,0.0055226391720735,0.0049109687126756,0.0128305726447284,0.0017129275387581,0.0320412601891981,-0.018647931892748,0,10,0,0,0,xg_GOOGL,0.15028106,0.8970374
2025-10-28,267.1071472167969,270.3627344019799,266.1384619149823,269.3241367489819,29738600,70.43750228793246,250.0942436218262,252.0161335559581,6.573539898652825,5.296696165133041,233.82260595029112,250.0942436218262,266.36588129336127,-0.0066845842259201,0.0679150979527787,0.0897128409209468,-0.0067070261248085,0.0171844018861806,0.0169236391551061,1.0153481990779205,-0.3889687462761864,0.0679150979527787,0.0897128409209468,-0.0217977429681681,259.93288269042966,256.0751205444336,250.09424362182617,1.0150649627257586,1.0239144925368666,0.0368340539409751,-0.1559974116792298,30289850.0,0.9818008342728346,0.0359723496723591,0.0270272032546075,0.0055226391720735,-0.0237380177422283,0.0073172888060484,0.005324581962959,-0.0046386296778294,1,10,0,0,1,xg_GOOGL,0.3587227,2.141239
2025-10-29,274.197509765625,274.96645416764926,267.3068768000952,267.38675485794886,43580300,74.49142471487208,251.5757316589356,254.1286455759264,7.546208061058252,5.746598544318084,232.303889234185,251.5757316589356,270.84757408368614,0.0265450124517756,0.0909055146743234,0.0937736830857625,0.0261988069312071,0.0175667520249324,0.0175990463938276,0.9981082794811896,1.511007920313457,0.0909055146743234,0.0937736830857625,-0.0028681684114391,264.50267639160154,258.425927734375,251.57573165893555,1.0235144697380076,1.027229160898263,0.0471446467318959,0.4654455825089278,31947110.0,1.3641390410587573,-0.0066845842259201,0.0359723496723591,0.0270272032546075,0.0049109687126756,0.0128305726447284,0.0227337694724374,-0.0126318679832628,2,10,0,0,1,xg_GOOGL,0.37204406,2.220755
2025-10-30,281.09814453125,291.1944142933695,279.6800575475708,291.1944142933695,74876000,77.69697996682903,253.36280441284185,256.6971692859572,8.772751325601746,6.351829100574816,230.2694361695258,253.36280441284185,276.4561726561579,0.0251666573176518,0.1122175835333785,0.1193828887744514,0.024855191878669,0.0180244427985624,0.0181015316718144,0.995686300973382,1.396174152218827,0.1122175835333785,0.1193828887744514,-0.0071653052410729,270.1749755859375,261.4238571166992,253.3628044128418,1.0334748273006005,1.0318162435979448,0.0598089012687405,0.7181157541366168,36634990.0,2.043838417862212,0.0265450124517756,-0.0066845842259201,0.0359723496723591,0.0055226391720735,-0.0237380177422283,0.0017129275387581,-0.020535716262632,3,10,0,0,0,xg_GOOGL,0.3423035,2.043232
2025-10-31,280.80853271484375,285.6120049046921,276.6541726227251,282.8257813584811,39267900,77.25817309782926,255.15237426757815,258.99348961251786,9.610640959754676,7.003591472410789,229.38924688700425,255.15237426757815,280.9155016481521,-0.0010302871863107,0.0818327659556956,0.1101066320950228,-0.0010308182969822,0.0184277953667806,0.0180931051305974,1.0184419308816164,-0.0559063772647821,0.0818327659556956,0.1101066320950228,-0.0282738661393271,274.42319946289064,264.20907440185545,255.15237426757812,1.0386592515194983,1.035495261058318,0.0686262094994161,-0.4755609273999679,37594620.0,1.0445084961624551,0.0251666573176518,0.0265450124517756,-0.0066845842259201,0.0270272032546075,0.0049109687126756,0.0073172888060484,0.0320412601891981,4,10,0,1,1,xg_GOOGL,0.24994047,1.4919108
2025-11-03,283.3350830078125,285.14262497278366,279.42038779718166,281.797163766903,29786000,78.40404995111858,256.814616394043,261.3117366025459,10.359132394957385,7.674699656920108,228.28526724091523,256.814616394043,285.3439655471708,0.0089974128226879,0.0536637028018487,0.105905321179599,0.0089571772677761,0.0184173133359281,0.0178134215015658,1.0338429083599083,0.4885036245494268,0.0536637028018487,0.105905321179599,-0.0522416183777503,277.3092834472656,266.9223892211914,256.81461639404296,1.0389135368388558,1.0393582459171231,0.0723336723276783,-0.2414669488309789,38338200.0,0.7769274509496853,-0.0010302871863107,0.0251666573176518,0.0265450124517756,0.0359723496723591,0.0055226391720735,0.0128305726447284,0.005324581962959,0,11,0,0,0,xg_GOOGL,0.2888482,1.7241535
2025-11-04,277.1634826660156,280.88840284028174,275.88522040271835,276.3745458896769,30078400,69.22812791703865,258.40146179199223,262.82142670382876,10.335183122964793,8.206796350129045,229.02132108264573,258.40146179199223,287.78160250133874,-0.0217819843426403,0.0376490691245208,0.1081211072947223,-0.0220227138952164,0.0180221556923436,0.0180575647747696,0.9979838329966962,-1.2085555223768836,0.0376490691245208,0.1081211072947223,-0.0704720381702015,279.3205505371094,269.62671661376953,258.4014617919922,1.035952794460001,1.0434411428787251,0.0754756310026776,0.0098166924058282,36614830.0,0.8214813505893426,0.0089974128226879,-0.0010302871863107,0.0251666573176518,-0.0066845842259201,0.0270272032546075,-0.0237380177422283,0.0227337694724374,1,11,0,0,1,xg_GOOGL,0.30971035,1.8486812
2025-11-05,283.9242858886719,286.03143918614273,276.96374058170124,278.4916636746374,31010300,72.96133172713166,260.38326950073247,264.83122281667096,10.737962917678658,8.713029663638968,229.69350641554908,260.38326950073247,291.0730325859158,0.0243928354400246,0.0354736121832799,0.1296038738304816,0.0241000814101699,0.0184040570920259,0.0183011611390085,1.005567427378845,1.3253333210573408,0.0354736121832799,0.1296038738304816,-0.0941302616472017,281.2659057617187,272.88429107666013,260.3832695007324,1.0307149035658634,1.0480100799098866,0.0735500177296369,0.0309823660833024,36212920.0,0.8563324912765705,-0.0217819843426403,0.0089974128226879,-0.0010302871863107,0.0265450124517756,0.0359723496723591,0.0049109687126756,0.0017129275387581,2,11,0,0,1,xg_GOOGL,0.24543098,1.4649934
2025-11-06,284.36370849609375,287.9588308357049,280.7586204462715,284.9429082592804,37173600,73.18900367307222,262.54133911132817,266.6914595480446,10.966214840423447,9.163666698995865,231.4630014168457,262.54133911132817,293.6196768058106,0.0015476753108545,0.0116171665604172,0.1251384004527103,0.0015464788957029,0.0186111670443064,0.0177378555223894,1.0491751861226892,0.083153955537272,0.0116171665604172,0.1251384004527103,-0.113521233892293,281.9190185546875,276.0469970703125,262.5413391113281,1.021271818011769,1.0514420243482396,0.0681439961021804,0.1987500927111314,37940140.0,0.9797960682274504,0.0243928354400246,-0.0217819843426403,0.0089974128226879,0.0251666573176518,-0.0066845842259201,0.0055226391720735,0.0073172888060484,3,11,0,0,0,xg_GOOGL,0.62302715,3.7188895
2025-11-07,278.4516906738281,283.39498707048995,274.816645004158,282.82575309004056,34479600,65.23080166332143,264.6514709472657,267.81148156002394,10.548459627801437,9.44062528475698,235.41324254099337,264.6514709472657,293.88969935353805,-0.0207903387303969,-0.0083930570707014,0.0727528818100746,-0.0210095007800985,0.0203840188618155,0.0177598049274808,1.1476967933066955,-1.019883222641537,-0.0083930570707014,0.0727528818100746,-0.0811459388807761,281.44765014648436,277.9354248046875,264.65147094726564,1.0126368394538587,1.0501941433005253,0.0603199038173317,-0.0724707857188973,38522590.0,0.8950488531534122,0.0015476753108545,0.0243928354400246,-0.0217819843426403,-0.0010302871863107,0.0265450124517756,0.0270272032546075,0.0128305726447284,4,11,0,0,1,xg_GOOGL,0.36404285,2.1729953
2025-11-10,289.7064208984375,290.40545290698407,282.47622284552773,284.03413439651047,29557300,71.56875503028145,266.9458534240723,269.89671387796807,10.998761406453298,9.752252509096245,237.3908491184039,266.9458534240723,296.5008577297407,0.040418968896809,0.0224869360440242,0.0773573710986637,0.0396234867375797,0.0211159520305956,0.0184327848713626,1.1455027916377505,1.914053166302002,0.0224869360440242,0.0773573710986637,-0.0548704350546394,282.7219177246094,280.0156005859375,266.94585342407225,1.0096648798602967,1.0489602928617232,0.0544553491483289,-0.1427597767955545,37954800.0,0.7787499868264152,-0.0207903387303969,0.0015476753108545,0.0243928354400246,0.0089974128226879,0.0251666573176518,0.0359723496723591,-0.0237380177422283,0,11,0,0,1,xg_GOOGL,0.55914825,3.3375921
2025-11-11,290.9147644042969,291.5239526379353,286.9301875660949,287.3595968518003,19842100,72.15561170670264,269.23574142456056,271.89843297571366,11.322612009494604,10.066324409175918,239.7051858656281,269.23574142456056,298.766296983493,0.0041709241449052,0.0496143344931614,0.0891313371265825,0.0041622499520297,0.0205674485294371,0.0184460985964974,1.11494219114448,0.2027826327754343,0.0496143344931614,0.0891313371265825,-0.039517002633421,285.4721740722656,282.3963623046875,269.23574142456056,1.0108918250308745,1.0488814033771758,0.0558116487520054,-0.3286903742899385,36965150.0,0.5367785603466905,0.040418968896809,-0.0207903387303969,0.0015476753108545,-0.0217819843426403,-0.0010302871863107,-0.0066845842259201,0.0049109687126756,1,11,0,0,0,xg_GOOGL,-0.08767727,-0.5233513
2025-11-12,286.3210144042969,291.613842224268,283.30512258449664,291.2842728658537,24829900,66.53303803627699,271.0173202514648,273.2720121593882,11.080855507495755,10.269230628839884,241.90152296590583,271.0173202514648,300.13311753702374,-0.0157907076645167,0.0084414353922677,0.0442144957809231,-0.0159167090834673,0.0208558303750776,0.0189157947637267,1.1025033910643802,-0.7571000665271476,0.0084414353922677,0.0442144957809231,-0.0357730603886554,285.95151977539064,283.6087127685547,271.01732025146487,1.0082607018097778,1.0464597336635415,0.052158936203118,0.2513746024866319,35090110.0,0.7076039374057047,0.0041709241449052,0.040418968896809,-0.0207903387303969,0.0243928354400246,0.0089974128226879,0.0265450124517756,0.0055226391720735,2,11,0,0,0,xg_GOOGL,0.24936727,1.4884894
2025-11-13,278.19207763671875,282.45627365196606,276.8638649512614,281.9569519907634,29494000,57.93055537325243,272.3709815979004,273.7405898238959,10.1167053947554,10.238725582022989,244.66730174533416,272.3709815979004,300.0746614504667,-0.0283909889900702,-0.0217032999464479,-0.0103382642364193,-0.028801807494152,0.0218219590508859,0.0204781188161797,1.0655711921376874,-1.3009688064697884,-0.0217032999464479,-0.0103382642364193,-0.0113650357100285,284.7171936035156,283.31810607910154,272.37098159790037,1.0049382213645868,1.0401919632443164,0.0443801711051518,0.1878420774952778,30551910.0,0.9653733596360764,-0.0157907076645167,0.0041709241449052,0.040418968896809,0.0015476753108545,-0.0217819843426403,0.0251666573176518,0.0270272032546075,3,11,0,0,0,xg_GOOGL,0.4702844,2.807158
2025-11-14,276.0350036621094,278.1820807042813,270.3327588398133,271.04178706348836,31647200,55.86635081543399,273.5249137878418,273.9591054275353,9.073952762642364,10.005771018146865,247.34552354874015,273.5249137878418,299.7043040269434,-0.0077539015234869,-0.0086790171963782,-0.0169992307804328,-0.0077841193231522,0.0219322673961643,0.0206774938349416,1.06063176415219,-0.3535224088337592,-0.0086790171963782,-0.0169992307804328,0.0083202135840546,284.2338562011719,282.84075317382815,273.5249137878418,1.004925397106716,1.0340584674974511,0.0387955957442221,0.073004678917746,29789840.0,1.0623487739443696,-0.0283909889900702,-0.0157907076645167,0.0041709241449052,-0.0207903387303969,0.0243928354400246,-0.0010302871863107,0.0359723496723591,4,11,0,0,1,xg_GOOGL,0.6047627,3.6098676
2025-11-17,284.63330078125,293.55120856159544,283.1852862901624,285.392279437324,52670200,61.72143076650206,274.9464820861816,274.9756954612224,8.839478501828296,9.772512514883152,249.65510314860683,274.9464820861816,300.2378610237564,0.0311492999259821,-0.0175112450095332,0.0045819167879104,0.0306740053421998,0.0241197050233542,0.0214534977326136,1.1242260398708448,1.2913925980116503,-0.0175112450095332,0.0045819167879104,-0.0220931617974436,283.2192321777344,282.9705749511719,274.9464820861816,1.000878738810936,1.0291841990634203,0.0290645896627206,0.6642925756465028,32078260.0,1.6419282093230232,-0.0077539015234869,-0.0283909889900702,-0.0157907076645167,0.040418968896809,0.0015476753108545,0.0089974128226879,-0.0066845842259201,0,11,0,0,0,xg_GOOGL,0.59544253,3.554235
2025-11-18,283.8943176269531,288.4081743957296,277.8225797399186,287.52939388700526,49158700,60.97273489188057,276.63518753051756,275.82508804843485,8.496088575755664,9.517227727057657,253.94718387571584,276.63518753051756,299.3231911853193,-0.0025962638674692,-0.0241323151532698,0.0242847105837828,-0.0025996400053331,0.0228614156461834,0.0204340163181386,1.118737332540861,-0.1135603475874458,-0.0241323151532698,0.0242847105837828,-0.0484170257370527,281.8151428222656,283.64365844726564,276.63518753051756,0.9935534760938788,1.0253347051736683,0.018246068942298,-0.0666695778637636,33986290.0,1.4464273682122573,0.0311492999259821,-0.0077539015234869,-0.0283909889900702,0.0041709241449052,-0.0207903387303969,-0.0217819843426403,0.0265450124517756,1,11,0,0,1,xg_GOOGL,0.43177176,2.5772736
2025-11-19,292.4127502441406,303.39782684502376,286.2411417953812,286.77042153983126,68198900,66.08047768883893,278.68839797973635,277.40486540040683,8.809762448428785,9.375734671331882,258.3220443318512,278.68839797973635,299.0547516276215,0.0300056467786755,0.0212758950037874,0.0298969294891424,0.02956428453591,0.0235145086242119,0.0210880584566441,1.11500988403793,1.2759939518289327,0.0212758950037874,0.0298969294891424,-0.008621034485355,283.0334899902344,284.4925048828125,278.68839797973635,0.9948715172894304,1.0208265107021002,0.0148594478416903,0.387321064226678,37705150.0,1.8087423070853237,-0.0025962638674692,0.0311492999259821,-0.0077539015234869,-0.0157907076645167,0.040418968896809,0.0243928354400246,0.0251666573176518,2,11,0,0,0,xg_GOOGL,0.4956045,2.9582953
2025-11-20,289.05731201171875,306.0042898345543,288.2783714658303,304.1268355762142,62025200,62.604775149445295,280.5044311523438,278.5146222205318,8.687451891971762,9.238078115459858,263.7190599219114,280.5044311523438,297.28980238277614,-0.0114750065775871,0.0390565916445273,0.0165056347747323,-0.0115413525005001,0.0239721559356453,0.0215229098647387,1.1137454155073094,-0.4786606572948172,0.0390565916445273,0.0165056347747323,0.022550956869795,285.2065368652344,284.961865234375,280.5044311523437,1.000858611837967,1.0158907795635157,0.0162670360426656,-0.0905249204899198,40190310.0,1.5432874242572017,0.0300056467786755,-0.0025962638674692,0.0311492999259821,-0.0283909889900702,0.0041709241449052,0.0015476753108545,-0.0010302871863107,3,11,0,0,1,xg_GOOGL,0.58083576,3.4670463
2025-11-21,299.2534484863281,303.50767860502685,293.4513334764558,296.0178540164301,74137700,68.09617703712185,282.4887329101562,280.48974853156005,9.305989244380555,9.251660341243998,266.7760217885312,282.4887329101562,298.20144403178125,0.0352737538574912,0.0841141323244647,0.0747050871271839,0.0346658882249721,0.0246242952688131,0.0220013583218791,1.1191661779422406,1.4324195292863715,0.0841141323244647,0.0747050871271839,0.0094090451972808,289.8502258300781,287.042041015625,282.4887329101563,1.0097831829947874,1.0161185476622774,0.0245995257770877,0.195283529920097,44156120.0,1.6789903641895694,-0.0114750065775871,0.0300056467786755,-0.0025962638674692,-0.0077539015234869,-0.0157907076645167,-0.0207903387303969,0.0089974128226879,4,11,0,0,1,xg_GOOGL,0.2872494,1.7146102
2025-11-24,318.14776611328125,319.0465694557707,309.17996886834777,310.70789188393536,85165100,75.32676263774177,284.9508880615235,284.0762263964859,11.191786134664312,9.639685499928062,263.7326254833896,284.9508880615235,306.16915063965735,0.063138178432107,0.1177461148784844,0.0981729888023932,0.0612250800296498,0.0287082684928835,0.0245511037457272,1.1692793737839913,2.1992263037895796,0.1177461148784844,0.0981729888023932,0.0195731260760911,296.55311889648436,289.88617553710935,284.9508880615234,1.0229984867233572,1.0173197827497922,0.0364680568928772,0.1487421379406159,49716900.0,1.7130010117283718,0.0352737538574912,-0.0114750065775871,0.0300056467786755,0.0311492999259821,-0.0283909889900702,0.040418968896809,-0.0217819843426403,0,11,0,0,1,xg_GOOGL,0.36658907,2.1881938
2025-11-25,323.0011901855469,328.3838617048627,317.2190369667809,325.767421144808,88632100,76.78238923590649,287.74559020996094,287.7833658049679,12.92888834068367,10.297526068079184,262.15061179666736,287.74559020996094,313.3405686232545,0.0152552511418153,0.1377515157241771,0.1102949375806108,0.0151400598356721,0.0286819061047929,0.0243153311954218,1.1795326307363776,0.5318586298780299,0.1377515157241771,0.1102949375806108,0.0274565781435662,304.37449340820314,293.0948181152344,287.74559020996094,1.0384847312057697,1.0185901299177869,0.0514824827384994,0.0407091637302134,56595900.0,1.5660516044448174,0.063138178432107,0.0352737538574912,-0.0114750065775871,-0.0025962638674692,-0.0077539015234869,0.0041709241449052,0.0243928354400246,1,11,0,0,0,xg_GOOGL,0.37106344,2.2149017
2025-11-26,319.5159606933594,324.0597758686898,316.36024396458464,320.2449508538883,51373400,73.43213455616072,290.01151275634766,290.8055176991004,13.864504088579224,11.010921672179194,261.5978143287367,290.01151275634766,318.4252111839586,-0.0107901444269769,0.0926881964845576,0.1159361158248408,-0.0108487802091916,0.0282048426218225,0.0243969608366539,1.156032785307589,-0.3825499763169172,0.0926881964845576,0.1159361158248408,-0.0232479193402832,309.7951354980469,296.4143127441406,290.01151275634766,1.0451422963689894,1.0220777441796671,0.0619174788601112,-0.4203747852076166,59250250.0,0.8670579449031715,0.0152552511418153,0.063138178432107,0.0352737538574912,0.0300056467786755,0.0311492999259821,-0.0157907076645167,0.0015476753108545,2,11,0,0,0,xg_GOOGL,0.35336214,2.1092415
2025-11-28,319.74560546875,326.40656970987055,316.3602205188893,322.9312800436979,26018600,73.51413952346257,291.9438858032226,293.5617165343051,14.457855564442184,11.700308450631791,260.943568142507,291.9438858032226,322.9442034639382,0.0007187270860971,0.1061668125378094,0.1493699180258272,0.0007184689254753,0.0249593443044889,0.0240999030475398,1.0356186345074183,0.0287947584908853,0.1061668125378094,0.1493699180258272,-0.0432031054880177,315.93279418945315,300.5696655273438,291.94388580322266,1.0511133704565796,1.0295460194358552,0.0750249822857222,-0.4935394581631739,58902710.0,0.4417216117900103,-0.0107901444269769,0.0152552511418153,0.063138178432107,-0.0114750065775871,-0.0025962638674692,-0.0283909889900702,-0.0207903387303969,4,11,0,0,0,xg_GOOGL,0.5686686,3.3944197
2025-12-01,314.4627990722656,319.41606123931075,313.46415578589995,317.26898426885936,41183000,68.29202606600205,293.6265991210937,295.55229582363467,14.336549736815355,12.227556707868509,261.5368616706808,293.6265991210937,325.7163365715066,-0.0165219046208304,0.0508243118429172,0.1392134870590369,-0.0166599135117069,0.0259540548866948,0.0246062012747506,1.0547341242470427,-0.6365582616933702,0.0508243118429172,0.1392134870590369,-0.0883891752161196,318.97466430664065,304.4124450683594,293.62659912109376,1.0478371350258402,1.036733204619577,0.0806075162478018,0.5828292067982135,59856290.0,0.6880312829278145,0.0007187270860971,-0.0107901444269769,0.0152552511418153,0.0352737538574912,0.0300056467786755,-0.0077539015234869,0.040418968896809,0,12,1,0,1,xg_GOOGL,0.55525094,3.314329
2025-12-02,315.38153076171875,317.948051296999,313.4841146313127,316.3102616947243,35854700,68.70833221039095,295.228921508789,297.44079438916646,14.151419211915195,12.612329208677846,262.11879762573164,295.228921508789,328.3390453918464,0.0029215910185993,-0.008694813059217,0.1080275213619497,0.0029173314659898,0.0253387825790385,0.02460421898246,1.0298133333867696,0.1152966095698125,-0.008694813059217,0.1080275213619497,-0.1167223344211667,318.4214172363281,307.4872680664063,295.2289215087891,1.0355596810192491,1.0415214962510109,0.0735379008134174,-0.129381055289804,58174740.0,0.6163276363590002,-0.0165219046208304,0.0007187270860971,-0.0107901444269769,0.063138178432107,-0.0114750065775871,0.0311492999259821,0.0041709241449052,1,12,0,0,1,xg_GOOGL,0.5901302,3.5225255
2025-12-03,319.1963806152344,321.14371687287894,313.67388407801036,315.4614642178001,41838300,70.44361054698771,297.33056640625,299.51275498212533,14.149422701098215,12.91974790716192,263.71643331408063,297.33056640625,330.94469949841937,0.012095983694105,-0.0117795527877988,0.124349311685306,0.012023411915254,0.0249114023225112,0.0237678366368164,1.0480699035949044,0.485540637049478,-0.0117795527877988,0.124349311685306,-0.1361288644731049,317.66045532226565,311.01747436523436,297.33056640625,1.0213588672809757,1.0460326300266205,0.0636908503687631,0.1668846762070244,57442700.0,0.7283484237335514,0.0029215910185993,-0.0165219046208304,0.0007187270860971,0.0152552511418153,0.0352737538574912,-0.0025962638674692,-0.0157907076645167,2,12,0,0,0,xg_GOOGL,0.3820951,2.2807503
2025-12-04,317.1890869140625,321.92264650582644,314.27306548179905,321.7928484740126,31240900,68.2974458231737,298.9938064575195,301.1962151661193,13.826485507617122,13.10109542725296,264.884454870891,298.9938064575195,333.103158044148,-0.0062885854072121,-0.0072824962303839,0.0847306988126737,-0.0063084418501544,0.0246492261751162,0.0235994131826892,1.044440450440772,-0.2551126858852218,-0.0072824962303839,0.0847306988126737,-0.0920131950430576,317.19508056640626,313.49510803222654,298.99380645751955,1.011802329412424,1.048500341015483,0.0573830401479672,-0.2532942304061111,53746900.0,0.5812595703193937,0.012095983694105,0.0029215910185993,-0.0165219046208304,-0.0107901444269769,0.063138178432107,0.0300056467786755,-0.0283909889900702,3,12,0,0,1,xg_GOOGL,0.18247142,1.0891838
2025-12-05,320.8341064453125,322.72155681925386,318.73697999805336,319.05652267664885,28851700,70.08005391159215,300.8173263549804,303.06649052604246,13.706676039347144,13.222211549671798,266.1070008693777,300.8173263549804,335.52765184058313,0.0114916296985891,0.0034042718897315,0.1099325051230859,0.0114261024540924,0.0236374206929742,0.0236095269946016,1.001139055404344,0.4861420247929123,0.0034042718897315,0.1099325051230859,-0.1065282332333543,317.41278076171875,316.67278747558595,300.8173263549805,1.0023367757363422,1.0527079384446598,0.0517259670133201,-0.0764766700063058,50429550.0,0.57211892630411,-0.0062885854072121,0.012095983694105,0.0029215910185993,0.0007187270860971,0.0152552511418153,-0.0114750065775871,-0.0077539015234869,4,12,0,0,0,xg_GOOGL,0.13058741,0.77948475
2025-12-08,313.49932861328125,320.21460294317257,311.0010871288888,319.82486263347363,33909400,62.46816946920943,302.5697082519531,304.06009415339855,12.871496303653316,13.152068500468102,269.09693383718576,302.5697082519531,336.04248266672045,-0.0228615901011804,-0.0030638614864041,0.0476047317048844,-0.0231269687043491,0.0240751416002023,0.0237388567337869,1.0141232893768166,-0.9495537316904782,-0.0030638614864041,0.0476047317048844,-0.0506685931912885,317.2200866699219,318.0973754882813,302.5697082519531,0.997242074641412,1.0513193053132672,0.0467317696748271,0.1752998956733917,46406720.0,0.7307002089352419,0.0114916296985891,-0.0062885854072121,0.012095983694105,-0.0165219046208304,-0.0107901444269769,0.0352737538574912,0.0311492999259821,0,12,0,0,1,xg_GOOGL,0.6078214,3.6281254
2025-12-09,316.85693359375,317.7662971049956,311.6805848338384,312.15025542764414,30194000,64.37569967072082,303.92723388671874,305.27884076676537,12.33831261967248,12.989317324308978,270.44878957965267,303.92723388671874,337.4056781937848,0.0107100866701075,0.0046781522953098,-0.0040573364235775,0.010653139934015,0.013272284538488,0.0223758714469247,0.5931251189411515,0.8068904602362629,0.0046781522953098,-0.0040573364235775,0.0087354887188874,317.5151672363281,317.9682922363281,303.92723388671874,0.9985749365233462,1.0461987501746646,0.0428834969634302,-0.1095684382501607,40909610.0,0.738066190315656,-0.0228615901011804,0.0114916296985891,-0.0062885854072121,0.0029215910185993,0.0007187270860971,0.063138178432107,-0.0025962638674692,1,12,0,0,1,xg_GOOGL,0.26278955,1.5686078
2025-12-10,319.9847412109375,321.0839735202244,314.45863248382005,315.6078174223929,33428900,66.10398496891396,305.3807327270508,306.6794027138294,12.029480282657744,12.797349915978732,271.75713321511427,305.3807327270508,339.0043322389874,0.0098713560776857,0.0024698293701939,-0.0093388169030479,0.0098229525207802,0.012665281679712,0.0224047548351609,0.5652691361166126,0.7793412721506885,0.0024698293701939,-0.0093388169030479,0.0118086462732418,317.67283935546874,317.66664733886716,305.38073272705077,1.0000194921835623,1.040231466150805,0.0384146649677738,0.1071371795721003,35389290.0,0.9446049920752594,0.0107100866701075,-0.0228615901011804,0.0114916296985891,0.012095983694105,-0.0165219046208304,0.0152552511418153,0.0300056467786755,2,12,0,0,0,xg_GOOGL,0.520868,3.1090949
2025-12-11,312.210205078125,320.8940942947929,308.3829128168011,319.85481737290655,42353700,58.506151655527376,306.67519226074216,307.2061457961433,11.03023861448554,12.443927655680094,274.1662398742321,306.67519226074216,339.18414464725225,-0.0242965839664442,-0.01569688883176,-0.0228650725283978,-0.0245966157638202,0.0144374697117689,0.0228956956429729,0.6305481776450056,-1.6827672496788129,-0.01569688883176,-0.0228650725283978,0.0071681836966378,316.67706298828125,316.9360717773437,306.67519226074216,0.9991827727667288,1.033458459554425,0.0320356944291308,0.266978572432835,34487320.0,1.228094847613522,0.0098713560776857,0.0107100866701075,-0.0228615901011804,-0.0062885854072121,0.0029215910185993,-0.0107901444269769,-0.0114750065775871,3,12,0,0,0,xg_GOOGL,0.36199048,2.1607447
2025-12-12,309.07244873046875,314.6485102459599,305.34506149685063,313.47935032153816,35940200,55.72245580064203,308.2192108154296,307.3838889327457,9.871350891010708,11.929412302746217,278.60153798323165,308.2192108154296,337.8368836476276,-0.0100501402472449,-0.0366596240192704,-0.0333801514570757,-0.0101009838504779,0.0145950166327213,0.0218488546764413,0.6679685905855386,-0.6885536307703649,-0.0366596240192704,-0.0333801514570757,-0.0032794725621947,314.3247314453125,315.86875610351564,308.2192108154297,0.9951118158147396,1.0248185220767003,0.0197543348006643,-0.1514271480413753,35479480.0,1.0129855341735277,-0.0242965839664442,0.0098713560776857,0.0107100866701075,0.0114916296985891,0.012095983694105,0.0007187270860971,0.0352737538574912,4,12,0,0,0,xg_GOOGL,0.5582361,3.3321476
2025-12-15,308.003173828125,311.2009348824072,304.66552711937686,311.1009991314403,29151900,54.76617053452444,309.8176193237304,307.4428684465914,8.76559811384476,11.296649464965926,284.3541000288618,309.8176193237304,335.281138618599,-0.0034596254267756,-0.0175316317564943,-0.0205417787515659,-0.0034656237694976,0.0138447234758321,0.0217325424532245,0.6370210243281377,-0.2498696029004554,-0.0175316317564943,-0.0205417787515659,0.0030101469950716,313.2255004882812,315.22279357910156,309.81761932373047,0.993663868440024,1.0174463100812972,0.0110644352205684,-0.188877635628071,34276370.0,0.8504955454734311,-0.0100501402472449,-0.0242965839664442,0.0098713560776857,-0.0228615901011804,-0.0062885854072121,-0.0165219046208304,0.063138178432107,0,12,0,0,0,xg_GOOGL,0.57771975,3.4484465
2025-12-16,306.3543395996094,310.5513666605185,302.37712849550337,304.7354841263937,30585000,53.248637953529105,310.90367126464844,307.3391990325931,7.667843798817785,10.5708883317363,288.26690284960887,310.90367126464844,333.540439679688,-0.0053533027209509,-0.0331461706550699,-0.0286230811940909,-0.0053676829902125,0.0137658372491096,0.0210046559956537,0.6553395548302747,-0.388854943519953,-0.0331461706550699,-0.0286230811940909,-0.004523089460979,311.12498168945314,314.3200744628906,310.90367126464844,0.9898349070485007,1.0109886228887084,0.0007224001628112,0.049159746019985,33749400.0,0.9062383331258954,-0.0034596254267756,-0.0100501402472449,-0.0242965839664442,0.0107100866701075,0.0114916296985891,0.0029215910185993,0.0152552511418153,1,12,0,0,0,xg_GOOGL,0.5560529,3.3191159
2025-12-17,296.5112609863281,307.87325739956634,295.9116769824828,307.7933270972379,43930400,45.197162666959855,311.5345184326172,306.30796683771075,5.93519418913246,9.643749503215531,291.51511980334885,311.5345184326172,331.5539170618855,-0.0321297182411246,-0.0733581236898274,-0.0710694763680649,-0.0326572071326687,0.0154452081800823,0.0224715267968896,0.6872929030045737,-2.080103923664286,-0.0733581236898274,-0.0710694763680649,-0.0022886473217624,306.43028564453124,312.0515625,311.5345184326172,0.9819860640644325,1.0016596686299295,-0.0172142965872762,0.4363380742193885,33958610.0,1.2936454112815192,-0.0053533027209509,-0.0034596254267756,-0.0100501402472449,0.0098713560776857,-0.0228615901011804,0.012095983694105,-0.0107901444269769,2,12,0,0,1,xg_GOOGL,0.3504121,2.0916326
2025-12-18,302.2472229003906,303.7461677101471,299.0195145942255,301.50775321966603,33518000,49.946783498293,312.0262420654297,305.92122931987075,4.967637249456573,8.70852705246374,293.5616898295138,312.0262420654297,330.4907943013456,0.0193448366681998,-0.0319111355608677,-0.0471071188452336,0.0191601039302833,0.0175972199218802,0.0219017740453294,0.8034242550948785,1.0992496260458715,-0.0319111355608677,-0.0471071188452336,0.0151959832843658,304.43768920898435,310.5573760986328,312.0262420654297,0.9802945047819284,0.995292492204906,-0.0251071053147318,-0.2370203776883434,34186320.0,0.9804506597960536,-0.0321297182411246,-0.0053533027209509,-0.0034596254267756,-0.0242965839664442,0.0107100866701075,-0.0062885854072121,0.0007187270860971,3,12,0,0,1,xg_GOOGL,0.4427227,2.6426406
2025-12-19,306.9439392089844,307.03387224107576,300.7582909786616,301.5177661333593,59943200,53.50045555897801,312.92057342529296,306.0186302616911,4.527635395416439,7.87234872105428,297.69092777206447,312.92057342529296,328.15021907852145,0.0155393199762885,-0.0068867656441955,-0.0432939234242409,0.0154198211078018,0.0180510573930407,0.021867799707991,0.8254251552015771,0.860806036561746,-0.0068867656441955,-0.0432939234242409,0.0364071577800454,304.0119873046875,309.168359375,312.92057342529296,0.9833217989035606,0.9880090528749182,-0.0290234957678704,0.7883883286592279,37295470.0,1.6072514972997631,0.0193448366681998,-0.0321297182411246,-0.0053533027209509,-0.0100501402472449,0.0098713560776857,0.0114916296985891,-0.0165219046208304,4,12,0,0,1,xg_GOOGL,0.39964834,2.385527
2025-12-22,309.56207275390625,309.9118326328777,305.0852133945127,309.66200850448513,26429900,55.40131313590808,313.4360046386719,306.3561009752354,4.340161571527915,7.1659112911490075,299.5121452003083,313.4360046386719,327.35986407703547,0.0085296798876985,0.0050613079936998,-0.012559056750746,0.0084935077140348,0.0171662380245593,0.0205853284195452,0.8338659363979273,0.4968580196474287,0.0050613079936998,-0.012559056750746,0.0176203647444459,304.3237670898437,308.7746337890625,313.4360046386719,0.9855853874892478,0.985128157644228,-0.0294358978403408,-0.5590842664388955,36547520.0,0.7231653474708893,0.0155393199762885,0.0193448366681998,-0.0321297182411246,-0.0034596254267756,-0.0242965839664442,-0.0228615901011804,0.0029215910185993,0,12,0,0,1,xg_GOOGL,0.56784886,3.3895266
2025-12-23,314.1288757324219,314.7184570357758,309.1024153195162,309.41219480947996,25478700,58.58182488339872,313.23506011962894,307.09636523782456,4.508123211251473,6.634353675169501,299.4825664277008,313.23506011962894,326.98755381155706,0.0147524628514363,0.0253775942686937,-0.0086097464568215,0.0146447037863373,0.0175199685044602,0.0151287781157382,1.157979209637961,0.8419890057836071,0.0253775942686937,-0.0086097464568215,0.0339873407255153,305.87867431640626,308.5018280029297,313.2350601196289,0.991497121091618,0.9848892007334956,-0.0234183686108782,-0.0359895421473407,36075990.0,0.7062508887489795,0.0085296798876985,0.0155393199762885,0.0193448366681998,-0.0053533027209509,-0.0100501402472449,0.0107100866701075,0.012095983694105,1,12,0,0,0,xg_GOOGL,0.32178715,1.9207684
2025-12-24,313.8690490722656,314.8583428959372,311.70059264113144,314.5485634057752,10097400,58.326965613738544,312.7784530639649,307.7413827458666,4.5676155519768145,6.2210060505309634,299.80700678248735,312.7784530639649,325.74989934544243,-0.0008271339575212,0.0585400636326518,-0.01911244928595,-0.0008274762215574,0.0171231548819721,0.0146661590038907,1.1674486434237137,-0.0483021768503151,0.0585400636326518,-0.01911244928595,0.0776525129186018,309.35023193359376,307.8902587890625,312.77845306396483,1.0047418620851252,0.9843717039104908,-0.0109224568032566,-0.6036924960849651,33742840.0,0.2992457066447193,0.0147524628514363,0.0085296798876985,0.0155393199762885,-0.0321297182411246,-0.0034596254267756,0.0098713560776857,-0.0062885854072121,2,12,0,0,0,xg_GOOGL,0.38643506,2.306656
2025-12-26,313.2894592285156,314.86833429915043,312.0603135401851,314.25877806497726,10899000,57.72369330945655,312.4671279907227,308.26977098230935,4.515938674103779,5.879992575245527,299.8834615454541,312.4671279907227,325.0507944359913,-0.0018465976351066,0.0365337892013124,0.0034568189406896,-0.0018483046983499,0.0152100259768168,0.0144979201782198,1.0490454316498183,-0.1213986247818548,0.0365337892013124,0.0034568189406896,0.0330769702606228,311.5586791992188,307.99818420410156,312.46712799072264,1.0115601168374349,0.9856978754361844,-0.0028997106820668,0.0793867728326103,30597370.0,0.356207085772393,-0.0008271339575212,0.0147524628514363,0.0085296798876985,0.0193448366681998,-0.0053533027209509,-0.0242965839664442,0.0114916296985891,4,12,0,0,0,xg_GOOGL,0.35533556,2.121021
2025-12-29,313.33941650390625,313.79908436732376,310.4014822754237,311.15095467052413,19621800,57.7642429443839,312.14681854248045,308.7525943653186,4.427972598888459,5.589588579974114,300.0255989518802,312.14681854248045,324.26803813308067,0.0001594604411958,0.0208359784246057,0.0138057202800323,0.0001594477287314,0.0147629880000436,0.0144952073440949,1.0184034795871886,0.0108006347062451,0.0208359784246057,0.0138057202800323,0.0070302581445733,312.8377746582031,308.4248809814453,312.14681854248045,1.014307839441213,0.9880763238965108,0.002205136281391,0.8003303055326176,28965530.0,0.6774189873273275,-0.0018465976351066,-0.0008271339575212,0.0147524628514363,0.0155393199762885,-0.0321297182411246,-0.0100501402472449,-0.0228615901011804,0,12,0,0,0,xg_GOOGL,0.4400699,2.6268058
2025-12-30,313.6292419433594,316.72706748217655,312.24020504037514,312.28018544302313,17380900,58.01583554556049,312.1051406860352,309.2170369917987,4.331712061067776,5.3380132761928465,300.0117505542524,312.1051406860352,324.19853081781804,0.0009249568493068,0.0131384609014633,0.0182662666923487,0.0009245293403186,0.0146650662540698,0.0140235859444482,1.04566839350256,0.0630678215469092,0.0131384609014633,0.0182662666923487,-0.0051278057908854,313.6512084960938,308.98748779296875,312.10514068603516,1.0150935584364176,0.9900108890029382,0.0049296035040566,-0.1142046091592005,27788430.0,0.6254725437888854,0.0001594604411958,-0.0018465976351066,-0.0008271339575212,0.0085296798876985,0.0193448366681998,-0.0034596254267756,0.0107100866701075,1,12,0,0,0,xg_GOOGL,0.29466632,1.7588824
2025-12-31,312.7798156738281,314.3586907819443,311.22091551782626,312.62992729269524,16377700,56.945183267502806,311.9750549316406,309.55634924723006,4.139169520635164,5.09824452508131,299.974441688373,311.9750549316406,323.9756681749082,-0.0027083771406897,-0.0042946069680741,0.0209740005074403,-0.002712051429798,0.0145428676099403,0.0140175425667767,1.037402250673776,-0.1862212454985921,-0.0042946069680741,0.0209740005074403,-0.0252686074755145,313.381396484375,309.6300354003906,311.9750549316406,1.0121156239869733,0.9924833107834092,0.0044962669656437,-0.0577185301106386,26367700.0,0.6211273641614315,0.0009249568493068,0.0001594604411958,-0.0018465976351066,0.0147524628514363,0.0155393199762885,-0.0053533027209509,0.0098713560776857,2,12,0,1,0,xg_GOOGL,0.5262875,3.1414442
