Date,Close,High,Low,Open,Volume,RSI,SMA_20,EMA_20,MACD,MACD_SIGNAL,BB_LOWER,BB_MIDDLE,BB_UPPER,ret_1,ret_5,ret_10,log_ret,vol_10,vol_20,vol_ratio,scaled_ret_1,mom_5,mom_10,mom_diff,ma_5,ma_10,ma_20,ma_ratio_5_10,ma_ratio_10_20,trend_strength,volume_chg,volume_ma_10,volume_ratio,ret_lag_1,ret_lag_2,ret_lag_3,ret_lag_5,ret_lag_7,ret_lag_10,ret_lag_14,day_of_week,month,is_month_start,is_month_end,target,stock,pred,position
2022-10-31,1410.220947265625,1418.245811891941,1403.4341822194212,1403.4341822194212,4542336,66.59947830762654,1338.2181640625,1350.787134877185,22.79149517455926,13.092504212193775,1252.9637382387652,1338.2181640625,1423.4725898862346,0.0161241620020948,0.0359577048778707,0.0544036170810295,0.0159955483846356,0.0090057145953034,0.0145258161859993,0.6199372581022252,1.7902379198851004,0.0359577048778707,0.0544036170810295,-0.0184459122031588,1391.482421875,1374.3817993164062,1338.2181640625,1.012442410520206,1.0270237217107578,0.0377701507808247,0.4873491354399388,3996362.7,1.136617554757696,-0.0070210319156155,0.0093719723290157,0.0055671340518008,-0.0002667080011772,-0.0121368217191956,0.0382772408189613,0.0078901045001207,0,10,0,1,1,xg_INFY.NS,0,0.0
2022-11-01,1442.641357421875,1444.4756121674843,1418.887736075427,1424.3447111160303,4542692,71.2670773981993,1346.235235595703,1359.5351560719175,27.10337058594905,15.894677486944833,1253.3103744264697,1346.235235595703,1439.1600967649365,0.0229895962183175,0.0476599864012998,0.0672778392327886,0.0227293170432085,0.0105294061039437,0.0150157283036804,0.7011784385393146,2.1831633074158137,0.0476599864012998,0.0672778392327886,-0.0196178528314887,1404.60810546875,1383.4757568359375,1346.2352355957032,1.015274823955819,1.0276627146991557,0.0404624958051695,7.837377067665408e-05,4021992.3,1.1294631270176403,0.0161241620020948,-0.0070210319156155,0.0093719723290157,0.01156288105703,0.0104009185758522,0.010649608600735,-0.026561392188644,1,11,1,0,0,xg_INFY.NS,0,0.0
2022-11-02,1424.5740966796875,1442.412180597886,1416.9618941495685,1441.7243350182016,2938906,65.75251381840948,1354.242547607422,1365.729340891705,28.731487266881004,18.462039442932067,1263.4233743242944,1354.242547607422,1445.0617208905496,-0.0125237368589482,0.0288118350143564,0.0442743038215154,-0.0126028198212786,0.0120578543778626,0.0149198772935753,0.8081196661978154,-1.0385511315186775,0.0288118350143564,0.0442743038215154,-0.0154624688071589,1412.5871337890626,1389.5155517578123,1354.2425476074218,1.0166040473617322,1.0260462974027131,0.040955810103263,-0.3530474881413928,3846682.5,0.7640105467501506,0.0229895962183175,0.0161241620020948,-0.0070210319156155,0.0055671340518008,-0.0002667080011772,0.0092286371138956,0.0034413763917893,2,11,0,0,0,xg_INFY.NS,1,2.5036043149021387
2022-11-03,1403.8927001953125,1415.9529473175023,1395.546863646527,1411.2297190433037,3174027,60.026679815688055,1359.598681640625,1369.3639465396675,28.02985489259686,20.375602532865027,1270.43075803212,1359.598681640625,1448.7666052491302,-0.0145175997040645,0.0044621650068268,0.0417575734408677,-0.0146240112033853,0.0124382989106606,0.0148564896299793,0.8371736558753994,-1.1670753961561915,0.0044621650068268,0.0417575734408677,-0.0372954084340408,1413.8344482421876,1395.1428833007812,1359.598681640625,1.0133975990309922,1.026143156903672,0.0386324158491722,0.0800028990379413,3808768.1,0.833347401748919,-0.0125237368589482,0.0229895962183175,0.0161241620020948,0.0093719723290157,0.01156288105703,-0.0121368217191956,-0.0061593885893276,3,11,0,0,0,xg_INFY.NS,1,2.5036043149021387
2022-11-04,1388.531005859375,1394.4464333286137,1376.7459401225124,1394.4464333286137,4509682,56.11764303848688,1363.018688964844,1371.1893807605925,25.93528006665724,21.487538039623473,1274.9848381292863,1363.018688964844,1451.0525398004015,-0.0109422139838751,0.0004956368564186,0.0197520807930704,-0.0110025203341379,0.0130654347604949,0.0148380866395826,0.880474322836247,-0.8374291981281586,0.0004956368564186,0.0197520807930704,-0.0192564439366518,1413.972021484375,1397.8323974609375,1363.0186889648437,1.0115461796798773,1.025541622266774,0.0366958550471805,0.4208076994934195,3801342.4,1.1863393310738897,-0.0145175997040645,-0.0125237368589482,0.0229895962183175,-0.0070210319156155,0.0055671340518008,0.0104009185758522,0.0382772408189613,4,11,0,0,0,xg_INFY.NS,1,2.5036043149021387
2022-11-07,1382.5235595703125,1401.2788807869697,1367.528549999092,1395.3175530956448,4898592,54.61964995846179,1366.3175048828127,1372.268826361518,23.51944618205948,21.893919668110676,1280.7045379195122,1366.3175048828127,1451.9304718461133,-0.0043264761562485,-0.0196404597088256,0.0156110193151695,-0.0043358624370108,0.0132071870779948,0.0148729977131572,0.8879379527073652,-0.3275601814768807,-0.0196404597088256,0.0156110193151695,-0.0352514790239951,1408.4325439453123,1399.9574829101562,1366.3175048828125,1.006053798875048,1.024620908322644,0.030462438611599,0.0862388966672151,3931753.1,1.245905293493316,-0.0109422139838751,-0.0145175997040645,-0.0125237368589482,0.0161241620020948,0.0093719723290157,-0.0002667080011772,0.010649608600735,0,11,0,0,1,xg_INFY.NS,1,2.5036043149021387
2022-11-09,1385.962890625,1402.2878032270442,1376.6999262188187,1402.2878032270442,3334755,55.35443028896828,1369.2689025878908,1373.5730229580402,21.63303355111566,21.841742444711674,1285.3187355960015,1369.2689025878908,1453.21906957978,0.0024877196709447,-0.0392879813858687,0.0064995403568461,0.0024846304187651,0.0127526817337605,0.0148199174415163,0.8604515735333466,0.1950589424196973,-0.0392879813858687,0.0064995403568461,-0.0457875217427149,1397.0968505859375,1400.8524780273438,1369.2689025878906,0.9973190414406128,1.02306601382662,0.0200784221470013,-0.3192421414153291,4166944.9,0.8002877599843473,-0.0043264761562485,-0.0109422139838751,-0.0145175997040645,0.0229895962183175,-0.0070210319156155,0.01156288105703,0.0092286371138956,2,11,0,0,0,xg_INFY.NS,1,2.5036043149021387
2022-11-10,1377.479248046875,1386.696421822738,1361.9339857187604,1361.9339857187604,3435763,53.07174462981022,1373.5583801269534,1373.945044395072,19.231786827749374,21.319751321319217,1297.9456140392667,1373.5583801269534,1449.17114621464,-0.0061211181305866,-0.0330588972118602,-0.0051995496897284,-0.0061399289757249,0.012794725280902,0.0133588881775726,0.9576970339003784,-0.4783721122649144,-0.0330588972118602,-0.0051995496897284,-0.0278593475221318,1387.677880859375,1400.1325073242188,1373.5583801269531,0.9911046801644184,1.019346922258091,0.0102502456951288,0.0302894815361247,4119087.1,0.8341078779322647,0.0024877196709447,-0.0043264761562485,-0.0109422139838751,-0.0125237368589482,0.0161241620020948,0.0055671340518008,-0.0121368217191956,3,11,0,0,1,xg_INFY.NS,1,2.5036043149021387
2022-11-11,1439.9818115234375,1443.1000672976652,1418.475217234108,1418.475217234108,7214098,64.640768007847,1380.7507263183595,1380.2342603120592,22.117261987598567,21.479253454575087,1308.8733342769133,1380.7507263183595,1452.6281183598062,0.0453745953452182,0.0257064598477534,0.0302833313201624,0.0443752856289298,0.0192844073071386,0.0163396652593385,1.1801482376072587,2.3527942460630635,0.0257064598477534,0.0302833313201624,-0.004576871472409,1394.895703125,1404.3650756835937,1380.7507263183593,0.9932571859535996,1.0171025435041412,0.0098230246336763,1.0997076922942588,4164483.2,1.7322912960720476,-0.0061211181305866,0.0024877196709447,-0.0043264761562485,-0.0145175997040645,0.0229895962183175,0.0093719723290157,0.0104009185758522,4,11,0,0,1,xg_INFY.NS,1,2.5036043149021387
2022-11-14,1453.922119140625,1459.516573917289,1438.468432811522,1444.613253594111,4908813,66.61746806027851,1389.0392578125002,1387.252151629065,25.23796066078785,22.23099489581764,1324.238922370716,1389.0392578125002,1453.8395932542844,0.0096808914568435,0.0470937364778389,0.0476127147257623,0.0096343318781197,0.0190269478249125,0.0161324105202703,1.1793506277551633,0.50877223050658,0.0470937364778389,0.0476127147257623,-0.0005189782479233,1407.97392578125,1410.9729736328125,1389.0392578125,0.997874482426236,1.0157905658151478,0.0130231652159896,-0.319552770145346,4349966.4,1.1284714750897549,0.0453745953452182,-0.0061211181305866,0.0024877196709447,-0.0109422139838751,-0.0125237368589482,-0.0070210319156155,-0.0002667080011772,0,11,0,0,1,xg_INFY.NS,0,0.0
2022-11-15,1461.901123046875,1465.4320412606671,1442.4121651643493,1447.089492665349,3497614,67.7294687806458,1395.2613952636718,1394.3615774783805,28.03184214756516,23.391164346167145,1327.4852770628854,1395.2613952636718,1463.0375134644582,0.0054879169944579,0.0574149806902626,0.0366468643665067,0.0054729132458435,0.0186178727774442,0.014257369682249,1.3057504604206327,0.2947502279034991,0.0574149806902626,0.0366468643665067,0.0207681163237558,1423.8494384765625,1416.1409912109375,1395.2613952636718,1.0054432767030022,1.0149646482144086,0.019555387681287,-0.2874827376801683,4245494.2,0.8238414269884471,0.0096808914568435,0.0453745953452182,-0.0061211181305866,-0.0043264761562485,-0.0145175997040645,0.0161241620020948,0.01156288105703,1,11,0,0,1,xg_INFY.NS,1,2.5036043149021387
2022-11-16,1469.971923828125,1475.658069244969,1461.4425937488245,1464.7901313371106,4497697,68.85943363428677,1401.17490234375,1401.5625628450227,30.545154005538052,24.82196227804133,1328.911579313602,1401.17490234375,1473.438225373898,0.0055207569472475,0.0606142009799708,0.0189448099942817,0.0055055734259976,0.017392198498583,0.014187906585914,1.225760307411503,0.317408954293097,0.0606142009799708,0.0189448099942817,0.0416693909856891,1440.6512451171875,1418.8740478515624,1401.17490234375,1.015348224388627,1.0126316461122782,0.0268551678664939,0.2859329245594282,4240994.7,1.0605287952844975,0.0054879169944579,0.0096808914568435,0.0453745953452182,0.0024877196709447,-0.0109422139838751,0.0229895962183175,0.0055671340518008,2,11,0,0,0,xg_INFY.NS,0,0.0
2022-11-17,1455.8480224609375,1469.9718064752024,1451.7667384557692,1464.8358035943602,3469515,64.59666602987902,1405.75849609375,1406.7326066179671,31.039487072886004,26.065467237010264,1331.767745775495,1405.75849609375,1479.7492464120048,-0.0096082796808838,0.0568928893304065,0.0219531759380866,-0.0096547370230215,0.0171441274473853,0.0144658113061957,1.1850660857132322,-0.5604087639692128,0.0568928893304065,0.0219531759380866,0.0349397133923199,1456.325,1422.0014404296876,1405.75849609375,1.024137499860718,1.0115545766794742,0.0347333671688981,-0.2286018822521837,4294055.6,0.8079809213460561,0.0055207569472475,0.0054879169944579,0.0096808914568435,-0.0061211181305866,-0.0043264761562485,-0.0125237368589482,0.0093719723290157,3,11,0,0,1,xg_INFY.NS,1,2.5036043149021387
2022-11-18,1461.3507080078125,1465.5694713292205,1444.9341064325322,1459.79152437654,3126064,65.49294017805778,1411.4450622558595,1411.9343305598572,31.51201938212148,27.15477766603251,1338.798701901809,1411.4450622558595,1484.09142260991,0.0037797115234414,0.014839698886035,0.040927634857355,0.003772586362233,0.0160936020204208,0.0139989548873243,1.1495467056820357,0.2348434287872279,0.014839698886035,0.040927634857355,-0.0260879359713199,1460.598779296875,1427.7472412109375,1411.4450622558593,1.0230093514718157,1.0115499918424191,0.0336358115623213,-0.0989910693569562,4289259.3,0.7288120818434248,-0.0096082796808838,0.0055207569472475,0.0054879169944579,0.0453745953452182,0.0024877196709447,-0.0145175997040645,-0.0070210319156155,4,11,0,0,0,xg_INFY.NS,1,2.5036043149021387
2022-11-21,1438.2392578125,1456.2608350406842,1434.4332683642735,1450.987352073004,3071764,58.7640197971858,1415.275231933594,1414.4395617267755,29.679477222698324,27.659717577365672,1345.672352893935,1415.275231933594,1484.878110973253,-0.0158151291600763,-0.0107865896815675,0.0357991659843131,-0.015941522706691,0.0166644361805716,0.0145975262078888,1.1415149682415524,-0.9489778118446957,-0.0107865896815675,0.0357991659843131,-0.0465857556658806,1457.46220703125,1432.71806640625,1415.2752319335937,1.0172707675049193,1.0123246942213675,0.0293323762847503,-0.0173700858331755,4145467.5,0.7409933861498755,0.0037797115234414,-0.0096082796808838,0.0055207569472475,0.0096808914568435,-0.0061211181305866,-0.0109422139838751,0.0161241620020948,0,11,0,0,1,xg_INFY.NS,1,2.5036043149021387
2022-11-22,1453.69287109375,1456.3983522183364,1432.5530391467516,1438.972931127563,3399329,61.60466436337625,1419.896240234375,1418.1779721426778,29.138264029373204,27.95542686776718,1353.1772988728046,1419.896240234375,1486.6151815959454,0.0107448139781376,-0.0056147791555268,0.0514778290979409,0.0106874986605172,0.0165443764508384,0.0146815922533918,1.1268021453784227,0.6494148990845788,-0.0056147791555268,0.0514778290979409,-0.0570926082534678,1455.820556640625,1439.8349975585938,1419.896240234375,1.0111023548595055,1.0140424044794485,0.0247124527612361,0.1066374239687684,3995541.2,0.8507806151514967,-0.0158151291600763,0.0037797115234414,-0.0096082796808838,0.0054879169944579,0.0453745953452182,-0.0043264761562485,0.0229895962183175,1,11,0,0,0,xg_INFY.NS,1,2.5036043149021387
2022-11-23,1451.9503173828125,1460.0668727709146,1448.4193991579357,1457.2238001205214,3245067,61.093598238970195,1423.643109130859,1421.3943859750716,28.24316947613056,28.01297538943986,1358.6703419719863,1423.643109130859,1488.615876289732,-0.001198708300486,-0.0122598303771546,0.047611250780355,-0.0011994273259396,0.0166510941202926,0.0145847295097505,1.141601735392214,-0.0719854386977852,-0.0122598303771546,0.047611250780355,-0.0598710811575096,1452.2162353515623,1446.433740234375,1423.643109130859,1.003997760116029,1.0160086688562202,0.0196791349391397,-0.045380132373183,3986572.4,0.813999264129553,0.0107448139781376,-0.0158151291600763,0.0037797115234414,0.0055207569472475,0.0096808914568435,0.0024877196709447,-0.0125237368589482,2,11,0,0,1,xg_INFY.NS,1,2.5036043149021387
2022-11-24,1494.734130859375,1500.4202753854638,1453.4175008662064,1457.315291923901,5282215,68.09255791274953,1429.145867919922,1428.3791235831004,30.632978870140505,28.53697608557999,1359.5877767459635,1429.145867919922,1498.7039590938805,0.0294664445224832,0.0267102800556786,0.085122794393277,0.0290406529986926,0.0178230363601576,0.0157592316868565,1.1308866972445202,1.653185840012649,0.0267102800556786,0.085122794393277,-0.0584125143375984,1459.99345703125,1458.159228515625,1429.1458679199218,1.001257906873101,1.0203011891556817,0.0206375090221515,0.6277676239042214,4171217.6,1.266348463815154,-0.001198708300486,0.0107448139781376,-0.0158151291600763,-0.0096082796808838,0.0054879169944579,-0.0061211181305866,-0.0145175997040645,3,11,0,0,1,xg_INFY.NS,1,2.5036043149021387
2022-11-25,1500.0994873046875,1507.7574788728768,1480.0602755632722,1496.201695768672,4563255,68.84936144151037,1434.2680358886716,1435.2096344137278,32.58424852353369,29.346430573170732,1359.5754892133327,1434.2680358886716,1508.9605825640106,0.0035895055411812,0.0265157289653619,0.0417489132849866,0.0035830786411699,0.012182081985688,0.0157074373545865,0.7755120201138946,0.2946303361824169,0.0265157289653619,0.0417489132849866,-0.0152331843196247,1467.743212890625,1464.17099609375,1434.268035888672,1.0024397538309426,1.020848934408937,0.0223153046082962,-0.1361095676718952,3906133.3,1.1682281810502555,0.0294664445224832,-0.001198708300486,0.0107448139781376,0.0037797115234414,0.0055207569472475,0.0453745953452182,-0.0109422139838751,4,11,0,0,0,xg_INFY.NS,0,0.0
2022-11-28,1488.8646240234375,1516.4701360105687,1485.7463685135297,1493.0833876173003,3825766,65.35380795300526,1439.3191101074217,1440.3196334241763,32.84546216659328,30.046236891855244,1364.1836003277388,1439.3191101074217,1514.4546198871046,-0.0074894121198829,0.0351995441203132,0.0240332713993416,-0.0075175985884063,0.0125234859126487,0.0157245380413641,0.7963788507399344,-0.5979815995736214,0.0351995441203132,0.0240332713993416,0.0111662727209715,1477.8682861328125,1467.6652465820312,1439.319110107422,1.006951884685246,1.0196941291722956,0.0258916595930777,-0.1616146807487199,3797828.6,1.0073561508276052,0.0035895055411812,0.0294664445224832,-0.001198708300486,-0.0158151291600763,-0.0096082796808838,0.0096808914568435,-0.0043264761562485,0,11,0,0,1,xg_INFY.NS,0,0.0
2022-11-29,1494.0465087890625,1502.9426002223424,1481.2067245613812,1486.8469687838856,3131710,66.20604364130972,1443.5103881835937,1445.4364786970227,33.08917919397936,30.65482535228007,1365.8980766408918,1443.5103881835937,1521.1226997262952,0.0034804270865282,0.0277593971173226,0.0219887550774915,0.0034743844168314,0.0124853698737316,0.0154477331140409,0.8081808250272681,0.2787381057684571,0.0277593971173226,0.0219887550774915,0.0057706420398311,1485.939013671875,1470.87978515625,1443.5103881835937,1.010238245618438,1.0189603048212876,0.0283984636613957,-0.1814162183468617,3761238.2,0.8326274044539821,-0.0074894121198829,0.0035895055411812,0.0294664445224832,0.0107448139781376,0.0037797115234414,0.0054879169944579,0.0024877196709447,1,11,0,0,1,xg_INFY.NS,0,0.0
2022-11-30,1499.4573974609375,1509.3624181599896,1479.4640873185208,1485.7004864644923,11868134,67.11566123711451,1446.3511901855466,1450.58132810311,33.33467876254849,31.19079603433376,1364.812892691495,1446.3511901855466,1527.889487679598,0.0036216333561533,0.0327194942618684,0.0200585284350369,0.0036150910332422,0.0124444171451084,0.0147187294171789,0.8454243140220326,0.2910013633072027,0.0327194942618684,0.0200585284350369,0.0126609658268315,1495.4404296875,1473.8283325195312,1446.3511901855468,1.0146639175615677,1.0189975591823306,0.0327380021500291,2.7896657097879434,4498281.9,2.638370440944877,0.0034804270865282,-0.0074894121198829,0.0035895055411812,-0.001198708300486,-0.0158151291600763,0.0055207569472475,-0.0061211181305866,2,11,0,1,1,xg_INFY.NS,0,0.0
2022-12-01,1519.771728515625,1533.9872026204164,1515.369584352362,1518.9462914993808,5407928,70.34314132902628,1451.111071777343,1457.170890047159,34.76765578772688,31.906167985012384,1364.001279599109,1451.111071777343,1538.2208639555777,0.0135477880792653,0.0167505358574069,0.0439082274169195,0.0134568373318808,0.0121842617681482,0.0145146055229995,0.8393905268948423,1.111817565928597,0.0167505358574069,0.0439082274169195,-0.0271576915595126,1500.44794921875,1480.220703125,1451.1110717773438,1.0136650203925988,1.0200602365413711,0.0324633473012384,-0.5443320744440533,4692123.2,1.1525545620794542,0.0036216333561533,0.0034804270865282,-0.0074894121198829,0.0294664445224832,0.0107448139781376,-0.0096082796808838,0.0453745953452182,3,12,1,0,0,xg_INFY.NS,1,2.5036043149021387
2022-12-02,1502.162841796875,1524.082206872705,1498.5401217539268,1518.762823698916,4283343,64.43924205575186,1456.0245788574216,1461.4558378328463,34.089448467635975,32.3428240815371,1369.0431433740036,1456.0245788574216,1543.0060143408396,-0.0115865339434553,0.0013754784330304,0.0279276792117202,-0.0116541808644301,0.013194442033777,0.0143385576128682,0.9201428935252828,-0.8780709212921138,0.0013754784330304,0.0279276792117202,-0.0265522007786898,1500.8606201171874,1484.3019165039063,1456.0245788574218,1.0111558864333228,1.0194209205373954,0.0298476569997784,-0.2079511783440903,4807851.1,0.8909059184464155,0.0135477880792653,0.0036216333561533,0.0034804270865282,0.0035895055411812,-0.001198708300486,0.0037797115234414,0.0096808914568435,4,12,0,0,1,xg_INFY.NS,1,2.5036043149021387
2022-12-05,1503.859619140625,1508.5369463809327,1488.77291854345,1502.2546462279884,3824966,64.74628541236632,1461.7910095214845,1465.494293195492,33.30496117056896,32.535251499343474,1378.433589752755,1461.7910095214845,1545.1484292902132,0.0011295561949331,0.0100714295143005,0.0456254833621567,0.0011289187263265,0.0115141072458307,0.0139480512228569,0.825440172372707,0.0980934150953854,0.0100714295143005,0.0456254833621567,-0.0355540538478562,1503.859619140625,1490.8639526367188,1461.7910095214845,1.0087168694909567,1.0198885770440955,0.0279737610370711,-0.1070138440932702,4883171.3,0.783295478493498,-0.0115865339434553,0.0135477880792653,0.0036216333561533,-0.0074894121198829,0.0294664445224832,-0.0158151291600763,0.0054879169944579,0,12,0,0,0,xg_INFY.NS,1,2.5036043149021387
2022-12-06,1479.23486328125,1491.2492102968945,1474.3282538915594,1490.3320828612875,4822398,57.04789268051501,1466.626574707031,1466.8029189179451,30.346422665047157,32.09748573248421,1391.851842282047,1466.626574707031,1541.401307132015,-0.0163743713482025,-0.0099137780655954,0.0175704185494713,-0.0165099130098491,0.0129872831287631,0.0145766025962858,0.8909066523786374,-1.2607032958760114,-0.0099137780655954,0.0175704185494713,-0.0274841966150668,1500.8972900390625,1493.4181518554688,1466.6265747070313,1.0050080670134491,1.0182674837688586,0.0231678661602198,0.2607688538930803,5025478.2,0.9595898754468858,0.0011295561949331,-0.0115865339434553,0.0135477880792653,0.0034804270865282,0.0035895055411812,0.0107448139781376,0.0055207569472475,1,12,0,0,0,xg_INFY.NS,1,2.5036043149021387
2022-12-07,1472.4481201171875,1489.2315972240235,1464.3773537802756,1474.7409387408518,4898087,55.10326396734177,1470.9508361816406,1467.3405571273968,27.141258595894897,31.10624030516635,1406.5315458228083,1470.9508361816406,1535.370126540473,-0.0045880092016004,-0.0180127007205975,0.0141174270834025,-0.0045985664192684,0.0131183403704905,0.0146875493599312,0.8930997914794695,-0.3497134057075207,-0.0180127007205975,0.0141174270834025,-0.0321301278040001,1495.4954345703125,1495.4679321289063,1470.9508361816406,1.000018390525678,1.0166675155581055,0.016669244948826,0.0156953034569109,5190780.2,0.9436128696027344,-0.0163743713482025,0.0011295561949331,-0.0115865339434553,0.0036216333561533,-0.0074894121198829,-0.001198708300486,-0.0096082796808838,2,12,0,0,1,xg_INFY.NS,1,2.5036043149021387
2022-12-08,1485.884033203125,1489.3232610774244,1466.0282018846967,1472.4480939167222,4206837,58.14508727468271,1476.371075439453,1469.1066024679424,25.39259880388863,29.963512004910807,1429.1086583649226,1476.371075439453,1523.6334925139836,0.0091248804642898,-0.0222978850551447,-0.0059208507208983,0.0090835002782254,0.0093251797349948,0.0145772472955075,0.6396639833286764,0.9784156775416084,-0.0222978850551447,-0.0059208507208983,-0.0163770343342464,1488.7178955078125,1494.582922363281,1476.371075439453,0.9960758103363078,1.0123355484449648,0.0083094102853661,-0.1411265255190444,5083242.4,0.8275892961545906,-0.0045880092016004,-0.0163743713482025,0.0011295561949331,0.0135477880792653,0.0034804270865282,0.0294664445224832,0.0037797115234414,3,12,0,0,0,xg_INFY.NS,1,2.5036043149021387
2022-12-09,1439.2481689453125,1493.0835061100497,1431.7276565946954,1493.0835061100497,8880658,46.3952843595352,1476.334393310547,1466.262942132454,20.012951974156294,27.973399998759906,1428.9520713387085,1476.334393310547,1523.7167152823858,-0.0313859380784107,-0.041882724762586,-0.040564855114183,-0.0318890313385127,0.0133071019748167,0.0131127037180957,1.0147477982481898,-2.3584082942709017,-0.041882724762586,-0.040564855114183,-0.0013178696484029,1476.1349609375,1488.4977905273438,1476.3343933105468,0.9916944253001116,1.008238917464709,-0.0001385670500404,1.1110059648139448,5514982.7,1.6102784873646818,0.0091248804642898,-0.0045880092016004,-0.0163743713482025,-0.0115865339434553,0.0036216333561533,0.0035895055411812,-0.0158151291600763,4,12,0,0,0,xg_INFY.NS,1,2.5036043149021387
2022-12-12,1418.9796142578125,1436.1757547742222,1403.250967295368,1421.5476160232122,8037679,42.38633258688887,1474.5872680664063,1461.759768049155,13.953196369247507,25.169359272857427,1421.4927886572782,1474.5872680664063,1527.6817474755348,-0.0140827378660852,-0.0564414416096343,-0.0469384580961907,-0.0141828405434534,0.0136551309011551,0.0132703978536739,1.028914290093028,-1.03123922639714,-0.0564414416096343,-0.0469384580961907,-0.0095029835134435,1459.1589599609374,1481.5092895507812,1474.5872680664063,0.9849138107013689,1.00469420944713,-0.0108728187145511,-0.0949230338562751,5936174.0,1.3540167454657908,-0.0313859380784107,0.0091248804642898,-0.0045880092016004,0.0011295561949331,0.0135477880792653,-0.0074894121198829,0.0107448139781376,0,12,0,0,1,xg_INFY.NS,1,2.5036043149021387
2022-12-13,1441.86181640625,1446.7684254424607,1413.4308679506453,1418.9794213639211,6135067,47.86352931364029,1473.585302734375,1459.8647250355448,10.871874669331191,22.30986235215218,1418.7548444238555,1473.585302734375,1528.4157610448951,0.0161258145772629,-0.0252651203691203,-0.0349284256385757,0.0159971747349247,0.0150157492880472,0.0137540649573719,1.0916523720231268,1.0738552177932692,-0.0252651203691203,-0.0349284256385757,0.0096633052694554,1451.6843505859374,1476.2908203125,1473.585302734375,0.9833322341451978,1.001836010153674,-0.0151893558031964,-0.2367116178687902,6236509.7,0.9837340588116164,-0.0140827378660852,-0.0313859380784107,0.0091248804642898,-0.0163743713482025,-0.0115865339434553,0.0034804270865282,-0.001198708300486,1,12,0,0,1,xg_INFY.NS,1,2.5036043149021387
2022-12-14,1448.510986328125,1456.8568229798866,1442.641348786504,1450.8954950923392,4976020,49.36977889672764,1472.5122558593753,1458.783416587219,8.864255842146349,19.620741050151015,1416.5556236909115,1472.5122558593753,1528.4688880278388,0.0046115167530045,-0.0162566907872838,-0.0339765646020228,0.0046009162866154,0.0150706862474452,0.0137342577074713,1.0972263184583353,0.3059721836888829,-0.0162566907872838,-0.0339765646020228,0.0177198738147389,1446.896923828125,1471.1961791992187,1472.512255859375,0.9834833343678748,0.999106237211324,-0.0176839059372156,-0.1889216531783597,5547298.3,0.897016841513481,0.0161258145772629,-0.0140827378660852,-0.0313859380784107,-0.0045880092016004,0.0011295561949331,0.0036216333561533,0.0294664445224832,2,12,0,0,0,xg_INFY.NS,1,2.5036043149021387
2022-12-15,1412.8348388671875,1439.8900986832095,1408.019919747387,1439.24815424885,6443866,42.30717931750082,1470.3615966796876,1454.4073615662635,4.344357466788324,16.565464333478477,1408.6933365278535,1470.3615966796876,1532.0298568315216,-0.0246295318417805,-0.0491621100325475,-0.0703637840091181,-0.0249379128118363,0.015150469121094,0.0146316020430333,1.035391318409243,-1.6255540400033557,-0.0491621100325475,-0.0703637840091181,0.0212016739765705,1432.2870849609376,1460.502490234375,1470.3615966796874,0.9806810289868731,0.9932947742462972,-0.0269490181522406,0.2949839429905827,5650892.1,1.1403272060351073,0.0046115167530045,0.0161258145772629,-0.0140827378660852,0.0091248804642898,-0.0163743713482025,0.0135477880792653,0.0035895055411812,3,12,0,0,0,xg_INFY.NS,1,2.5036043149021387
2022-12-16,1396.0513916015625,1421.089016341961,1386.7426373339622,1398.6193933020268,9630453,39.44815407903906,1467.0966308593752,1448.849650141054,-0.5852322954001465,13.135325007702754,1397.071464855066,1467.0966308593752,1537.1217968636845,-0.0118792705303628,-0.0300134322042631,-0.0706391126466574,-0.0119503928800996,0.0151602401497143,0.0147584580719368,1.027154254297418,-0.7835289470424164,-0.0300134322042631,-0.0706391126466574,0.0406256804423943,1423.6477294921874,1449.8913452148438,1467.096630859375,0.9818995983324752,0.9882725614096374,-0.0311227091126943,0.4945147835166033,6185603.1,1.5569141511841331,-0.0246295318417805,0.0046115167530045,0.0161258145772629,-0.0313859380784107,-0.0045880092016004,-0.0115865339434553,-0.0074894121198829,4,12,0,0,0,xg_INFY.NS,1,2.5036043149021387
2022-12-19,1382.4317626953125,1391.190372871532,1371.1511644903626,1382.982016664381,6222740,37.248370355698974,1464.3062561035158,1442.5241370509834,-5.5272433062127675,9.40281134491965,1385.5375654257423,1464.3062561035158,1543.074946781289,-0.0097558220192921,-0.0257564317311324,-0.0807441432031415,-0.0098037218402797,0.0148844083843299,0.0145241404529109,1.024734213936425,-0.6553949859758131,-0.0257564317311324,-0.0807441432031415,0.054987711472009,1416.3381591796874,1437.7485595703124,1464.3062561035156,0.9851083833483208,0.981863290945794,-0.0346983469406875,-0.3538476331279535,6425380.5,0.968462490275717,-0.0118792705303628,-0.0246295318417805,0.0046115167530045,-0.0140827378660852,0.0091248804642898,0.0011295561949331,0.0034804270865282,0,12,0,0,0,xg_INFY.NS,1,2.5036043149021387
2022-12-20,1382.38623046875,1390.3651943884424,1359.5955240977712,1376.6082828344672,7396259,37.24089362584517,1460.7409240722657,1436.796717376485,-9.339832927558518,5.654282490424016,1373.9072399623778,1460.7409240722657,1547.5746081821535,-3.29363284258255e-05,-0.0412491580404973,-0.0654721134665996,-3.293687083871788e-05,0.0147941837857884,0.0142281371192361,1.039710536332407,-0.0022261520304643,-0.0412491580404973,-0.0654721134665996,0.0242229554261023,1404.4430419921875,1428.0636962890626,1460.7409240722657,0.983459663348172,0.9776296896700168,-0.0407251467348515,0.1885855748432363,6682766.6,1.1067660211264738,-0.0097558220192921,-0.0118792705303628,-0.0246295318417805,0.0161258145772629,-0.0313859380784107,-0.0163743713482025,0.0036216333561533,1,12,0,0,1,xg_INFY.NS,1,2.5036043149021387
2022-12-21,1384.449462890625,1394.9505249536762,1377.8460796237648,1389.44776154163,6236361,37.84967556740628,1457.3658813476563,1431.811264568308,-12.055879384388618,2.1122501154614897,1364.085641073233,1457.3658813476563,1550.6461216220796,0.0014925151715199,-0.0442257767059754,-0.0597635027165228,0.0014914024777556,0.0150116719299243,0.0142529526807314,1.053158535471857,0.0994170243968997,-0.0442257767059754,-0.0597635027165228,0.0155377260105473,1391.6307373046875,1419.2638305664063,1457.3658813476563,0.9805299813420236,0.9738555353402288,-0.0474810715775199,-0.156822252979513,6816594.0,0.9148793370998896,-3.29363284258255e-05,-0.0097558220192921,-0.0118792705303628,0.0046115167530045,-0.0140827378660852,-0.0045880092016004,0.0135477880792653,2,12,0,0,1,xg_INFY.NS,1,2.5036043149021387
2022-12-22,1395.9136962890625,1403.1589126270385,1386.4672400160273,1395.4092314763589,6302640,41.25929356179413,1452.4248596191408,1428.392448541713,-13.131921330070782,-0.9365841736449644,1357.0337793958065,1452.4248596191408,1547.815939842475,0.008280716418858,-0.0119767308340813,-0.0605500395075335,0.0082466193892214,0.0149189989310051,0.0124414546868694,1.1990398443443206,0.5550078426379759,-0.0119767308340813,-0.0605500395075335,0.0485733086734522,1388.2465087890623,1410.266796875,1452.4248596191403,0.9843857289026928,0.970974014617737,-0.0459758730075445,0.0106278324811537,7026174.3,0.8970230072429463,0.0014925151715199,-3.29363284258255e-05,-0.0097558220192921,-0.0246295318417805,0.0161258145772629,0.0091248804642898,-0.0115865339434553,3,12,0,0,0,xg_INFY.NS,1,2.5036043149021387
2022-12-23,1373.0313720703125,1384.7706472634532,1369.2711722199242,1383.6700272399569,6283822,36.90706555318776,1446.0714538574218,1423.1199650682463,-15.650693204336676,-3.8794059797833063,1347.1876125622955,1446.0714538574218,1544.955295152548,-0.0163923631379081,-0.0164893783063682,-0.0460079076727427,-0.0165282044753531,0.0126843245347468,0.0126561573604922,1.0021463882829975,-1.292230489886733,-0.0164893783063682,-0.0460079076727427,0.0295185293663745,1383.6425048828123,1403.6451171875,1446.0714538574218,0.9857495231096824,0.9706609679924538,-0.0454679698108255,-0.0029857329626949,6766490.7,0.9286677952574548,0.008280716418858,0.0014925151715199,-3.29363284258255e-05,-0.0118792705303628,0.0046115167530045,-0.0313859380784107,0.0011295561949331,4,12,0,0,1,xg_INFY.NS,1,2.5036043149021387
2022-12-26,1377.8922119140625,1384.7706673330083,1372.3435464278352,1376.149647483791,4115459,38.39372221785605,1440.5228332519532,1418.8125600059432,-17.057975190036814,-6.515119821834008,1339.3226911304353,1440.5228332519532,1541.7229753734712,0.0035402248940754,-0.0032837431139453,-0.0289555973397408,0.0035339730488725,0.0124464928297955,0.0127516042326468,0.9759961653896788,0.2844126879592361,-0.0032837431139453,-0.0289555973397408,0.0256718542257955,1382.7345947265626,1399.536376953125,1440.5228332519532,0.9879947513310507,0.9715475136160792,-0.0419395929708577,-0.3450707228817111,6374268.7,0.6456362594189595,-0.0163923631379081,0.008280716418858,0.0014925151715199,-0.0097558220192921,-0.0246295318417805,-0.0140827378660852,-0.0163743713482025,0,12,0,0,1,xg_INFY.NS,1,2.5036043149021387
2022-12-27,1389.3104248046875,1395.363443276997,1373.3982867447278,1384.8164781367202,4860076,41.85934569960322,1435.2860290527344,1416.002832843919,-17.055299077130485,-8.623155672893304,1334.9115500073308,1435.2860290527344,1535.660508098138,0.008286724311159,0.0050088710255669,-0.0364468987274685,0.0082525779226969,0.0113128170661584,0.0129396881864871,0.8742052125150128,0.7324428407054628,0.0050088710255669,-0.0364468987274685,0.0414557697530354,1384.11943359375,1394.2812377929688,1435.2860290527344,0.9927117973592589,0.971430927055823,-0.0368287709826819,0.180931701664383,6246769.6,0.7780142875766095,0.0035402248940754,-0.0163923631379081,0.008280716418858,-3.29363284258255e-05,-0.0118792705303628,0.0161258145772629,-0.0045880092016004,1,12,0,0,0,xg_INFY.NS,1,2.5036043149021387
2022-12-28,1385.0,1398.5734186856855,1374.3154431330508,1380.368461733021,5029860,40.92343353344455,1429.5631591796878,1413.050182096879,-17.202691576200323,-10.339062853554708,1331.5705530030712,1429.5631591796878,1527.5557653563044,-0.0031025642129572,0.0003976577868183,-0.0438457056436423,-0.0031073871435225,0.0109440414275934,0.0128305113793065,0.852903535996782,-0.2834675623187165,0.0003976577868183,-0.0438457056436423,0.0442433634304606,1384.229541015625,1387.9301391601562,1429.5631591796875,0.9973337288094556,0.970877103433876,-0.0327318542700812,0.034934433124091,6252153.6,0.8045003884740125,0.008286724311159,0.0035402248940754,-0.0163923631379081,0.0014925151715199,-0.0097558220192921,0.0046115167530045,0.0091248804642898,2,12,0,0,1,xg_INFY.NS,1,2.5036043149021387
2022-12-29,1391.786865234375,1395.226093316941,1376.6083605150352,1379.359742981088,4624745,43.08133302802114,1423.163916015625,1411.02510430045,-16.580725605763973,-11.58739540399656,1333.6240716048464,1423.163916015625,1512.7037604264042,0.00490026370713,-0.0029563654727784,-0.0148976887133451,0.0048882964940073,0.0086226072867381,0.0123488415060092,0.6981957851477265,0.568238272476291,-0.0029563654727784,-0.0148976887133451,0.0119413232405667,1383.4041748046875,1385.825341796875,1423.163916015625,0.9982529061064448,0.9737636868117866,-0.0285674065506014,-0.0805420031571455,6070241.5,0.7618716652375754,-0.0031025642129572,0.008286724311159,0.0035402248940754,0.008280716418858,-3.29363284258255e-05,-0.0246295318417805,-0.0313859380784107,3,12,0,0,0,xg_INFY.NS,1,2.5036043149021387
2022-12-30,1383.21142578125,1403.5717201426935,1379.4054368384104,1401.370592109832,5060544,41.04142654693647,1417.216345214844,1408.376182536717,-16.588556831959295,-12.587627689589109,1334.2065525344672,1417.216345214844,1500.226137895221,-0.0061614602546783,0.0074142906841141,-0.0091973446662178,-0.0061805203833964,0.0080241918148699,0.0122398318165916,0.6555266778515568,-0.7677648580637916,0.0074142906841141,-0.0091973446662178,0.0166116353503319,1385.440185546875,1384.5413452148437,1417.2163452148438,1.0006491971764786,0.9769442399459154,-0.0229727423268076,0.0942320063052124,5613250.6,0.9015353777362264,0.00490026370713,-0.0031025642129572,0.008286724311159,-0.0163923631379081,0.0014925151715199,-0.0118792705303628,-0.0140827378660852,4,12,0,0,1,xg_INFY.NS,1,2.5036043149021387
2023-01-02,1397.7020263671875,1399.9948446519106,1379.4053812367044,1388.5307532282952,3801140,45.71863344884811,1411.908465576172,1407.3595962348568,-15.249703679450931,-13.120042887561477,1339.3017354512278,1411.908465576172,1484.5151957011165,0.0104760561660002,0.0143768970329012,0.0110459438823242,0.0104215625446864,0.0080919803275782,0.012620298240065,0.6411369237667669,1.2944620821950206,0.0143768970329012,0.0110459438823242,0.0033309531505769,1389.4021484375,1386.0683715820312,1411.908465576172,1.002405203757491,0.981698463728953,-0.0161023714025576,-0.2488673154506708,5371090.6,0.7077035714123483,-0.0061614602546783,0.00490026370713,-0.0031025642129572,0.0035402248940754,0.008280716418858,-0.0097558220192921,0.0161258145772629,0,1,0,0,0,xg_INFY.NS,1,2.5036043149021387
2023-01-03,1396.372314453125,1405.6352784494222,1389.5396484110163,1393.8960033950495,4551130,45.36300435572028,1407.765338134766,1406.3131884461204,-14.133032744796084,-13.322640859008397,1342.2215078077738,1407.765338134766,1473.309168461758,-0.0009513557889864,0.0050830178211829,0.0101173490274368,-0.0009518086151265,0.0081118173519033,0.0122633475168438,0.6614145058073949,-0.1172657718915878,0.0050830178211829,0.0101173490274368,-0.0050343312062539,1390.8145263671877,1387.4669799804688,1407.7653381347657,1.0024127034625112,0.985581149354628,-0.0121391777766782,0.1973065974944359,5086577.7,0.8947332112903937,0.0104760561660002,-0.0061614602546783,0.00490026370713,0.008286724311159,-0.0163923631379081,-3.29363284258255e-05,0.0046115167530045,1,1,0,0,0,xg_INFY.NS,0,0.0
2023-01-04,1370.9219970703125,1394.9506886748184,1367.528558728868,1394.9506886748184,7059590,39.09479730683889,1402.689031982422,1402.9425987912816,-15.12731265564912,-13.683575218336545,1342.7519388914263,1402.689031982422,1462.6261250734176,-0.0182260254800166,-0.0101646230539259,-0.009771007308615,-0.0183941656337642,0.0101334643513329,0.0127376390850659,0.7954903411317189,-1.7984202073412323,-0.0101646230539259,-0.009771007308615,-0.0003936157453109,1387.99892578125,1386.1142333984376,1402.689031982422,1.0013596948486645,0.988183554440032,-0.0107154938301122,0.5511730053854758,5168900.6,1.3657817292904868,-0.0009513557889864,0.0104760561660002,-0.0061614602546783,-0.0031025642129572,0.0035402248940754,0.0014925151715199,-0.0246295318417805,2,1,0,0,0,xg_INFY.NS,1,2.5036043149021387
2023-01-05,1352.9462890625,1381.1021672768188,1347.489425840876,1381.1021672768188,9868404,35.3765793271997,1396.0421447753909,1398.1810454837787,-17.167875473543063,-14.380435269377848,1346.340991737473,1396.0421447753909,1445.743297813309,-0.0131121304102107,-0.0279069857189191,-0.0307808479426688,-0.0131988533076317,0.0102294374290956,0.0125478317780354,0.8151704963485525,-1.281678374076119,-0.0279069857189191,-0.0307808479426688,0.0028738622237497,1380.230810546875,1381.8174926757813,1396.0421447753906,0.9988517426235256,0.9898107287427932,-0.011686594180669,0.3978721143862462,5525477.0,1.7859822780907808,-0.0182260254800166,-0.0009513557889864,0.0104760561660002,0.00490026370713,0.008286724311159,0.008280716418858,-0.0118792705303628,3,1,0,0,0,xg_INFY.NS,1,2.5036043149021387
2023-01-06,1328.458984375,1352.7628594774767,1326.6247296502847,1348.1772226656883,6443714,31.04499180633809,1390.5026855468752,1391.5408491877045,-20.524364944416675,-15.609221204385614,1336.5622060934447,1390.5026855468752,1444.4431650003055,-0.0180992437655954,-0.0395835664640532,-0.0324627598480175,-0.0182650386326255,0.0104873438144748,0.0113495365126612,0.923951374701667,-1.7256531713440704,-0.0395835664640532,-0.0324627598480175,-0.0071208066160357,1369.280322265625,1377.36025390625,1390.502685546875,0.9941337557710774,0.99054843131392,-0.0159751738900952,-0.3470358530112873,5541466.2,1.162817522914574,-0.0131121304102107,-0.0182260254800166,-0.0009513557889864,-0.0061614602546783,-0.0031025642129572,-0.0163923631379081,-0.0097558220192921,4,1,0,0,1,xg_INFY.NS,1,2.5036043149021387
2023-01-09,1361.4295654296875,1365.9235115565782,1328.1837010555696,1328.1837010555696,11498717,41.441581302626254,1387.6251831054692,1388.6731078774171,-20.290065443508865,-16.545390052210266,1333.941522500132,1387.6251831054692,1441.3088437108065,0.0248186669234649,-0.0259514977106937,-0.0119477026882286,0.0245156866213243,0.0136874242996079,0.0127642666891623,1.0722395883220024,1.8131135023463365,-0.0259514977106937,-0.0119477026882286,-0.014003795022465,1362.025830078125,1375.7139892578125,1387.6251831054688,0.9900501417543394,0.9914161302398684,-0.0188032885999976,0.7844859346643875,6279792.0,1.831066538509264,-0.0180992437655954,-0.0131121304102107,-0.0182260254800166,0.0104760561660002,0.00490026370713,0.0035402248940754,-3.29363284258255e-05,0,1,0,0,0,xg_INFY.NS,1,2.5036043149021387
2023-01-10,1347.947998046875,1360.9253731659428,1333.5491426282238,1359.182808712685,7158624,38.861445852934914,1382.9294921875005,1384.794525988794,-20.950724310161604,-17.426456903800535,1332.917136694343,1382.9294921875005,1432.941847680658,-0.0099025081613807,-0.0346786569062097,-0.0297719113160958,-0.0099518640973377,0.0135062811412957,0.0121311438801971,1.1132641744664349,-0.733123717333894,-0.0346786569062097,-0.0297719113160958,-0.0049067455901139,1352.340966796875,1371.5777465820313,1382.9294921875,0.9859747069875592,0.9917915225110192,-0.0226926598317937,-0.3774415006474201,6509646.8,1.099694686968101,0.0248186669234649,-0.0180992437655954,-0.0131121304102107,-0.0009513557889864,-0.0061614602546783,0.008286724311159,0.0014925151715199,1,1,0,0,1,xg_INFY.NS,0,0.0
2023-01-11,1349.32373046875,1370.1883794870434,1342.6745566057775,1348.1773211820307,6173092,39.276914530013414,1377.9701293945316,1381.4163549868852,-21.11983480382628,-18.165132483805685,1336.3771673251192,1377.9701293945316,1419.563091463944,0.0010206123855434,-0.0157545554362089,-0.0257590393727437,0.0010200919148246,0.0135634472030096,0.0120341995831673,1.126981493682891,0.0752417234752443,-0.0157545554362089,-0.0257590393727437,0.0100044839365347,1348.0213134765625,1368.0101196289063,1377.970129394531,0.9853884076838804,0.9927719697596048,-0.0221954266731563,-0.1376705914432717,6623970.0,0.9319323608046336,-0.0099025081613807,0.0248186669234649,-0.0180992437655954,-0.0182260254800166,0.0104760561660002,-0.0031025642129572,0.008280716418858,2,1,0,0,1,xg_INFY.NS,1,2.5036043149021387
2023-01-12,1357.89892578125,1361.9343090878735,1334.420484661856,1359.1370254896133,6591385,41.92602114282274,1375.2233337402347,1379.1765998244437,-20.327585737708205,-18.59762313458619,1336.1450415681709,1375.2233337402347,1414.3016259122987,0.006355180094195,0.0036606306981941,-0.0243485121893417,0.0063350710897749,0.0136593945407217,0.0111272878996589,1.2274479833632166,0.4652266869196328,0.0036606306981941,-0.0243485121893417,0.0280091428875358,1349.0118408203125,1364.6213256835938,1375.2233337402345,0.9885613066647176,0.9922907008654324,-0.0193029778743226,0.0677606943165596,6820634.0,0.9663889016767404,0.0010206123855434,-0.0099025081613807,0.0248186669234649,-0.0131121304102107,-0.0009513557889864,0.00490026370713,-0.0163923631379081,3,1,0,0,1,xg_INFY.NS,1,2.5036043149021387
2023-01-13,1379.0386962890625,1393.4834534558884,1346.3430806920758,1360.5585559991107,11610426,47.95402704361158,1374.3726989746096,1379.1634661544074,-17.78886092189009,-18.435870692046972,1336.48070906237,1374.3726989746096,1412.2646888868492,0.0155680000230133,0.0380739733096531,-0.0030166968074535,0.0154480619067447,0.0146808587808917,0.011520262173884,1.2742404919983257,1.060356202531723,0.0380739733096531,-0.0030166968074535,0.0410906701171066,1359.127783203125,1364.204052734375,1374.3726989746094,0.9962789514361322,0.9926012454643336,-0.0110547411124196,0.7614546866857268,7475622.2,1.553104970981338,0.006355180094195,0.0010206123855434,-0.0099025081613807,-0.0180992437655954,-0.0182260254800166,-0.0061614602546783,0.0035402248940754,4,1,0,0,1,xg_INFY.NS,1,2.5036043149021387
2023-01-16,1399.077880859375,1401.370699412078,1377.8005694719036,1384.8624058326163,6073063,52.9406078417996,1375.2050048828128,1381.06007707869,-13.99854201588937,-17.548404956815453,1335.8641017971534,1375.2050048828128,1414.5459079684722,0.0145312706773472,0.0276535168514613,0.0009843689615043,0.0144267035419058,0.0150598029935435,0.011776002803753,1.2787466594424466,0.9648403663188946,0.0276535168514613,0.0009843689615043,0.026669147889957,1366.6574462890626,1364.3416381835937,1375.2050048828123,1.001697381389424,0.9921005474379112,-0.0061094230068877,-0.4769302177198321,7702814.5,0.7884212971764036,0.0155680000230133,0.006355180094195,0.0010206123855434,0.0248186669234649,-0.0131121304102107,0.0104760561660002,0.008286724311159,0,1,0,0,1,xg_INFY.NS,1,2.5036043149021387
2023-01-17,1411.9176025390625,1414.393801685257,1397.7021281387017,1400.453510280707,5922644,55.85883924040515,1376.681573486328,1383.9988890272969,-9.845140094963426,-16.007751984445047,1334.1207900966906,1376.681573486328,1419.2423568759657,0.0091772744429357,0.0474570269660825,0.0111326241039271,0.0091354191433277,0.0153122351972552,0.0119264201171361,1.2837843428736266,0.5993034342331931,0.0474570269660825,0.0111326241039271,0.0363244028621554,1379.4513671875,1365.8961669921875,1376.681573486328,1.0099240341417477,0.9921656491218754,0.0019617247466785,-0.0247682265110702,7839965.9,0.7554425715039454,0.0145312706773472,0.0155680000230133,0.006355180094195,-0.0099025081613807,-0.0180992437655954,-0.0009513557889864,-0.0031025642129572,1,1,0,0,1,xg_INFY.NS,1,2.5036043149021387
2023-01-18,1417.32861328125,1423.2440398411995,1412.0092299289386,1416.7324581195912,5843098,57.067128239505344,1378.3255310058594,1387.1731484800544,-6.047207361585379,-14.015643059873112,1332.1176798734962,1378.3255310058594,1424.5333821382226,0.0038323842216123,0.0503992342807722,0.0338506613141442,0.0038250593457291,0.013705247172099,0.0119416819456341,1.1475853777642673,0.2796085736301121,0.0503992342807722,0.0338506613141442,0.0165485729666279,1393.05234375,1370.5368286132812,1378.3255310058594,1.016428245244238,0.9943491561192412,0.010390542183472,-0.0134308258271137,7718316.7,0.7570430480002515,0.0091772744429357,0.0145312706773472,0.0155680000230133,0.0010206123855434,0.0248186669234649,-0.0182260254800166,0.00490026370713,2,1,0,0,0,xg_INFY.NS,1,2.5036043149021387
2023-01-19,1411.3673095703125,1421.1347382958118,1399.6739357893398,1412.284436925683,6165284,55.27206281866625,1379.098211669922,1389.477354298174,-3.4782505888813375,-11.90816456567476,1331.1673161963097,1379.098211669922,1427.0291071435345,-0.0042060138030632,0.0393758200804967,0.0431805911144442,-0.0042148839598574,0.0127690413420167,0.0118805738039235,1.074692759792493,-0.3293657154596995,0.0393758200804967,0.0431805911144442,-0.0038047710339474,1403.7460205078123,1376.3789306640624,1379.098211669922,1.0198833978303825,0.9980282180175066,0.0174637804565521,0.0551395851994951,7348004.7,0.8390419238571201,0.0038323842216123,0.0091772744429357,0.0145312706773472,0.006355180094195,-0.0099025081613807,-0.0131121304102107,-0.0061614602546783,3,1,0,0,0,xg_INFY.NS,1,2.5036043149021387
2023-01-20,1399.1236572265625,1416.9617391940312,1397.7020650690638,1410.541847819042,6496429,51.67669429869298,1380.4028259277347,1390.3960498151637,-2.4025985967898578,-10.00705137189778,1331.7522293953025,1380.4028259277347,1429.053422460167,-0.0086750290025333,0.0145644650810363,0.0531929654454541,-0.0087128761087642,0.0111803358660232,0.0114152440175303,0.9793357472786212,-0.775849067274173,0.0145644650810363,0.0531929654454541,-0.0386285003644177,1407.7630126953125,1383.445397949219,1380.4028259277345,1.0175775746423688,1.0022041189458153,0.0195552313237368,0.0537112321184229,7353276.2,0.8834740900932181,-0.0042060138030632,0.0038323842216123,0.0091772744429357,0.0155680000230133,0.0010206123855434,-0.0180992437655954,0.0104760561660002,4,1,0,0,1,xg_INFY.NS,1,2.5036043149021387
2023-01-23,1419.71337890625,1424.5741994683594,1401.4625191509494,1407.790721331456,4855020,56.769448170476934,1382.493884277344,1393.188176395267,0.1100136517673036,-7.983638367164763,1330.797913811575,1382.493884277344,1434.189854743113,0.0147161557688917,0.0147493562218279,0.0428107446441177,0.0146089238957634,0.0095539903224417,0.0118125816994141,0.8087293562218781,1.5401539166740932,0.0147493562218279,0.0428107446441177,-0.0280613884222897,1411.8901123046876,1389.273779296875,1382.4938842773438,1.0162792484424912,1.004904104890905,0.0207057484025336,-0.2526632708523405,6688906.5,0.7258316437820254,-0.0086750290025333,-0.0042060138030632,0.0038323842216123,0.0145312706773472,0.006355180094195,0.0248186669234649,-0.0009513557889864,0,1,0,0,1,xg_INFY.NS,1,2.5036043149021387
2023-01-24,1423.2899169921875,1438.7893911638814,1421.3180708541106,1430.7186259283192,5200802,57.60525353737397,1384.192858886719,1396.055008833069,2.362638666446628,-5.9143829604424845,1329.4122068327365,1384.192858886719,1438.9735109407015,0.002519197282407,0.0080545170856103,0.0558937874862235,0.0025160294241244,0.008225882476919,0.011709733562755,0.7024224770240417,0.3062152995955357,0.0080545170856103,0.0558937874862235,-0.0478392704006132,1414.1645751953124,1396.8079711914063,1384.1928588867188,1.0124259056089877,1.0091136955545583,0.0210580542662258,0.0712215397670863,6493124.3,0.8009706513702809,0.0147161557688917,-0.0086750290025333,-0.0042060138030632,0.0091772744429357,0.0155680000230133,-0.0099025081613807,-0.0182260254800166,1,1,0,0,0,xg_INFY.NS,0,0.0
2023-01-25,1415.1275634765625,1427.0502195525155,1411.2297720671163,1418.7960730383943,4158617,54.99217477115515,1385.6992370605471,1397.87144260864,3.449463241755666,-4.041613720002855,1329.1953197214252,1385.6992370605471,1442.203154399669,-0.0057348495328867,-0.0015529565861172,0.0487680098718432,-0.0057513569243266,0.0088842063626848,0.011776118159406,0.7543616564285911,-0.6454379672003304,-0.0015529565861172,0.0487680098718432,-0.0503209664579604,1413.724365234375,1403.3883544921875,1385.699237060547,1.0073650395552325,1.0127654811076927,0.0198039589483921,-0.2003892861139493,6291676.8,0.6609711738529447,0.002519197282407,0.0147161557688917,-0.0086750290025333,0.0038323842216123,0.0145312706773472,0.0010206123855434,-0.0131121304102107,2,1,0,0,0,xg_INFY.NS,1,2.5036043149021387
2023-01-27,1393.254150390625,1422.4187353397176,1382.477903144469,1417.8789993665666,6209955,48.62643764025674,1385.7726013183596,1397.4317004926384,2.51676620140438,-2.729937735721408,1329.231605372668,1385.7726013183596,1442.3135972640512,-0.0154568490152229,-0.0128337669838775,0.0260367129969072,-0.015577551508195,0.0109090765306824,0.0123022291111536,0.8866840105247399,-1.4167498249671795,-0.0128337669838775,0.0260367129969072,-0.0388704799807847,1410.1017333984375,1406.923876953125,1385.7726013183594,1.002258726642833,1.0152631648328472,0.0174620919472997,0.493274086072365,6253533.8,0.9930313321403984,-0.0057348495328867,0.002519197282407,0.0147161557688917,-0.0042060138030632,0.0091772744429357,0.006355180094195,-0.0180992437655954,4,1,0,0,1,xg_INFY.NS,1,2.5036043149021387
2023-01-30,1411.2757568359375,1416.0447747672706,1394.0337160921315,1402.104482387963,6964719,53.41150561003376,1387.1758178710938,1398.750182049143,3.1949605876338865,-1.544958071050349,1329.5204514903485,1387.1758178710938,1444.8311842518392,0.0129349023939815,0.0086855079224832,0.0233764727803675,0.0128519610041912,0.010589105607914,0.0125276805409375,0.8451892099342836,1.2214139190751083,0.0086855079224832,0.0233764727803675,-0.0146909648578843,1412.5321533203123,1410.1475830078125,1387.1758178710938,1.001691007623056,1.0165600963055812,0.01796696026726,0.1215409773500775,5788963.1,1.2031030220245829,-0.0154568490152229,-0.0057348495328867,0.002519197282407,-0.0086750290025333,0.0038323842216123,0.0155680000230133,0.0248186669234649,0,1,0,0,0,xg_INFY.NS,1,2.5036043149021387
2023-01-31,1406.6441650390625,1420.53866769089,1387.6137712822178,1420.53866769089,9448126,52.06920184602904,1387.6229248046875,1399.5019899529448,3.320427948175393,-0.5718808672052007,1329.4871700155045,1387.6229248046875,1445.7586795938712,-0.0032818474875944,-0.0092055298353643,0.005408050747711,-0.0032872445605418,0.0097824063897092,0.0123611636763977,0.7913183036385579,-0.3354503898607803,-0.0092055298353643,0.005408050747711,-0.0146135805830753,1409.918310546875,1410.904211425781,1387.6229248046875,0.999301227630535,1.0167778192511274,0.0158500538347368,0.3565695902447752,6126469.4,1.542181211253329,0.0129349023939815,-0.0154568490152229,-0.0057348495328867,0.0147161557688917,-0.0042060138030632,0.0145312706773472,-0.0099025081613807,1,1,0,1,1,xg_INFY.NS,0,0.0
2023-02-01,1422.5562744140625,1426.1789947825198,1401.4165552146444,1414.393818239772,6194199,56.14675718556004,1388.9321228027345,1401.697636092099,4.650231010444031,0.4725415083246457,1328.8210054562346,1388.9321228027345,1449.0432401492344,0.0113121070491613,-0.0005154554735239,0.0075349098671682,0.0112486036225076,0.010011425155296,0.0125930399739654,0.7949335698466784,1.1298069022945705,-0.0005154554735239,0.0075349098671682,-0.0080503653406921,1409.77158203125,1411.9680786132812,1388.9321228027345,0.9984443723514002,1.0165853719072049,0.014649303934988,-0.3443991962003894,6153624.9,1.006593528311905,-0.0032818474875944,0.0129349023939815,-0.0154568490152229,0.002519197282407,-0.0086750290025333,0.0091772744429357,0.0010206123855434,2,2,1,0,1,xg_INFY.NS,1,2.5036043149021387
2023-02-02,1452.5006103515625,1455.435373433011,1423.3818135852407,1423.3818135852407,6916834,62.59557110348769,1393.011053466797,1406.536014593,8.027827376062305,1.9835986818721776,1327.2407514034146,1393.011053466797,1458.781355530179,0.0210496670508404,0.0264096664071649,0.0248156967556634,0.0208311834948107,0.011894933917844,0.0124983580880749,0.9516435831366712,1.76948419486979,0.0264096664071649,0.0248156967556634,0.0015939696515014,1417.24619140625,1415.4852783203123,1393.011053466797,1.0012440348994849,1.0161335581635076,0.0166851137732653,0.1166631876050479,6260998.5,1.1047493462901956,0.0113121070491613,-0.0032818474875944,0.0129349023939815,-0.0057348495328867,0.0147161557688917,0.0038323842216123,0.006355180094195,3,2,0,0,1,xg_INFY.NS,0,0.0
2023-02-03,1466.853515625,1471.668434244157,1442.6413310350065,1465.1109512577386,7040194,65.23454935255234,1398.7064147949218,1412.2805385008096,11.727568227051052,3.932392590907953,1328.001675034464,1398.7064147949218,1469.4111545553794,0.0098815141082546,0.0528255130004386,0.0393137956919096,0.009833011207383,0.011844245771931,0.0119884700484866,0.9878873481506472,0.8342177358337509,0.0528255130004386,0.0393137956919096,0.013511717308529,1431.966064453125,1421.0338989257812,1398.7064147949218,1.0076931067834538,1.0159629525500768,0.0226741452393982,0.0178347492508856,6348489.5,1.1089557602637432,0.0210496670508404,0.0113121070491613,-0.0032818474875944,-0.0154568490152229,0.002519197282407,-0.0042060138030632,0.0155680000230133,4,2,0,0,0,xg_INFY.NS,1,2.5036043149021387
2023-02-06,1439.75244140625,1465.569600374364,1432.186140277909,1465.569600374364,4570612,57.04991710271298,1404.271087646484,1414.8969102060896,12.33066903328654,5.61204787938367,1339.5827266858885,1404.271087646484,1468.9594486070798,-0.0184756514062706,0.0201779733212146,0.0290387371908389,-0.0186484580402312,0.0133167730246606,0.0120254225649107,1.1072929587153124,-1.3872928583524493,0.0201779733212146,0.0290387371908389,-0.0088607638696243,1437.6614013671874,1425.09677734375,1404.2710876464844,1.0088166812410149,1.0148302488604026,0.0231917048795483,-0.3507832312575477,6155907.8,0.7424757076444936,0.0098815141082546,0.0210496670508404,0.0113121070491613,0.0129349023939815,-0.0057348495328867,-0.0086750290025333,0.0145312706773472,0,2,0,0,0,xg_INFY.NS,0,0.0
2023-02-07,1432.9197998046875,1445.438610573436,1426.224725341101,1438.9728179482734,4336238,55.170533194889884,1407.8455993652342,1416.6133758821466,12.117609434249289,6.913160190356795,1345.2582554120013,1407.8455993652342,1470.432943318467,-0.0047457058623834,0.0186796600154348,0.0093021740124839,-0.0047570024788994,0.0128183647666607,0.0111280559532189,1.151792642659252,-0.3701982078492343,0.0186796600154348,0.0093021740124839,0.0093774860029509,1442.9165283203124,1426.4174194335938,1407.8455993652344,1.0115668167409722,1.0131916597080908,0.0244751513377498,-0.0512784721170819,6104029.6,0.7103894122661676,-0.0184756514062706,0.0098815141082546,0.0210496670508404,-0.0032818474875944,-0.0154568490152229,0.0147161557688917,0.0091772744429357,1,2,0,0,1,xg_INFY.NS,1,2.5036043149021387
2023-02-08,1458.691162109375,1470.1552548640857,1435.7629765999538,1435.7629765999538,7983338,60.46127497628586,1413.3827575683592,1420.6207840942636,13.868425152365944,8.304213182758625,1353.5744138491475,1413.3827575683592,1473.191101287571,0.0179852091569956,0.0254013766240608,0.024872827871921,0.0178253887074513,0.0139086552177828,0.0112230353118203,1.2391849126788848,1.2930017944659364,0.0254013766240608,0.024872827871921,0.0005285487521398,1450.143505859375,1429.9575439453124,1413.3827575683597,1.014116476394375,1.0117270330971555,0.0252011866842716,0.8410746827088365,6382283.2,1.250859253628662,-0.0047457058623834,-0.0184756514062706,0.0098815141082546,0.0113121070491613,0.0129349023939815,0.002519197282407,0.0038323842216123,2,2,0,0,1,xg_INFY.NS,1,2.5036043149021387
2023-02-09,1482.9949951171875,1485.5170954490195,1454.6099470732718,1463.9187005529932,6904911,64.69316053561694,1420.0663208007809,1426.5611851440658,17.020869443224456,10.047544434851792,1360.524500537004,1420.0663208007809,1479.6081410645577,0.0166613973122777,0.0209944040975267,0.0479585257133245,0.0165241189662488,0.014226465700652,0.0115437279290518,1.232291119208775,1.171072744987476,0.0209944040975267,0.0479585257133245,-0.0269641216157978,1456.2423828125,1436.744287109375,1420.066320800781,1.0135710271327083,1.0117444981718804,0.0243939204992798,-0.1350847227062164,6656912.6,1.0372542670905671,0.0179852091569956,-0.0047457058623834,-0.0184756514062706,0.0210496670508404,-0.0032818474875944,-0.0057348495328867,-0.0042060138030632,3,2,0,0,0,xg_INFY.NS,1,2.5036043149021387
2023-02-10,1475.2452392578125,1482.3529761992756,1464.1479087924397,1479.2805100226517,4786762,62.399697879821986,1425.933636474609,1431.1977617263274,18.678549039095515,11.773745355700536,1369.1213789280755,1425.933636474609,1482.7458940211427,-0.0052257464690651,0.0057209009239322,0.0588486234505023,-0.0052394484383357,0.0129164658751076,0.0117500877753592,1.0991719338691346,-0.4045488890460584,0.0057209009239322,0.0588486234505023,-0.05312772252657,1457.9207275390625,1444.9433959960938,1425.933636474609,1.0089812040934811,1.0133314475759778,0.0216825584067267,-0.3067597830008236,6514593.3,0.734775262179339,0.0166613973122777,0.0179852091569956,-0.0047457058623834,0.0098815141082546,0.0113121070491613,-0.0154568490152229,-0.0086750290025333,4,2,0,0,0,xg_INFY.NS,1,2.5036043149021387
2023-02-13,1437.5513916015625,1464.6525528112115,1436.2216015669112,1464.6525528112115,4001199,52.627102894518245,1428.8592712402344,1431.8028693334927,16.757523279361067,12.770500940432644,1376.3518182768548,1428.8592712402344,1481.366724203614,-0.0255509027605562,-0.0015287696282964,0.018618356220144,-0.0258829961453974,0.0159377612715093,0.0131711085908777,1.2099627908129222,-1.6030670342135511,-0.0015287696282964,0.018618356220144,-0.0201471258484404,1457.480517578125,1447.5709594726563,1428.8592712402344,1.0068456458321593,1.013095543143434,0.0199097204490226,-0.164111564351852,6218241.3,0.6434615202210562,-0.0052257464690651,0.0166613973122777,0.0179852091569956,-0.0184756514062706,0.0210496670508404,0.0129349023939815,0.0147161557688917,0,2,0,0,1,xg_INFY.NS,1,2.5036043149021387
2023-02-14,1461.213134765625,1463.7352349511611,1447.3645343194853,1453.3716512253498,5043736,57.16247318662672,1431.9660339355469,1434.6038469936957,16.94902365414555,13.606205483175223,1379.5251765969472,1431.9660339355469,1484.4068912741466,0.0164597546232425,0.0197452327511937,0.0387937270013465,0.0163257611954836,0.0164312145318376,0.0132730896539057,1.23784115975162,1.0016759817340233,0.0197452327511937,0.0387937270013465,-0.0190484942501527,1463.1391845703124,1453.0278564453124,1431.9660339355469,1.0069587985393045,1.0147083254844251,0.0213337465240932,0.2605561482945486,5777802.3,0.8729506026883487,-0.0255509027605562,-0.0052257464690651,0.0166613973122777,-0.0047457058623834,0.0098815141082546,-0.0032818474875944,0.002519197282407,1,2,0,0,1,xg_INFY.NS,1,2.5036043149021387
2023-02-15,1464.6983642578125,1466.48671791268,1445.3927876362625,1452.7298068628425,3465747,57.803285388088206,1434.6050720214844,1437.4699914950402,17.18393229867661,14.321750846275505,1381.1105919935692,1434.6050720214844,1488.0995520493996,0.0023851616230827,0.0041182138512108,0.0296241987763246,0.0023823216400806,0.0162271291603456,0.0131732743134105,1.2317285016471455,0.1469769928200382,0.0041182138512108,0.0296241987763246,-0.0255059849251138,1464.340625,1457.2420654296875,1434.6050720214844,1.0048712288361092,1.0157792509239534,0.0203014857557946,-0.3128611410272068,5504957.1,0.6295683939116202,0.0164597546232425,-0.0255509027605562,-0.0052257464690651,0.0179852091569956,-0.0184756514062706,0.0113121070491613,-0.0057348495328867,2,2,0,0,1,xg_INFY.NS,1,2.5036043149021387
2023-02-16,1469.0545654296875,1480.6561363023577,1465.4318453938986,1467.403691495149,4290289,58.63617661717364,1437.1913696289064,1440.4780461554828,17.519652472077723,14.961331171435948,1382.2322556735178,1437.1913696289064,1492.150483584295,0.0029741285155884,-0.0094001866044047,0.011396866176957,0.0029697145450198,0.0149553056107229,0.0131681110225815,1.1356351681657593,0.198854489403862,-0.0094001866044047,0.011396866176957,-0.0207970527813617,1461.5525390625,1458.8974609375,1437.1913696289062,1.00181992099931,1.015103132239236,0.0165828894357429,0.2379117690933585,5242302.6,0.8183978162571504,0.0023851616230827,0.0164597546232425,-0.0255509027605562,0.0166613973122777,-0.0047457058623834,0.0210496670508404,-0.0154568490152229,3,2,0,0,0,xg_INFY.NS,1,2.5036043149021387
2023-02-17,1452.5462646484375,1462.818045641871,1444.9340632656852,1461.9009183405285,2857734,54.26490469192675,1439.2503173828125,1441.627400297669,16.266125451912558,15.22229002753127,1385.2883417094858,1439.2503173828125,1493.212293056139,-0.0112373639276097,-0.0153865770960187,-0.0097537012552111,-0.0113009801362808,0.0150891568687733,0.0134302993615917,1.1234323993940882,-0.7446817170511788,-0.0153865770960187,-0.0097537012552111,-0.0056328758408076,1457.012744140625,1457.4667358398438,1439.2503173828125,0.999688506304772,1.0126568799304885,0.0122284757395398,-0.3339064105005513,4824056.6,0.5923923031913447,0.0029741285155884,0.0023851616230827,0.0164597546232425,-0.0052257464690651,0.0179852091569956,0.0098815141082546,0.0129349023939815,4,2,0,0,1,xg_INFY.NS,1,2.5036043149021387
2023-02-20,1460.4794921875,1470.1552310976708,1451.3541192838827,1453.6010366458702,2417716,55.963866363723064,1442.3181091308593,1443.42283762051,15.731498496757697,15.324131721376556,1391.0524389275856,1442.3181091308593,1493.583779334133,0.0054616005921039,0.015949412813961,0.0143962602077654,0.0054467401349569,0.0138335689681779,0.013235829784041,1.0450817298305328,0.3947792377678471,0.015949412813961,0.0143962602077654,0.0015531526061955,1461.5983642578126,1459.5394409179687,1442.3181091308593,1.0014106664623936,1.0119400371374987,0.0132013186286343,-0.1539744426878079,4608767.0,0.5245906334599851,-0.0112373639276097,0.0029741285155884,0.0023851616230827,-0.0255509027605562,0.0166613973122777,-0.0184756514062706,-0.0032818474875944,0,2,0,0,0,xg_INFY.NS,1,2.5036043149021387
2023-02-21,1448.6025390625,1468.9169307095449,1445.3925935818295,1466.2113380605715,2723288,52.80144582020433,1443.7625671386718,1443.9161425197472,14.185905635918289,15.096486504284904,1393.5617210063224,1443.7625671386718,1493.9634132710212,-0.0081322286198012,-0.0086302233418862,0.0109446036407272,-0.0081654755614684,0.0140437660236076,0.013086752466752,1.073046427129808,-0.5790220076384253,-0.0086302233418862,0.0109446036407272,-0.0195748269826134,1459.0762451171877,1461.10771484375,1443.7625671386718,0.998609637259509,1.0120138505456986,0.0105713455316917,0.1263887073585152,4447472.0,0.6123226857863046,0.0054616005921039,-0.0112373639276097,0.0029741285155884,0.0164597546232425,-0.0052257464690651,-0.0047457058623834,0.0113121070491613,1,2,0,0,0,xg_INFY.NS,1,2.5036043149021387
2023-02-22,1432.3695068359375,1444.475542793936,1426.4081791990102,1433.4700148488394,3656244,48.74693453427012,1444.2165466308595,1442.8164629308128,11.518365574327843,14.380862318293492,1394.6348352415878,1444.2165466308595,1493.7982580201312,-0.0112059945974333,-0.0220720239817134,-0.0180447074453885,-0.0112692547944917,0.0131686520819741,0.013364733427381,0.985254730204099,-0.8508952649380461,-0.0220720239817134,-0.0180447074453885,-0.0040273165363249,1452.6104736328125,1458.4755493164062,1444.2165466308593,0.9959786259794738,1.009873174988066,0.0058601687357162,0.3425844053218021,4014762.6,0.9106999253203888,-0.0081322286198012,0.0054616005921039,-0.0112373639276097,0.0023851616230827,-0.0255509027605562,0.0179852091569956,0.0210496670508404,2,2,0,0,0,xg_INFY.NS,1,2.5036043149021387
2023-02-23,1422.1893310546875,1439.7523421262586,1419.8507234941526,1439.7523421262586,4766854,46.34355502506143,1444.5696350097658,1440.8519741807056,8.48505531475621,13.201700917586038,1395.765666550774,1444.5696350097658,1493.3736034687577,-0.0071072273827845,-0.0319016294410359,-0.0410019347757104,-0.0071326040332211,0.0115199010198522,0.0134013781824492,0.85954155770189,-0.6168985716080504,-0.0319016294410359,-0.0410019347757104,0.0091003053346745,1443.2374267578125,1452.3949829101562,1444.5696350097655,0.9936948583132704,1.0054170790460633,-0.0009367305905501,0.3037570796697375,3800956.9,1.2541194560766389,-0.0112059945974333,-0.0081322286198012,0.0054616005921039,0.0029741285155884,0.0164597546232425,0.0166613973122777,0.0098815141082546,3,2,0,0,0,xg_INFY.NS,1,2.5036043149021387
2023-02-24,1422.1435546875,1438.972819252259,1416.96176274362,1430.7186730615194,2790986,46.33249308135669,1446.0141052246097,1439.0702199432574,6.008182719535398,11.762997277975913,1402.144441601826,1446.0141052246097,1489.883768847393,-3.218725256048938e-05,-0.020930631058623,-0.0359951573861899,-3.2187770581337816e-05,0.0115813130423303,0.0128784189913046,0.8992108300963969,-0.002779000398526,-0.020930631058623,-0.0359951573861899,0.0150645263275669,1437.156884765625,1447.084814453125,1446.0141052246097,0.9931393588072084,1.000740455590749,-0.0062280776295687,-0.4145014720400499,3601379.3,0.7749769650753603,-0.0071072273827845,-0.0112059945974333,-0.0081322286198012,-0.0112373639276097,0.0023851616230827,-0.0052257464690651,-0.0184756514062706,4,2,0,0,0,xg_INFY.NS,1,2.5036043149021387
2023-02-27,1384.2203369140625,1412.376101427138,1377.525262560754,1412.376101427138,4920268,38.19798814146971,1444.661334228516,1433.8464215595243,0.97392975024718,9.605183772430165,1394.9956789319565,1444.661334228516,1494.3269895250753,-0.0266662374894851,-0.0522151496692478,-0.0370985378325045,-0.0270282314525562,0.0118191434969357,0.0139626273542084,0.8464235830078628,-2.2559994721213057,-0.0522151496692478,-0.0370985378325045,-0.0151166118367433,1421.9050537109374,1441.751708984375,1444.6613342285157,0.9862343459350444,0.9979859464808792,-0.0164397819557473,0.7629138949460872,3693286.2,1.3322195285051746,-3.218725256048938e-05,-0.0071072273827845,-0.0112059945974333,0.0054616005921039,0.0029741285155884,-0.0255509027605562,-0.0047457058623834,0,2,0,0,0,xg_INFY.NS,1,2.5036043149021387
2023-02-28,1364.272705078125,1397.7019490382825,1358.540659683447,1389.9980576370328,9679811,34.742731827775835,1442.542761230469,1427.2203533232007,-4.572648531694313,6.76961731160527,1383.348208202762,1442.542761230469,1501.7373142581762,-0.014410734551414,-0.0582146114688927,-0.0663424297120413,-0.0145155776495853,0.009829737864182,0.0142817244128392,0.6882256900053132,-1.465885343552804,-0.0582146114688927,-0.0663424297120413,0.0081278182431485,1405.0390869140624,1432.057666015625,1442.5427612304688,0.9811330369280898,0.9927315186096112,-0.0274898663418314,0.9673340964353974,4156893.7,2.328616437797693,-0.0266662374894851,-3.218725256048938e-05,-0.0071072273827845,-0.0081322286198012,-0.0112373639276097,0.0164597546232425,0.0179852091569956,1,2,0,1,1,xg_INFY.NS,0,0.0
2023-03-01,1372.068603515625,1376.4707482224333,1358.7243539750916,1368.7210658416525,5125043,37.13605275669544,1440.0183776855472,1421.9678057224792,-8.244253309919714,3.7668431873002737,1373.3950472241045,1440.0183776855472,1506.64170814699,0.0057143255952287,-0.0420987063970074,-0.0632415267215271,0.0056980607689833,0.0102237592687378,0.0140721596141782,0.7264722030465509,0.5588714066550493,-0.0420987063970074,-0.0632415267215271,0.0211428203245197,1392.97890625,1422.7946899414062,1440.018377685547,0.9790442121395364,0.9880392583795886,-0.0342836147660683,-0.470543071553773,4322823.3,1.1855777218557173,-0.014410734551414,-0.0266662374894851,-3.218725256048938e-05,-0.0112059945974333,0.0054616005921039,0.0023851616230827,0.0166613973122777,2,3,1,0,0,xg_INFY.NS,1,2.5036043149021387
2023-03-02,1350.149169921875,1365.235871380038,1345.701124272383,1361.9342350192826,4644499,33.424275625175476,1434.9008056640623,1415.1279356462312,-12.775473940681197,0.4583797617039793,1357.467572934155,1434.9008056640623,1512.33403839397,-0.0159754647381233,-0.0506544097608916,-0.0809400809921812,-0.0161044480315117,0.0100343908197086,0.0133364993926156,0.7523442381758758,-1.59191256475522,-0.0506544097608916,-0.0809400809921812,0.0302856712312895,1378.5708740234377,1410.904150390625,1434.9008056640623,0.9770832934623972,0.9832764361280486,-0.0417212652464798,-0.0937638962248706,4358244.3,1.06568119643934,0.0057143255952287,-0.014410734551414,-0.0266662374894851,-0.0071072273827845,-0.0081322286198012,0.0029741285155884,-0.0052257464690651,3,3,0,0,1,xg_INFY.NS,1,2.5036043149021387
2023-03-03,1356.7066650390625,1366.3365031467508,1350.9287173928365,1363.539219676714,4615015,35.50124834548631,1429.393463134766,1409.5640051122152,-15.656881104257993,-2.764672411488415,1346.083916336406,1429.393463134766,1512.7030099331257,0.0048568671249613,-0.0460128581483579,-0.065980411049125,0.0048451105970555,0.0107841323652644,0.0131154144357197,0.8221860035084103,0.4503298578517069,-0.0460128581483579,-0.065980411049125,0.019967552900767,1365.48349609375,1401.3201904296875,1429.3934631347656,0.9744264768461312,0.9803600104316196,-0.0471066949753471,-0.0063481550970297,4533972.4,1.0178745243352123,-0.0159754647381233,0.0057143255952287,-0.014410734551414,-3.218725256048938e-05,-0.0112059945974333,-0.0112373639276097,-0.0255509027605562,4,3,0,0,1,xg_INFY.NS,1,2.5036043149021387
2023-03-06,1382.5235595703125,1394.400425758518,1369.4087058218104,1370.6927064845922,6561742,43.03595610392889,1426.532019042969,1406.988724584415,-15.676500473749684,-5.3470380239406685,1340.8238176601672,1426.532019042969,1512.240220425771,0.0190290909571868,-0.0012258000395607,-0.0533769443762783,0.0188503023681079,0.0130966530193627,0.0135815888611782,0.9642236213742406,1.4528626563137272,-0.0012258000395607,-0.0533769443762783,0.0521511443367176,1365.144140625,1393.5245971679688,1426.5320190429688,0.9796340469334768,0.9768617728628732,-0.0444027720128314,0.4218246311225424,4948375.0,1.326039760527178,0.0048568671249613,-0.0159754647381233,0.0057143255952287,-0.0266662374894851,-0.0071072273827845,0.0054616005921039,0.0164597546232425,0,3,0,0,0,xg_INFY.NS,0,0.0
2023-03-08,1368.9959716796875,1372.02253676298,1358.3573166463943,1367.024237409992,4137080,40.37447700416852,1423.335827636719,1403.370367164917,-16.59234601691992,-7.596099622536519,1333.9422152564998,1423.335827636719,1512.729440016938,-0.0097847069563352,0.0034621132446477,-0.0549540438016433,-0.0098328917753054,0.0131453904044492,0.013682775278762,0.9606552385328644,-0.7442884818804496,0.0034621132446477,-0.0549540438016433,0.0584161570462911,1366.0887939453123,1385.5639404296876,1423.3358276367187,0.985944245576761,0.9734624208330744,-0.0418168021496564,-0.3695149855023254,5089754.2,0.8128251065639254,0.0190290909571868,0.0048568671249613,-0.0159754647381233,-0.014410734551414,-3.218725256048938e-05,-0.0081322286198012,0.0023851616230827,2,3,0,0,0,xg_INFY.NS,1,2.5036043149021387
2023-03-09,1357.71533203125,1374.177722948133,1352.395948695255,1371.10536876011,5104656,38.25014340901521,1418.2870361328123,1399.0222685807582,-18.020682343017825,-9.68101616663278,1325.9438215892146,1418.2870361328123,1510.6302506764105,-0.0082400824266829,-0.0104610450582411,-0.0521193549907358,-0.0082742195637708,0.0130368154161049,0.0128806694860252,1.0120439303498692,-0.6320140425139315,-0.0104610450582411,-0.0521193549907358,0.0416583099324946,1363.2181396484375,1378.0985229492187,1418.2870361328123,0.9892022355056762,0.9716640481371288,-0.0405599724663841,0.2338789677743722,5234595.4,0.9751768016299835,-0.0097847069563352,0.0190290909571868,0.0048568671249613,0.0057143255952287,-0.0266662374894851,-0.0112059945974333,0.0029741285155884,3,3,0,0,0,xg_INFY.NS,1,2.5036043149021387
2023-03-10,1349.5989990234375,1352.1210996140833,1336.850904556274,1339.006131761109,3699580,36.75182030389356,1411.617236328125,1394.31529052768,-19.58184212798551,-11.661181358903328,1319.6839299066974,1411.617236328125,1503.5505427495527,-0.0059779342667286,-0.0004074889728439,-0.051041257620332,-0.0059958736451228,0.0130239367254314,0.0119786925355979,1.0871678623412442,-0.4589607145696639,-0.0004074889728439,-0.051041257620332,0.0506337686474881,1363.10810546875,1370.8394897460937,1411.617236328125,0.9943601097464914,0.9711127453444096,-0.03594336606242,-0.2752538075043647,5127868.0,0.7214655291437452,-0.0082400824266829,-0.0097847069563352,0.0190290909571868,-0.0159754647381233,-0.014410734551414,-0.0071072273827845,-0.0112373639276097,4,3,0,0,0,xg_INFY.NS,1,2.5036043149021387
2023-03-13,1316.1695556640625,1355.7895279106722,1309.6579732857313,1342.8579415523982,8798403,31.31143827838566,1403.6634521484375,1386.872839588288,-23.24855433999869,-13.9786559551224,1307.4813723290997,1403.6634521484375,1499.8455319677753,-0.0247699082346418,-0.0298790522812334,-0.0745170898353676,-0.0250818442717033,0.0142369771282144,0.0127986963514412,1.1122902244951614,-1.7397069830627112,-0.0298790522812334,-0.0745170898353676,0.0446380375541342,1355.00068359375,1360.24208984375,1403.6634521484375,0.996146710729557,0.9690656886177188,-0.0369730239886419,1.3782167164921422,5728609.7,1.535870562101388,-0.0059779342667286,-0.0082400824266829,-0.0097847069563352,0.0048568671249613,0.0057143255952287,-3.218725256048938e-05,0.0054616005921039,0,3,0,0,0,xg_INFY.NS,1,2.5036043149021387
2023-03-14,1302.3209228515625,1328.321462547265,1294.066776157433,1321.5805984711983,7402784,29.371704487743116,1396.9019287109377,1378.8202760895522,-26.961128014339465,-16.575150366965815,1292.1216914298188,1396.9019287109377,1501.682165992056,-0.010521921550991,-0.0580117685254325,-0.0591664577368398,-0.0105776683546974,0.0126662358678617,0.0119814217801586,1.0570681036145353,-0.8306406907355676,-0.0580117685254325,-0.0591664577368398,0.0011546892114072,1338.96015625,1352.0521484375,1396.9019287109377,0.9903169473140296,0.96789339369384,-0.0444911630031007,-0.1586218544433575,5976861.3,1.2385738313851722,-0.0247699082346418,-0.0059779342667286,-0.0082400824266829,0.0190290909571868,-0.0159754647381233,-0.0266662374894851,-0.0081322286198012,1,3,0,0,0,xg_INFY.NS,1,2.5036043149021387
2023-03-15,1302.0,1323.2773119475332,1299.4319983717653,1318.829266229014,7556182,29.326365086919587,1388.9412719726563,1371.5040593191186,-29.588190943770087,-19.17775848232667,1280.6018736600356,1388.9412719726563,1497.280670285277,-0.0002464237853598,-0.0489380341985132,-0.0456453499702311,-0.0002464541526903,0.0124115991935753,0.0109553276023001,1.1328247606405688,-0.0198527142878689,-0.0489380341985132,-0.0456453499702311,-0.0032926842282821,1325.5609619140623,1345.8248779296875,1388.9412719726563,0.9849431257008732,0.9689573670874274,-0.0486791935933899,0.0207216636335736,5764498.4,1.310813443889357,-0.010521921550991,-0.0247699082346418,-0.0059779342667286,-0.0097847069563352,0.0048568671249613,-0.014410734551414,-0.0112059945974333,2,3,0,0,0,xg_INFY.NS,1,2.5036043149021387
2023-03-16,1287.738525390625,1300.3032376058477,1282.786015172728,1300.3032376058477,7323117,27.30892907056418,1380.0932800292967,1363.5263894211669,-32.44691125966983,-21.831589037795304,1268.9367858111111,1380.0932800292967,1491.249774247482,-0.0109535135248656,-0.0515401166870039,-0.0614619982622753,-0.0110139449502693,0.011985684880379,0.0108430157312663,1.1052810303309415,-0.913806747585014,-0.0515401166870039,-0.0614619982622753,0.0099218815752714,1311.5656005859375,1337.3918701171874,1380.093280029297,0.9806890784157476,0.969059040769184,-0.0532155232542818,-0.0308442808815351,5984305.8,1.223720385411918,-0.0002464237853598,-0.010521921550991,-0.0247699082346418,-0.0082400824266829,0.0190290909571868,0.0057143255952287,-0.0071072273827845,3,3,0,0,1,xg_INFY.NS,1,2.5036043149021387
2023-03-17,1302.962890625,1323.3231866747517,1294.4336727271848,1311.4922204768466,9090018,32.63645885525019,1371.7886962890625,1357.7584371548653,-33.10240475047112,-24.08575218033047,1263.84567630043,1371.7886962890625,1479.731716277695,0.0118225594204046,-0.0345555297774992,-0.034948937753008,0.0117532189509237,0.0126847962176298,0.0114096831459577,1.111659666242106,0.9319524937642076,-0.0345555297774992,-0.034948937753008,0.0003934079755087,1302.23837890625,1332.6732421875,1371.7886962890625,0.9771625464383956,0.971485802290559,-0.0533785865148091,0.2412771774641864,6428857.7,1.4139398356878523,-0.0109535135248656,-0.0002464237853598,-0.010521921550991,-0.0059779342667286,-0.0097847069563352,-0.0159754647381233,-3.218725256048938e-05,4,3,0,0,0,xg_INFY.NS,1,2.5036043149021387
2023-03-20,1287.325927734375,1302.0457556788049,1270.0838874264853,1302.0457556788049,8221829,30.189124888037316,1363.5276794433591,1351.050579114819,-34.48612569607235,-26.165826883478847,1256.3211985234284,1363.5276794433591,1470.73416036329,-0.0120010807699398,-0.0219148268591691,-0.0511390848829432,-0.0120736751315684,0.0125736506301364,0.0114296803399941,1.0999914489904152,-0.95438681542198,-0.0219148268591691,-0.0511390848829432,0.0292242580237741,1296.4696533203123,1325.7351684570312,1363.5276794433594,0.9779250669115314,0.9722832828727348,-0.0520909465725322,-0.0955101519050897,6789539.1,1.2109553946009073,0.0118225594204046,-0.0109535135248656,-0.0002464237853598,-0.0247699082346418,-0.0082400824266829,0.0048568671249613,-0.0266662374894851,0,3,0,0,0,xg_INFY.NS,0,0.0
2023-03-21,1275.4490966796875,1288.5640639628448,1274.8071522479388,1283.0612992768824,8536755,28.44442693094913,1354.2761596679684,1343.8504379305205,-36.12467278093618,-28.157596062970313,1250.414702602813,1354.2761596679684,1458.137616733124,-0.0092259705167206,-0.0206337974767666,-0.0774485629191763,-0.0092687933744937,0.0092748594337736,0.0111251918639877,0.8336059225972662,-0.9946216393845594,-0.0206337974767666,-0.0774485629191763,0.0568147654424097,1291.0952880859377,1315.0277221679687,1354.2761596679688,0.9818008140219464,0.9710188817695626,-0.0495361765095188,0.0383036426566401,6987040.4,1.221798431278396,-0.0120010807699398,0.0118225594204046,-0.0109535135248656,-0.010521921550991,-0.0059779342667286,0.0190290909571868,-0.014410734551414,1,3,0,0,0,xg_INFY.NS,1,2.5036043149021387
2023-03-22,1274.119140625,1290.6274325316042,1267.6075589859763,1286.7296413869892,8356487,28.247560318297715,1345.5519897460936,1337.2093619966613,-37.10285091981109,-29.946647034338472,1245.8211205470127,1345.5519897460936,1445.2828589451744,-0.0010427355024592,-0.0214138704877112,-0.0693039519599744,-0.0010432795293402,0.009496237168832,0.0111896260990175,0.8485885494526317,-0.1097935624774433,-0.0214138704877112,-0.0693039519599744,0.0478900814722631,1285.5191162109377,1305.5400390625,1345.5519897460938,0.9846646427895543,0.9702635416628204,-0.0471171585301733,-0.0211166889526523,7408981.1,1.1278861272839356,-0.0092259705167206,-0.0120010807699398,0.0118225594204046,-0.0002464237853598,-0.0247699082346418,-0.0097847069563352,0.0057143255952287,2,3,0,0,0,xg_INFY.NS,1,2.5036043149021387
2023-03-23,1260.637451171875,1269.258358749589,1256.4644769231124,1269.258358749589,7607718,26.263226767898814,1336.9653869628903,1329.9167990609674,-38.52186769815535,-31.66169116710185,1239.154320503951,1336.9653869628903,1434.77645342183,-0.0105811843047203,-0.0210454790971863,-0.0715009093357874,-0.0106375630909241,0.0095557077062203,0.01117618082811,0.8549300448095277,-1.1071997417932131,-0.0210454790971863,-0.0715009093357874,0.0504554302386011,1280.0989013671874,1295.8322509765626,1336.9653869628903,0.9878584981987304,0.9692339559517186,-0.0451093100104559,-0.0896033225445094,7659287.3,0.9932670889625732,-0.0010427355024592,-0.0092259705167206,-0.0120010807699398,-0.0109535135248656,-0.010521921550991,-0.0082400824266829,-0.0159754647381233,3,3,0,0,1,xg_INFY.NS,1,2.5036043149021387
2023-03-24,1266.23193359375,1283.015297395886,1263.3429599696206,1272.972797414035,7559127,28.507594011247942,1329.1675170898434,1323.8515737783753,-38.748353839008814,-33.079023701483244,1235.1717302676452,1329.1675170898434,1423.1633039120416,0.004437820260436,-0.0281903324304432,-0.0617717303362046,0.0044280021726601,0.0102633185284545,0.0114279211585942,0.898012890808749,0.4323541059383161,-0.0281903324304432,-0.0617717303362046,0.0335813979057614,1272.7527099609374,1287.4955444335938,1329.1675170898438,0.9885492151515428,0.9686480657099648,-0.0445532967793609,-0.0063870663975714,8045242.0,0.9395773303026882,-0.0105811843047203,-0.0010427355024592,-0.0092259705167206,0.0118225594204046,-0.0002464237853598,-0.0059779342667286,0.0048568671249613,4,3,0,0,1,xg_INFY.NS,1,2.5036043149021387
2023-03-27,1273.8438720703125,1280.080382264346,1260.22455455309,1271.3676732322765,4170193,31.559983421133495,1321.752532958984,1319.0889355204645,-37.8770034003619,-34.038619641258975,1235.565758965452,1321.752532958984,1407.9393069525163,0.0060114883179092,-0.0104729155015079,-0.0321582302307509,0.0059934914114565,0.0085907843644361,0.011663941184575,0.7364618671027722,0.6996786770851058,-0.0104729155015079,-0.0321582302307509,0.0216853147292429,1270.056298828125,1283.2629760742188,1321.7525329589844,0.9897085184468613,0.9708799068471616,-0.040582865188055,-0.4483234638073947,7582421.0,0.5499817274719314,0.004437820260436,-0.0105811843047203,-0.0010427355024592,-0.0120010807699398,-0.0109535135248656,-0.0247699082346418,0.0190290909571868,0,3,0,0,0,xg_INFY.NS,1,2.5036043149021387
2023-03-28,1263.4346923828125,1282.144113859987,1261.8297194219722,1276.7330397726337,6633366,29.693001773453688,1315.7132507324218,1313.7885314121168,-37.593036582756895,-34.74950302955856,1231.042935973583,1315.7132507324218,1400.3835654912605,-0.0081714721212911,-0.0094197442517709,-0.0298591766333636,-0.0082050415993837,0.0083991282731512,0.010573553640744,0.7942773339187688,-0.9727794452150266,-0.0094197442517709,-0.0298591766333636,0.0204394323815927,1267.65341796875,1279.3743530273437,1315.7132507324218,0.9908385414864236,0.9723808377814472,-0.0380390320555721,0.590661631248242,7505479.2,0.8838031287861161,0.0060114883179092,0.004437820260436,-0.0105811843047203,-0.0092259705167206,0.0118225594204046,-0.010521921550991,-0.0097847069563352,1,3,0,0,1,xg_INFY.NS,1,2.5036043149021387
2023-03-29,1268.8917236328125,1274.7154605284104,1251.4663021459326,1264.7187489688145,8813966,31.96526479005983,1310.9442016601563,1309.512644956945,-36.50682605235125,-35.1009676341171,1227.0490243707775,1310.9442016601563,1394.8393789495349,0.0043192032662235,-0.0041027693765147,-0.0254287836921562,0.0043099022800783,0.0086843861992226,0.0104787350631387,0.8286837545892669,0.497295476234571,-0.0041027693765147,-0.0254287836921562,0.0213260143156415,1266.6079345703124,1276.063525390625,1310.9442016601563,0.992590031270255,0.9733927071607176,-0.0349409380359972,0.328732049460259,7631257.6,1.1549821093706554,-0.0081714721212911,0.0060114883179092,0.004437820260436,-0.0010427355024592,-0.0120010807699398,-0.0002464237853598,-0.0082400824266829,2,3,0,0,1,xg_INFY.NS,1,2.5036043149021387
2023-03-31,1309.6121826171875,1311.4464376364792,1278.384058086171,1287.6470235427855,8711975,45.99206274761171,1307.8213806152344,1309.522124734111,-31.99141849783996,-34.47905780686167,1229.0105541936568,1307.8213806152344,1386.632207036812,0.0320913583294508,0.0388491801507135,0.0169861014447225,0.0315871886542531,0.0134242509535349,0.0130520400665715,1.0284386537595989,2.390373069413717,0.0388491801507135,0.0169861014447225,0.021863078705991,1276.402880859375,1278.250891113281,1307.8213806152344,0.9985542664067328,0.97738950445355,-0.0239906898949818,-0.0115715218325098,7770143.4,1.1212116111008812,0.0043192032662235,-0.0081714721212911,0.0060114883179092,-0.0105811843047203,-0.0092259705167206,-0.0109535135248656,-0.0059779342667286,4,3,0,1,0,xg_INFY.NS,1,2.5036043149021387
2023-04-03,1293.9293212890625,1316.0779729812627,1288.701739279046,1316.0779729812627,5242764,42.369019044319465,1305.0103881835937,1308.0370958345825,-29.340185921502325,-33.451283429789804,1228.5818743371767,1305.0103881835937,1381.4389020300107,-0.0119751950510903,0.0218738660434059,-0.0069330979423399,-0.0120474753258328,0.0135521515323842,0.0128598104657266,1.0537556376015322,-0.8835727264228188,0.0218738660434059,-0.0069330979423399,0.0288069639857458,1281.9423583984376,1277.3475341796875,1305.0103881835937,1.003597160597097,0.9788025794626743,-0.0178278901371327,-0.398211771727995,7385418.0,0.7098804698663352,0.0320913583294508,0.0043192032662235,-0.0081714721212911,0.004437820260436,-0.0010427355024592,0.0118225594204046,-0.0247699082346418,0,4,0,0,1,xg_INFY.NS,0,0.0
2023-04-05,1305.57666015625,1309.1992683413307,1283.97826667451,1283.97826667451,7506334,45.78485791995155,1302.4538879394531,1307.8027686271223,-25.999515863211627,-31.96092991647417,1229.9884900770676,1302.4538879394531,1374.919285801839,0.0090015263396179,0.0249110497618234,0.014177242941106,0.0089612540954195,0.0132145530593304,0.0130094311607694,1.0156890956217066,0.6811312624758208,0.0249110497618234,0.014177242941106,0.0107338068207174,1288.288916015625,1279.172607421875,1302.4538879394531,1.0071267228057077,0.9821250635180564,-0.0108495903428089,0.4317512670797312,7313868.5,1.0263151436205031,-0.0119751950510903,0.0320913583294508,0.0043192032662235,0.0060114883179092,-0.0105811843047203,-0.0120010807699398,-0.010521921550991,2,4,0,0,0,xg_INFY.NS,1,2.5036043149021387
2023-04-06,1304.0633544921875,1310.0246820529576,1293.4704891987503,1298.6522809308383,6948465,45.40827467290581,1298.5308776855468,1307.4466339476046,-23.206610533043204,-30.21006603978798,1236.585232847518,1298.5308776855468,1360.4765225235756,-0.001159109005427,0.0321573108244717,0.0224346529289094,-0.0011597812918227,0.0127251054120035,0.0120531048568693,1.0556657307283883,-0.0910812041784394,0.0321573108244717,0.0224346529289094,0.0097226578955622,1296.4146484375,1282.034033203125,1298.5308776855468,1.011217030797884,0.9872957626453788,-0.0016227963470921,-0.0743197678120903,7155039.5,0.971128810679386,0.0090015263396179,-0.0119751950510903,0.0320913583294508,-0.0081714721212911,0.004437820260436,-0.0092259705167206,-0.0002464237853598,3,4,0,0,1,xg_INFY.NS,1,2.5036043149021387
2023-04-10,1309.291015625,1315.160653204444,1297.7352331131715,1305.9434783219242,4993788,47.02912070026896,1295.545629882812,1307.6222893454517,-20.336952642310507,-28.23544336029249,1242.8314734871708,1295.545629882812,1348.2597862784537,0.0040087478225689,0.0318382500569276,0.0276048556830776,0.0040007342022665,0.0126781437589392,0.0120299266288153,1.0537961164665186,0.3161686545073422,0.0318382500569276,0.0276048556830776,0.0042333943738499,1304.4945068359375,1285.551220703125,1295.5456298828126,1.0147355358757713,0.9922855598836826,0.0068349028950245,-0.2813106204032113,6818769.6,0.7323591047861872,-0.001159109005427,0.0090015263396179,-0.0119751950510903,0.0043192032662235,0.0060114883179092,-0.0010427355024592,-0.0109535135248656,0,4,0,0,0,xg_INFY.NS,1,2.5036043149021387
2023-04-11,1289.61865234375,1314.5644716127188,1273.8898958181142,1310.483299665465,6942255,41.97817929796037,1292.140795898437,1305.9076572500514,-19.426190366966463,-26.473592761627284,1248.281174953776,1292.140795898437,1336.0004168430987,-0.0150252029888552,-0.0152667564786099,0.0229893226993489,-0.0151392249281121,0.0132636087526392,0.0123030280189483,1.0779891538131323,-1.1327286970198582,-0.0152667564786099,0.0229893226993489,-0.0382560791779589,1300.49580078125,1288.4493408203125,1292.1407958984375,1.009349579823812,0.9971431479527288,0.0064786631828161,0.3901781573426826,6752223.3,1.0281435745762395,0.0040087478225689,-0.001159109005427,0.0090015263396179,0.0320913583294508,-0.0081714721212911,-0.0105811843047203,0.0118225594204046,1,4,0,0,1,xg_INFY.NS,1,2.5036043149021387
2023-04-12,1309.93310546875,1312.8678683565352,1283.9783553609143,1295.946912669283,5831169,48.16874680447228,1290.1575012207031,1306.2910332708798,-16.870722917714374,-24.553018792844703,1254.3984620907536,1290.1575012207031,1325.916540350653,0.0157522947485915,0.012368360401435,0.0345127703034386,0.0156295150498628,0.0139271198482967,0.0129234107385174,1.077582578429752,1.1309706493168812,0.012368360401435,0.0345127703034386,-0.0221444099020036,1303.6965576171874,1292.8194580078125,1290.1575012207031,1.0084134714572877,1.0020632804790042,0.0103356853414582,-0.1600468435688403,6579427.5,0.8862730077957564,-0.0150252029888552,0.0040087478225689,-0.001159109005427,-0.0119751950510903,0.0043192032662235,0.004437820260436,-0.0120010807699398,2,4,0,0,0,xg_INFY.NS,1,2.5036043149021387
2023-04-13,1274.0733642578125,1294.1126879036103,1268.3872190480308,1292.9203774786415,11267238,40.04627930557143,1288.052691650391,1303.2226838410638,-17.53692324162057,-23.149799682599877,1253.8171754764917,1288.052691650391,1322.2882078242897,-0.0273752461566388,-0.0241297940288448,0.0001801572331836,-0.0277569301299109,0.0169319243325107,0.013181802011107,1.2843949501968526,-1.6166874438858214,-0.0241297940288448,0.0001801572331836,-0.0243099512620285,1297.3958984375,1292.8424072265625,1288.052691650391,1.0035220775443974,1.00371857114792,0.0073333349940581,0.9322434318058694,7289132.0,1.545758534760854,0.0157522947485915,-0.0150252029888552,0.0040087478225689,0.0090015263396179,0.0320913583294508,0.0060114883179092,-0.0092259705167206,3,4,0,0,0,xg_INFY.NS,1,2.5036043149021387
2023-04-17,1154.0213623046875,1156.6351528002706,1087.071067320038,1146.6843436762329,53171705,24.90513987295618,1280.637713623047,1289.0130341709328,-27.43582196183479,-24.00700413844686,1212.22947767969,1280.637713623047,1349.0459495664038,-0.0942269144940951,-0.1150572874167816,-0.0865999095463918,-0.0989664618078762,0.0344429353045784,0.0245603617539919,1.4023218927989776,-2.7356605353271006,-0.1150572874167816,-0.0865999095463918,-0.0284573778703898,1267.3875,1281.90107421875,1280.637713623047,0.9886780856100028,1.0009865089730403,-0.011481774996422,3.719142792581465,11942965.9,4.452135712787688,-0.0273752461566388,0.0157522947485915,-0.0150252029888552,-0.001159109005427,-0.0119751950510903,-0.0081714721212911,-0.0010427355024592,0,4,0,0,0,xg_INFY.NS,1,2.5036043149021387
2023-04-18,1154.984375,1164.7059031013866,1149.2523287192262,1164.7059031013866,12430884,25.14961670235067,1273.2869323730467,1276.2483999641772,-34.801888926914216,-26.16598109614033,1185.6510270105462,1273.2869323730467,1360.922837735547,0.0008344842883925,-0.1178551130218674,-0.0897691635238174,0.000834136299959,0.0343166872202062,0.0245742418203377,1.3963926569303082,0.0243164489214516,-0.1178551130218674,-0.0897691635238174,-0.0280859494980499,1236.526171875,1270.510339355469,1273.286932373047,0.9732515616537928,0.9978193501032768,-0.0318279288393376,-0.7662124244464231,12304657.7,1.010258416209253,-0.0942269144940951,-0.0273752461566388,0.0157522947485915,0.0040087478225689,0.0090015263396179,0.0043192032662235,-0.0105811843047203,1,4,0,0,0,xg_INFY.NS,1,2.5036043149021387
2023-04-19,1130.084228515625,1150.3986208573567,1127.5163392156835,1150.3986208573567,11307230,23.059228976486512,1265.4042175292968,1262.328002683363,-42.16275776238899,-29.365336429390062,1157.27596176302,1265.4042175292968,1373.5324732955737,-0.0215588600359852,-0.1237066659498042,-0.1370848228845778,-0.0217946472879271,0.0312708239673504,0.0248074998082205,1.260488308808925,-0.6894020655301056,-0.1237066659498042,-0.1370848228845778,0.0133781569347735,1204.619287109375,1252.5575439453123,1265.4042175292968,0.9617277010005132,0.989847770849802,-0.0537879645482385,-0.0903921233598511,12564183.2,0.8999574281915199,0.0008344842883925,-0.0942269144940951,-0.0273752461566388,-0.0150252029888552,-0.001159109005427,0.0320913583294508,0.004437820260436,2,4,0,0,0,xg_INFY.NS,1,2.5036043149021387
2023-04-20,1122.013671875,1135.266117885482,1120.1794170940875,1128.7086346529145,8621249,22.409090341880407,1256.356756591797,1248.9647330825662,-48.09313806051864,-33.110896755615784,1132.3459487253365,1256.356756591797,1380.3675644582574,-0.0071415532019465,-0.1434572748861892,-0.1328632457627542,-0.0071671761576945,0.031345827409981,0.0244419833852643,1.282405953312478,-0.2278237956442322,-0.1434572748861892,-0.1328632457627542,-0.0105940291234349,1167.035400390625,1235.3659790039062,1256.356756591797,0.9446879873862342,0.9832923431360104,-0.0796080818265848,-0.2375454465859454,12902031.7,0.6682086356987739,-0.0215588600359852,0.0008344842883925,-0.0942269144940951,0.0157522947485915,0.0040087478225689,-0.0119751950510903,0.0060114883179092,3,4,0,0,1,xg_INFY.NS,1,2.5036043149021387
2023-04-21,1125.6363525390625,1131.047426880891,1118.8954881773257,1126.324198126057,8691352,23.45237817401374,1248.2722778320312,1237.219173030804,-51.90238869057521,-36.86919514260767,1112.2612173223124,1248.2722778320312,1384.28333834175,0.0032287313023633,-0.1165058589896973,-0.1378243906379671,0.0032235301418781,0.0309319421165585,0.024520056494945,1.2614441030685224,0.1043784095996152,-0.1165058589896973,-0.1378243906379671,0.0213185316482698,1137.347998046875,1217.3719482421875,1248.2722778320312,0.9342649957468938,0.9752455212387552,-0.0985436189360336,0.0081314204009186,13020533.5,0.6675112045139573,-0.0071415532019465,-0.0215588600359852,0.0008344842883925,-0.0273752461566388,-0.0150252029888552,0.0090015263396179,-0.0081714721212911,4,4,0,0,0,xg_INFY.NS,1,2.5036043149021387
2023-04-24,1124.6734619140625,1128.0667887734735,1117.0612591269032,1126.2325338323783,8313774,23.362460829293095,1240.73349609375,1226.5005338768285,-54.37217588716544,-40.36979129151923,1094.7185624873805,1240.73349609375,1386.7484297001192,-0.0008554189128914,-0.0254309853779608,-0.1375622526008184,-0.0008557849924324,0.0309463862875148,0.024540529249584,1.2609803559017976,-0.0276410713636429,-0.0254309853779608,-0.1375622526008184,0.1121312672228576,1131.47841796875,1199.432958984375,1240.73349609375,0.9433444441336964,0.9667128055787942,-0.0971438215844987,-0.04344295340932,13157064.4,0.6318866995892616,0.0032287313023633,-0.0071415532019465,-0.0215588600359852,-0.0942269144940951,0.0157522947485915,-0.001159109005427,0.0043192032662235,0,4,0,0,0,xg_INFY.NS,1,2.5036043149021387
2023-04-25,1123.389404296875,1133.110932602619,1114.3098204064606,1124.3523209198693,6808576,23.23452780334133,1233.1970092773438,1216.6804262977853,-55.79000035666672,-43.45383310454873,1079.1014982805095,1233.1970092773438,1387.292520274178,-0.0011417159385997,-0.0273553230563183,-0.1419864713876337,-0.0011423681927489,0.0306504436018686,0.0245394929528136,1.2489742427262234,-0.0372483578075321,-0.0273553230563183,-0.1419864713876337,0.1146311483313153,1125.159423828125,1180.8427978515624,1233.1970092773438,0.95284438019629,0.9575459468098604,-0.0961710917300658,-0.1810487030318601,13338543.2,0.5104437492093956,-0.0008554189128914,0.0032287313023633,-0.0071415532019465,0.0008344842883925,-0.0273752461566388,0.0040087478225689,0.0320913583294508,1,4,0,0,1,xg_INFY.NS,1,2.5036043149021387
2023-04-26,1125.81982421875,1130.8181239428047,1119.3999321931217,1126.2324867816417,5680192,24.08193221465623,1226.4561279296877,1208.0270356235917,-56.071168362004755,-45.97730015603994,1065.761013988044,1226.4561279296877,1387.1512418713314,0.0021634705762567,-0.0037735278391384,-0.1270133832410941,0.0021611336437725,0.0311118488624539,0.0245790640957719,1.265735058347778,0.069536241628698,-0.0037735278391384,-0.1270133832410941,0.1232398554019557,1124.30654296875,1164.4629150390624,1226.4561279296877,0.9655151129746664,0.9494533791475508,-0.0907335106057695,-0.1657298089938336,13212336.9,0.4299157706158378,-0.0011417159385997,-0.0008554189128914,0.0032287313023633,-0.0215588600359852,-0.0942269144940951,-0.0150252029888552,-0.0119751950510903,2,4,0,0,1,xg_INFY.NS,1,2.5036043149021387
2023-04-27,1142.969970703125,1144.3915628906238,1123.847887666319,1128.0666511252507,8020704,29.957597277230924,1220.2930297851565,1201.831124678785,-54.284366158179864,-47.638713356467925,1056.5943229324944,1220.2930297851565,1383.9917366378186,0.0152334735234176,0.0186774005998562,-0.1274592832783461,0.0151186092182573,0.0310589021645831,0.0249212362175879,1.2462325568788433,0.4904546525194149,0.0186774005998562,-0.1274592832783461,0.1461366838782023,1128.497802734375,1147.7666015625,1220.2930297851562,0.9832119188675698,0.9405663832764616,-0.0803128948298713,0.4120480434464186,13431290.4,0.5971655560361797,0.0021634705762567,-0.0011417159385997,-0.0008554189128914,-0.0071415532019465,0.0008344842883925,0.0157522947485915,0.0090015263396179,3,4,0,0,1,xg_INFY.NS,1,2.5036043149021387
2023-04-28,1148.9312744140625,1154.6633202852163,1141.7776363852545,1151.6367552836386,10118277,31.92969168106159,1214.047399902344,1196.7930437011923,-51.79027905108342,-48.46902649539103,1049.4223611740472,1214.047399902344,1378.672438630641,0.0052156258377202,0.0206948912252651,-0.0982220438433301,0.0052020715701788,0.0311025468571402,0.0249036947274481,1.2488628026771682,0.1676858868114253,0.0206948912252651,-0.0982220438433301,0.1189169350685952,1133.156787109375,1135.252392578125,1214.0473999023438,0.9981540620548786,0.935097256226934,-0.0704050926233353,0.2615198117272499,13316394.3,0.7598360916662883,0.0152334735234176,0.0021634705762567,-0.0011417159385997,0.0032287313023633,-0.0215588600359852,-0.0273752461566388,-0.001159109005427,4,4,0,0,1,xg_INFY.NS,1,2.5036043149021387
2023-05-02,1171.5843505859375,1173.6937883843757,1150.5822227207543,1150.5822227207543,8886401,38.962576115359624,1209.4548828125,1194.3922157854538,-47.4389365910597,-48.26300851452476,1045.5076206426638,1209.4548828125,1373.4021449823365,0.0197166503135077,0.0417106744850528,0.0152189455541578,0.0195247948940453,0.0113382243253642,0.0254813434074637,0.4449443343598986,1.7388006223145551,0.0417106744850528,0.0152189455541578,0.026491728930895,1142.53896484375,1137.00869140625,1209.4548828125,1.0048638796513158,0.9401001290450935,-0.0571157492290537,-0.121747605842378,8887863.9,0.9998354047702056,0.0052156258377202,0.0152334735234176,0.0021634705762567,-0.0008554189128914,-0.0071415532019465,-0.0942269144940951,0.0040087478225689,1,5,0,0,0,xg_INFY.NS,1,2.5036043149021387
2023-05-03,1163.9722900390625,1167.044644512001,1157.506496932256,1161.0833162689144,5549783,37.55833455753176,1204.2089111328123,1191.4950800000831,-44.09638038719004,-47.42968288905782,1041.560196029183,1204.2089111328123,1366.8576262364418,-0.0064972364499986,0.0361253947980648,0.0077818498965083,-0.0065184353635343,0.0116244683942274,0.0254226057411832,0.4572313035596358,-0.5588795418535405,0.0361253947980648,0.0077818498965083,0.0283435449015565,1150.6555419921874,1137.9074829101562,1204.2089111328123,1.0112030716675038,0.9449419219458476,-0.0460091443747581,-0.3754746156514882,8199753.8,0.6768231260796298,0.0197166503135077,0.0052156258377202,0.0152334735234176,-0.0011417159385997,0.0032287313023633,0.0008344842883925,-0.0150252029888552,2,5,0,0,1,xg_INFY.NS,1,2.5036043149021387
2023-05-04,1168.007568359375,1170.0711048738815,1157.8732664731897,1163.788693033167,4505401,38.81720039202269,1197.128680419922,1189.2581741295396,-40.65314314906573,-46.0743749410594,1041.6278151435154,1197.128680419922,1352.6295456963285,0.0034668164825273,0.0374729092818211,0.033557976376294,0.0034608209272635,0.0085563590940383,0.0240535560450099,0.3557063816945116,0.4051269140899527,0.0374729092818211,0.033557976376294,0.003914932905527,1159.0930908203125,1141.6998168945313,1197.128680419922,1.0152345420997717,0.953698491706048,-0.0325645061127776,-0.1881842947733272,7519570.9,0.5991566619844492,-0.0064972364499986,0.0197166503135077,0.0052156258377202,0.0021634705762567,-0.0008554189128914,-0.0215588600359852,0.0157522947485915,3,5,0,0,0,xg_INFY.NS,1,2.5036043149021387
2023-05-05,1154.7550048828125,1173.0058612365624,1150.3069596997327,1173.0058612365624,5373791,36.23358781052612,1190.1699645996096,1185.9721580108037,-38.54935102445961,-44.56937015773945,1040.5640573691949,1190.1699645996096,1339.7758718300242,-0.0113462993182291,0.0103108869714552,0.0291808681378171,-0.0114111596555916,0.0092071746640054,0.0240449405606394,0.3828993355775224,-1.2321985336118364,0.0103108869714552,0.0291808681378171,-0.0188699811663619,1161.45009765625,1144.9739501953125,1190.169964599609,1.0143899758227048,0.9620255797502826,-0.0248709612185434,0.1927442196599149,7194825.1,0.7468966827281532,0.0034668164825273,-0.0064972364499986,0.0197166503135077,0.0152334735234176,-0.0011417159385997,-0.0071415532019465,-0.0273752461566388,4,5,0,0,1,xg_INFY.NS,1,2.5036043149021387
2023-05-08,1160.7164306640625,1165.0269966744686,1151.1782831849423,1157.8274569243922,5260842,38.225398529418776,1182.926953125,1183.5668506444474,-35.986216664802896,-42.85273945915214,1043.1423545462308,1182.926953125,1322.7115517037691,0.0051625026573103,0.0102574945189912,0.0311646634775706,0.0051492226263221,0.0092346827775598,0.0239391363450488,0.3857406091786837,0.5589735790681076,0.0102574945189912,0.0311646634775706,-0.0209071689585793,1163.80712890625,1148.4819580078124,1182.926953125,1.0133438499330203,0.9708815535682972,-0.0164724335019632,-0.0210184951368596,6851774.1,0.767807274906981,-0.0113462993182291,0.0034668164825273,-0.0064972364499986,0.0052156258377202,0.0021634705762567,0.0032287313023633,-0.0942269144940951,0,5,0,0,1,xg_INFY.NS,1,2.5036043149021387
2023-05-09,1165.393798828125,1166.5861092874693,1156.2225243840412,1161.083344621019,4969897,39.81390271370788,1175.993475341797,1181.8360838047977,-33.194840242698774,-40.92115961586147,1048.272020210403,1175.993475341797,1303.7149304731909,0.0040297251253578,-0.0052839146875907,0.0362063641519212,0.0040216275298305,0.009130119383663,0.0240175269402012,0.3801281988022933,0.4413177570066165,-0.0052839146875907,0.0362063641519212,-0.0414902788395119,1162.5690185546875,1152.5539916992188,1175.993475341797,1.0086894209968449,0.9800683557059996,-0.0115192450831714,-0.0553038848153965,6517386.4,0.7625598199915287,0.0051625026573103,-0.0113462993182291,0.0034668164825273,0.0197166503135077,0.0152334735234176,-0.0008554189128914,0.0008344842883925,1,5,0,0,0,xg_INFY.NS,1,2.5036043149021387
2023-05-10,1158.561279296875,1170.6215279475311,1154.8010790515318,1170.6215279475311,6515734,38.26595948744814,1168.456988525391,1179.619435756424,-31.17461992881158,-38.97185167845149,1057.1155671680442,1168.456988525391,1279.7984098827371,-0.0058628418463531,-0.004648745325377,0.0313087117124928,-0.0058800957746978,0.0095164604016927,0.0239169953254517,0.3978786797222096,-0.6160090611262606,-0.004648745325377,0.0313087117124928,-0.0359574570378699,1161.48681640625,1156.0711791992187,1168.456988525391,1.0046845188293532,0.98939985857605,-0.0060162308577849,0.3110400477112502,6488102.2,1.004258841668523,0.0040297251253578,0.0051625026573103,-0.0113462993182291,-0.0064972364499986,0.0052156258377202,-0.0011417159385997,-0.0215588600359852,2,5,0,0,0,xg_INFY.NS,1,2.5036043149021387
2023-05-11,1152.0037841796875,1170.162952733371,1149.20661258924,1164.9811601752815,6888461,36.78765413503839,1161.5762451171877,1176.9893737014968,-29.759664935213323,-37.12941432980386,1065.847462579811,1161.5762451171877,1257.3050276545644,-0.0056600330378443,-0.0137017812326053,0.0232576824440868,-0.0056761117241386,0.0099177092248273,0.0238185836490566,0.4163678664979573,-0.5706420976306887,-0.0137017812326053,0.0232576824440868,-0.0369594636766922,1158.2860595703123,1158.6895751953125,1161.5762451171877,0.9996517482907948,0.9975148683231004,-0.0028560544609823,0.0572041461483847,6608929.1,1.0422960960496548,-0.0058628418463531,0.0040297251253578,0.0051625026573103,0.0034668164825273,0.0197166503135077,0.0021634705762567,-0.0071415532019465,3,5,0,0,0,xg_INFY.NS,1,2.5036043149021387
2023-05-12,1142.0068359375,1151.9118552707969,1136.3665927698858,1149.4814456057363,8292212,34.59353294995388,1153.179931640625,1173.657703438259,-29.10941783493081,-35.52541503082925,1087.4976962128442,1153.179931640625,1218.8621670684058,-0.00867787795446,-0.0110397174217973,-0.0008426597288749,-0.0087157499958392,0.0093303835412748,0.0233005942658308,0.4004182475598609,-0.9299669139175106,-0.0110397174217973,-0.0008426597288749,-0.0101970576929223,1155.73642578125,1158.59326171875,1153.179931640625,0.9975342201341116,1.0046942631670874,0.0022385979314444,0.203782964003135,6636079.9,1.2495648221472966,-0.0056600330378443,-0.0058628418463531,0.0040297251253578,-0.0113462993182291,-0.0064972364499986,0.0152334735234176,0.0032287313023633,4,5,0,0,1,xg_INFY.NS,1,2.5036043149021387
2023-05-15,1154.067138671875,1163.742876662217,1142.4196665102663,1146.317457613311,5534710,39.297261483236255,1147.1796203613285,1171.79193536527,-27.30615828940404,-33.88156368254421,1114.2275607063973,1147.1796203613285,1180.1316800162592,0.0105606221914376,-0.0057286102070454,0.0044701231241457,0.0105052483346499,0.0098062101950185,0.0230601865471014,0.4252257434798443,1.0768222543860329,-0.0057286102070454,0.0044701231241457,-0.0101987333311911,1154.4065673828125,1159.106848144531,1147.179620361328,0.99594491157632,1.0103970011073302,0.006262154756266,-0.3325411844270262,6177723.2,0.8959142099469759,-0.00867787795446,-0.0056600330378443,-0.0058628418463531,0.0051625026573103,0.0034668164825273,0.0052156258377202,-0.0008554189128914,0,5,0,0,1,xg_INFY.NS,1,2.5036043149021387
2023-05-16,1159.524169921875,1168.3743594123644,1158.1025777274938,1160.1661142944206,5236469,41.35246226361164,1147.4547607421878,1170.6235767516134,-25.146848080921245,-32.13462056221962,1114.171934302606,1147.4547607421878,1180.7375871817696,0.0047285214760381,-0.0050366055767177,-0.010293907270126,0.0047173771353916,0.0073881926096592,0.0094075144718075,0.7852666466951657,0.6399239708350581,-0.0050366055767177,-0.010293907270126,0.0052573016934083,1153.2326416015626,1157.900830078125,1147.4547607421875,0.9959684038949628,1.0091036873028274,0.004982975783734,-0.0538855694336288,5812730.0,0.9008622454507776,0.0105606221914376,-0.00867787795446,-0.0056600330378443,0.0040297251253578,-0.0113462993182291,0.0197166503135077,-0.0011417159385997,1,5,0,0,0,xg_INFY.NS,1,2.5036043149021387
2023-05-17,1143.5660400390625,1156.4516112883057,1139.4847564270556,1156.1306391276796,10465667,37.36811319489254,1146.8838439941408,1168.046668493275,-24.44152026628376,-30.59600050303245,1113.7534661887546,1146.8838439941408,1180.014221799527,-0.0137626539375093,-0.0129429832722469,-0.0175315599646407,-0.0138582372592521,0.0082899937397621,0.0099147904568254,0.8360396254698759,-1.6599522770721822,-0.0129429832722469,-0.0175315599646407,0.0045885766923937,1150.23359375,1155.860205078125,1146.8838439941403,0.9951321004880994,1.0078267395002474,0.0029292140887158,0.998611468911589,6304318.4,1.6600790658032658,0.0047285214760381,0.0105606221914376,-0.00867787795446,-0.0058628418463531,0.0051625026573103,-0.0064972364499986,0.0021634705762567,2,5,0,0,0,xg_INFY.NS,1,2.5036043149021387
2023-05-18,1142.7406005859375,1155.2594104550697,1139.4847539326784,1154.2963820212844,6948732,37.168623532753195,1147.5166625976567,1165.636566787815,-23.676224182514716,-29.2120452389289,1115.265561001552,1147.5166625976567,1179.7677641937614,-0.000721811792432,-0.0080409315672049,-0.02163253771457,-0.0007220724239891,0.0081015740016065,0.0085855928011246,0.9435144054514168,-0.0890842579517212,-0.0080409315672049,-0.02163253771457,0.013591606147365,1148.38095703125,1153.3335083007812,1147.5166625976562,0.9957058810535836,1.0050690729753389,0.0007563347562436,-0.3360449935966814,6548651.5,1.0610935701798971,-0.0137626539375093,0.0047285214760381,0.0105606221914376,-0.0056600330378443,0.0040297251253578,0.0034668164825273,0.0152334735234176,3,5,0,0,1,xg_INFY.NS,1,2.5036043149021387
2023-05-19,1163.742919921875,1167.7783026634847,1148.9771919381424,1151.9578558336234,11094136,45.186727358643694,1149.603125,1165.456219467249,-21.13142001962933,-27.595920195068988,1118.9387044511147,1149.603125,1180.2675455488854,0.0183789035982169,0.0190332345660009,0.007783395612972,0.0182120528051532,0.0096581734371854,0.0092467359958999,1.0443824782051987,1.9027408212241712,0.0190332345660009,0.007783395612972,0.0112498389530288,1152.728173828125,1154.2322998046875,1149.603125,0.99869686026217,1.004026759064949,0.0026853429349624,0.596569849002667,7120686.0,1.5580150564142896,-0.000721811792432,-0.0137626539375093,0.0047285214760381,-0.00867787795446,-0.0058628418463531,-0.0113462993182291,0.0052156258377202,4,5,0,0,1,xg_INFY.NS,1,2.5036043149021387
2023-05-22,1185.662353515625,1188.2302430762331,1164.9810857591126,1167.4572849700612,7625947,52.06244085938757,1152.6044250488285,1167.380613186142,-17.148254875763314,-25.506387131207855,1120.1207044122398,1152.6044250488285,1185.0881456854167,0.0188352884632128,0.0273772762303157,0.0214918322792161,0.0186601008056142,0.0111882369710398,0.0099957906463112,1.1191828824752184,1.6833398481024675,0.0273772762303157,0.0214918322792161,0.0058854439510995,1159.047216796875,1156.7268920898437,1152.604425048828,1.0020059399698398,1.0035766538384068,0.0054339177835438,-0.3126146100967213,7357196.5,1.036528927832628,0.0183789035982169,-0.000721811792432,-0.0137626539375093,0.0105606221914376,-0.0056600330378443,0.0051625026573103,0.0197166503135077,0,5,0,0,1,xg_INFY.NS,1,2.5036043149021387
2023-05-23,1192.3115234375,1205.2429974114864,1189.560141232225,1191.5318755827825,7436031,53.94951530100984,1155.9863281250002,1169.7549855910331,-13.301701622547398,-23.06545002947577,1121.7121024310777,1155.9863281250002,1190.260553818923,0.0056079792886731,0.0282765589248856,0.0230975354737963,0.0055923131159127,0.0112282144002794,0.0099810237014889,1.124843492267465,0.499409761784728,0.0282765589248856,0.0230975354737963,0.0051790234510893,1165.6046875,1159.4186645507812,1155.986328125,1.0053354522730713,1.0029691842734407,0.0080669851678273,-0.0249039234078075,7603809.9,0.977934890244826,0.0188352884632128,0.0183789035982169,-0.000721811792432,0.0047285214760381,-0.00867787795446,0.0040297251253578,-0.0064972364499986,1,5,0,0,0,xg_INFY.NS,1,2.5036043149021387
2023-05-24,1191.027587890625,1196.8513248198226,1184.2867235094584,1188.8723607693044,4824077,53.51146855364511,1159.3682373046877,1171.780947714804,-10.23885616439361,-20.500131256459337,1125.2893308891576,1159.3682373046877,1193.4471437202178,-0.00107684570822,0.0415031106117327,0.028022953273092,-0.0010774259231318,0.0109378438480607,0.009979627145895,1.0959074703596567,-0.0984423695207046,0.0415031106117327,0.028022953273092,0.0134801573386407,1175.0969970703125,1162.6652954101562,1159.3682373046877,1.010692416561527,1.0028438402911002,0.0132060415103242,-0.3512564700174058,7434644.2,0.6488645414933711,0.0056079792886731,0.0188352884632128,0.0183789035982169,-0.0137626539375093,0.0105606221914376,-0.0058628418463531,0.0034668164825273,2,5,0,0,1,xg_INFY.NS,1,2.5036043149021387
2023-05-25,1196.255126953125,1198.6855370050357,1182.4065253127328,1187.2214442639772,4334121,55.10964490775045,1162.8900024414063,1174.1118219279774,-7.3054971347642095,-17.861204432120314,1128.8509958365685,1162.8900024414063,1196.929009046244,0.0043890998962989,0.0468299860351055,0.0384124977548991,0.0043794958890597,0.0105259264848848,0.0099825135760143,1.0543308630514263,0.4169403009131984,0.0468299860351055,0.0384124977548991,0.0084174882802063,1185.79990234375,1167.0904296875,1162.8900024414063,1.0160308680290178,1.003612058954222,0.0191513493954216,-0.1015647138302311,7179210.2,0.6037044297713133,-0.00107684570822,0.0056079792886731,0.0188352884632128,-0.000721811792432,0.0047285214760381,-0.0056600330378443,-0.0113462993182291,3,5,0,0,1,xg_INFY.NS,1,2.5036043149021387
2023-05-26,1208.269287109375,1213.7720507750516,1197.7682245623137,1197.7682245623137,5521606,58.62969175949579,1166.1549682617183,1177.3649138500152,-3.9656332998295056,-15.082090205662151,1127.8958018005912,1166.1549682617183,1204.4141347228458,0.0100431420401516,0.0382613431413951,0.0580228148262165,0.0099930448321527,0.009686243389288,0.0097139468397086,0.9970454341239088,1.0367388984215269,0.0382613431413951,0.0580228148262165,-0.0197614716848213,1194.70517578125,1173.7166748046875,1166.1549682617188,1.0178820846862853,1.006484306759195,0.0236290103738662,0.2739851979213317,6902149.6,0.7999835297686391,0.0043890998962989,-0.00107684570822,0.0056079792886731,0.0183789035982169,-0.0137626539375093,-0.00867787795446,0.0051625026573103,4,5,0,0,0,xg_INFY.NS,1,2.5036043149021387
2023-05-29,1205.47216796875,1222.2555306990143,1201.299193894401,1222.2555306990143,4419365,57.49922033100654,1168.9820129394532,1180.0417951946567,-1.526870473992176,-12.37104625932816,1127.8347266114008,1168.9820129394532,1210.1292992675055,-0.0023149799224945,0.0167078042027619,0.0445424946039387,-0.0023176636311372,0.0098228770458699,0.0097622941356836,1.006102746609732,-0.2356482997176514,0.0167078042027619,0.0445424946039387,-0.0278346904011768,1198.667138671875,1178.857177734375,1168.9820129394532,1.0168043774187916,1.008447661884968,0.0246253099168949,-0.1996232617828943,6790615.1,0.6508048144268035,0.0100431420401516,0.0043890998962989,-0.00107684570822,0.0188352884632128,-0.000721811792432,0.0105606221914376,0.0040297251253578,0,5,0,0,1,xg_INFY.NS,1,2.5036043149021387
2023-05-30,1214.1390380859375,1216.4777576450638,1200.6573106206852,1206.0224833077132,6274719,60.06840123108174,1171.109747314453,1183.289151660493,1.0926156293767235,-9.678313881587185,1125.2631822586732,1171.109747314453,1216.9563123702328,0.0071896061539034,0.0183068889458584,0.0471011036947528,0.0071638841493841,0.009862476654193,0.0089655011207599,1.0999247667921024,0.7289119654221562,0.0183068889458584,0.0471011036947528,-0.0287942147488944,1203.0326416015623,1184.3186645507812,1171.1097473144532,1.0158014710153027,1.0112789747217272,0.026292618296365,0.4198236624492433,6894440.1,0.9101129183788385,-0.0023149799224945,0.0100431420401516,0.0043890998962989,0.0056079792886731,0.0183789035982169,0.0047285214760381,-0.0058628418463531,1,5,0,0,0,xg_INFY.NS,1,2.5036043149021387
2023-05-31,1209.0491943359375,1220.7883588363477,1205.243092926204,1210.4706747488972,17800782,57.85644574195213,1173.3635925292967,1185.7424890581544,2.72644067470128,-7.197362970329491,1124.6519323362916,1173.3635925292967,1222.075252722302,-0.004192142407367,0.0151311410655312,0.0572622410985885,-0.0042009540714715,0.0082008438695296,0.008867181499107,0.924749213844504,-0.5111219469735521,0.0151311410655312,0.0572622410985885,-0.0421311000330573,1206.636962890625,1190.8669799804688,1173.363592529297,1.0132424386394647,1.0149172750566102,0.027520278345335,1.836905047062665,7627951.6,2.3336254519493367,0.0071896061539034,-0.0023149799224945,0.0100431420401516,-0.00107684570822,0.0188352884632128,-0.0137626539375093,-0.0056600330378443,2,5,0,1,0,xg_INFY.NS,0,0.0
2023-06-01,1210.149658203125,1219.3209326116369,1208.8656573951266,1212.9469416793345,4277841,58.2147151269379,1175.4706970214845,1188.066981357675,4.0632187745495685,-4.945246621353679,1124.1581304265976,1175.4706970214845,1226.7832636163714,0.0009101894880232,0.0116150233649485,0.0589889407820318,0.0009097755167468,0.0080760421796605,0.0088624216115795,0.9111652963805376,0.1126884653784846,0.0116150233649485,0.0589889407820318,-0.0473739174170833,1209.415869140625,1197.6078857421876,1175.4706970214845,1.0098596406545202,1.0188326163951145,0.0280503918577672,-0.7596824117052835,7360862.5,0.5811602920173307,-0.004192142407367,0.0071896061539034,-0.0023149799224945,0.0043890998962989,0.0056079792886731,-0.000721811792432,-0.00867787795446,3,6,1,0,0,xg_INFY.NS,1,2.5036043149021387
2023-06-02,1207.3612060546875,1220.2806442692772,1204.619361093427,1216.655749596294,10909311,56.89486772322597,1178.1010070800785,1189.904526566915,4.841806928976439,-2.9878359112876556,1125.87448301492,1178.1010070800785,1230.327531145237,-0.0023042209114679,-0.0007515551908631,0.0374810324394847,-0.0023068797135694,0.0070767389322343,0.0083730152177779,0.845083122993434,-0.3255589014415055,-0.0007515551908631,0.0374810324394847,-0.0382325876303478,1209.2342529296875,1201.9697143554688,1178.101007080078,1.0060438615777554,1.0202603232931184,0.0257861903243885,1.550190855620861,7342380.0,1.4858003808027525,0.0009101894880232,-0.004192142407367,0.0071896061539034,0.0100431420401516,-0.00107684570822,0.0183789035982169,0.0105606221914376,4,6,0,0,1,xg_INFY.NS,1,2.5036043149021387
2023-06-05,1212.4732666015625,1217.0740205048828,1205.7812402951347,1212.008539400872,5002553,58.741668640341366,1180.6888488769532,1192.0539303797382,5.804434308075997,-1.229381867414925,1126.981186285759,1180.6888488769532,1234.3965114681478,0.0042340771935018,0.0058077646409784,0.0226126038382175,0.0042251387105967,0.004724231280215,0.008358655852627,0.5651226992472935,0.8960571329556575,0.0058077646409784,0.0226126038382175,-0.016804839197239,1210.63447265625,1204.6508056640623,1180.6888488769532,1.0049671381648966,1.0202948954840232,0.024697966218448,-0.5414418930764738,7080040.6,0.7065712306790011,-0.0023042209114679,0.0009101894880232,-0.004192142407367,-0.0023149799224945,0.0043890998962989,0.0188352884632128,0.0047285214760381,0,6,0,0,0,xg_INFY.NS,0,0.0
2023-06-06,1188.772216796875,1197.6949566393228,1183.195490212996,1197.6949566393228,10008100,48.39014456970388,1181.8577697753906,1191.7413862289893,4.601800112887531,-0.0631454713544338,1128.5354892354765,1181.8577697753906,1235.1800503153047,-0.0195476885615129,-0.0208928471067471,-0.0029684411926347,-0.0197412715112275,0.0081743282201327,0.0096520563872772,0.8468124386910793,-2.3910585648872695,-0.0208928471067471,-0.0029684411926347,-0.0179244059141123,1205.5611083984377,1204.296875,1181.8577697753906,1.0010497688939344,1.018986299196454,0.0199393443824882,1.000598494408755,7337247.5,1.3640128672228429,0.0042340771935018,-0.0023042209114679,0.0009101894880232,0.0071896061539034,0.0100431420401516,0.0056079792886731,-0.0137626539375093,1,6,0,0,1,xg_INFY.NS,0,0.0
2023-06-07,1198.0201416015625,1202.7139314625765,1192.0252064148026,1199.4608412306454,5397578,51.9483247848287,1183.8307128906251,1192.3393629311392,4.344849373294437,0.8184534975753404,1131.222614028217,1183.8307128906251,1236.438811753033,0.0077793917741497,-0.0091220876586685,0.0058710258116871,0.007749288329494,0.0085480448231294,0.0096207174400258,0.8884115415372738,0.9099720419177896,-0.0091220876586685,0.0058710258116871,-0.0149931134703557,1203.3552978515625,1204.9961303710938,1183.830712890625,0.998638308888987,1.017878753482234,0.0162973762150912,-0.4606790499695247,7394597.6,0.7299353246753103,-0.0195476885615129,0.0042340771935018,-0.0023042209114679,-0.004192142407367,-0.0023149799224945,-0.00107684570822,-0.000721811792432,2,6,0,0,0,xg_INFY.NS,1,2.5036043149021387
2023-06-08,1192.3043212890625,1200.8552576161196,1190.7241805063895,1195.4643759367975,5034942,49.669032805991336,1185.8457397460938,1192.3360256318938,3.63805786437365,1.3823743709350025,1135.3246669220075,1185.8457397460938,1236.36681257018,-0.0047710552719579,-0.0147463884265024,-0.0033026447076763,-0.0047824730873236,0.0085898090306039,0.0095868204524072,0.895908415603182,-0.5553673996199335,-0.0147463884265024,-0.0033026447076763,-0.011443743718826,1199.78623046875,1204.6010498046876,1185.8457397460938,0.996002975975558,1.0158159779387574,0.0116920575340903,-0.0671849485083865,7464679.7,0.6745020821187178,0.0077793917741497,-0.0195476885615129,0.0042340771935018,0.0009101894880232,0.0071896061539034,0.0043890998962989,0.0183789035982169,3,6,0,0,0,xg_INFY.NS,1,2.5036043149021387
2023-06-09,1176.6427001953125,1192.0252152176977,1174.83030957908,1192.0252152176977,5339073,43.975497651035504,1187.5775329589842,1190.8414232093623,1.7934843970351722,1.4645963761550362,1141.177297950848,1187.5775329589842,1233.9777679671204,-0.0131355903137357,-0.0254426808690949,-0.0261751144810814,-0.013222625190024,0.0086167267025813,0.0098894153439594,0.871219903605359,-1.5242523657429512,-0.0254426808690949,-0.0261751144810814,0.0007324336119864,1193.642529296875,1201.438391113281,1187.5775329589844,0.9935112263149986,1.0116715395581466,0.0051544928098256,0.0604040721819636,7446426.4,0.7169980220309815,-0.0047710552719579,0.0077793917741497,-0.0195476885615129,-0.0023042209114679,-0.004192142407367,0.0100431420401516,0.0188352884632128,4,6,0,0,1,xg_INFY.NS,1,2.5036043149021387
2023-06-12,1200.8084716796875,1204.293925403893,1183.1953575768823,1183.6600847401096,4785588,52.93949157119655,1189.9145996093748,1191.790665920822,2.2556210365119114,1.6228013082264114,1145.977953364475,1189.9145996093748,1233.8512458542746,0.020537901166058,-0.0096206615380232,-0.0038687714349481,0.0203298423782527,0.0113136311213338,0.0105948143604495,1.067745313051501,1.81516312337692,-0.0096206615380232,-0.0038687714349481,-0.005751890103075,1191.3095703125,1200.972021484375,1189.914599609375,0.99195447437657,1.009292618040513,0.001161692922747,-0.1036668725076431,7483048.7,0.6395238347171736,-0.0131355903137357,-0.0047710552719579,0.0077793917741497,0.0042340771935018,0.0009101894880232,-0.0023149799224945,0.0056079792886731,0,6,0,0,1,xg_INFY.NS,1,2.5036043149021387
2023-06-13,1212.7984619140625,1214.3320842529808,1205.548786202746,1208.1977083560882,4846587,56.64592590060218,1192.5783142089842,1193.7914083963688,3.5484552766045,2.0079321019020293,1149.959507825292,1192.5783142089842,1235.1971205926764,0.0099849314167508,0.0202109746322349,-0.0011041372773816,0.0099354113525169,0.0115520846104402,0.0107293505280578,1.0765803577649848,0.864265410791477,0.0202109746322349,-0.0011041372773816,0.0213151119096166,1196.1148193359377,1200.8379638671877,1192.5783142089845,0.9960667927952248,1.0069258761121125,0.0029159874769065,0.0127463960541525,7340235.5,0.6602767717737856,0.020537901166058,-0.0131355903137357,-0.0047710552719579,-0.0195476885615129,-0.0023042209114679,0.0071896061539034,-0.00107684570822,1,6,0,0,0,xg_INFY.NS,1,2.5036043149021387
2023-06-14,1208.66259765625,1214.5180926556236,1201.970457495657,1214.19280628768,3457981,55.03573778070743,1195.8331420898437,1195.207712135405,4.190994865494304,2.4445446546204845,1159.494542379011,1195.8331420898437,1232.171741800676,-0.0034101826376702,0.0088833698909771,-0.0003197526465412,-0.0034160105637814,0.0115235455818839,0.0101474217177911,1.135501253528132,-0.2959060392828756,0.0088833698909771,-0.0003197526465412,0.0092031225375184,1198.243310546875,1200.7993041992188,1195.8331420898437,0.9978714231067544,1.0041528888392377,0.0019940787956083,-0.2865121373040451,5905955.4,0.5855074692909829,0.0099849314167508,0.020537901166058,-0.0131355903137357,0.0077793917741497,0.0042340771935018,-0.004192142407367,0.0043890998962989,2,6,0,0,0,xg_INFY.NS,1,2.5036043149021387
2023-06-15,1196.02197265625,1202.6674808789603,1192.1647141872293,1202.6674808789603,6161155,50.32708497459691,1198.4972106933592,1195.2852607564378,3.638279502197293,2.683291624135846,1172.092991929012,1198.4972106933592,1224.9014294577064,-0.0104583570506043,0.0031180389945817,-0.0116743292460639,-0.010513429984841,0.0119786145443211,0.0105518246712857,1.1351097850526175,-0.8730128178925486,0.0031180389945817,-0.0116743292460639,0.0147923682406456,1198.9868408203124,1199.3865356445312,1198.4972106933594,0.9996667506159688,1.000742033392516,0.0004093822171724,0.7817203159878554,6094286.8,1.0109722765261049,-0.0034101826376702,0.0099849314167508,0.020537901166058,-0.0047710552719579,-0.0195476885615129,0.0009101894880232,0.0100431420401516,3,6,0,0,1,xg_INFY.NS,1,2.5036043149021387
2023-06-16,1200.5296630859375,1209.6847652018955,1190.6774702485802,1196.2076779215056,8536287,51.9072473955814,1200.3365478515625,1195.7847276449615,3.5233663657750185,2.851306572463681,1179.611657843819,1200.3365478515625,1221.0614378593052,0.0037689026897025,0.0203009485263963,-0.0056582428973956,0.0037618181709548,0.012064930444356,0.0098660120322347,1.222754204103629,0.3123590598407154,0.0203009485263963,-0.0056582428973956,0.0259591914237919,1203.7642333984377,1198.7033813476562,1200.3365478515625,1.0042219385792437,0.9986394094999196,0.0028551444019002,0.3855010951680326,5856984.4,1.457454283128796,-0.0104583570506043,-0.0034101826376702,0.0099849314167508,-0.0131355903137357,0.0077793917741497,-0.0023042209114679,-0.0023149799224945,4,6,0,0,1,xg_INFY.NS,1,2.5036043149021387
2023-06-19,1202.7139892578125,1207.8259884393565,1196.2543265846496,1202.7139892578125,4451787,52.69259033032413,1201.1891296386718,1196.444657322376,3.5674306245593925,2.9945313828828235,1181.6361926033253,1201.1891296386718,1220.7420666740184,0.0018194687220474,0.0015868622041443,-0.0080490659980522,0.0018178154938599,0.011983506264329,0.0089972508562004,1.3317595225822725,0.1518184130340786,0.0015868622041443,-0.0080490659980522,0.0096359282021966,1204.1453369140625,1197.727453613281,1201.1891296386718,1.005358383730305,0.9971181257472488,0.002457947027967,-0.478486723794549,5801907.8,0.767297094931297,0.0037689026897025,-0.0104583570506043,-0.0034101826376702,0.020537901166058,-0.0047710552719579,0.0042340771935018,0.0071896061539034,0,6,0,0,1,xg_INFY.NS,1,2.5036043149021387
2023-06-20,1211.450927734375,1212.93803213182,1200.018592852604,1202.7140333935445,4009180,55.80153748485186,1202.1460998535156,1197.8738259330426,4.258263177297749,3.2472777417658087,1182.5491926575962,1202.1460998535156,1221.743007049435,0.0072643525847355,-0.0011110948949925,0.0190774234265058,0.0072380942652738,0.0101711184017781,0.0090517538340789,1.1235386036334205,0.7141435341006005,-0.0011110948949925,0.0190774234265058,-0.0201885183214983,1203.875830078125,1199.9953247070312,1202.1460998535156,1.0032337670749187,0.9982108870571168,0.0014278169961406,-0.0994223218676005,5202015.8,0.7706973900385364,0.0018194687220474,0.0037689026897025,-0.0104583570506043,0.0099849314167508,-0.0131355903137357,-0.0195476885615129,-0.004192142407367,1,6,0,0,0,xg_INFY.NS,1,2.5036043149021387
2023-06-21,1207.6866455078125,1211.822785983513,1203.6435412463509,1208.244295499256,4041529,54.15036241869151,1202.9790527343748,1198.8083801782589,4.450701915047375,3.487962576422122,1183.9644639133237,1202.9790527343748,1221.993641555426,-0.0031072510989795,-0.0008074645069103,0.008068732378178,-0.0031120886272182,0.0100584134574053,0.0090856532218014,1.1069436911350796,-0.3088898882759551,-0.0008074645069103,0.008068732378178,-0.0088761968850884,1203.6806396484376,1200.9619750976562,1202.979052734375,1.0022637390751363,0.998323264538868,0.0005809345633424,0.0080687322594645,5066410.9,0.7977104660025112,0.0072643525847355,0.0018194687220474,0.0037689026897025,-0.0034101826376702,0.020537901166058,0.0077793917741497,0.0009101894880232,2,6,0,0,0,xg_INFY.NS,1,2.5036043149021387
2023-06-22,1191.1422119140625,1198.4384055285493,1183.6600593630037,1198.4384055285493,6676607,47.49798940989766,1202.723406982422,1198.078268915002,3.2309688797081435,3.4365638370793263,1183.1975708140951,1202.723406982422,1222.2492431507487,-0.0136992767579982,-0.0040799925534394,-0.000974675134737,-0.0137939777344104,0.0109678658137546,0.0095890077320498,1.1436764307394731,-1.2489237256252756,-0.0040799925534394,-0.000974675134737,-0.0031053174187024,1202.7046875,1200.8457641601562,1202.723406982422,1.0015480117391629,0.9984388407082084,-1.5715573031157157e-05,0.6520002701947702,5230577.4,1.2764569739468383,-0.0031072510989795,0.0072643525847355,0.0018194687220474,-0.0104583570506043,0.0099849314167508,-0.0047710552719579,-0.0023042209114679,3,6,0,0,0,xg_INFY.NS,1,2.5036043149021387
2023-06-23,1175.7598876953125,1189.0975364568558,1174.2262651500378,1186.402095840736,7239467,42.29536213178773,1201.0979370117186,1195.9527087988413,1.0114374313830012,2.9515385559400613,1178.3665149648589,1201.0979370117186,1223.8293590585786,-0.0129139275435734,-0.0206323726537125,-0.0007502808625367,-0.0129980372146922,0.0109386516130225,0.0096756890762638,1.130412636679027,-1.1804697261291837,-0.0206323726537125,-0.0007502808625367,-0.0198820917911758,1197.750732421875,1200.7574829101563,1201.0979370117188,0.9974959552356948,0.999716547592772,-0.0028468436666987,0.0843032995651833,5420616.8,1.33554303266718,-0.0136992767579982,-0.0031072510989795,0.0072643525847355,0.0037689026897025,-0.0034101826376702,-0.0131355903137357,0.0042340771935018,4,6,0,0,1,xg_INFY.NS,1,2.5036043149021387
2023-06-26,1180.7322998046875,1184.1248308422637,1173.203742331748,1180.6393770623115,3403244,44.41487431481238,1199.8609436035158,1194.5031460374933,-0.3423784060883008,2.2927551635343892,1175.497767841125,1199.8609436035158,1224.2241193659063,0.0042291050761407,-0.0182767388169233,-0.0167188792788224,0.0042201875445462,0.0084700319389521,0.0097505713877901,0.8685812370257914,0.4992431980682478,-0.0182767388169233,-0.0167188792788224,-0.0015578595381009,1193.35439453125,1198.7498657226563,1199.8609436035156,0.9954990850504464,0.9990739944601228,-0.0055106047944499,-0.5299040661418859,5282382.4,0.6442630885638562,-0.0129139275435734,-0.0136992767579982,-0.0031072510989795,0.0018194687220474,-0.0104583570506043,0.020537901166058,-0.0195476885615129,0,6,0,0,1,xg_INFY.NS,1,2.5036043149021387
2023-06-27,1188.91162109375,1191.560543447879,1184.3107537282526,1189.701634643748,3240024,47.810671486573995,1198.5995727539062,1193.9706198523747,-0.7466771114627591,1.6848687085349596,1174.74195503277,1198.5995727539062,1222.4571904750424,0.0069273291587055,-0.0186052163770078,-0.0196956391110636,0.0069034454508338,0.008047935731029,0.0097391595314805,0.8262632357322078,0.8606515681322113,-0.0186052163770078,-0.0196956391110636,0.0010904227340557,1188.846533203125,1196.361181640625,1198.5995727539062,0.9937187460168218,0.9981324946511216,-0.0082033343587042,-0.0479601227534669,5121726.1,0.6326039184327658,0.0042291050761407,-0.0129139275435734,-0.0136992767579982,0.0072643525847355,0.0037689026897025,0.0099849314167508,0.0077793917741497,1,6,0,0,1,xg_INFY.NS,1,2.5036043149021387
2023-06-28,1202.1097412109375,1205.2233905407331,1191.0028072936905,1198.996091881142,5662358,52.81938550254777,1198.252600097656,1194.745774267476,-0.0020847247133133,1.347478021885305,1174.8371215161133,1198.252600097656,1221.668078679199,0.0111010102710962,-0.004617840494982,-0.0054215762595941,0.0110398462949126,0.0090079865501083,0.0100704165971994,0.8944110754601449,1.2322152119277754,-0.004617840494982,-0.0054215762595941,0.0008037357646121,1187.73115234375,1195.7058959960937,1198.2526000976563,0.9933305140678426,0.997874651720885,-0.0087524852292667,0.7476284126290422,5342163.8,1.0599371737719725,0.0069273291587055,0.0042291050761407,-0.0129139275435734,-0.0031072510989795,0.0018194687220474,-0.0034101826376702,-0.0047710552719579,2,6,0,0,1,xg_INFY.NS,1,2.5036043149021387
2023-06-30,1241.286376953125,1244.446544670447,1212.4267718508554,1215.9122259231683,12821692,63.895854619227,1199.8094360351563,1199.1782126184903,3.706510848039443,1.8192845871161327,1169.840177319394,1199.8094360351563,1229.7786947509185,0.0325898995733311,0.042097546823133,0.037845796592137,0.0320701118673749,0.0130866460113451,0.0124670572830324,1.0496138824413754,2.490126913967595,0.042097546823133,0.037845796592137,0.0042517502309959,1197.7599853515626,1200.232336425781,1199.8094360351563,0.9979401062617748,1.0003524729660591,-0.001651069988075,1.2643732522740527,6008217.5,2.1340259403055675,0.0111010102710962,0.0069273291587055,0.0042291050761407,-0.0136992767579982,0.0072643525847355,-0.0104583570506043,-0.0131355903137357,4,6,0,1,0,xg_INFY.NS,0,0.0
2023-07-03,1239.61328125,1251.0456156922185,1234.7336456761632,1236.174345371954,7732412,63.21332001165749,1201.422039794922,1203.0291715357769,6.436399906236829,2.742707650940272,1166.654994695144,1201.422039794922,1236.1890848947,-0.0013478724444166,0.0543081918535688,0.032555312347384,-0.0013487816415596,0.0131875503404998,0.0124541536434931,1.0588027027181053,-0.1022001971117029,0.0543081918535688,0.032555312347384,0.0217528795061847,1210.5306640625,1204.1406982421877,1201.4220397949218,1.005306660450594,1.0022628671334592,0.0073479563387648,-0.3969273322116925,5927830.0,1.304425396814466,0.0325898995733311,0.0111010102710962,0.0069273291587055,-0.0129139275435734,-0.0031072510989795,0.0037689026897025,0.020537901166058,0,7,0,0,1,xg_INFY.NS,0,0.0
2023-07-04,1250.255615234375,1251.0456287866502,1237.4756171691324,1249.4656016820998,5797775,65.72158550357202,1203.3111572265625,1207.5269280785003,9.350813703792028,4.0643288615106234,1162.444845141099,1203.3111572265625,1244.177469312026,0.008585204874252,0.0588815224595684,0.0395286214355086,0.0085485615803131,0.0132771853442079,0.0125440882404174,1.0583572701730275,0.6465646209703672,0.0588815224595684,0.0395286214355086,0.0193529010240598,1224.4353271484374,1208.8948608398437,1203.3111572265625,1.0128551016403506,1.0046402824238334,0.0168958808618627,-0.2501983857042278,6062428.8,0.9563452522525367,-0.0013478724444166,0.0325898995733311,0.0111010102710962,0.0042291050761407,-0.0136992767579982,0.0018194687220474,0.0099849314167508,1,7,0,0,1,xg_INFY.NS,1,2.5036043149021387
2023-07-05,1252.2540283203125,1262.152627465157,1246.3984198903297,1262.059704711734,5414936,66.18780384268035,1206.4852478027344,1211.7866519110542,11.68704192578275,5.588871474365049,1160.796851777779,1206.4852478027344,1252.1736438276898,0.0015984036076996,0.05327764158642,0.0336811831596401,0.0015971275202746,0.0132414892127087,0.0115159641315308,1.1497378181856597,0.1207026550692383,0.05327764158642,0.0336811831596401,0.0195964584267798,1237.10380859375,1212.9751708984377,1206.4852478027344,1.0198921117877795,1.0053791980527922,0.0244507584711747,-0.0660320554005631,6203004.4,0.8729537576983061,0.008585204874252,-0.0013478724444166,0.0325898995733311,0.0069273291587055,-0.0129139275435734,0.0072643525847355,-0.0034101826376702,2,7,0,0,0,xg_INFY.NS,1,2.5036043149021387
2023-07-06,1249.09375,1252.3932449368162,1242.819933005186,1247.8390092927943,5963897,64.68940801821579,1209.0389282226563,1215.3397088719062,13.132132525143334,7.097523684520706,1159.7733941262115,1209.0389282226563,1258.3044623191015,-0.0025236719138779,0.0390846252869836,0.0342862982266203,-0.0025268617416918,0.0132108928415221,0.0115056793688885,1.1481064534779175,-0.1910151667251311,0.0390846252869836,0.0342862982266203,0.0047983270603633,1246.5006103515625,1217.1158813476563,1209.0389282226563,1.0241429180690418,1.006680474000017,0.029991089242826,0.1013790375361776,6395241.2,0.932552317182199,0.0015984036076996,0.008585204874252,-0.0013478724444166,0.0111010102710962,0.0042291050761407,-0.0031072510989795,-0.0104583570506043,3,7,0,0,0,xg_INFY.NS,1,2.5036043149021387
2023-07-07,1236.3602294921875,1250.8598092744526,1231.8523982272873,1239.8922016871068,6295647,58.90318455787965,1211.2417236328126,1217.3416632166948,13.098892669031784,8.297797481422922,1161.1932180700846,1211.2417236328126,1261.2902291955406,-0.0101942072064746,-0.0039685825546794,0.0379618966785364,-0.0102465239925653,0.0127434295190753,0.0117389628783995,1.0854744304619646,-0.79989513781032,-0.0039685825546794,0.0379618966785364,-0.0419304792332159,1245.515380859375,1221.6376831054688,1211.2417236328124,1.0195456460488417,1.0085828941241195,0.0277214167918033,0.0556263798653799,6357145.2,0.9903261294077426,-0.0025236719138779,0.0015984036076996,0.008585204874252,0.0325898995733311,0.0069273291587055,-0.0136992767579982,0.0037689026897025,4,7,0,0,0,xg_INFY.NS,1,2.5036043149021387
2023-07-10,1235.38427734375,1247.2348203575657,1226.229174648363,1242.26226225529,3940315,58.471495596905875,1214.1788024902348,1219.0600074192714,12.845721183952037,9.207382221928745,1165.8133229551931,1214.1788024902348,1262.5442820252763,-0.0007893752364053,-0.0034115509814364,0.0507113657069142,-0.0007896869570904,0.0114912389038116,0.0112209342269413,1.0239980623147544,-0.0686876807045414,-0.0034115509814364,0.0507113657069142,-0.0541229166883506,1244.669580078125,1227.6001220703124,1214.1788024902344,1.0139047379524735,1.0110538246529683,0.0246812090351756,-0.3741207218257313,6027230.0,0.6537522211694835,-0.0101942072064746,-0.0025236719138779,0.0015984036076996,-0.0013478724444166,0.0111010102710962,-0.0129139275435734,0.0018194687220474,0,7,0,0,1,xg_INFY.NS,1,2.5036043149021387
2023-07-11,1253.462158203125,1255.5999486675075,1233.3859662223854,1239.38090160913,6126128,63.768413032753685,1216.8114868164064,1222.3364027320197,13.943087625347289,10.154523302612454,1165.8479520603196,1216.8114868164064,1267.7750215724932,0.0146334069413971,0.0025647099118597,0.0615972463957055,0.0145273718270013,0.0118764686840463,0.01079075202999,1.1005134894725035,1.2320307744572332,0.0025647099118597,0.0615972463957055,-0.0590325364838457,1245.310888671875,1234.8731079101562,1216.8114868164062,1.0084525128086912,1.0148434012083545,0.022736547464922,0.5547305228135313,6299518.4,0.9724756101988729,-0.0007893752364053,-0.0101942072064746,-0.0025236719138779,0.008585204874252,0.0325898995733311,0.0042291050761407,0.0072643525847355,1,7,0,0,0,xg_INFY.NS,1,2.5036043149021387
2023-07-12,1239.24169921875,1256.5295297943237,1233.386090631779,1255.6929980734994,8102770,57.55008459661367,1218.1336486816408,1223.946430968851,13.509556483808185,10.8255299388516,1166.244826794323,1218.1336486816408,1270.0224705689586,-0.0113449447925579,-0.0103911257678415,0.0423329011442401,-0.0114097895856231,0.0130731879847468,0.0110324925238901,1.1848639908388214,-0.8677360923518712,-0.0103911257678415,0.0423329011442401,-0.0527240269120816,1242.7084228515623,1239.9061157226563,1218.1336486816406,1.002260096222909,1.0178736274665587,0.0198304932648849,0.3226576395400162,6785793.0,1.1940785697410463,0.0146334069413971,-0.0007893752364053,-0.0101942072064746,0.0015984036076996,-0.0013478724444166,0.0069273291587055,-0.0031072510989795,2,7,0,0,1,xg_INFY.NS,0,0.0
2023-07-13,1268.7982177734375,1279.67290266319,1236.9644035943056,1240.728739413603,9977644,65.15555306190087,1221.1404296875,1228.218029712145,15.373725229314688,11.735168996944218,1164.7853153378996,1221.1404296875,1277.4955440371004,0.023850487417685,0.0157750111017989,0.0554761967865944,0.0235705075758874,0.0143745608563805,0.012075863346285,1.190256148820494,1.6590996105100844,0.0157750111017989,0.0554761967865944,-0.0397011856847955,1246.64931640625,1246.5749633789062,1221.1404296875,1.0000596458532602,1.0208285083951525,0.0201047624132971,0.2313867973544849,7217321.6,1.3824580021484172,-0.0113449447925579,0.0146334069413971,-0.0007893752364053,-0.0025236719138779,0.008585204874252,0.0111010102710962,-0.0136992767579982,3,7,0,0,1,xg_INFY.NS,1,2.5036043149021387
2023-07-14,1325.35546875,1329.1198044888868,1283.251252109647,1283.251252109647,12833381,74.55134945254818,1227.6071044921878,1237.4692143824168,21.170746686410897,13.622284534837553,1155.8194062922437,1227.6071044921878,1299.394802692132,0.0445754495744898,0.0719816418669223,0.0677273942240725,0.0436105345176587,0.0171210634720086,0.0149062928108926,1.148502527534608,2.603392380092638,0.0719816418669223,0.0677273942240725,0.0042542476428497,1264.4483642578125,1254.9818725585938,1227.6071044921875,1.0075431302285818,1.022299291007875,0.0277972669478412,0.2862135590325732,7218490.5,1.77784829113486,0.023850487417685,-0.0113449447925579,0.0146334069413971,-0.0101942072064746,0.0015984036076996,0.0325898995733311,-0.0129139275435734,4,7,0,0,0,xg_INFY.NS,0,0.0
2023-07-17,1322.5670166015625,1356.027373066275,1314.5273272735951,1325.3553796402884,11569884,73.49904524609951,1233.7089721679686,1245.5737669747164,25.24886991660901,15.947601611191846,1151.6069291738656,1233.7089721679686,1315.8110151620715,-0.002103927749336,0.0705713524582549,0.0669190437100784,-0.0021061441145837,0.0171621921182678,0.0149946113991139,1.144480985902448,-0.1225837090698736,0.0705713524582549,0.0669190437100784,0.0036523087481765,1281.884912109375,1263.27724609375,1233.7089721679688,1.0147296771735284,1.0239669764854036,0.0364260860407647,-0.0984539460022265,7602237.7,1.5219050569805883,0.0445754495744898,0.023850487417685,-0.0113449447925579,-0.0007893752364053,-0.0025236719138779,-0.0013478724444166,0.0042291050761407,0,7,0,0,1,xg_INFY.NS,0,0.0
2023-07-18,1371.131103515625,1373.6871031492155,1328.1903550548216,1332.8376271158952,16743977,79.04635173947806,1242.1298278808597,1257.531608550041,32.03030251556015,19.164141792065507,1141.057182872314,1242.1298278808597,1343.202472889405,0.0367195660442611,0.0938751477596913,0.0966806201934877,0.0360614645596477,0.019645035014984,0.0165593207726405,1.1862714064959277,1.8690573449683427,0.0938751477596913,0.0966806201934877,-0.0028054724337964,1305.418701171875,1275.364794921875,1242.1298278808597,1.023564948922587,1.0267564358370784,0.0461581486473035,0.4472035328962676,8696857.9,1.9252903971212492,-0.002103927749336,0.0445754495744898,0.023850487417685,0.0146334069413971,-0.0101942072064746,0.008585204874252,0.0069273291587055,1,7,0,0,0,xg_INFY.NS,0,0.0
2023-07-19,1370.898681640625,1393.0662591967148,1357.653956829551,1381.1691978425513,13687062,78.96116330540012,1250.1022155761718,1268.328472653906,36.959832265273235,22.723279886707054,1135.0337952653067,1250.1022155761718,1365.170635887037,-0.0001695110514261,0.1062399550506369,0.0947448765482945,-0.0001695254200484,0.0197312319105015,0.0166293281624881,1.186460767202895,-0.0085905665509606,0.1062399550506369,0.0947448765482945,0.0114950785023424,1331.75009765625,1287.2292602539062,1250.1022155761718,1.034586564163063,1.0296992071649298,0.0595579258872479,-0.1825680362556637,9524070.5,1.437102129808737,0.0367195660442611,-0.002103927749336,0.0445754495744898,-0.0113449447925579,-0.0007893752364053,0.0015984036076996,0.0111010102710962,2,7,0,0,0,xg_INFY.NS,0,0.0
2023-07-20,1347.244140625,1367.2274100444115,1339.0648965954,1367.2274100444115,8347221,70.61962033190075,1257.0800903320312,1275.844250555915,38.513832845536626,25.88139047847297,1136.069277660053,1257.0800903320312,1378.090903004009,-0.0172547696867841,0.0618269491182168,0.0785772810287459,-0.017405368100019,0.0212041089546699,0.0173377456743352,1.2229321170594385,-0.8137081362642179,0.0618269491182168,0.0785772810287459,-0.0167503319105291,1347.4392822265625,1297.0442993164063,1257.0800903320312,1.0388537098823196,1.0317912989727005,0.0670696491970733,-0.3901378542743504,9762402.9,0.8550375440865224,-0.0001695110514261,0.0367195660442611,-0.002103927749336,0.023850487417685,0.0146334069413971,-0.0025236719138779,0.0325898995733311,3,7,0,0,0,xg_INFY.NS,1,2.5036043149021387
2023-07-21,1237.6614990234375,1254.7634832648805,1212.9380338227177,1227.065695806331,45548305,46.246040072782286,1259.4060546875,1272.2077980290126,30.55081536219359,26.815275455217098,1141.996958477289,1259.4060546875,1376.8151508977112,-0.081338369414415,-0.0661663770922306,0.001052500315207,-0.0848374174777486,0.0352154148488831,0.0258249010737674,1.3635696484818134,-2.3096720595621525,-0.0661663770922306,0.001052500315207,-0.0672188774074377,1329.90048828125,1297.1744262695313,1259.4060546875,1.0252287289580893,1.029989034467047,0.0569577656325036,4.456702895490607,13687668.7,3.3276890315146708,-0.0172547696867841,-0.0001695110514261,0.0367195660442611,0.0445754495744898,-0.0113449447925579,-0.0101942072064746,-0.0013478724444166,4,7,0,0,1,xg_INFY.NS,0,0.0
2023-07-24,1242.30859375,1254.6703813141746,1240.124398838405,1246.398215358667,8859789,47.0801759181352,1262.7334899902344,1269.3602547643447,24.334534971810857,26.319127358535848,1151.7072144843028,1262.7334899902344,1373.759765496166,0.0037547380525524,-0.0606838230835309,0.005604989907382,0.0037477066189293,0.035223696291478,0.0255778447197461,1.377063611644912,0.1065939084749703,-0.0606838230835309,0.005604989907382,-0.0662888129909129,1313.8488037109375,1297.8668579101563,1262.7334899902344,1.0123140102571966,1.0278232645276508,0.0411454239130776,-0.8054858682447129,14179616.1,0.6248257313538534,-0.081338369414415,-0.0172547696867841,-0.0001695110514261,-0.002103927749336,0.023850487417685,-0.0007893752364053,0.008585204874252,0,7,0,0,0,xg_INFY.NS,1,2.5036043149021387
2023-07-25,1240.449951171875,1248.1179507855234,1230.8301198028764,1242.680664660333,6801982,46.767589326044096,1265.7193725585937,1266.606892517443,19.03864540078507,24.863030966985693,1160.9424046027466,1265.7193725585937,1370.4963405144408,-0.0014961198751065,-0.0953090131269571,-0.0103810130573892,-0.0014972401799928,0.0349046140553703,0.0255962782707364,1.363606461835215,-0.0428618695185617,-0.0953090131269571,-0.0103810130573892,-0.0849280000695679,1287.7125732421875,1296.5656372070312,1265.7193725585937,0.9931719122342976,1.0243705400400749,0.0177300185814159,-0.232263657746251,14247201.5,0.4774258299076855,0.0037547380525524,-0.081338369414415,-0.0172547696867841,0.0367195660442611,0.0445754495744898,0.0146334069413971,0.0015984036076996,1,7,0,0,1,xg_INFY.NS,1,2.5036043149021387
2023-07-26,1253.6944580078125,1254.7633531856156,1244.9111599190255,1248.2571728357643,5528885,49.3483654202053,1268.958514404297,1265.377136849859,15.729021405830965,23.03622905475475,1170.3558146403243,1268.958514404297,1367.5612141682695,0.0106771795374938,-0.0854944462362077,0.0116625826892153,0.0106205809749608,0.0348376545554763,0.025641882917797,1.3585701212751626,0.3064750827415476,-0.0854944462362077,0.0116625826892153,-0.0971570289254231,1264.271728515625,1298.0109130859375,1268.958514404297,0.9740070100873808,1.0228946796541092,-0.0037383796815369,-0.1871655937931032,13989813.0,0.3952079273682646,-0.0014961198751065,0.0037547380525524,-0.081338369414415,-0.0001695110514261,-0.002103927749336,-0.0113449447925579,-0.0025236719138779,2,7,0,0,1,xg_INFY.NS,1,2.5036043149021387
2023-07-27,1257.6912841796875,1267.5899965472738,1252.0216348505492,1262.7567654377913,9191861,50.13403969302995,1271.7375915527343,1264.645150881271,13.275598182402746,21.084102880284348,1178.0577723396043,1271.7375915527343,1365.4174107658644,0.0031880384780724,-0.0664711418999143,-0.0087539006897733,0.0031829674582821,0.0339815691881083,0.0255708689959028,1.3288652930903448,0.0938139332675316,-0.0664711418999143,-0.0087539006897733,-0.0577172412101409,1246.3611572265625,1296.9002197265625,1271.7375915527343,0.9610308782963616,1.0197860221644512,-0.0201769978415039,0.6625162216251559,13911234.7,0.6607509109165802,0.0106771795374938,-0.0014961198751065,0.0037547380525524,-0.0172547696867841,0.0367195660442611,0.023850487417685,-0.0101942072064746,3,7,0,0,0,xg_INFY.NS,0,0.0
2023-07-28,1245.9334716796875,1267.6362065886192,1241.7509273883345,1258.341663718946,6122735,47.785792492891055,1271.9699462890624,1262.863086195406,10.264166475358934,18.920115599299265,1178.585554643356,1271.9699462890624,1365.3543379347689,-0.0093487270269737,0.0066835501167135,-0.0599250532728542,-0.0093927006550336,0.0301204739381074,0.024684659416703,1.2201607998256292,-0.3103675154205005,0.0066835501167135,-0.0599250532728542,0.0666086033895677,1248.0155517578123,1288.9580200195312,1271.9699462890626,0.9682359955671028,1.0133557194334903,-0.0192260622864206,-0.333896041291312,13240170.1,0.4624362794251063,0.0031880384780724,0.0106771795374938,-0.0014961198751065,-0.081338369414415,-0.0001695110514261,0.0445754495744898,-0.0007893752364053,4,7,0,0,1,xg_INFY.NS,1,2.5036043149021387
2023-07-31,1260.061279296875,1261.7343425932213,1239.1950734898064,1253.6016166280715,7902180,50.76964275585831,1272.992346191406,1262.596247443165,8.914816697418246,16.919055818923063,1180.6576935068333,1272.992346191406,1365.326998875979,0.0113391348240619,0.0142900770679588,-0.0472609225242141,0.0112753287190967,0.0305968684696149,0.0247978749446411,1.2338006678898437,0.370585775781152,0.0142900770679588,-0.0472609225242141,0.0615509995921729,1251.5660888671875,1282.7074462890623,1272.9923461914063,0.975722166802751,1.0076317034636717,-0.0170041391448635,0.2906291061102595,12873399.7,0.6138378504630277,-0.0093487270269737,0.0031880384780724,0.0106771795374938,0.0037547380525524,-0.0172547696867841,-0.002103927749336,0.0146334069413971,0,7,0,1,1,xg_INFY.NS,0,0.0
2023-08-01,1268.89111328125,1272.4230854175687,1261.2696325139816,1265.9169045571427,6064652,52.59308688562659,1273.92412109375,1263.1957584753636,8.460414691261803,15.227327593390813,1182.1813278902491,1273.92412109375,1365.6669142972507,0.0070074639459614,0.0229281012768842,-0.0745661665556476,0.0069830257704861,0.027440782148224,0.0247753690177989,1.1075384826772237,0.2553574657837928,0.0229281012768842,-0.0745661665556476,0.0974942678325319,1257.2543212890623,1272.483447265625,1273.92412109375,0.9880319653593236,0.9988691054637634,-0.0131372973064495,-0.2325343133160723,11805467.2,0.5137155435914884,0.0113391348240619,-0.0093487270269737,0.0031880384780724,-0.0014961198751065,-0.081338369414415,0.0367195660442611,-0.0113449447925579,1,8,1,0,0,xg_INFY.NS,0,0.0
2023-08-02,1261.1302490234375,1275.1649885403967,1253.322808944047,1272.7020250125254,7419145,50.81167154268184,1274.3679321289062,1262.9990432894658,7.388886458564229,13.659639366425496,1182.981342792868,1274.3679321289062,1365.7545214649444,-0.0061162570819363,0.0059311030435924,-0.0800704195628971,-0.0061350380007265,0.0273317629952473,0.024826204799332,1.1008795881839564,-0.223770172192244,0.0059311030435924,-0.0800704195628971,0.0860015226064896,1258.7414794921874,1261.5066040039062,1274.3679321289062,0.9978080776565555,0.989907680662119,-0.012390831675649,0.223342246183293,11178675.5,0.6636873035628716,0.0070074639459614,0.0113391348240619,-0.0093487270269737,0.0106771795374938,0.0037547380525524,-0.0001695110514261,0.023850487417685,2,8,0,0,1,xg_INFY.NS,1,2.5036043149021387
2023-08-03,1268.0546875,1270.145959906921,1253.8339897494227,1254.7634441524986,6503741,52.36208810914343,1275.315979003906,1263.4805332142787,7.017543061178685,12.331220105376133,1184.6427504444064,1275.315979003906,1365.9892075634057,0.0054906608432589,0.0082400215781663,-0.0587788439653285,0.0054756421150923,0.0274184923023809,0.024836904011349,1.1038971843136498,0.2002466268415268,0.0082400215781663,-0.0587788439653285,0.0670188655434949,1260.81416015625,1253.5876586914062,1275.3159790039062,1.005764655877665,0.982962402518103,-0.011436272418382,-0.1233840287526393,10994327.5,0.591554235581886,-0.0061162570819363,0.0070074639459614,0.0113391348240619,0.0031880384780724,-0.0014961198751065,-0.0172547696867841,0.0445754495744898,3,8,0,0,1,xg_INFY.NS,1,2.5036043149021387
2023-08-04,1281.113525390625,1288.1309519095748,1265.9169677427412,1272.3302261741662,5712345,55.22821490509225,1277.5536437988278,1265.159865802502,7.688363159217943,11.402648716144496,1188.73842279173,1277.5536437988278,1366.3688648059256,0.0102983238967166,0.0282359006404331,0.0351081668141675,0.0102456574347487,0.0071346382662573,0.0247710596791608,0.2880115080725091,1.4432239293035591,0.0282359006404331,0.0351081668141675,-0.0068722661737343,1267.8501708984377,1257.932861328125,1277.553643798828,1.0078838146893163,0.9846419110728216,-0.0075742490482503,-0.1216831974089989,7010731.5,0.8148001389012238,0.0054906608432589,-0.0061162570819363,0.0070074639459614,-0.0093487270269737,0.0106771795374938,-0.081338369414415,-0.002103927749336,4,8,0,0,1,xg_INFY.NS,1,2.5036043149021387
2023-08-07,1294.72998046875,1296.5888892705716,1279.8587100541772,1289.9897857158628,3729093,58.06155811125314,1280.5209289550778,1267.9760671992876,9.2125307276267,10.964625118440935,1193.6945965531363,1280.5209289550778,1367.3472613570193,0.010628609259256,0.0275135040981662,0.0421967512600973,0.0105725226569015,0.0074865608579815,0.0248329798768388,0.3014644005958872,1.4195022198619198,0.0275135040981662,0.0421967512600973,-0.0146832471619311,1274.7839111328126,1263.175,1280.520928955078,1.009190263528658,0.9864540058949036,-0.0044310535083063,-0.3471870133894223,6497661.9,0.5739130563256032,0.0102983238967166,0.0054906608432589,-0.0061162570819363,0.0113391348240619,0.0031880384780724,0.0037547380525524,0.0367195660442611,0,8,0,0,0,xg_INFY.NS,1,2.5036043149021387
2023-08-08,1292.1275634765625,1295.241326729345,1286.7367956063742,1294.5906405227167,4161877,57.3150051519622,1282.4541992187496,1270.2762097018851,10.094092786374858,10.79051865202772,1196.4466803254886,1282.4541992187496,1368.4617181120109,-0.0020100075161967,0.0183124067558679,0.0416603767494745,-0.0020120302922892,0.0075313806789701,0.0246887023421028,0.3050413720916757,-0.2668489023408669,0.0183124067558679,0.0416603767494745,-0.0233479699936065,1279.431201171875,1268.3427612304688,1282.45419921875,1.008742463220785,0.9889965364869344,-0.0023395507783623,0.1160561026501618,6233651.4,0.6676467343039638,0.010628609259256,0.0102983238967166,0.0054906608432589,0.0070074639459614,-0.0093487270269737,-0.0014961198751065,-0.0001695110514261,1,8,0,0,1,xg_INFY.NS,0,0.0
2023-08-09,1296.03125,1297.518354361952,1284.970719846274,1286.3649014591272,4090828,58.18356876961419,1285.2936767578124,1272.729070682658,10.98114810736206,10.828644543094589,1201.573709068403,1285.2936767578124,1369.0136444472214,0.0030211309113585,0.0276743825656298,0.0337696252238866,0.0030165764661118,0.0071707342122811,0.0244938147893064,0.2927449859882867,0.4212552810706597,0.0276743825656298,0.0337696252238866,-0.0060952426582567,1286.4114013671874,1272.5764404296874,1285.2936767578126,1.01087161485783,0.9901055793254934,0.000862421032961,-0.0170713838972175,6089845.7,0.6717457553972719,-0.0020100075161967,0.010628609259256,0.0102983238967166,-0.0061162570819363,0.0113391348240619,0.0106771795374938,-0.0172547696867841,2,8,0,0,0,xg_INFY.NS,1,2.5036043149021387
2023-08-10,1291.1051025390625,1297.332515182076,1287.8520120932285,1293.428738571801,3873025,56.61790903466598,1286.4090209960937,1274.4791689546964,11.15802415276312,10.894520465028297,1203.0206470125297,1286.4090209960937,1369.7973949796576,-0.0038009480565669,0.0181777767680564,0.0265675836190346,-0.0038081900163309,0.0075203266619346,0.0240028426392641,0.3132967823090654,-0.5053560664774098,0.0181777767680564,0.0265675836190346,-0.0083898068509782,1291.021484375,1275.917822265625,1286.4090209960937,1.0118374881562164,0.991844585540651,0.0035724925645755,-0.0532417887039005,5557962.1,0.6968426430974229,0.0030211309113585,-0.0020100075161967,0.010628609259256,0.0054906608432589,0.0070074639459614,0.0031880384780724,-0.081338369414415,3,8,0,0,0,xg_INFY.NS,0,0.0
2023-08-11,1275.072021484375,1298.3083819497344,1270.610708350301,1293.800550711213,5783517,51.73811088842964,1283.8948486328125,1274.5356311003802,9.890453059723312,10.6937069839673,1202.4409806931935,1283.8948486328125,1365.3487165724314,-0.012418106801032,-0.004715822436117,0.023386922710572,-0.0124958558236079,0.0081044559870267,0.0218642397642351,0.3706547961245415,-1.5320676370222603,-0.004715822436117,0.023386922710572,-0.028102745146689,1289.81318359375,1278.8316772460937,1283.8948486328125,1.0085871397644015,0.9960563971480138,0.0046415691515587,0.4932816080453908,5524040.3,1.0469722677437658,-0.0038009480565669,0.0030211309113585,-0.0020100075161967,0.0102983238967166,-0.0061162570819363,-0.0093487270269737,0.0037547380525524,4,8,0,0,1,xg_INFY.NS,1,2.5036043149021387
2023-08-14,1295.2412109375,1296.5888744198694,1269.2628926543166,1275.071982593474,4304135,56.78411482447856,1282.5285583496095,1276.5075910848675,10.39356827870506,10.633679242914852,1202.909930219293,1282.5285583496095,1362.147186479926,0.0158180785973525,0.0003948548936549,0.0279192228335558,0.0156942766250924,0.0087545042859753,0.0222111785296242,0.3941308266678783,1.8066439214346737,0.0003948548936549,0.0279192228335558,-0.0275243679399008,1289.9154296875,1282.3496704101562,1282.5285583496093,1.005899919071936,0.9998605193324636,0.0057030854759045,-0.2557927987416653,5164235.8,0.8334505174994462,-0.012418106801032,-0.0038009480565669,0.0030211309113585,0.010628609259256,0.0054906608432589,0.0113391348240619,-0.0014961198751065,0,8,0,0,1,xg_INFY.NS,0,0.0
2023-08-16,1318.43115234375,1319.7788159280838,1306.2553216018096,1311.274398380743,7735313,61.73760501615409,1279.893560791016,1280.5003112047614,12.51921150229532,11.010785694790949,1209.6899932652825,1279.893560791016,1350.0971283167494,0.0179039558118021,0.0203568050173126,0.0390419938669075,0.0177455677165694,0.0099359175550359,0.020897988743107,0.4754257575411636,1.8017615334574872,0.0203568050173126,0.0390419938669075,-0.0186851888495949,1295.1761474609375,1287.3036743164062,1279.8935607910155,1.0061154747722691,1.005789632632272,0.0115914939075538,0.7971817798465894,5331301.9,1.450923835320327,0.0158180785973525,-0.012418106801032,-0.0038009480565669,-0.0020100075161967,0.0102983238967166,0.0070074639459614,0.0106771795374938,2,8,0,0,0,xg_INFY.NS,0,0.0
2023-08-17,1311.971435546875,1319.825280033983,1306.812918118155,1319.825280033983,5618346,59.68533709899438,1276.9471984863285,1283.4975611421055,13.526627371713175,11.513954030175393,1218.938113436055,1276.9471984863285,1334.956283536602,-0.0048995480616426,0.0122992293178694,0.0403139854609042,-0.0049115901973646,0.0098064923631371,0.0209060282414789,0.4690524282012182,-0.4995719476732166,0.0122992293178694,0.0403139854609042,-0.0280147561430348,1298.3641845703123,1292.38779296875,1276.947198486328,1.0046243021127843,1.012091803404812,0.0163242777271725,-0.2736756741453126,5151222.0,1.0906821721135118,0.0179039558118021,0.0158180785973525,-0.012418106801032,0.0030211309113585,0.010628609259256,-0.0061162570819363,0.0031880384780724,3,8,0,0,0,xg_INFY.NS,1,2.5036043149021387
2023-08-18,1290.826171875,1309.3222216013403,1288.3630952984504,1304.6749501205963,5134103,53.42480129544072,1274.1263000488284,1284.195524069048,12.474962049179112,11.706155633976138,1225.8380804477729,1274.1263000488284,1322.414519649884,-0.0161171677210036,-0.000216040246076,0.0179578093906143,-0.0162484619068212,0.0116496690824228,0.0208637805996064,0.5583413171688277,-1.3833684234770112,-0.000216040246076,0.0179578093906143,-0.0181738496366903,1298.3083984375,1294.66494140625,1274.1263000488282,1.0028142084602156,1.0161197844802627,0.0187338147579902,-0.0861896009964499,5014258.2,1.0239008035124668,-0.0048995480616426,0.0179039558118021,0.0158180785973525,-0.0038009480565669,-0.0020100075161967,0.0054906608432589,-0.0093487270269737,4,8,0,0,1,xg_INFY.NS,1,2.5036043149021387
2023-08-21,1306.255126953125,1307.7422311767086,1289.2925855750334,1291.7091441207042,3032722,56.97137819859208,1277.555981445313,1286.296438629436,12.739642762267067,11.912853059634324,1230.443242665287,1277.555981445313,1324.6687202253383,0.0119527752181485,0.0244559561682236,0.0196248037853117,0.0118819049722374,0.0117939547545249,0.0095168311448648,1.239143096259713,1.0133803365004863,0.0244559561682236,0.0196248037853117,0.0048311523829118,1304.54501953125,1297.1791015625,1277.5559814453125,1.0056784124565974,1.0153598906053318,0.0206613834687028,-0.4092985668577354,4746295.9,0.6389660619346048,-0.0161171677210036,-0.0048995480616426,0.0179039558118021,-0.012418106801032,0.0030211309113585,0.0102983238967166,0.0113391348240619,0,8,0,0,0,xg_INFY.NS,1,2.5036043149021387
2023-08-22,1304.7215576171875,1306.8593480283198,1298.1224543541218,1305.6044938755165,2890714,56.510763886759925,1280.676629638672,1288.0512118663648,12.67949656182236,12.066181760071933,1235.1528486366788,1280.676629638672,1326.2004106406653,-0.0011740197640521,0.0073193676974079,0.0077171126792168,-0.0011747094651237,0.0114200289928893,0.0095530175242346,1.195311706716203,-0.1027945699799127,0.0073193676974079,0.0077171126792168,-0.0003977449818088,1306.4410888671875,1298.1782592773438,1280.6766296386718,1.0063649422032714,1.0136659241166992,0.0197470939895937,-0.046825261266941,4662458.0,0.6199978637875944,0.0119527752181485,-0.0161171677210036,-0.0048995480616426,0.0158180785973525,-0.0038009480565669,0.010628609259256,0.0070074639459614,1,8,0,0,1,xg_INFY.NS,1,2.5036043149021387
2023-08-23,1308.625244140625,1316.665047189912,1306.4875671497327,1316.1073972557133,2559125,57.45373490816619,1284.0853942871097,1290.0106435115324,12.799282975744518,12.21280200320645,1241.1055571833874,1284.0853942871097,1327.0652313908315,0.0029919690532029,-0.007437558029248,0.0127678420694581,0.0029875020217238,0.0113914388766972,0.0095068772240907,1.198105382328034,0.2626276151740365,-0.007437558029248,0.0127678420694581,-0.0202054000987061,1304.4799072265623,1299.82802734375,1284.0853942871097,1.003578842573751,1.0122598022893798,0.0155846855551423,-0.1147083384935347,4502182.8,0.5684187234688541,-0.0011740197640521,0.0119527752181485,-0.0161171677210036,0.0179039558118021,-0.012418106801032,-0.0020100075161967,-0.0061162570819363,2,8,0,0,1,xg_INFY.NS,1,2.5036043149021387
2023-08-24,1323.1712646484375,1324.5190416072762,1314.6667341741827,1321.2194330950322,5171963,60.85937151669326,1287.5592346191406,1293.1687979055234,13.907638263905255,12.551769255346212,1243.699985318276,1287.5592346191406,1331.4184839200052,0.0111154974068721,0.0085366409649718,0.0209408643876738,0.0110541742718845,0.0118051942345588,0.009526666768658,1.2390435687143144,0.9414970807726548,0.0085366409649718,0.0209408643876738,-0.0124042234227019,1306.719873046875,1302.5420288085938,1287.5592346191406,1.003207454458957,1.011636586330636,0.0144808453294405,1.0209888145362185,4610296.3,1.1218287640208455,0.0029919690532029,-0.0011740197640521,0.0119527752181485,-0.0048995480616426,0.0158180785973525,0.0030211309113585,0.0054906608432589,3,8,0,0,0,xg_INFY.NS,1,2.5036043149021387
2023-08-25,1319.9180908203125,1322.148803936989,1311.8318834134902,1313.3189876716804,4307172,59.708255741174305,1290.6705749511718,1295.716349611694,14.358003745389624,12.913016153354896,1246.9040829694643,1290.6705749511718,1334.4370669328794,-0.0024586188613984,0.0225374411978762,0.0223165319574578,-0.0024616462278626,0.0117376087463896,0.0095962187931946,1.2230218982516752,-0.2094472108676939,0.0225374411978762,0.0223165319574578,0.0002209092404183,1312.5382568359375,1305.4233276367188,1290.6705749511718,1.0054502850137506,1.0114303006296592,0.016567453720689,-0.167207499357594,4653711.0,0.9255349118153392,0.0111154974068721,0.0029919690532029,-0.0011740197640521,-0.0161171677210036,0.0179039558118021,-0.0038009480565669,0.0102983238967166,4,8,0,0,0,xg_INFY.NS,1,2.5036043149021387
2023-08-28,1315.7821044921875,1324.286634688253,1311.8319234109513,1319.9181310643205,3133464,58.20102858370237,1294.1630065917966,1297.6273738860266,14.21729398823618,13.173871720331151,1254.4697310687504,1294.1630065917966,1333.8562821148428,-0.0031335174181562,0.0072933513082429,0.0319276733563802,-0.0031384371639555,0.0107742119115071,0.0092893708610448,1.1597181719283345,-0.2908079621905051,0.0072933513082429,0.0319276733563802,-0.0246343220481373,1314.44365234375,1309.4943359375,1294.1630065917968,1.0037795630499666,1.0118465210855303,0.0154133770954274,-0.2725008427803672,4388705.7,0.7139836239188437,-0.0024586188613984,0.0111154974068721,0.0029919690532029,0.0119527752181485,-0.0048995480616426,-0.012418106801032,0.010628609259256,0,8,0,0,1,xg_INFY.NS,1,2.5036043149021387
2023-08-29,1317.64111328125,1323.914930768979,1315.4569180328365,1323.5431263001694,3074444,58.70559985569334,1297.0419982910155,1299.5334443046193,14.093327854115614,13.357762947088046,1259.4670531015863,1297.0419982910155,1334.6169434804444,0.0014128545925009,0.0099021554358751,0.0172940006499151,0.0014118574525499,0.0098204887739401,0.0090701365013708,1.0826084220490044,0.1438534040022273,0.0099021554358751,0.0172940006499151,-0.00739184521404,1317.0275634765626,1311.734326171875,1297.0419982910155,1.0040352967815789,1.011327565260198,0.015167684875723,-0.0188353847371471,4265736.6,0.7207299203610648,-0.0031335174181562,-0.0024586188613984,0.0111154974068721,-0.0011740197640521,-0.0161171677210036,0.0158180785973525,-0.0020100075161967,1,8,0,0,1,xg_INFY.NS,1,2.5036043149021387
2023-08-30,1333.9066162109375,1335.3007979273286,1323.5431760940037,1326.331539526786,3070887,62.92289049070727,1300.2927734375,1302.8070797242683,15.133128662467698,13.712836090163975,1261.735665143617,1300.2927734375,1338.849881731383,0.0123444106029617,0.0193190313143583,0.0117377868686407,0.0122688396500523,0.0089211553254786,0.009292458190856,0.9599392542870984,1.3835682245645595,0.0193190313143583,0.0117377868686407,0.0075812444457175,1322.083837890625,1313.2818725585937,1300.2927734375,1.0067022666770562,1.00998936500028,0.0163362743600629,-0.0011569571603841,3799294.0,0.8082783274995807,0.0014128545925009,-0.0031335174181562,-0.0024586188613984,0.0029919690532029,0.0119527752181485,0.0179039558118021,0.0030211309113585,2,8,0,0,0,xg_INFY.NS,1,2.5036043149021387
2023-08-31,1334.185302734375,1342.968715084765,1327.8650807492495,1333.906534483456,9792735,62.99262757336819,1303.945526123047,1305.7954819157071,15.79756151233414,14.12978117459801,1267.211092169526,1303.945526123047,1340.6799600765682,0.0002089250627073,0.0083239701316093,0.016931669840998,0.0002089032409058,0.0086757376749369,0.0090876343377903,0.9545699994622304,0.0240787575393455,0.0083239701316093,0.016931669840998,-0.0086076997093886,1324.2866455078124,1315.5032592773437,1303.9455261230469,1.006676825898017,1.008863662570829,0.0152460976320732,2.188894609277385,4216732.9,2.322351268679521,0.0123444106029617,0.0014128545925009,-0.0031335174181562,0.0111154974068721,-0.0011740197640521,-0.0048995480616426,-0.0038009480565669,3,8,0,1,1,xg_INFY.NS,0,0.0
2023-09-01,1341.99267578125,1343.9910253779606,1327.446692130181,1330.0026916597724,3582133,64.9798633128027,1307.6424255371096,1309.2428337124256,16.760909754432532,14.656006890564916,1271.2358601244323,1307.6424255371096,1344.048990949787,0.0058517906252406,0.0167242082023577,0.0396385702591757,0.0058347354018657,0.0060397702040673,0.0090934958443956,0.6641127015071718,0.9687159795121124,0.0167242082023577,0.0396385702591757,-0.0229143620568179,1328.7015625,1320.6199096679688,1307.6424255371094,1.0061195903324394,1.0099243370186073,0.015692438075812,-0.6342050509893303,4061535.9,0.8819651206330882,0.0002089250627073,0.0123444106029617,0.0014128545925009,-0.0024586188613984,0.0029919690532029,-0.0161171677210036,-0.012418106801032,4,9,1,0,1,xg_INFY.NS,1,2.5036043149021387
2023-09-04,1361.74365234375,1366.2980017078678,1333.4882151949037,1341.2027322887438,4609014,69.4492806116609,1311.6739318847656,1314.2429116773135,18.900238732521757,15.504853258956285,1270.1403567415832,1311.6739318847656,1353.207507027948,0.0147176485527402,0.0349309720010981,0.0424790871596834,0.0146103950290878,0.0064949324361973,0.009333842362723,0.6957731243683024,2.2656714332077876,0.0349309720010981,0.0424790871596834,-0.0075481151585852,1337.8938720703125,1326.1687622070312,1311.6739318847656,1.008841340708228,1.0110506353522155,0.0192546814082215,0.2866674687958264,4219165.1,1.0923995365810424,0.0058517906252406,0.0002089250627073,0.0123444106029617,-0.0031335174181562,0.0111154974068721,0.0119527752181485,0.0158180785973525,0,9,0,0,1,xg_INFY.NS,0,0.0
2023-09-05,1374.570068359375,1375.6389635594269,1353.750268114738,1361.650630132572,5496840,71.9526573931618,1315.6659362792968,1319.9883551708433,21.384153725347687,16.680713352234566,1266.3676297706368,1315.6659362792968,1364.964242787957,0.0094191120285738,0.0432052055027016,0.0535351855991035,0.0093750287932952,0.0063862320872816,0.0092862784183017,0.6876322426919775,1.474678217397062,0.0432052055027016,0.0535351855991035,-0.0103299800964018,1349.2796630859375,1333.15361328125,1315.6659362792968,1.0120961677964453,1.0132918824754318,0.0244539929832463,0.1926281846833184,4479777.7,1.2270341003748406,0.0147176485527402,0.0058517906252406,0.0002089250627073,0.0014128545925009,-0.0024586188613984,-0.0011740197640521,0.0179039558118021,1,9,0,0,0,xg_INFY.NS,0,0.0
2023-09-06,1373.2222900390625,1378.2878843440208,1360.070601695981,1377.3584299899496,5075786,71.29159728301718,1319.720672607422,1325.0582537297214,22.979031831207976,17.940377048029248,1265.4816392806456,1319.720672607422,1373.9597059341982,-0.0009805089979306,0.0294740826309147,0.0493625246705815,-0.0009809900113291,0.0066597826535863,0.0092596431411986,0.7191490431110984,-0.1472062742360678,0.0294740826309147,0.0493625246705815,-0.0198884420396667,1357.1427978515626,1339.6133178710938,1319.720672607422,1.013085477537896,1.015073375507841,0.0272513237773588,-0.0765992824968527,4731443.8,1.072777404647378,0.0094191120285738,0.0147176485527402,0.0058517906252406,0.0123444106029617,-0.0031335174181562,0.0029919690532029,-0.0048995480616426,2,9,0,0,0,xg_INFY.NS,0,0.0
2023-09-07,1362.7659912109375,1369.4581309432017,1358.9088462312309,1366.855613248634,4411743,66.20932990620688,1323.0574096679686,1328.6494668231703,23.132590191889904,18.97881967680138,1266.7819033141652,1323.0574096679686,1379.332916021772,-0.0076144255041386,0.0214218283007519,0.0299241130913012,-0.0076435632477069,0.0073044109561368,0.0095641249346476,0.763650344981707,-1.0422994065436095,0.0214218283007519,0.0299241130913012,-0.0085022847905493,1362.858935546875,1343.5727905273438,1323.0574096679688,1.0143543730235571,1.0155060398055769,0.0292064273217876,-0.1308256494659152,4655421.8,0.9476569878155944,-0.0009805089979306,0.0094191120285738,0.0147176485527402,0.0002089250627073,0.0014128545925009,0.0111154974068721,-0.0161171677210036,3,9,0,0,1,xg_INFY.NS,0,0.0
2023-09-08,1365.9261474609375,1370.7128602563196,1357.1892535120792,1360.25649837947,3125838,66.97557840646216,1326.7984619140625,1332.1996268839102,23.24137242385541,19.831330226212184,1269.5275466649582,1326.7984619140625,1384.0693771631668,0.0023189280260742,0.0178342789134482,0.0348567513094935,0.0023162434618848,0.0070616067680537,0.0094471874524217,0.747403330386268,0.3283388276073143,0.0178342789134482,0.0348567513094935,-0.0170224723960452,1367.6456298828125,1348.1735961914062,1326.7984619140625,1.0144432688389795,1.0161103098103592,0.0299043751704139,-0.2914732340483115,4537288.4,0.6889220442763371,-0.0076144255041386,-0.0009805089979306,0.0094191120285738,0.0058517906252406,0.0123444106029617,-0.0024586188613984,0.0119527752181485,4,9,0,0,1,xg_INFY.NS,1,2.5036043149021387
2023-09-11,1372.2928466796875,1373.7800644251438,1361.1859124430616,1365.9261069950462,4182226,68.52418219068753,1331.659503173828,1336.0180287692224,23.569626561234827,20.578989493216714,1276.4063647593655,1331.659503173828,1386.9126415882904,0.0046610859822726,0.0077468283533255,0.0429484045987307,0.0046502567585964,0.0066731182462675,0.0087385219630377,0.7635564364378723,0.6983822896574097,0.0077468283533255,0.0429484045987307,-0.0352015762454052,1369.75546875,1353.8246704101562,1331.6595031738282,1.0117672536836084,1.0166447708167894,0.0277608133485112,0.3379535343802207,4642164.6,0.9009215226877348,0.0023189280260742,-0.0076144255041386,-0.0009805089979306,0.0147176485527402,0.0002089250627073,-0.0031335174181562,-0.0011740197640521,0,9,0,0,1,xg_INFY.NS,0,0.0
2023-09-12,1395.203857421875,1397.8992976423294,1372.896953736093,1377.91602975715,6793161,73.3645629216005,1336.6576354980468,1341.6547743551894,25.385864972390436,21.54036458905146,1277.3399615367312,1336.6576354980468,1395.9753094593625,0.0166954238649728,0.0150110856750487,0.0588648482191593,0.0165575873200012,0.0076357903057328,0.0088044203010369,0.8671693167029886,2.1861833566963083,0.0150110856750487,0.0588648482191593,-0.0438537625441106,1373.8822265625,1361.5809448242187,1336.6576354980468,1.0090345577947768,1.018645993307692,0.0266803957474992,0.6242931395864308,5014036.3,1.3548288431814195,0.0046610859822726,0.0023189280260742,-0.0076144255041386,0.0094191120285738,0.0058517906252406,0.0014128545925009,0.0029919690532029,1,9,0,0,0,xg_INFY.NS,0,0.0
2023-09-13,1392.64794921875,1398.8288435447748,1383.632287105664,1398.8288435447748,4804686,72.03372833079742,1340.368475341797,1346.511267199338,26.315656064956556,22.49542288423248,1276.7237550409711,1340.368475341797,1404.0131956426228,-0.001831924553196,0.0141460412641094,0.0440370654841428,-0.0018336045790814,0.0075938361864834,0.0082226071827752,0.9234191295504804,-0.2412065919810511,0.0141460412641094,0.0440370654841428,-0.0298910242200334,1377.7673583984374,1367.455078125,1340.368475341797,1.007541220503987,1.0202083257563157,0.026854513430778,-0.2927171901269526,5187416.2,0.9262194924708516,0.0166954238649728,0.0046610859822726,0.0023189280260742,-0.0009805089979306,0.0147176485527402,0.0123444106029617,0.0111154974068721,2,9,0,0,1,xg_INFY.NS,0,0.0
2023-09-14,1400.6412353515625,1405.846270656975,1393.3915592483722,1398.8288446904617,6444213,73.64394019181368,1344.8019653320314,1351.6665022614543,27.381872412291617,23.47271278984431,1277.252550179287,1344.8019653320314,1412.3513804847755,0.0057396315682629,0.0277929185090461,0.0498101219380755,0.0057232226405199,0.0074593752028674,0.0080422090383047,0.9274128233324708,0.7693489150595073,0.0277929185090461,0.0498101219380755,-0.0220172034290293,1385.3424072265625,1374.100671386719,1344.8019653320312,1.008181158829141,1.0217866323889957,0.0289442013210154,0.3412349943367787,4852564.0,1.32800165026132,-0.001831924553196,0.0166954238649728,0.0046610859822726,-0.0076144255041386,0.0094191120285738,0.0002089250627073,-0.0024586188613984,3,9,0,0,1,xg_INFY.NS,0,0.0
2023-09-15,1404.9632568359375,1411.2835921776357,1402.5466980730964,1410.9117877236315,8657816,74.49891506642167,1350.508819580078,1356.7423836495004,28.249959612948032,24.428162154465053,1282.8743257747292,1350.508819580078,1418.143313385427,0.0030857448540633,0.0285792240287401,0.0469231927946467,0.0030809937147715,0.0074713390550101,0.006622199998699,1.1280557821714094,0.4129556797873577,0.0285792240287401,0.0469231927946467,-0.0183439687659066,1393.1498291015623,1380.3977294921874,1350.508819580078,1.0092379894119836,1.0221315917961964,0.0303502666806494,0.3435024571658323,5360132.3,1.6152243107876991,0.0057396315682629,-0.001831924553196,0.0166954238649728,0.0023189280260742,-0.0009805089979306,0.0058517906252406,-0.0031335174181562,4,9,0,0,0,xg_INFY.NS,0,0.0
2023-09-18,1386.56005859375,1398.7358880088802,1383.0280866448795,1398.7358880088802,3991916,64.8520221728609,1354.5240661621094,1359.5821622156195,27.14008665268466,24.970547054108977,1288.4342134582855,1354.5240661621094,1420.613918865933,-0.0130987042918351,0.0103966233946219,0.0182239926048397,-0.0131852488977877,0.008413367719285,0.0074136847306069,1.134689878931159,-1.5567069004856904,0.0103966233946219,0.0182239926048397,-0.0078273692102177,1396.003271484375,1382.8793701171876,1354.5240661621094,1.0094902720011474,1.0209337764189157,0.0299151883578226,-0.5389234421244342,5298422.5,0.7534159459724562,0.0030857448540633,0.0057396315682629,-0.001831924553196,0.0046610859822726,-0.0076144255041386,0.0147176485527402,0.0014128545925009,0,9,0,0,0,xg_INFY.NS,0,0.0
2023-09-20,1385.119384765625,1389.6272158004997,1372.0605053905272,1372.0605053905272,4169337,64.15169226834787,1358.5439575195314,1362.0142786489537,25.84631378125823,25.14570039953883,1295.4984950140188,1358.5439575195314,1421.589420025044,-0.0010390273534823,-0.0072279564040803,0.0076746297981311,-0.0010395675165986,0.00800666117327,0.0074097319784381,1.0804143499678305,-0.1297541605469898,-0.0072279564040803,0.0076746297981311,-0.0149025862022115,1393.986376953125,1383.9343017578126,1358.5439575195312,1.0072634049048028,1.0186893799775458,0.0255879888935285,0.0444450734935304,5165672.2,0.8071238047197793,-0.0130987042918351,0.0030857448540633,0.0057396315682629,0.0166954238649728,0.0023189280260742,0.0094191120285738,0.0123444106029617,2,9,0,0,1,xg_INFY.NS,1,2.5036043149021387
2023-09-21,1395.808349609375,1398.4108676940168,1371.8748953044364,1381.6806860439626,6779195,66.99915998501486,1362.9031127929686,1365.232761597565,25.39081013697819,25.1947223470267,1302.384857338414,1362.9031127929686,1423.421368247523,0.0077169989542515,0.002269346242457,0.0164474897721547,0.0076873752244095,0.008260888741758,0.0074837373698524,1.1036978765657035,0.934047794089448,0.002269346242457,0.0164474897721547,-0.0141781435296977,1394.61845703125,1386.1929077148438,1362.9031127929688,1.0060781939292245,1.0170883716555226,0.0227218473418338,0.625964751709924,5336013.1,1.2704607115748516,-0.0010390273534823,-0.0130987042918351,0.0030857448540633,-0.001831924553196,0.0046610859822726,-0.0009805089979306,0.0002089250627073,3,9,0,0,0,xg_INFY.NS,1,2.5036043149021387
2023-09-22,1390.6031494140625,1400.641188325793,1380.4255561991947,1386.6529684238076,5455613,64.31985780378533,1366.27470703125,1367.64898900866,24.329350455514714,25.021647968724302,1307.5908964364044,1366.27470703125,1424.9585176260955,-0.0037291653949262,-0.0071667788182606,0.0204269539911172,-0.0037361360674541,0.0078575720357768,0.0073989317244875,1.0618438559067824,-0.4745347345483319,-0.0071667788182606,0.0204269539911172,-0.0275937328093779,1392.61083984375,1388.9766235351562,1366.27470703125,1.002616470462508,1.0166159238600228,0.0189386402753343,-0.1952417654308512,5440400.1,1.0027962833099346,0.0077169989542515,-0.0010390273534823,-0.0130987042918351,0.0057396315682629,0.0166954238649728,-0.0076144255041386,0.0058517906252406,4,9,0,0,0,xg_INFY.NS,1,2.5036043149021387
2023-09-25,1370.1552734375,1384.7476626343905,1367.7387146063886,1384.7476626343905,4217863,55.01281600231381,1368.7865661621097,1367.8876827637876,21.58929535133143,24.335177445245733,1314.3073380077208,1368.7865661621097,1423.2657943164982,-0.0147043216356718,-0.0247750133173071,0.0030961600555226,-0.0148135017748387,0.0094715566765998,0.0082856679713538,1.142987351410968,-1.552307591043088,-0.0247750133173071,0.0030961600555226,-0.0278711733728297,1385.6492431640625,1389.3995361328125,1368.7865661621097,0.9973007814734208,1.0150593017788734,0.0123071284903697,-0.2268764298347408,5549602.6,0.760029736183135,-0.0037291653949262,0.0077169989542515,-0.0010390273534823,0.0030857448540633,-0.001831924553196,0.0023189280260742,0.0147176485527402,0,9,0,0,0,xg_INFY.NS,1,2.5036043149021387
2023-09-26,1357.607666015625,1375.4996641903997,1356.0740434803138,1374.8025733524212,3996528,50.211430399624426,1370.877844238281,1366.9086335496768,18.19554793575253,23.107251543347093,1322.047394510043,1370.877844238281,1419.7082939665197,-0.0091577996050002,-0.0208807345911063,-0.0107012003302311,-0.0091999900303152,0.0097758110537051,0.0085825474435929,1.1389010333952474,-0.9366857510793134,-0.0208807345911063,-0.0107012003302311,-0.0101795342608752,1379.8587646484375,1387.9310180664063,1370.877844238281,0.9941839664126718,1.012439601310794,0.0066152546387085,-0.052475625690071,5531032.8,0.7225645091092712,-0.0147043216356718,-0.0037291653949262,0.0077169989542515,-0.0130987042918351,0.0057396315682629,0.0046610859822726,0.0094191120285738,1,9,0,0,1,xg_INFY.NS,1,2.5036043149021387
2023-09-27,1363.509521484375,1365.926080084956,1347.7553157505324,1353.2855237091,3863586,52.319364713774185,1373.1712646484375,1366.5849085910766,15.80007563403683,21.645816361485043,1331.0163922652469,1373.1712646484375,1415.326137031628,0.0043472467167713,-0.0156014445533925,-0.0227166343964001,0.0043378247363428,0.0078847078629406,0.0086042193024073,0.9162704151810436,0.5512817355562273,-0.0156014445533925,-0.0227166343964001,0.0071151898430076,1375.5367919921875,1384.7615844726563,1373.1712646484375,0.9933383532704066,1.0084405493492363,0.0017348814265519,-0.0332643734761772,5238075.3,0.7375964984694402,-0.0091577996050002,-0.0147043216356718,-0.0037291653949262,-0.0010390273534823,0.0030857448540633,0.0166954238649728,-0.0009805089979306,2,9,0,0,0,xg_INFY.NS,1,2.5036043149021387
2023-09-28,1337.9031982421875,1368.714636770685,1333.7671712132335,1364.3462461230529,5814602,43.67881108809843,1373.3710937500002,1363.8533171292777,11.700553593326958,19.656763807853427,1331.968746322213,1373.3710937500002,1414.7734411777874,-0.018779717221418,-0.0414850300783719,-0.0393098277330414,-0.0189582954105338,0.0094473444698305,0.0093675225643964,1.0084134830110385,-1.9876198715429336,-0.0414850300783719,-0.0393098277330414,-0.0021752023453304,1363.95576171875,1379.287109375,1373.37109375,0.9888845857022494,1.0043076599266745,-0.007037379119521,0.5049754295620701,5339066.9,1.089067080241851,0.0043472467167713,-0.0091577996050002,-0.0147043216356718,0.0077169989542515,-0.0130987042918351,-0.001831924553196,-0.0076144255041386,3,9,0,0,0,xg_INFY.NS,1,2.5036043149021387
2023-09-29,1334.185302734375,1344.7347011757531,1316.1074596363055,1331.0716531169655,6068968,42.57926877585458,1373.3710937500002,1361.0277919488108,8.058753451482744,17.33716173657929,1331.968746322213,1373.3710937500002,1414.7734411777874,-0.0027788972421153,-0.0405707744178915,-0.0474467914694136,-0.0027827655451293,0.0088398963795777,0.0093910225584129,0.9412132822934204,-0.3143230191606508,-0.0405707744178915,-0.0474467914694136,0.006876017051522,1352.6721923828125,1372.641516113281,1373.37109375,0.9854519016829584,0.999468768754462,-0.0155142627675224,0.0437460723881015,5301542.4,1.14475515653687,-0.018779717221418,0.0043472467167713,-0.0091577996050002,-0.0037291653949262,-0.0010390273534823,0.0057396315682629,0.0023189280260742,4,9,0,0,0,xg_INFY.NS,1,2.5036043149021387
2023-10-03,1332.8375244140625,1335.625887435849,1320.1040453314158,1334.7429511957962,4181867,42.16488945546608,1372.9133361816407,1358.3430045645491,5.006138506235402,14.870957090510514,1329.879915733208,1372.9133361816407,1415.9467566300734,-0.0010101882531237,-0.0272361459660066,-0.0513363834042938,-0.0010106988371632,0.0085223965833946,0.0092924227201246,0.9170352882947695,-0.1185194474104101,-0.0272361459660066,-0.0513363834042938,0.0241002374382871,1345.208642578125,1365.4289428710938,1372.9133361816407,0.9851912467517704,0.9945485318604576,-0.0207862497086396,-0.3109426512052791,4853947.5,0.8615393965425333,-0.0027788972421153,-0.018779717221418,0.0043472467167713,-0.0147043216356718,0.0077169989542515,0.0030857448540633,0.0046610859822726,1,10,0,0,1,xg_INFY.NS,1,2.5036043149021387
2023-10-04,1342.45751953125,1347.6624417880482,1318.152262838638,1324.4725985168332,4510406,46.19022527163669,1371.9490295410158,1356.8301012280444,3.3248456267861,12.56173479776563,1327.0383468511168,1371.9490295410158,1416.8597122309147,0.0072176802805852,-0.0111594438243254,-0.0318071610307517,0.007191757486491,0.0088516412715735,0.0087923094629923,1.0066336581041102,0.8153137644650464,-0.0111594438243254,-0.0318071610307517,0.0206477172064263,1342.17861328125,1361.0186889648437,1371.9490295410155,0.9861573718007332,0.9920329834849414,-0.0221760583308145,0.0785627567782523,4905796.5,0.9194034037080584,-0.0010101882531237,-0.0027788972421153,-0.018779717221418,-0.0091577996050002,-0.0037291653949262,-0.0130987042918351,0.0166954238649728,2,10,0,0,1,xg_INFY.NS,1,2.5036043149021387
2023-10-05,1360.2100830078125,1371.5494954859564,1347.8948114227326,1349.5678748329035,7384621,52.72873372479609,1371.2310302734377,1357.152004254689,3.3858623019657443,10.726560298605657,1326.0385127145996,1371.2310302734377,1416.4235478322755,0.0132239294117562,-0.0024198133013186,-0.017983505271661,0.0131372565251526,0.0102721858478857,0.0090593464476178,1.1337519936212213,1.287227702054835,-0.0024198133013186,-0.017983505271661,0.0155636919703423,1341.5187255859375,1358.5277587890623,1371.2310302734377,0.9874798044478044,0.9907358634658072,-0.0218439085687392,0.6372408603571387,5227324.9,1.4126960044130004,0.0072176802805852,-0.0010101882531237,-0.0027788972421153,0.0043472467167713,-0.0147043216356718,-0.0010390273534823,-0.001831924553196,3,10,0,0,1,xg_INFY.NS,1,2.5036043149021387
2023-10-06,1374.3841552734375,1379.7750360960613,1360.0706484952473,1365.8332203052626,3598672,57.20045680509403,1371.2891235351562,1358.79316149457,4.525777287447454,9.486403696374015,1326.08284336834,1371.2891235351562,1416.4954037019725,0.0104205022758558,0.0272672619956217,-0.0153489512667933,0.010366583095168,0.0105804315007974,0.00937962302741,1.1279028556932322,0.984791355977736,0.0272672619956217,-0.0153489512667933,0.0426162132624151,1348.8149169921876,1356.385339355469,1371.2891235351562,0.9944186787164196,0.9891315522569988,-0.016352201425443,-0.5126802038994283,4909272.6,0.7330356843495036,0.0132239294117562,0.0072176802805852,-0.0010101882531237,-0.018779717221418,-0.0091577996050002,0.0077169989542515,0.0057396315682629,4,10,0,0,0,xg_INFY.NS,1,2.5036043149021387
2023-10-09,1371.3634033203125,1385.8164641413844,1359.0481329313968,1361.5577278028998,3567552,55.9849591195422,1371.718994140625,1359.9903273827358,5.126325598473386,8.61438807679389,1326.6908091681585,1371.718994140625,1416.7471791130915,-0.002197894920088,0.0278657698520152,-0.0138355404285231,-0.002200313836127,0.0105555571871857,0.0092225180890648,1.1444176815460645,-0.208201867437992,0.0278657698520152,-0.0138355404285231,0.0417013102805384,1356.250537109375,1354.4613647460938,1371.718994140625,1.0013209475071418,0.987418976139976,-0.0112796192415504,-0.0086476344607121,4720466.5,0.7557625925317433,0.0104205022758558,0.0132239294117562,0.0072176802805852,-0.0027788972421153,0.0043472467167713,-0.0037291653949262,0.0030857448540633,0,10,0,0,1,xg_INFY.NS,1,2.5036043149021387
2023-10-10,1389.673828125,1391.393296146582,1365.4614945887647,1379.217465679009,5688951,61.3467372239594,1372.906378173828,1362.8173274534277,6.9990816602098676,8.291326793477086,1327.2730011392591,1372.906378173828,1418.5397552083966,0.0133519858852546,0.042643084899582,0.0142455056488095,0.0132636337042182,0.0103355965334278,0.0096655129894127,1.0692166394177465,1.2917197495399189,0.042643084899582,0.0142455056488095,0.0283975792507724,1367.6177978515625,1356.4132202148437,1372.9063781738282,1.0082604456147546,0.987986684145992,-0.0038056270581142,0.5946371629621656,4867575.3,1.1687443232771009,-0.002197894920088,0.0104205022758558,0.0132239294117562,-0.0010101882531237,-0.018779717221418,-0.0147043216356718,-0.0130987042918351,1,10,0,0,0,xg_INFY.NS,1,2.5036043149021387
2023-10-11,1388.9766845703125,1411.144149422588,1376.940181958551,1391.3932433298958,7220129,61.04184673889331,1373.7405700683594,1365.308694797893,8.330966477319407,8.29925473024555,1327.5478729297872,1373.7405700683594,1419.9332672069315,-0.0005016598431792,0.0346522436369574,0.0231061000463785,-0.0005017857165769,0.0096894832766826,0.0096288364150446,1.0061939641617104,-0.051768299769568,0.0346522436369574,0.0231061000463785,0.0115461435905788,1376.921630859375,1359.5501220703125,1373.7405700683594,1.012777394894871,0.989670212624396,0.0022902189981682,0.2691494442472786,5189935.4,1.3911789730559283,0.0133519858852546,-0.002197894920088,0.0104205022758558,0.0072176802805852,-0.0027788972421153,-0.0091577996050002,-0.0010390273534823,2,10,0,0,0,xg_INFY.NS,1,2.5036043149021387
2023-10-12,1362.1153564453125,1398.2711535251433,1349.567722660248,1386.6529740945282,11081662,50.6056679184138,1372.086145019531,1365.0045673357424,7.136742179016892,8.06675221999982,1326.768284080642,1372.086145019531,1417.40400595842,-0.0193389337800941,0.0014007199779662,-0.0010224828041865,-0.0195283773618273,0.011805419875397,0.0098372138667437,1.1999556052855354,-1.638001526643464,0.0014007199779662,-0.0010224828041865,0.0024232027821528,1377.302685546875,1359.4107055664062,1372.0861450195312,1.013161570603502,0.9907619215461544,0.0038297347597323,0.5348288098453642,5911743.0,1.8745168726039216,-0.0005016598431792,0.0133519858852546,-0.002197894920088,0.0132239294117562,-0.0010101882531237,0.0043472467167713,0.0077169989542515,3,10,0,0,0,xg_INFY.NS,1,2.5036043149021387
2023-10-13,1330.188720703125,1336.555460811477,1301.2361927232737,1305.8834648401426,17973439,41.519576165469736,1368.9631835937498,1361.6887724183505,3.572911832776299,7.167984142555117,1321.075894693674,1368.9631835937498,1416.8504724938257,-0.023439010206526,-0.0321565367300962,-0.0057660954463657,-0.0237180730699941,0.0126863161831368,0.0110298566284502,1.1500753396084311,-1.847436437162312,-0.0321565367300962,-0.0057660954463657,-0.0263904412837304,1368.4635986328126,1358.6392578125,1368.96318359375,1.0072310149760653,0.9924585804023246,-0.0003755744979354,0.6219082480588201,7127626.7,2.521658296161537,-0.0193389337800941,-0.0005016598431792,0.0133519858852546,0.0104205022758558,0.0072176802805852,-0.018779717221418,-0.0037291653949262,4,10,0,0,1,xg_INFY.NS,1,2.5036043149021387
2023-10-16,1332.97705078125,1341.7603494799057,1329.1197923285388,1331.0716238772634,4850745,42.49073767907539,1365.5799743652344,1358.9543227386264,0.962451005540288,5.926877515152151,1317.5553210923763,1365.5799743652344,1413.6046276380926,0.0020961913409183,-0.0279913788322792,-0.0009056103006447,0.0020939973972646,0.0126829059403142,0.0109207867752756,1.1612482647093452,0.1652638667286094,-0.0279913788322792,-0.0009056103006447,-0.0270857685316344,1360.786328125,1358.5184326171875,1365.5799743652344,1.0016693888381354,0.9948289064861768,-0.0035961956264925,-0.7301159227235255,7005804.4,0.6923894421030806,-0.023439010206526,-0.0193389337800941,-0.0005016598431792,-0.002197894920088,0.0132239294117562,-0.0027788972421153,-0.0147043216356718,0,10,0,0,1,xg_INFY.NS,1,2.5036043149021387
2023-10-17,1340.6915283203125,1350.8226045344618,1336.6020195003289,1338.6467739103207,3923764,45.202125755749904,1362.366387939453,1357.2150089845013,-0.4783500212924991,4.645832007863222,1316.9047931971445,1362.366387939453,1407.8279826817616,0.0057874046177621,-0.0352473356073607,0.0058926941674326,0.005770721927031,0.0128053762513715,0.0110087727090323,1.1630917903387916,0.4519158662968646,-0.0352473356073607,0.0058926941674326,-0.0411400297747933,1350.9898681640625,1359.3038330078125,1362.366387939453,0.9938836596779448,0.9977520328167576,-0.0084855610221119,-0.1911007484417342,6979994.1,0.5621443147064319,0.0020961913409183,-0.023439010206526,-0.0193389337800941,0.0133519858852546,0.0104205022758558,-0.0010101882531237,-0.0091577996050002,1,10,0,0,0,xg_INFY.NS,1,2.5036043149021387
2023-10-18,1338.9254150390625,1351.4265297831892,1336.8805475377155,1340.2730783681973,4264837,44.68273956516919,1359.9846557617188,1355.4731428944594,-1.742617981887406,3.3681420099130963,1314.8700965971816,1359.9846557617188,1405.099214926256,-0.0013173151645574,-0.0360346362089826,-0.0026310735653078,-0.0013181835869202,0.0126027131614952,0.0107106109744726,1.1765469443885983,-0.1045180216082597,-0.0360346362089826,-0.0026310735653078,-0.0334035626436747,1340.9796142578125,1358.9506225585938,1359.9846557617188,0.9867758195165724,0.9992396728898784,-0.0141942495753969,0.0869249526729945,6955437.2,0.6131659128486397,0.0057874046177621,0.0020961913409183,-0.023439010206526,-0.0005016598431792,-0.002197894920088,0.0072176802805852,0.0043472467167713,2,10,0,0,0,xg_INFY.NS,1,2.5036043149021387
2023-10-19,1332.5123291015625,1338.0890555260446,1325.49490296724,1325.49490296724,6795691,42.76134701208116,1357.3543029785158,1353.2863987237074,-3.2248676214489933,2.0495400836406783,1312.2756923530285,1357.3543029785158,1402.432913604003,-0.0047897260485663,-0.0217331279642896,-0.0203628500128467,-0.0048012335462548,0.0117292459198394,0.0107313993587102,1.0928819854546556,-0.4083227309382661,-0.0217331279642896,-0.0203628500128467,-0.0013702779514428,1335.0590087890623,1356.1808471679688,1357.3543029785155,0.9844255001661366,0.9991354830437624,-0.0167317732845935,0.5934233828866144,6896544.2,0.9853762700453677,-0.0013173151645574,0.0057874046177621,0.0020961913409183,-0.0193389337800941,0.0133519858852546,0.0132239294117562,-0.018779717221418,3,10,0,0,0,xg_INFY.NS,1,2.5036043149021387
2023-10-20,1326.563720703125,1337.0200821379894,1324.7048120035936,1329.119720164981,3928622,41.00020124729765,1353.892071533203,1350.7413817693662,-4.823956554639381,0.6748407559846665,1310.6498146209958,1353.892071533203,1397.1343284454103,-0.0044642051473161,-0.0027251772200292,-0.0347940816887535,-0.0044741994666681,0.0108936161229976,0.0105013117933515,1.0372588756976189,-0.4097625007541634,-0.0027251772200292,-0.0347940816887535,0.0320689044687242,1334.3340087890624,1351.3988037109375,1353.892071533203,0.9873724951694384,0.9981584441812692,-0.0147434024004321,-0.4218951391403759,6929539.2,0.5669384192240997,-0.0047897260485663,-0.0013173151645574,0.0057874046177621,-0.023439010206526,-0.0005016598431792,0.0104205022758558,-0.0027788972421153,4,10,0,0,0,xg_INFY.NS,1,2.5036043149021387
2023-10-23,1309.2760009765625,1331.304025507751,1306.1158332337493,1325.0302081269804,2636516,36.318737303641576,1349.8257141113284,1346.7922978843374,-7.400907502652217,-0.9403088957427104,1305.8300780174873,1349.8257141113284,1393.8213502051694,-0.0130319557641749,-0.0177805385252479,-0.045274215567825,-0.0131176167335551,0.0112835559103541,0.0107619633113554,1.0483688909772182,-1.1548487922522002,-0.0177805385252479,-0.045274215567825,0.0274936770425771,1329.593798828125,1345.1900634765625,1349.825714111328,0.9884059025769713,0.996565741349936,-0.0154527504270394,-0.3288954753091542,6836435.6,0.3856565254559868,-0.0044642051473161,-0.0047897260485663,-0.0013173151645574,0.0020961913409183,-0.0193389337800941,-0.002197894920088,-0.0010101882531237,0,10,0,0,0,xg_INFY.NS,1,2.5036043149021387
2023-10-25,1289.8812255859375,1320.4794799105882,1281.6432340369931,1317.137163082653,6940777,31.915883274500697,1345.81201171875,1341.37219576068,-10.882706909006856,-2.9287884983955395,1295.4406945631902,1345.81201171875,1396.1833288743098,-0.0148133589679783,-0.0378985782046619,-0.071810089907001,-0.0149241724784978,0.009721483402295,0.0107682552936316,0.9027071173662184,-1.5236188487070557,-0.0378985782046619,-0.071810089907001,0.033911511702339,1319.43173828125,1335.2108032226563,1345.81201171875,0.9881823417670664,0.9921228162597874,-0.020451707424082,1.6325563736385442,6961618.2,0.99700627075455,-0.0130319557641749,-0.0044642051473161,-0.0047897260485663,0.0057874046177621,-0.023439010206526,0.0133519858852546,0.0072176802805852,2,10,0,0,0,xg_INFY.NS,1,2.5036043149021387
2023-10-26,1279.901611328125,1293.600262701033,1273.923205151914,1275.7591696776635,6357656,29.906846650383255,1341.926708984375,1335.5178543861512,-14.282687559520356,-5.199568310620503,1283.9699875004414,1341.926708984375,1399.8834304683085,-0.0077368474397936,-0.0440829661219146,-0.0785290886836811,-0.0077669321181188,0.0094170527999555,0.0107298213693246,0.8775705489679745,-0.8214911940003311,-0.0440829661219146,-0.0785290886836811,0.0344461225617664,1307.6269775390624,1324.3032958984377,1341.926708984375,0.9874074780218216,0.9868670822572152,-0.0267987251064716,-0.0840137926920862,6875370.9,0.9247000769077164,-0.0148133589679783,-0.0130319557641749,-0.0044642051473161,-0.0013173151645574,0.0020961913409183,-0.0005016598431792,0.0132239294117562,3,10,0,0,1,xg_INFY.NS,1,2.5036043149021387
2023-10-27,1299.57861328125,1303.9565408986182,1283.855861972041,1283.855861972041,4634358,38.17107886079071,1338.7301635742188,1332.0950695190177,-15.21404902380982,-7.202464453258367,1278.768161926462,1338.7301635742188,1398.6921652219755,0.0153738395037308,-0.0247155055161987,-0.0459114882364027,0.0152568594645119,0.0110688218237473,0.0113844612424251,0.9721891443889974,1.388806409760845,-0.0247155055161987,-0.0459114882364027,0.021195982720204,1301.040234375,1318.0496215820312,1338.7301635742188,0.987095032744962,0.9845521206925124,-0.0290016539315441,-0.2710587046546715,6230640.5,0.7438012191522294,-0.0077368474397936,-0.0148133589679783,-0.0130319557641749,-0.0047897260485663,0.0057874046177621,-0.0193389337800941,0.0104205022758558,4,10,0,0,0,xg_INFY.NS,1,2.5036043149021387
2023-10-30,1296.4716796875,1299.5785105468342,1283.3378978736482,1299.5785105468342,2667696,37.42084234583677,1336.6585876464844,1328.7023657255395,-16.01821525517562,-8.965614613641819,1273.7842520741738,1336.6585876464844,1399.532923218795,-0.0023907238561778,-0.0226842032131522,-0.0253475619593305,-0.0023935861994139,0.0088803720740838,0.0107083435301931,0.8292172203690356,-0.2691840670828443,-0.0226842032131522,-0.0253475619593305,0.0026633587461782,1295.021826171875,1314.6779174804688,1336.6585876464844,0.9850487400394892,0.9835555089615532,-0.0321154423401253,-0.424365575555449,4700066.2,0.5675868990950451,0.0153738395037308,-0.0077368474397936,-0.0148133589679783,-0.0044642051473161,-0.0013173151645574,-0.023439010206526,-0.002197894920088,0,10,0,0,0,xg_INFY.NS,1,2.5036043149021387
2023-10-31,1288.327880859375,1300.3318125956307,1283.2438397267852,1299.2019618287502,3451595,35.453831782321686,1334.3657165527345,1324.8571766906668,-17.115364029512875,-10.595564496816031,1267.8712216905888,1334.3657165527345,1400.8602114148805,-0.006281509234423,-0.0159997739984256,-0.0334958279256993,-0.0063013209219944,0.0087903036979615,0.0107585922508008,0.8169736820005681,-0.7145139617778841,-0.0159997739984256,-0.0334958279256993,0.0174960539272737,1290.8322021484375,1310.2130004882813,1334.3657165527345,0.9852079025833044,0.981899477958074,-0.0337907104635955,0.2938486994020308,4560151.2,0.7569036307390954,-0.0023907238561778,0.0153738395037308,-0.0077368474397936,-0.0130319557641749,-0.0047897260485663,0.0020961913409183,0.0133519858852546,1,10,0,1,0,xg_INFY.NS,0,0.0
2023-11-01,1274.91162109375,1296.8481472235055,1272.5579091746342,1292.7057061877338,3090672,32.42954422388991,1331.469421386719,1320.1004571100082,-18.850149585815416,-12.246481514615908,1259.8462946380344,1331.469421386719,1403.0925481354036,-0.0104136997770131,-0.0116054131149846,-0.0490641626631108,-0.010468301751719,0.0084000554279573,0.0109313143314156,0.7683693656537605,-1.239570416635746,-0.0116054131149846,-0.0490641626631108,0.0374587495481262,1287.83828125,1303.635009765625,1331.4694213867188,0.9878825527104668,0.9790949674292148,-0.0342228742877781,-0.1045670190158463,4476842.0,0.6903687912147245,-0.006281509234423,-0.0023907238561778,0.0153738395037308,-0.0148133589679783,-0.0044642051473161,0.0057874046177621,-0.0005016598431792,2,11,1,0,1,xg_INFY.NS,1,2.5036043149021387
2023-11-02,1289.975341796875,1295.765495943668,1281.972721492604,1289.834096100156,3758060,38.74740267887502,1328.8453125,1317.2313985087574,-18.792831209611677,-13.555751453615065,1255.1029519734043,1328.8453125,1402.5876730265957,0.0118155019170675,0.0078707069196488,-0.0365592233087601,0.0117462438860913,0.0099255392331082,0.0111843796776558,0.8873672167727783,1.190294184065579,0.0078707069196488,-0.0365592233087601,0.044429930228409,1289.85302734375,1298.7400024414062,1328.8453125,0.993157233102122,0.9773447595627548,-0.0302271554291384,0.2159362106363922,4426164.3,0.8490556936621514,-0.0104136997770131,-0.006281509234423,-0.0023907238561778,-0.0077368474397936,-0.0130319557641749,-0.0013173151645574,-0.0193389337800941,3,11,0,0,1,xg_INFY.NS,1,2.5036043149021387
2023-11-03,1307.76953125,1310.54686548969,1297.1307068451297,1299.2961678955407,3349045,45.258582923799395,1326.2232849121094,1316.3302682936376,-17.11428083074543,-14.267457329041136,1253.453809097589,1326.2232849121094,1398.9927607266295,0.0137942089872342,0.0063027491257869,-0.0185685320211972,0.0136999348551798,0.0113332205341966,0.0112257041636057,1.0094877685417376,1.21704081419764,0.0063027491257869,-0.0185685320211972,0.0248712811469842,1291.4912109375,1296.26572265625,1326.2232849121094,0.9963167183739408,0.9774113736377018,-0.0265582529219897,-0.1088367402329925,4081499.7,0.8205427529491621,0.0118155019170675,-0.0104136997770131,-0.006281509234423,0.0153738395037308,-0.0148133589679783,-0.0047897260485663,-0.023439010206526,4,11,0,0,1,xg_INFY.NS,1,2.5036043149021387
2023-11-06,1321.1856689453125,1324.9044879431974,1309.4171089173929,1312.335688818848,2736381,49.60799750264786,1323.5633605957034,1316.792687403321,-14.533909511714228,-14.320747765575756,1254.4067296888938,1323.5633605957034,1392.719991502513,0.010258793598356,0.0190624983522738,-0.0040541224472518,0.0102065293170392,0.0118932980307134,0.011216414604166,1.0602530485319106,0.8624967670951037,0.0190624983522738,-0.0040541224472518,0.0231166207995257,1296.4340087890623,1295.7279174804687,1323.5633605957032,1.0005449379449711,0.978969315754777,-0.0205340948243086,-0.1829369267955491,3962275.6,0.690608447327417,0.0137942089872342,0.0118155019170675,-0.0104136997770131,-0.0023907238561778,-0.0077368474397936,-0.0044642051473161,0.0020961913409183,0,11,0,0,0,xg_INFY.NS,1,2.5036043149021387
2023-11-07,1322.127197265625,1323.6335500133118,1313.2300966352614,1318.078766511828,2272209,49.90878990185281,1321.101550292969,1317.3007359616356,-12.271514800178238,-13.910901172496253,1255.7063205078,1321.101550292969,1386.496780078138,0.0007126389140021,0.0262350267415654,0.009815498244432,0.0007123851074659,0.0110265162686529,0.0112313805966873,0.9816722442529134,0.0646237009894926,0.0262350267415654,0.009815498244432,0.0164195284971333,1303.1938720703124,1297.013037109375,1321.1015502929688,1.0047654378052455,0.9817663425054252,-0.013544595602974,-0.1696298870661651,3925844.9,0.5787821622803849,0.010258793598356,0.0137942089872342,0.0118155019170675,-0.006281509234423,0.0153738395037308,-0.0130319557641749,0.0057874046177621,1,11,0,0,0,xg_INFY.NS,1,2.5036043149021387
2023-11-08,1309.6053466796875,1322.7861337778295,1305.3215449018542,1322.7861337778295,3550635,45.97803920435605,1317.0981262207033,1316.567841744307,-11.358031072352333,-13.400327152467469,1260.116127774272,1317.0981262207033,1374.080124667135,-0.0094709878231343,0.0272126514590662,0.015291424281945,-0.0095161228364801,0.0102774891236744,0.0107641806078604,0.9546973244619882,-0.9214377433469128,0.0272126514590662,0.015291424281945,0.0119212271771211,1310.1326171875,1298.98544921875,1317.098126220703,1.0085814417516794,0.9862480428440624,-0.0053187848162525,0.5626357434549374,3586830.7,0.9899087235979692,0.0007126389140021,0.010258793598356,0.0137942089872342,-0.0104136997770131,-0.0023907238561778,-0.0148133589679783,-0.0013173151645574,2,11,0,0,0,xg_INFY.NS,1,2.5036043149021387
2023-11-09,1294.3533935546875,1315.725053279232,1289.8813406007866,1314.2187005328617,5498051,41.6728405816323,1312.366961669922,1314.4521800119626,-11.72958246283224,-13.066178214540423,1265.7416442836573,1312.366961669922,1358.9922790561866,-0.011646220873845,0.0033939034460255,0.0112913227850117,-0.0117145692895759,0.0107348522934782,0.0109204051001332,0.9829186075468698,-1.0847970478244944,0.0033939034460255,0.0112913227850117,-0.0078974193389862,1311.0082275390623,1300.4306274414062,1312.366961669922,1.0081339210831013,0.99090472819178,-0.0010497396905862,0.5484697807575265,3500870.2,1.5704812477761756,-0.0094709878231343,0.0007126389140021,0.010258793598356,0.0118155019170675,-0.006281509234423,-0.0077368474397936,-0.0047897260485663,3,11,0,0,0,xg_INFY.NS,1,2.5036043149021387
2023-11-10,1288.7513427734375,1292.7997730616912,1281.3607106679833,1289.7869529854245,2943649,40.1844826353399,1308.6987609863284,1312.004481227341,-12.333900765982207,-12.91972272482878,1267.3025958968688,1308.6987609863284,1350.094926075788,-0.0043280689872995,-0.0145424618192353,-0.0083313701819662,-0.0043374621906311,0.0095858747048701,0.0102683478483734,0.933445321592494,-0.451457760796737,-0.0145424618192353,-0.0083313701819662,-0.006211091637269,1307.20458984375,1299.347900390625,1308.698760986328,1.0060466403576462,0.9928548411028864,-0.0011593944409498,-0.4646013651019243,3331799.3,0.8835012961312276,-0.011646220873845,-0.0094709878231343,0.0007126389140021,0.0137942089872342,-0.0104136997770131,0.0153738395037308,-0.0044642051473161,4,11,0,0,1,xg_INFY.NS,1,2.5036043149021387
2023-11-13,1293.176513671875,1301.5556365838725,1290.6344357148544,1299.1077990502322,3462092,41.94823419228609,1306.8481506347655,1310.2113414601538,-12.31380716240983,-12.79853961234499,1266.194469713481,1306.8481506347655,1347.5018315560503,0.003433688681103,-0.0212000144505025,-0.0025416413387596,0.0034278070321125,0.009654844023816,0.0091061427670151,1.060139746439971,0.3556073060660358,-0.0212000144505025,-0.0025416413387596,-0.0186583731117429,1301.6027587890626,1299.0183837890625,1306.8481506347655,1.0019894830067468,0.9940086636370872,-0.0040562071691274,0.176122560808031,3411238.9,1.0149075164448276,-0.0043280689872995,-0.011646220873845,-0.0094709878231343,0.010258793598356,0.0118155019170675,-0.0023907238561778,-0.0130319557641749,0,11,0,0,1,xg_INFY.NS,1,2.5036043149021387
2023-11-15,1327.9644775390625,1331.2596747537996,1311.488491465377,1317.137400976355,8551860,53.54505919676406,1306.5975219726563,1311.9021163248117,-9.382627795135477,-12.115357248903088,1266.5650300016944,1306.5975219726563,1346.630013943619,0.0269011720359888,0.0044150670869715,0.0307659232316295,0.0265456965555621,0.012592580562199,0.011078727497269,1.1365424434222713,2.136101953143927,0.0044150670869715,0.0307659232316295,-0.0263508561446579,1302.77021484375,1302.9820434570313,1306.5975219726563,0.9998374278338332,0.9972329057304758,-0.0028820854726468,1.47014233012872,3921265.4,2.180892933183717,0.003433688681103,-0.0043280689872995,-0.011646220873845,0.0007126389140021,0.0137942089872342,-0.006281509234423,-0.0148133589679783,2,11,0,0,1,xg_INFY.NS,1,2.5036043149021387
2023-11-16,1360.3515625,1368.3541841941474,1328.0585842809098,1333.2367512594758,6673907,61.29678266518524,1307.580523681641,1316.5163492938773,-4.395610085485259,-10.571407816219525,1263.2845770436054,1307.580523681641,1351.876470319676,0.0243885175460085,0.0387492430058964,0.0670163641091849,0.0240958663249344,0.0132338887397856,0.0123136242941959,1.0746481925577684,1.8427444329542269,0.0387492430058964,0.0670163641091849,-0.0282671211032885,1312.9194580078124,1311.5260375976563,1307.580523681641,1.0010624420485836,1.0030174156348757,0.0039246724694902,-0.2195958540013517,4279588.9,1.559473855070154,0.0269011720359888,0.003433688681103,-0.0043280689872995,-0.0094709878231343,0.010258793598356,-0.0104136997770131,-0.0077368474397936,3,11,0,0,0,xg_INFY.NS,1,2.5036043149021387
2023-11-17,1353.431640625,1366.094566340676,1351.0779284155915,1356.726837718172,4901251,59.03028510726671,1308.3058349609375,1320.0320913254127,-0.9903266154117318,-8.655191576057964,1261.4478796124006,1308.3058349609375,1355.1637903094745,-0.0050868628858579,0.0456430580431095,0.0491918696211148,-0.0050998450171286,0.0135669483549736,0.0123764224479615,1.096104492838732,-0.3749176185501328,0.0456430580431095,0.0491918696211148,-0.0035488115780053,1324.735107421875,1317.871667480469,1308.3058349609375,1.0052079729087189,1.0073116180207335,0.0121389747127166,-0.26560993433082,4393908.0,1.1154650939434518,0.0243885175460085,0.0269011720359888,0.003433688681103,-0.011646220873845,0.0007126389140021,0.0118155019170675,0.0153738395037308,4,11,0,0,0,xg_INFY.NS,1,2.5036043149021387
2023-11-20,1352.5372314453125,1367.036122395586,1349.7598968645575,1357.6212730677928,3584210,58.728023698784,1309.3070800781252,1323.127818955879,1.6175674122250712,-6.600639778401358,1259.507830151307,1309.3070800781252,1359.1063300049434,-0.0006608454781465,0.0494943334333259,0.0342321021598679,-0.0006610639327684,0.0132805426396755,0.0123158786128433,1.0782393053567438,-0.0497566808370944,0.0494943334333259,0.0342321021598679,0.015262231273458,1337.49228515625,1322.3484375,1309.307080078125,1.0114522369647752,1.00996050324657,0.0208387646734179,-0.2687152728966543,4417424.5,0.8113800247178392,-0.0050868628858579,0.0243885175460085,0.0269011720359888,-0.0043280689872995,-0.0094709878231343,0.0137942089872342,-0.0023907238561778,0,11,0,0,1,xg_INFY.NS,1,2.5036043149021387
2023-11-21,1354.796630859375,1365.152963687348,1352.6782900536532,1357.621085267004,3793135,59.29504135959204,1310.7187255859374,1326.143896280022,3.822592402381815,-4.515993342244723,1257.3846486608852,1310.7187255859374,1364.0528025109895,0.0016704896261141,0.047650198202668,0.0254399988616995,0.0016690959102287,0.0130673024500693,0.0122536439816972,1.0663143270082571,0.1278275914179883,0.047650198202668,0.0254399988616995,0.0222101993409684,1349.81630859375,1325.7095336914062,1310.7187255859376,1.0181840548700127,1.0114370900581795,0.0288586361356773,0.0582903903510116,4523099.9,0.8386140222105554,-0.0006608454781465,-0.0050868628858579,0.0243885175460085,0.003433688681103,-0.011646220873845,0.010258793598356,-0.006281509234423,1,11,0,0,1,xg_INFY.NS,1,2.5036043149021387
2023-11-22,1372.49658203125,1373.5791976051314,1352.1604184890853,1352.1604184890853,3108786,63.5229427998366,1313.8797546386718,1330.5584377801388,6.918575694393439,-2.2290795349170907,1253.8340389562638,1313.8797546386718,1373.9254703210795,0.0130646554388369,0.0335341082125275,0.0380972306369591,0.0129800489344482,0.0134482251157242,0.012054700464157,1.1155075688639853,0.9714058115929878,0.0335341082125275,0.0380972306369591,-0.0045631224244315,1358.7227294921877,1330.7464721679687,1313.8797546386718,1.021022980642317,1.0128373372599346,0.0326725584898357,-0.1804177810702756,4606757.6,0.6748316863902988,0.0016704896261141,-0.0006608454781465,-0.0050868628858579,0.0269011720359888,-0.0043280689872995,0.0007126389140021,-0.0104136997770131,2,11,0,0,0,xg_INFY.NS,1,2.5036043149021387
2023-11-23,1364.4468994140625,1382.0056146017555,1362.9875519464238,1382.0056146017555,3186928,60.4479069928922,1317.6080383300778,1333.785910316703,8.623219538394551,-0.0586197202547624,1254.647444782287,1317.6080383300778,1380.5686318778685,-0.0058649928331874,0.0030104989231873,0.0418763964834274,-0.0058822594491401,0.0130957752828311,0.0115359485126204,1.1351160377031682,-0.4478196125786742,0.0030104989231873,0.0418763964834274,-0.03886589756024,1359.541796875,1336.2306274414063,1317.6080383300782,1.017445468585187,1.014133633500696,0.0307331553634879,0.0251358568907604,4570386.9,0.6972993905612898,0.0130646554388369,0.0016704896261141,-0.0006608454781465,0.0243885175460085,0.003433688681103,-0.0094709878231343,0.0118155019170675,3,11,0,0,0,xg_INFY.NS,1,2.5036043149021387
2023-11-24,1353.290283203125,1367.647926495402,1349.9479661707062,1360.963407357909,2973195,56.37464969932972,1321.2774719238278,1335.6434696392191,8.970509923125064,1.747206208421203,1259.0193915462562,1321.2774719238278,1383.535552301399,-0.0081766584069549,-0.0001044437100714,0.0455338472027171,-0.0082102706274644,0.0126686765451791,0.0115576442456169,1.096034818268863,-0.645372309056,-0.0001044437100714,0.0455338472027171,-0.0456382909127885,1359.513525390625,1342.12431640625,1321.2774719238282,1.0129564815805867,1.0157777945400583,0.0282541402545914,-0.0670655251703207,4317901.3,0.6885740996440357,-0.0058649928331874,0.0130646554388369,0.0016704896261141,-0.0050868628858579,0.0269011720359888,-0.011646220873845,0.0137942089872342,4,11,0,0,1,xg_INFY.NS,1,2.5036043149021387
2023-11-28,1358.2801513671875,1360.445612499892,1343.5460053605395,1359.504127646951,3755373,57.74606501961207,1324.212548828125,1337.799344089502,9.53842765731929,3.30545049820082,1260.7387415333617,1324.212548828125,1387.686356122888,0.0036872119943489,0.0042460346291082,0.0539505227161367,0.0036804308919995,0.0122936878293177,0.01118066419618,1.0994506375462036,0.2999028560575963,0.0042460346291082,0.0539505227161367,-0.0497044880870285,1360.662109375,1349.077197265625,1324.212548828125,1.0085872862819532,1.0187769315881383,0.0268350829614836,0.2630765893256244,4399073.7,0.8536735813267111,-0.0081766584069549,-0.0058649928331874,0.0130646554388369,-0.0006608454781465,0.0243885175460085,-0.0043280689872995,0.010258793598356,1,11,0,0,1,xg_INFY.NS,1,2.5036043149021387
2023-11-29,1374.1912841796875,1375.226894544369,1364.964801471109,1366.1886628376049,3875778,61.86299401918663,1328.0985290527342,1341.2652431457102,11.14394157476704,4.873148713514064,1262.3018864734022,1328.0985290527342,1393.8951716320662,0.0117141760457035,0.0143155458749628,0.0626478826759522,0.0116460962356255,0.0124294656199726,0.011315224005389,1.098375713847079,0.9423762877298704,0.0143155458749628,0.0626478826759522,-0.0483323368009893,1364.5410400390624,1357.1786743164062,1328.0985290527344,1.0054247578907505,1.0218960751988884,0.0265192418303555,0.0320620614783138,4440442.3,0.8728360235643929,0.0036872119943489,-0.0081766584069549,-0.0058649928331874,0.0016704896261141,-0.0050868628858579,0.003433688681103,0.0007126389140021,2,11,0,0,0,xg_INFY.NS,1,2.5036043149021387
2023-11-30,1370.001708984375,1375.179875684024,1364.729416784748,1368.21286477539,10120867,60.19975556439066,1332.182220458984,1344.0020494160592,11.940615237246677,6.286642018260586,1266.64101983635,1332.182220458984,1397.7234210816182,-0.0030487569260151,-0.0018177626666163,0.031655388495944,-0.0030534138530473,0.0103039933571532,0.011198515216542,0.9200392300850618,-0.2958523912001197,-0.0018177626666163,0.031655388495944,-0.0334731511625604,1364.0420654296877,1361.3823974609377,1332.1822204589844,1.0019536523857735,1.0219190562323317,0.0232553322829953,1.611312361027902,4597343.0,2.201460060734602,0.0117141760457035,0.0036872119943489,-0.0081766584069549,0.0130646554388369,-0.0006608454781465,0.0269011720359888,-0.0094709878231343,3,11,0,1,0,xg_INFY.NS,0,0.0
2023-12-01,1367.3184814453125,1374.4737432561003,1361.5283266839235,1374.4737432561003,3489187,59.103754815110406,1336.8025634765625,1346.2226619902738,12.214667730520432,7.472247160712556,1275.3602215821834,1336.8025634765625,1398.2449053709415,-0.0019585578043195,0.0021045758779496,0.0051214106245514,-0.0019604782866489,0.0071658250881699,0.0108129881520275,0.6626440668724459,-0.2732810945187505,0.0021045758779496,0.0051214106245514,-0.0030168347466017,1364.6163818359375,1362.0790893554688,1336.8025634765625,1.0018628084817522,1.0189081967446043,0.0203418726045264,-0.6552482114427549,4278871.0,0.8154457098611256,-0.0030487569260151,0.0117141760457035,0.0036872119943489,-0.0058649928331874,0.0016704896261141,0.0243885175460085,-0.011646220873845,4,12,1,0,1,xg_INFY.NS,1,2.5036043149021387
2023-12-04,1378.6632080078125,1385.7714640337217,1364.493931093046,1374.991394397921,5511948,62.23439917744936,1341.2369567871092,1349.312237801468,13.19517516208225,8.616832760986496,1281.240001543937,1341.2369567871092,1401.233912030281,0.0082970622546607,0.0187490630204125,0.0186426610886389,0.0082628308500201,0.0072487540045061,0.010699632809918,0.6774135822871608,1.1444612119947368,0.0187490630204125,0.0186426610886389,0.0001064019317735,1369.690966796875,1364.60224609375,1341.2369567871094,1.0037290871517264,1.017420701978427,0.0206388404684288,0.5797227262396656,4339940.7,1.2700514548502309,-0.0019585578043195,-0.0030487569260151,0.0117141760457035,-0.0081766584069549,0.0130646554388369,-0.0050868628858579,-0.0043280689872995,0,12,0,0,0,xg_INFY.NS,0,0.0
2023-12-05,1368.871826171875,1381.06412370853,1357.621128395019,1380.0285133783032,5123039,58.100456220936834,1344.292071533203,1351.1750557415066,13.031927730814232,9.499851754952044,1285.255584253166,1344.292071533203,1403.32855881324,-0.0071020839455679,0.0077978573080277,0.0120770019092986,-0.0071274237921761,0.0077665572762094,0.0106497216201671,0.7292047950538354,-0.9143265627818856,0.0077978573080277,0.0120770019092986,-0.0042791446012708,1371.8093017578126,1366.2357055664063,1344.2920715332032,1.0040795275432328,1.0163235612988295,0.0201021232948908,-0.0705574508322647,4493823.6,1.1400178235743077,0.0082970622546607,-0.0019585578043195,-0.0030487569260151,0.0036872119943489,-0.0058649928331874,-0.0006608454781465,0.003433688681103,1,12,0,0,1,xg_INFY.NS,1,2.5036043149021387
2023-12-06,1388.03125,1390.5732132882845,1366.1417258233223,1371.5081438440814,5269178,63.24527723617023,1347.6343505859377,1354.6851694804109,14.28390241077318,10.456661886116272,1286.57182740586,1347.6343505859377,1408.696873766015,0.0139965068034932,0.0100713532239975,0.0245310760180614,0.0138994601960886,0.0087592131258803,0.0108273265810032,0.8089166003957767,1.597735877240626,0.0100713532239975,0.0245310760180614,-0.0144597227940639,1374.577294921875,1369.559167480469,1347.6343505859377,1.00366404574593,1.0162691140107838,0.0194109061564265,0.0285258417903904,4641427.9,1.135249348589227,-0.0071020839455679,0.0082970622546607,-0.0019585578043195,0.0117141760457035,-0.0081766584069549,0.0016704896261141,0.0269011720359888,2,12,0,0,0,xg_INFY.NS,1,2.5036043149021387
2023-12-07,1380.1226806640625,1386.6659544767813,1376.262615719604,1386.6659544767813,4424453,59.971807858843086,1350.5341247558592,1357.1077895931396,14.471131715443562,11.25955585198173,1289.064913519944,1350.5341247558592,1412.0033359917743,-0.0056976882443658,0.0073875613536209,0.0055563698537786,-0.0057139819906311,0.0082288994045788,0.0109776723341729,0.749535021549464,-0.6923156607717345,0.0073875613536209,0.0055563698537786,0.0018311914998423,1376.6014892578123,1370.32177734375,1350.5341247558597,1.0045826549777492,1.01465172351085,0.0188877154670122,-0.1603143792067757,4772994.6,0.9269763263505626,0.0139965068034932,-0.0071020839455679,0.0082970622546607,-0.0030487569260151,0.0036872119943489,0.0130646554388369,0.0243885175460085,3,12,0,0,1,xg_INFY.NS,1,2.5036043149021387
2023-12-08,1403.8951416015625,1407.2373438258442,1380.4521461092754,1384.359331179215,6323433,65.71604088610978,1355.2486145019532,1361.563727879656,16.349286809952446,12.277502043575874,1292.545624327279,1355.2486145019532,1417.9516046766273,0.0172248896931841,0.0267506514777646,0.0289115261315338,0.0170782230957904,0.009377394707472,0.01110542784391,0.8443214001173158,1.8366565100379584,0.0267506514777646,0.0289115261315338,-0.0021608746537691,1383.9168212890625,1374.2666015625,1355.2486145019532,1.0070220870649047,1.0140328400686365,0.0204204758158822,0.4292010786418117,5086645.1,1.243144130499444,-0.0056976882443658,0.0139965068034932,-0.0071020839455679,-0.0019585578043195,0.0117141760457035,-0.0058649928331874,-0.0050868628858579,4,12,0,0,0,xg_INFY.NS,1,2.5036043149021387
2023-12-11,1401.400146484375,1410.3442522227704,1395.2804951896835,1402.812373706227,3862018,64.66715065535055,1360.6009521484375,1365.3576725086768,17.435428235789686,13.309087282018638,1301.6197879035633,1360.6009521484375,1419.5821163933117,-0.0017771947799044,0.0164920180247776,0.0355502909304705,-0.0017787758640883,0.0087342877521875,0.0106030131334986,0.8236775683156574,-0.203450055719047,0.0164920180247776,0.0355502909304705,-0.0190582729056929,1388.464208984375,1379.077587890625,1360.6009521484375,1.0068064488729076,1.013579760996795,0.0198824417892611,-0.3892529580055643,5175527.4,0.7462076232074925,0.0172248896931841,-0.0056976882443658,0.0139965068034932,0.0082970622546607,-0.0030487569260151,-0.0081766584069549,-0.0006608454781465,0,12,0,0,0,xg_INFY.NS,0,0.0
2023-12-12,1389.6787109375,1402.812378171591,1381.7702154844862,1391.0438179520306,6103494,59.8353164008341,1365.6473205566408,1367.6739618828506,17.152656110005182,14.077801047615948,1316.0212933211103,1365.6473205566408,1415.273347792171,-0.0083640889979068,0.0152000241131506,0.0231164090402911,-0.0083992642670001,0.0095078740227028,0.0108069822818129,0.8797085130961215,-0.8796087715472095,0.0152000241131506,0.0231164090402911,-0.0079163849271404,1392.6255859375,1382.2174438476563,1365.6473205566406,1.007530032366594,1.0121335304083208,0.0194133112700989,0.5803898376444647,5410339.5,1.1281166366729614,-0.0017771947799044,0.0172248896931841,-0.0056976882443658,-0.0071020839455679,-0.0019585578043195,0.0036872119943489,0.0016704896261141,1,12,0,0,0,xg_INFY.NS,1,2.5036043149021387
2023-12-13,1364.2115478515625,1389.6787590187653,1349.2890359623275,1389.6316388053183,8549258,50.93109822683089,1369.199072265625,1367.344208165585,14.704070567449662,14.203054951582692,1333.0829669798904,1369.199072265625,1405.3151775513602,-0.0183259359775015,-0.0171607823299637,-0.0072622614064113,-0.018495936086162,0.0108620980797731,0.0118902199054059,0.9134553196543854,-1.6869898295058157,-0.0171607823299637,-0.0072622614064113,-0.0098985209235523,1387.8616455078125,1381.2194702148438,1369.199072265625,1.0048089209833797,1.0087791455550204,0.0136801167469797,0.4007153935106677,5877687.5,1.4545274821090004,-0.0083640889979068,-0.0017771947799044,0.0172248896931841,0.0139965068034932,0.0082970622546607,0.0117141760457035,0.0130646554388369,2,12,0,0,1,xg_INFY.NS,1,2.5036043149021387
2023-12-14,1413.5924072265625,1422.5836336750658,1375.838887054938,1377.7689770027378,12489858,62.56404773900635,1373.4804687500002,1371.7487985523449,16.55730918861036,14.673905798988226,1337.6456391494987,1373.4804687500002,1409.3152983505015,0.0361973620973725,0.0242512691309411,0.0318179882231699,0.0355576296487099,0.0158528758441624,0.0130129608108452,1.2181438129851565,2.2831869287471966,0.0242512691309411,0.0318179882231699,-0.0075667190922288,1394.5555908203123,1385.5785400390623,1373.48046875,1.0064789187489849,1.0088083315084,0.0149089100667012,0.4609288899691646,6114586.6,2.04263326649065,-0.0183259359775015,-0.0083640889979068,-0.0017771947799044,-0.0056976882443658,-0.0071020839455679,-0.0030487569260151,-0.0058649928331874,3,12,0,0,1,xg_INFY.NS,1,2.5036043149021387
2023-12-15,1486.0396728515625,1495.5957668241963,1431.9984208352305,1433.9285107001283,18395389,72.76531114278512,1379.7648742675783,1382.633643723699,23.599858537797672,16.459096346750115,1318.5371328704334,1379.7648742675783,1440.9926156647232,0.0512504631848864,0.0585118708768301,0.086827753019733,0.0499803729088581,0.0217452983064578,0.016288105693933,1.3349596174918903,2.356744235853094,0.0585118708768301,0.086827753019733,-0.0283158821429028,1410.9844970703125,1397.4506591796876,1379.764874267578,1.0096846624256268,1.012817970106318,0.0210086065487249,0.4728261121943899,7605206.8,2.4187887961176258,0.0361973620973725,-0.0183259359775015,-0.0083640889979068,0.0172248896931841,0.0139965068034932,-0.0019585578043195,-0.0081766584069549,4,12,0,0,0,xg_INFY.NS,0,0.0
2023-12-18,1472.811767578125,1499.7853308836295,1468.9988229814394,1476.2010899731836,6467243,69.06468774516756,1385.7338806152345,1391.2220364717396,27.793363635287733,18.72594980445764,1313.101168064988,1385.7338806152345,1458.366593165481,-0.0089014482689109,0.0509573381113859,0.068289745474791,-0.0089413028447937,0.0224383542774019,0.0164286416622015,1.3657238994459713,-0.3966891452788074,0.0509573381113859,0.068289745474791,-0.0173324073634051,1425.2668212890626,1406.8655151367188,1385.7338806152345,1.0130796483063669,1.0152494175231557,0.0268418147818277,-0.6484312998219282,7700736.3,0.8398213817552953,0.0512504631848864,0.0361973620973725,-0.0183259359775015,-0.0017771947799044,-0.0056976882443658,0.0082970622546607,0.0036872119943489,0,12,0,0,0,xg_INFY.NS,0,0.0
2023-12-19,1467.1158447265625,1481.8499902553428,1452.9464521784105,1478.225296674548,4221721,67.47342834388283,1391.4628112792968,1398.450018210294,30.307764226241943,21.042312688814505,1312.092565542701,1391.4628112792968,1470.8330570158923,-0.0038673800528691,0.0557230481978257,0.0717700639872414,-0.0038748777041934,0.0222372870955364,0.0164957406742662,1.347980642638397,-0.1739063820992475,0.0557230481978257,0.0717700639872414,-0.0160470157894156,1440.754248046875,1416.6899169921876,1391.4628112792968,1.0169863078476475,1.018129917313203,0.0335975082981706,-0.3472147250381654,7610604.5,0.5547155945364715,-0.0089014482689109,0.0512504631848864,0.0361973620973725,-0.0083640889979068,0.0172248896931841,-0.0071020839455679,0.0117141760457035,1,12,0,0,0,xg_INFY.NS,1,2.5036043149021387
2023-12-20,1446.4974365234375,1490.8413527319508,1440.471910123072,1473.471002139645,6592367,61.912597629606005,1396.0478515624998,1403.0259628115457,30.287575268748697,22.891365204801343,1315.018656219001,1396.0478515624998,1477.0770469059985,-0.014053701537773,0.0603175429803857,0.0421216644246571,-0.0141533898969736,0.0230358040263083,0.0169900044721415,1.3557646967886996,-0.6100543079553722,0.0603175429803857,0.0421216644246571,0.0181958785557285,1457.21142578125,1422.536535644531,1396.0478515625,1.0243753951254462,1.0189740516790913,0.0422839146993254,0.5615354496424563,7742923.4,0.8514054265342659,-0.0038673800528691,-0.0089014482689109,0.0512504631848864,-0.0183259359775015,-0.0017771947799044,0.0139965068034932,-0.0030487569260151,2,12,0,0,0,xg_INFY.NS,1,2.5036043149021387
2023-12-21,1446.1207275390625,1456.1475641627426,1432.2338260213533,1432.2338260213533,5319038,61.812363004297595,1399.7290588378903,1407.1302261189282,29.896549297386628,24.2924020233184,1316.5440086406427,1399.7290588378903,1482.9141090351384,-0.0002604283802122,0.0230111028795916,0.0478204204594654,-0.0002604622975717,0.0228351010400676,0.0168523801371499,1.3549270742272124,-0.0114042401439409,0.0230111028795916,0.0478204204594654,-0.0248093175798738,1463.71708984375,1429.1363403320313,1399.7290588378903,1.0241969562565911,1.0210092669781077,0.0442480560490625,-0.1931520196008505,7832381.9,0.679108611902507,-0.014053701537773,-0.0038673800528691,-0.0089014482689109,0.0361973620973725,-0.0083640889979068,-0.0056976882443658,-0.0019585578043195,3,12,0,0,1,xg_INFY.NS,1,2.5036043149021387
2023-12-22,1471.44677734375,1474.3653575565068,1433.8815067423754,1445.1322053581507,6741060,65.81891473860793,1405.079052734375,1413.2556119498636,31.269800166950972,25.687881652044915,1317.786469800232,1405.079052734375,1492.371635668518,0.0175130950842439,-0.009819990525428,0.0481172943337666,0.0173615081134625,0.022852542887554,0.017033293678711,1.3415609310595893,0.7663186040962365,-0.009819990525428,0.0481172943337666,-0.0579372848591946,1460.7985107421875,1435.89150390625,1405.079052734375,1.0173460228493447,1.0219293363685922,0.0378671242927298,0.2673457117621645,7874144.6,0.8561006105982794,-0.0002604283802122,-0.014053701537773,-0.0038673800528691,0.0512504631848864,-0.0183259359775015,0.0172248896931841,0.0082970622546607,4,12,0,0,0,xg_INFY.NS,1,2.5036043149021387
2023-12-26,1453.6055908203125,1457.4186507029783,1433.8815277911087,1445.1793467888062,6878067,60.96626941016072,1410.0948181152344,1417.0984670803823,30.566129414261923,26.66353120448832,1323.80940845676,1410.0948181152344,1496.3802277737086,-0.0121249281986565,-0.0130404829596079,0.0372523468524694,-0.0121990347743805,0.0234178331612427,0.0172028744911996,1.3611953036056914,-0.5177426268496922,-0.0130404829596079,0.0372523468524694,-0.0502928298120773,1456.957275390625,1441.1120483398438,1410.0948181152344,1.0109951388367302,1.021996556420275,0.0322387706619542,0.0203242516755524,8175749.5,0.8412766315796685,0.0175130950842439,-0.0002604283802122,-0.014053701537773,-0.0089014482689109,0.0361973620973725,-0.0017771947799044,-0.0071020839455679,1,12,0,0,1,xg_INFY.NS,1,2.5036043149021387
2023-12-27,1475.40087890625,1478.131207944611,1453.6526019531718,1453.6526019531718,4225849,64.41760053506908,1415.950854492187,1422.6510777304652,31.405143920700084,27.61185374773067,1328.5813123290457,1415.950854492187,1503.320396655329,0.0149939489938517,0.0056471574548577,0.0616848824797211,0.0148826508935684,0.0232220390243964,0.0173865484491442,1.3355556760814868,0.6456497350799014,0.0056471574548577,0.0616848824797211,-0.0560377250248633,1458.6142822265624,1449.6842651367188,1415.9508544921875,1.0061599737988476,1.0238238569774578,0.0289164987931973,-0.3856051416771602,7987985.0,0.529025655406147,-0.0121249281986565,0.0175130950842439,-0.0002604283802122,-0.0038673800528691,0.0512504631848864,-0.0083640889979068,0.0139965068034932,2,12,0,0,0,xg_INFY.NS,1,2.5036043149021387
2023-12-28,1471.2113037109375,1477.1425892283842,1464.0089217215004,1477.1425892283842,5702253,63.25971439944632,1420.80185546875,1427.275861157177,31.370386963773853,28.363560390939313,1332.4270119534067,1420.80185546875,1509.1766989840935,-0.0028396182049303,0.0170853169618454,0.0784334042824108,-0.0028436575693531,0.0218791487052619,0.0173638067066787,1.2599707601033627,-0.1297805715665679,0.0170853169618454,0.0784334042824108,-0.0613480873205654,1463.5570556640623,1460.3842407226562,1420.80185546875,1.002172589139853,1.0278591874732927,0.0290612232841523,0.3493745280534159,7703284.5,0.7402365834987997,0.0149939489938517,-0.0121249281986565,0.0175130950842439,-0.014053701537773,-0.0089014482689109,-0.0183259359775015,-0.0056976882443658,3,12,0,0,0,xg_INFY.NS,1,2.5036043149021387
2023-12-29,1452.616943359375,1468.1984480838207,1449.886614411702,1450.8752194379208,4388990,58.254881627105235,1424.9326171875,1429.6892975573862,29.502347645102873,28.591317841772028,1338.8624895040944,1424.9326171875,1511.0027448709056,-0.0126388101455315,0.0044921670069464,0.0276066396036873,-0.0127193593233405,0.0202215703209808,0.017685281888329,1.1433477340607614,-0.6249853478031355,0.0044921670069464,0.0276066396036873,-0.0231144725967409,1464.856298828125,1464.2866943359377,1424.9326171875,1.0003889979294294,1.0276182022039144,0.0274839707901906,-0.2303059860725226,6893197.7,0.6367132049613727,-0.0028396182049303,0.0149939489938517,-0.0121249281986565,-0.0002604283802122,-0.0038673800528691,0.0361973620973725,0.0172248896931841,4,12,0,0,1,xg_INFY.NS,1,2.5036043149021387
2024-01-01,1460.572509765625,1465.8919221925776,1445.4146265550123,1448.9451947683858,2808451,59.723107410007586,1429.5953186035156,1432.6305558629329,28.337207064362246,28.540495686290072,1346.618701360632,1429.5953186035156,1512.5719358463991,0.0054767132123982,-0.0073901874981541,-0.0171376064523691,0.0054617705515438,0.0112556526423675,0.0176519513958113,0.6376074113611557,0.4865312439139458,-0.0073901874981541,-0.0171376064523691,0.009747418954215,1462.6814453125,1461.7399780273438,1429.5953186035156,1.000644073022089,1.0224851459748965,0.0226528477619325,-0.3601145138175298,5334503.9,0.5264690124229684,-0.0126388101455315,-0.0028396182049303,0.0149939489938517,0.0175130950842439,-0.014053701537773,0.0512504631848864,-0.0017771947799044,0,1,1,0,0,xg_INFY.NS,0,0.0
2024-01-02,1444.6142578125,1458.5011582059428,1433.8813084212525,1455.535458187299,5396313,55.5058978966165,1432.89287109375,1433.7718608105106,25.82839355254282,27.998075259540624,1353.2643561141667,1432.89287109375,1512.5213860733334,-0.0109260251349559,-0.0061855382674597,-0.0191453588206947,-0.0109861525175549,0.0114172222646542,0.0178957946076375,0.6379478848006617,-0.9568937161766508,-0.0061855382674597,-0.0191453588206947,0.012959820553235,1460.8831787109375,1458.9202270507812,1432.89287109375,1.001345482517659,1.018164202280638,0.0193756274145955,0.921455279084449,5227410.9,1.0323108520126028,0.0054767132123982,-0.0126388101455315,-0.0028396182049303,-0.0121249281986565,-0.0002604283802122,-0.0089014482689109,-0.0083640889979068,1,1,0,0,0,xg_INFY.NS,0,0.0
2024-01-03,1402.8123779296875,1431.0098022399532,1400.9294082948825,1431.0098022399532,7550363,46.28597345105511,1434.5898986816403,1430.8233386313846,20.23383535687526,26.44522727900755,1359.3822972835897,1434.5898986816403,1509.7975000796914,-0.0289363611474462,-0.0491991715704914,-0.0438298495841408,-0.0293632733404356,0.014293719014414,0.0191347625323339,0.7469636493587218,-2.024269320597924,-0.0491991715704914,-0.0438298495841408,-0.0053693219863506,1446.365478515625,1452.4898803710937,1434.5898986816403,0.9957835149571548,1.012477420694167,0.0083942657045578,0.399170693026887,5560275.1,1.3579117695091458,-0.0109260251349559,0.0054767132123982,-0.0126388101455315,0.0149939489938517,0.0175130950842439,-0.0038673800528691,-0.0183259359775015,2,1,0,0,1,xg_INFY.NS,1,2.5036043149021387
2024-01-04,1424.1839599609375,1430.8214735340546,1405.5426305452577,1416.8874530223693,7056038,50.78682944146332,1436.3975341796877,1430.1910168532468,17.32490501966413,24.62116282713887,1364.225086331421,1436.3975341796877,1508.569982027954,0.0152348114170413,-0.0319650505888444,-0.0154258666480108,0.0151199270360571,0.015070757192712,0.019179627990777,0.785728037682543,1.0108185278096216,-0.0319650505888444,-0.0154258666480108,-0.0165391839408336,1436.960009765625,1450.2585327148438,1436.3975341796877,0.9908302398163972,1.0096498345376737,0.0003949458790092,-0.0654703621534488,5606642.2,1.258514053206167,-0.0289363611474462,-0.0109260251349559,0.0054767132123982,-0.0028396182049303,-0.0121249281986565,-0.014053701537773,0.0361973620973725,3,1,0,0,1,xg_INFY.NS,1,2.5036043149021387
2024-01-05,1442.8726806640625,1449.6042055294993,1418.1115826606078,1418.5823250946862,8895403,54.38623600470584,1439.5350341796875,1431.398794359039,16.33923184837022,22.964776631385146,1372.3819712425436,1439.5350341796875,1506.6880971168314,0.0131224063944923,-0.0067080745132832,-0.0022460412973455,0.0130370534990902,0.0157663487307394,0.0192714895879281,0.8180753534102373,0.8322519288806892,-0.0067080745132832,-0.0022460412973455,-0.0044620332159377,1435.0111572265623,1449.9337280273437,1439.5350341796875,0.9897081014722766,1.0072236476367398,-0.0031353265009099,0.2606795768390135,5964278.7,1.4914465683836182,0.0152348114170413,-0.0289363611474462,-0.0109260251349559,-0.0126388101455315,0.0149939489938517,-0.0002604283802122,0.0512504631848864,4,1,0,0,0,xg_INFY.NS,1,2.5036043149021387
2024-01-08,1433.693115234375,1446.1206687605984,1424.701889324203,1439.483154876404,4440136,52.36051020202794,1441.024932861328,1431.6173011090707,14.648505690163574,21.30152244314083,1375.9099479967504,1441.024932861328,1506.1399177259054,-0.0063620065392483,-0.0184033277030274,-0.0256575111588661,-0.0063823303488472,0.0145624843803336,0.0190367912027636,0.7649251021420848,-0.436846456047257,-0.0184033277030274,-0.0256575111588661,0.0072541834558387,1429.6352783203124,1446.1583618164063,1441.024932861328,0.988574499216434,1.0035623456874443,-0.0079442765121696,-0.5008504954750224,5734186.3,0.7743271264135987,0.0131224063944923,0.0152348114170413,-0.0289363611474462,0.0054767132123982,-0.0028396182049303,0.0175130950842439,-0.0089014482689109,0,1,0,0,1,xg_INFY.NS,0,0.0
2024-01-09,1439.8128662109375,1462.1260117914826,1436.5646744337396,1451.6755526579025,4412074,53.60128766653589,1442.9455688476562,1432.3978311187725,13.64511341402772,19.77024063731821,1380.5421537683708,1442.9455688476562,1505.3489839269416,0.0042685222601226,-0.0033236496009896,-0.0094886293066548,0.0042594379608278,0.0142785474773176,0.019034684643166,0.7500937184543943,0.2989255973904622,-0.0033236496009896,-0.0094886293066548,0.0061649797056652,1428.675,1444.7790893554688,1442.9455688476562,0.98885359742945,1.0012706789136037,-0.0099114052822789,-0.0063200766823358,5487587.0,0.8040098498664706,-0.0063620065392483,0.0131224063944923,0.0152348114170413,-0.0109260251349559,-0.0126388101455315,-0.0121249281986565,-0.0038673800528691,1,1,0,0,0,xg_INFY.NS,0,0.0
2024-01-10,1430.962890625,1445.6029115375234,1416.9347429419645,1435.7173203076957,4096845,51.511861424896566,1445.0097778320312,1432.2611701193655,11.997499037960097,18.21569231744659,1387.4846954024065,1445.0097778320312,1502.534860261656,-0.0061466151564734,0.0200671972518933,-0.0301192637991329,-0.0061655833621987,0.0131941627607008,0.0189804449704654,0.6951084483415525,-0.4658233678465791,0.0200671972518933,-0.0301192637991329,0.0501864610510263,1434.3051025390623,1440.3352905273437,1445.0097778320312,0.9958133442761976,0.9967650825784026,-0.0074807497546586,-0.0714468977628208,5474686.6,0.7483250274087382,0.0042685222601226,-0.0063620065392483,0.0131224063944923,-0.0289363611474462,0.0054767132123982,0.0149939489938517,-0.014053701537773,2,1,0,0,0,xg_INFY.NS,0,0.0
2024-01-11,1406.7667236328125,1435.7645051838629,1399.6114612154008,1435.6703796771912,11296088,46.20837236723284,1447.137536621094,1429.833127596837,8.639730874564748,16.30050002887022,1399.9826477351637,1447.137536621094,1494.292425507024,-0.0169090108141234,-0.0122296253979736,-0.0438037553922893,-0.0170536003659655,0.0139089316477957,0.018904515190741,0.7357076232763852,-1.2156070383568698,-0.0122296253979736,-0.0438037553922893,0.0315741299943156,1430.8216552734375,1433.8908325195312,1447.1375366210937,0.9978595460850386,0.9908462715074808,-0.0115981428004795,1.7572651638028778,6034070.1,1.8720511715629768,-0.0061466151564734,0.0042685222601226,-0.0063620065392483,0.0152348114170413,-0.0109260251349559,-0.0028396182049303,-0.0002604283802122,3,1,0,0,1,xg_INFY.NS,1,2.5036043149021387
2024-01-12,1518.3797607421875,1523.3225564289935,1464.385625129882,1470.5994024363956,26754401,64.41069967613956,1452.3769042968752,1438.2661402773465,14.814146460406846,16.003229315177546,1398.158668557956,1452.3769042968752,1506.5951400357944,0.0793401174724599,0.0523310761164137,0.0452719608451812,0.0763498520578149,0.029507559241034,0.0246391810653434,1.197538247092535,2.6887153935367714,0.0523310761164137,0.0452719608451812,0.0070591152712324,1445.9230712890626,1440.4671142578125,1452.376904296875,1.0037876303993662,0.9917997938387568,-0.0042504735473144,1.3684660565675482,8270611.2,3.23487591823888,-0.0169090108141234,-0.0061466151564734,0.0042685222601226,0.0131224063944923,-0.0289363611474462,-0.0126388101455315,0.0175130950842439,4,1,0,0,1,xg_INFY.NS,0,0.0
2024-01-15,1555.4271240234375,1567.525181565214,1540.2692406673768,1548.6954842465418,13228305,68.25103279579467,1455.846276855469,1449.4243292055455,22.438174586161495,17.290218369374337,1385.94617363822,1455.846276855469,1525.7463800727178,0.0243992736462326,0.0849093906467994,0.0649434476026347,0.0241063662901046,0.0301542636542046,0.0225653934829076,1.336246470976599,0.8091215492599609,0.0849093906467994,0.0649434476026347,0.0199659430441647,1470.269873046875,1449.9525756835938,1455.846276855469,1.0140123875111589,0.9959517009003142,0.0092730774516113,-0.5055652712987295,9312596.6,1.4204743927164825,0.0793401174724599,-0.0169090108141234,-0.0061466151564734,-0.0063620065392483,0.0152348114170413,0.0054767132123982,-0.0121249281986565,0,1,0,0,0,xg_INFY.NS,0,0.0
2024-01-16,1536.0797119140625,1552.0378347627927,1529.9129399390588,1548.554386655104,6500917,64.34602900356509,1459.0096740722656,1457.677222796833,26.612326999766765,19.154640095452823,1380.6608580354234,1459.0096740722656,1537.3584901091078,-0.012438649044083,0.0668606649949339,0.0633147939714118,-0.0125166565864009,0.0302561740612477,0.0226732193268747,1.3343865835057187,-0.4110975142260251,0.0668606649949339,0.0633147939714118,0.0035458710235221,1489.5232421875,1459.09912109375,1459.0096740722656,1.0208513052019,1.000061306667854,0.0198645733542124,-0.5085600914100483,9423057.0,0.6898946912874782,0.0243992736462326,0.0793401174724599,-0.0169090108141234,0.0042685222601226,0.0131224063944923,-0.0109260251349559,0.0149939489938517,1,1,0,0,1,xg_INFY.NS,0,0.0
2024-01-17,1544.223388671875,1551.0962739751476,1525.4408120839046,1525.4408120839046,9209876,65.24735606623041,1462.8650512695312,1465.9197147849322,30.229037982561977,21.369519672874656,1375.7396859197827,1462.8650512695312,1549.9904166192798,0.0053015977586636,0.0791498499289569,0.1008053628318321,0.0052875937631613,0.0276153764444192,0.0226337161397589,1.220045185188407,0.1919729682615558,0.0791498499289569,0.1008053628318321,-0.0216555129028752,1512.175341796875,1473.2402221679688,1462.8650512695312,1.0264282219851495,1.007092363639034,0.0319320966701285,0.4167041357396195,9589008.3,0.9604617820592604,-0.012438649044083,0.0243992736462326,0.0793401174724599,-0.0061466151564734,-0.0063620065392483,-0.0289363611474462,-0.0028396182049303,2,1,0,0,1,xg_INFY.NS,0,0.0
2024-01-18,1546.4830322265625,1552.5085584102292,1532.9727472598277,1546.5301524412396,6375464,65.50791028217597,1467.8643310546877,1473.5924116841352,32.89840945797414,23.675297629894555,1373.5182145482693,1467.8643310546877,1562.2104475611056,0.0014632880004692,0.0993173255001005,0.0858730864157319,0.0014622184378421,0.0276676019427156,0.0222888873373295,1.2412625296844773,0.0528862283500553,0.0993173255001005,0.0858730864157319,0.0134442390843685,1540.118603515625,1485.470129394531,1467.8643310546877,1.0367886725149889,1.011994159110872,0.0467216716609614,-0.3077578894656128,9520950.9,0.6696247115400343,0.0053015977586636,-0.012438649044083,0.0243992736462326,-0.0169090108141234,0.0042685222601226,0.0152348114170413,-0.0126388101455315,3,1,0,0,1,xg_INFY.NS,1,2.5036043149021387
2024-01-19,1562.111572265625,1568.0429726211407,1547.9422946366542,1554.9563105966838,4522736,67.332197961702,1473.6638732910155,1482.0228079299914,35.86160785968423,26.11255967585249,1371.047864020623,1473.6638732910155,1576.2798825614082,0.0101058593682474,0.0288016296410993,0.0826399260305381,0.0100551366165424,0.0276292814797618,0.0223154791974085,1.238066329162273,0.3657530371396917,0.0288016296410993,0.0826399260305381,-0.0538382963894388,1548.8649658203126,1497.3940185546876,1473.6638732910155,1.034373682963757,1.016102820795001,0.0481406666876094,-0.2906028486710927,9083684.2,0.4978966573936489,0.0014632880004692,0.0053015977586636,-0.012438649044083,0.0793401174724599,-0.0061466151564734,0.0131224063944923,0.0054767132123982,4,1,0,0,0,xg_INFY.NS,1,2.5036043149021387
2024-01-23,1546.059326171875,1576.7045882258603,1541.8696497501444,1553.5440845490969,9401255,63.61079479510179,1477.394500732422,1488.121523953028,36.4940017012982,28.188848080941636,1369.812903876811,1477.394500732422,1584.976097588033,-0.010275992047398,-0.0060226530107889,0.0783753578387873,-0.0103291545656833,0.02788662241796,0.0223011605187687,1.2504000405921,-0.3684785993366062,-0.0060226530107889,0.0783753578387873,-0.0843980108495763,1546.99140625,1508.6306396484374,1477.394500732422,1.0254275404419082,1.0211427204450336,0.0450156758795949,1.078665436143078,9579796.1,0.9813627452883908,0.0101058593682474,0.0014632880004692,0.0053015977586636,0.0243992736462326,-0.0169090108141234,-0.0063620065392483,-0.0109260251349559,1,1,0,0,1,xg_INFY.NS,0,0.0
2024-01-24,1577.3636474609375,1581.694454529538,1548.7424867268392,1562.770633148314,8999681,67.39536402001008,1483.5824035644532,1496.620773810924,39.07079171762962,30.365236808279235,1367.835251594796,1483.5824035644532,1599.3295555341106,0.0202478137540644,0.0268761674453941,0.0955337908682421,0.0200455524483231,0.0281116308145966,0.0223428897012047,1.2581350512610576,0.7202390230782453,0.0268761674453941,0.0955337908682421,-0.0686576234228479,1555.248193359375,1522.3857177734376,1483.5824035644532,1.021586169130646,1.0261551458926417,0.0454339048007612,-0.0427149353995822,10038556.8,0.8965114387756518,-0.010275992047398,0.0101058593682474,0.0014632880004692,-0.012438649044083,0.0793401174724599,0.0042685222601226,-0.0289363611474462,2,1,0,0,0,xg_INFY.NS,0,0.0
2024-01-25,1571.4322509765625,1582.2123208537434,1560.9817927200572,1575.0569444579046,8865304,65.99483795192339,1488.3839721679688,1503.7456763981277,40.171233273350936,32.326436101293574,1366.273390470648,1488.3839721679688,1610.4945538652896,-0.0037603227980578,0.0176197708856675,0.0981642230360075,-0.0037674105856559,0.0279737622937648,0.0222649292107986,1.2563482991851982,-0.1344184003628135,0.0176197708856675,0.0981642230360075,-0.08054445215034,1560.6899658203124,1536.4326538085938,1488.3839721679688,1.0157880737249292,1.0322824503213628,0.0460127973111212,-0.0149313070096596,10515402.7,0.8430779355696152,0.0202478137540644,-0.010275992047398,0.0101058593682474,0.0053015977586636,0.0243992736462326,-0.0061466151564734,0.0152348114170413,3,1,0,0,0,xg_INFY.NS,0,0.0
2024-01-29,1559.663818359375,1581.0825992301918,1551.1904544983925,1567.7135599982494,4253785,63.18908398224202,1492.806597900391,1509.0712137277703,39.63681840568347,33.788512562171555,1366.9646370000285,1492.806597900391,1618.648558800753,-0.0074889850388867,0.0085230719368678,0.1086868861467831,-0.0075171682847807,0.0271220236083579,0.0223574358057949,1.2130555037006805,-0.276111732490584,0.0085230719368678,0.1086868861467831,-0.1001638142099152,1563.326123046875,1551.72236328125,1492.806597900391,1.0074779870679236,1.0394664422462516,0.0452145675987178,-0.5201760706683043,9811172.4,0.4335654116117219,-0.0037603227980578,0.0202478137540644,-0.010275992047398,0.0014632880004692,-0.012438649044083,-0.0169090108141234,0.0131224063944923,0,1,0,0,0,xg_INFY.NS,0,0.0
2024-01-30,1554.8150634765625,1591.1093493392334,1551.8023580167996,1565.171396519599,4995943,62.01914904425662,1497.9165039062505,1513.427770846703,38.3796204029768,34.706734130332606,1370.654185078571,1497.9165039062505,1625.17882273393,-0.0031088461665494,-0.0046709267882062,0.0239961725494584,-0.0031136886677911,0.0125526665005122,0.0221032450850473,0.5678848769643638,-0.2476444763306904,-0.0046709267882062,0.0239961725494584,-0.0286670993376646,1561.8668212890625,1555.3658935546875,1497.91650390625,1.0041796774388034,1.038352865128745,0.0411304976939313,0.174470030807857,7635326.6,0.6543194890968181,-0.0074889850388867,-0.0037603227980578,0.0202478137540644,0.0101058593682474,0.0053015977586636,0.0793401174724599,-0.0063620065392483,1,1,0,0,1,xg_INFY.NS,0,0.0
2024-01-31,1563.712158203125,1569.6905638157846,1542.2462583680392,1551.8023522623284,6763779,63.359694083380454,1503.0734863281252,1518.2167601187432,37.667001371602055,35.2987875785865,1373.8391667942046,1503.0734863281252,1632.3078058620458,0.0057222848784785,0.0114179525535798,0.0053265331764669,0.0057059747974026,0.0100663016666332,0.0221043929036996,0.4553776406728577,0.5684030406523278,0.0114179525535798,0.0053265331764669,0.0060914193771128,1565.3973876953123,1556.1943969726562,1503.073486328125,1.005913779628406,1.0353415259651082,0.0398563770449955,0.3538543173931328,6988874.0,0.9677923797165368,-0.0031088461665494,-0.0074889850388867,-0.0037603227980578,-0.010275992047398,0.0014632880004692,0.0243992736462326,0.0042685222601226,2,1,0,1,0,xg_INFY.NS,0,0.0
2024-02-01,1560.087646484375,1578.870224833906,1553.7796285080506,1562.4413588052366,5760011,62.39354891808573,1508.847155761719,1522.204463582137,36.39029320282884,35.51708870343497,1380.2935852974829,1508.847155761719,1637.4007262259554,-0.0023178893249221,-0.0109524528502805,0.0156293546383714,-0.0023205797886518,0.0090719843439209,0.0218885407682289,0.4144437948688377,-0.2554715446494947,-0.0109524528502805,0.0156293546383714,-0.026581807488652,1561.9421875,1558.5951904296876,1508.8471557617188,1.0021474447572174,1.0329708907081807,0.0340333646368713,-0.148403429502945,6914783.4,0.8329994833965684,0.0057222848784785,-0.0031088461665494,-0.0074889850388867,0.0202478137540644,0.0101058593682474,-0.012438649044083,-0.0061466151564734,3,2,1,0,1,xg_INFY.NS,0,0.0
2024-02-02,1594.263427734375,1617.9417958851127,1567.5723538834525,1568.5609589964831,7858483,67.4357887918698,1518.4197082519536,1529.067222072826,37.70159222213374,35.95398940717473,1394.6895370941656,1518.4197082519536,1642.1498794097415,0.0219063213063794,0.0145288966442072,0.0324046633599672,0.0216698254534524,0.011116307016956,0.0207772776142521,0.5349965585853551,1.970470121313388,0.0145288966442072,0.0324046633599672,-0.01787576671576,1566.5084228515625,1563.5991943359377,1518.4197082519531,1.001860597348837,1.0297542806105937,0.0301635938973703,0.3643173598105975,6779644.1,1.159129134816803,-0.0023178893249221,0.0057222848784785,-0.0031088461665494,-0.0037603227980578,-0.010275992047398,0.0053015977586636,-0.0169090108141234,4,2,0,0,0,xg_INFY.NS,0,0.0
2024-02-05,1588.47314453125,1601.2303098308423,1583.436223722749,1595.581400903025,3634135,65.82543635095364,1526.6341674804692,1534.7249289736285,37.83741254046072,36.33067403383193,1407.518082278967,1526.6341674804692,1645.7502526819712,-0.0036319488375604,0.0184714974039597,0.0271520032419831,-0.0036385603771096,0.0113221350566988,0.0207936207617979,0.544474226598969,-0.3207547043618268,0.0184714974039597,0.0271520032419831,-0.0086805058380234,1572.2702880859374,1567.7982055664063,1526.6341674804687,1.002852460542213,1.0269639177235723,0.0287295512439624,-0.5375526039822189,6505511.2,0.5586240478687426,0.0219063213063794,-0.0023178893249221,0.0057222848784785,-0.0074889850388867,0.0202478137540644,0.0014632880004692,0.0793401174724599,0,2,0,0,1,xg_INFY.NS,0,0.0
2024-02-06,1628.2509765625,1631.5932938509086,1575.998565824632,1588.0496182360184,7694265,70.95648022953576,1535.903082275391,1543.6321716011398,40.68578927622457,37.20169708231046,1415.388587043242,1535.903082275391,1656.4175775075398,0.0250415514849564,0.0472312848074258,0.0423397441457711,0.0247331498028318,0.0132267304999838,0.0211855084609776,0.6242996822409651,1.893110196415549,0.0472312848074258,0.0423397441457711,0.0048915406616547,1586.957470703125,1574.4121459960938,1535.9030822753907,1.0079682596065682,1.0250725870434827,0.0313553556316718,1.1172204664934022,6822664.1,1.1277508151103133,-0.0036319488375604,0.0219063213063794,-0.0023178893249221,-0.0031088461665494,-0.0037603227980578,0.0101058593682474,0.0243992736462326,1,2,0,0,0,xg_INFY.NS,0,0.0
2024-02-07,1594.639892578125,1627.8272320398985,1588.143624421415,1627.8272320398985,4613877,62.42736732044551,1543.9504211425783,1548.490049789424,39.772541679836195,37.71586600181561,1430.9103963910447,1543.9504211425783,1656.9904458941123,-0.0206424466916846,0.0197784062832506,0.0314221877413578,-0.0208584801381803,0.0148026143479619,0.0218633831608619,0.6770195271028329,-1.3944193766792263,0.0197784062832506,0.0314221877413578,-0.0116437814581071,1593.143017578125,1579.2702026367188,1543.950421142578,1.008784320072806,1.0228762407202188,0.0308487180488223,-0.4003485713060312,6343926.3,0.7272904478728375,0.0250415514849564,-0.0036319488375604,0.0219063213063794,0.0057222848784785,-0.0074889850388867,-0.010275992047398,-0.012438649044083,2,2,0,0,0,xg_INFY.NS,0,0.0
2024-02-08,1593.08642578125,1606.50258433862,1584.3306859949523,1598.6412091518755,5919715,62.05608836311596,1551.614099121094,1552.7373236934077,38.47986268827299,37.86866533910709,1447.9031632091503,1551.614099121094,1655.3250350330377,-0.0009741803175157,0.0211518752624169,0.0099677574956296,-0.0009746551395615,0.0135551435230132,0.0219109816174168,0.6186178758126932,-0.0718626441112796,0.0211518752624169,0.0099677574956296,0.0111841177667872,1599.7427734375,1580.84248046875,1551.6140991210937,1.011955835702964,1.018837403813366,0.0302109625300486,0.2830240164616437,6035929.7,0.9807461806586348,-0.0206424466916846,0.0250415514849564,-0.0036319488375604,-0.0023178893249221,-0.0031088461665494,0.0202478137540644,0.0053015977586636,3,2,0,0,0,xg_INFY.NS,1,2.5036043149021387
2024-02-09,1571.6676025390625,1593.8396151923023,1562.676491800521,1586.1193710004457,4600004,57.02066587593146,1558.649334716797,1554.5402073929936,35.31993897256302,37.35892006579828,1471.657091055593,1558.649334716797,1645.6415783780012,-0.0134448595478325,-0.0141732067625885,0.0001497688254481,-0.0135360600463938,0.0142662599294218,0.0221707382027352,0.6434434593703563,-0.9423575104359518,-0.0141732067625885,0.0001497688254481,-0.0143229755880367,1595.2236083984376,1580.866015625,1558.6493347167968,1.0090821060301949,1.0142538032213897,0.0232709980294524,-0.2229348879126782,5609399.7,0.8200528124246842,-0.0009741803175157,-0.0206424466916846,0.0250415514849564,0.0219063213063794,0.0057222848784785,-0.0037603227980578,0.0014632880004692,4,2,0,0,1,xg_INFY.NS,1,2.5036043149021387
2024-02-12,1581.7886962890625,1593.8867538003944,1572.6092188693096,1572.6092188693096,3555808,58.72500145030745,1567.4004333496096,1557.1353015735715,33.2490895346416,36.536953959566944,1517.3861035495513,1567.4004333496096,1617.4147631496678,0.0064397164729037,-0.0042080964762927,0.0141856710845296,0.0064190700892785,0.0141215519087401,0.0215669356266486,0.6547474989350388,0.4559881609582445,-0.0042080964762927,0.0141856710845296,-0.0183937675608223,1593.88671875,1583.0785034179687,1567.400433349609,1.006827340090018,1.0100025939350128,0.0167445155364484,-0.2269989330444061,5539602.0,0.6418887133045583,-0.0134448595478325,-0.0009741803175157,-0.0206424466916846,-0.0036319488375604,-0.0023178893249221,-0.0074889850388867,0.0101058593682474,0,2,0,0,1,xg_INFY.NS,1,2.5036043149021387
2024-02-13,1585.978515625,1590.2622031833353,1566.1602114923992,1584.5191679841946,2696481,59.44201007830049,1570.78037109375,1559.882274340374,31.58195274785885,35.54595371722533,1525.8349144520555,1570.78037109375,1615.7258277354445,0.0026487857358994,-0.0259618827477959,0.0200431889814316,0.002645283885367,0.0140298852649955,0.0129581262889831,1.0826258616618845,0.1887825098611324,-0.0259618827477959,0.0200431889814316,-0.0460050717292276,1585.4322265625,1586.1948486328124,1570.78037109375,0.9995192128691064,1.0098132608623884,0.0092383694510363,-0.2416685602822199,5309655.8,0.507844783460256,0.0064397164729037,-0.0134448595478325,-0.0009741803175157,0.0250415514849564,0.0219063213063794,-0.0031088461665494,-0.010275992047398,1,2,0,0,0,xg_INFY.NS,0,0.0
2024-02-14,1568.701904296875,1571.7617298510522,1539.798367340659,1563.0529955814704,3768579,55.18498513689568,1571.444110107422,1560.722239098136,28.53769193719154,34.144301361218574,1527.0648032070974,1571.444110107422,1615.823417007747,-0.0108933451228477,-0.0162657339766628,0.003190962011502,-0.0109531120442847,0.0145250650851278,0.0121631570212357,1.194087272942172,-0.7499171357837779,-0.0162657339766628,0.003190962011502,-0.0194566959881649,1580.24462890625,1586.6938232421876,1571.444110107422,0.9959354512877856,1.0097042669457224,0.0056100644582137,0.3975915276243371,5010135.8,0.7521909885155703,0.0026487857358994,0.0064397164729037,-0.0134448595478325,-0.0206424466916846,-0.0036319488375604,0.0057222848784785,0.0202478137540644,2,2,0,0,1,xg_INFY.NS,1,2.5036043149021387
2024-02-15,1578.258056640625,1588.9910065851047,1564.3711555313787,1578.870044759722,4834391,57.018577037720696,1573.5530273437505,1562.3923169593254,26.589685597997004,32.633378208574264,1532.354988928227,1573.5530273437505,1614.7510657592736,0.0060917579800052,-0.0093079502157914,0.0116470444447123,0.0060732782338144,0.0145926659376127,0.0118272243150803,1.233715691290013,0.4174247927866287,-0.0093079502157914,0.0116470444447123,-0.0209549946605037,1577.278955078125,1588.5108642578125,1573.55302734375,0.992929284002766,1.0095057723852574,0.0023607848657561,0.2828153529486843,4917573.8,0.9830845853292568,-0.0108933451228477,0.0026487857358994,0.0064397164729037,-0.0009741803175157,0.0250415514849564,-0.0023178893249221,-0.0037603227980578,3,2,0,0,1,xg_INFY.NS,1,2.5036043149021387
2024-02-16,1602.0777587890625,1608.9976496273257,1589.1793470591608,1590.167952147778,4880654,61.27203159966635,1576.4457458496097,1566.1718828478718,26.66060062502197,31.438822691863805,1535.7979688108007,1576.4457458496097,1617.0935228884186,0.0150924001611869,0.0193489744274626,0.0049015306496695,0.0149796429919124,0.0136498063769646,0.0121932394329582,1.1193651274447138,1.105605027601518,0.0193489744274626,0.0049015306496695,0.014447443777793,1583.360986328125,1589.2922973632812,1576.4457458496097,0.99626795458268,1.0081490603450791,0.0043164199993278,0.0095695610884598,4619790.9,1.056466430114606,0.0060917579800052,-0.0108933451228477,0.0026487857358994,-0.0134448595478325,-0.0206424466916846,0.0219063213063794,-0.0074889850388867,4,2,0,0,0,xg_INFY.NS,1,2.5036043149021387
2024-02-19,1600.2889404296875,1611.3513878778704,1588.9440015438006,1605.2317360980246,3690993,60.78553939730128,1579.136041259766,1569.4211264270923,26.269638561971533,30.40498586588535,1539.734923512642,1579.136041259766,1618.53715900689,-0.0011165615086792,0.0116957746531045,0.0074384612287066,-0.001117185327879,0.0135867440520677,0.012211857523914,1.1124950917885876,-0.0821741640408153,0.0116957746531045,0.0074384612287066,0.0042573134243979,1587.06103515625,1590.473876953125,1579.1360412597655,0.9978541981441325,1.0071797713414954,0.0049522268737022,-0.2437503252637863,4625476.7,0.7979702935265465,0.0150924001611869,0.0060917579800052,-0.0108933451228477,0.0064397164729037,-0.0009741803175157,-0.0036319488375604,-0.0031088461665494,0,2,0,0,0,xg_INFY.NS,0,0.0
2024-02-20,1586.6373291015625,1595.1106926748687,1571.1028292171682,1586.401957891193,3706389,57.06194370644013,1580.3623291015629,1571.060764777042,24.57494272500776,29.238977237709836,1541.6719535377772,1580.3623291015629,1619.0527046653483,-0.0085307165370145,0.0004153987396877,-0.0255572685414816,-0.0085673113680462,0.0107998284690363,0.0122542394053098,0.8812417376650408,-0.7898205736226881,0.0004153987396877,-0.0255572685414816,0.0259726672811694,1587.1927978515623,1586.3125122070312,1580.3623291015624,1.0005549257398887,1.0037650752589449,0.0043049968790712,0.0041712352204406,4226689.1,0.8769012606106097,-0.0011165615086792,0.0150924001611869,0.0060917579800052,0.0026487857358994,-0.0134448595478325,0.0250415514849564,0.0057222848784785,1,2,0,0,0,xg_INFY.NS,0,0.0
2024-02-21,1558.67529296875,1576.04564252021,1549.0250732340833,1576.04564252021,4300508,50.269357766761075,1580.9931274414066,1569.881196033395,20.73654347206252,27.538490484580375,1544.2976152782926,1580.9931274414066,1617.6886396045206,-0.0176234578753079,-0.0063916613479341,-0.0225534302614425,-0.0177806000047491,0.0102663677025724,0.0127071184006951,0.8078589905182877,-1.7164533681687872,-0.0063916613479341,-0.0225534302614425,0.0161617689135084,1585.1874755859376,1582.7160522460938,1580.9931274414062,1.0015615077235973,1.0010897737471358,0.0026909698020186,0.1602959106558972,4195352.2,1.0250648324588754,-0.0085307165370145,-0.0011165615086792,0.0150924001611869,-0.0108933451228477,0.0064397164729037,-0.0206424466916846,-0.0023178893249221,2,2,0,0,1,xg_INFY.NS,1,2.5036043149021387
2024-02-22,1582.965576171875,1586.0254020244706,1548.1777559110003,1567.5723214065963,5841277,55.25252625793542,1581.2732238769534,1571.127327475155,19.43062313371297,25.916917014406895,1544.6088535050758,1581.2732238769534,1617.937594248831,0.0155839277832268,0.0029827311898982,-0.006352982139316,0.0154637453817176,0.0117234865844278,0.0123634595373834,0.9481600509090125,1.3291778425440774,0.0029827311898982,-0.006352982139316,0.0093357133292142,1586.1289794921877,1581.7039672851563,1581.2732238769531,1.0027976235114502,1.000272402897677,0.0030675055025372,0.3582760455276446,4187508.4,1.3949290227092097,-0.0176234578753079,-0.0085307165370145,-0.0011165615086792,0.0060917579800052,0.0026487857358994,-0.0009741803175157,0.0219063213063794,3,2,0,0,0,xg_INFY.NS,1,2.5036043149021387
2024-02-23,1578.7288818359375,1599.064932049705,1574.0685776987198,1597.6998249586602,5373072,54.231787373355864,1581.638055419922,1571.8512850333248,17.848064652267794,24.303146541979075,1545.2417625264502,1581.638055419922,1618.0343483133938,-0.0026764285968765,-0.0145741221517071,0.0044928579589396,-0.0026800166354092,0.0108737865865418,0.0123473218820827,0.8805882038367985,-0.2461132065054755,-0.0145741221517071,0.0044928579589396,-0.0190669801106467,1581.4592041015626,1582.4100952148438,1581.6380554199218,0.9993990868004718,1.00048812671918,-0.0001132881778606,-0.0801545620931861,4264815.2,1.2598604506940276,0.0155839277832268,-0.0176234578753079,-0.0085307165370145,0.0150924001611869,-0.0108933451228477,-0.0134448595478325,-0.0036319488375604,4,2,0,0,0,xg_INFY.NS,1,2.5036043149021387
2024-02-26,1563.006103515625,1576.9400103998594,1548.742584990576,1576.9400103998594,2782438,50.50300863619935,1581.8051696777345,1571.0088867935438,15.150532931540738,22.47262381989141,1545.805163415432,1581.8051696777345,1617.805175940037,-0.0099591376969224,-0.0232975658158656,-0.0118742742425091,-0.0100090616516794,0.0111126901139295,0.0124413706538253,0.8931328621457664,-0.8961143953834045,-0.0232975658158656,-0.0118742742425091,-0.0114232915733564,1574.00263671875,1580.5318359375,1581.8051696777345,0.9958689859512528,0.99919501227797,-0.0049920041524049,-0.4821513651780582,4187478.2,0.6644662651615322,-0.0026764285968765,0.0155839277832268,-0.0176234578753079,-0.0011165615086792,0.0060917579800052,0.0064397164729037,0.0250415514849564,0,2,0,0,1,xg_INFY.NS,1,2.5036043149021387
2024-02-27,1566.254150390625,1573.315286661556,1556.0861831168934,1563.8063128021718,5159088,51.2487295337417,1582.377124023437,1570.5560547551706,13.12352996166578,20.602805048246285,1547.84924703487,1582.377124023437,1616.9050010120047,0.0020780768979047,-0.0128467787421083,-0.012436716538119,0.0020759206827785,0.0110925272685872,0.0124232459444904,0.8928129174315236,0.1873233686267729,-0.0128467787421083,-0.012436716538119,-0.0004100622039893,1569.9260009765626,1578.5593994140625,1582.3771240234375,0.9945308371413172,0.997587348457321,-0.0079496185493073,0.8541609911883032,4433738.9,1.163597612840674,-0.0099591376969224,-0.0026764285968765,0.0155839277832268,-0.0085307165370145,0.0150924001611869,0.0026487857358994,-0.0206424466916846,1,2,0,0,1,xg_INFY.NS,0,0.0
2024-02-28,1573.4566650390625,1589.038286361627,1564.7950497873524,1572.2798088946804,3188916,52.9418163116252,1582.8643493652344,1570.8323033536365,11.960425897830874,18.874329218163204,1549.1807636606886,1582.8643493652344,1616.54793506978,0.0045985606145984,0.0094832914443385,0.0030310161090285,0.0045880195382341,0.0106610181884551,0.0124006175995761,0.8596473889679928,0.4313030172446856,0.0094832914443385,0.0030310161090285,0.00645227533531,1572.882275390625,1579.0348754882812,1582.8643493652344,0.9961035692161304,0.9975806683128032,-0.0063440412414291,-0.38188377480671,4375772.6,0.7287663897340715,0.0020780768979047,-0.0099591376969224,-0.0026764285968765,-0.0176234578753079,-0.0011165615086792,-0.0108933451228477,-0.0009741803175157,2,2,0,0,1,xg_INFY.NS,1,2.5036043149021387
2024-02-29,1575.9515380859375,1583.812913721107,1556.5569728576138,1567.5722998042163,7814722,53.5436648506784,1583.6575439453125,1571.3198495186175,11.111882092037604,17.321839792938086,1551.520667747198,1583.6575439453125,1615.7944201434268,0.0015856001009173,-0.0044309479571247,-0.0014614330938991,0.0015843443642991,0.010485327223077,0.0123865730567589,0.8464391834489313,0.1512064297810542,-0.0044309479571247,-0.0014614330938991,-0.0029695148632256,1571.4794677734376,1578.8042236328124,1583.6575439453125,0.9953605673523468,0.9969353725929856,-0.0077274433112744,1.4505888521365882,4673805.7,1.6720254331493345,0.0045985606145984,0.0020780768979047,-0.0099591376969224,0.0155839277832268,-0.0085307165370145,0.0060917579800052,-0.0134448595478325,3,2,0,1,0,xg_INFY.NS,0,0.0
2024-03-01,1557.8748779296875,1574.1154909938598,1554.3914300839626,1571.3381567596207,6387291,48.68515556035858,1581.838116455078,1570.0393760339575,8.878424658031236,15.633156765956716,1548.1467803080936,1581.838116455078,1615.5294526020623,-0.0114703147396302,-0.0132093636508369,-0.0275909709231504,-0.0115366062099626,0.0095310453868861,0.0115843058564207,0.8226839675194141,-1.2033424384876183,-0.0132093636508369,-0.0275909709231504,0.0143816072723135,1567.3086669921877,1574.383935546875,1581.838116455078,0.9955060081629772,0.995287646168934,-0.0093264546907639,-0.1826592167961956,4824469.4,1.3239364726820892,0.0015856001009173,0.0045985606145984,0.0020780768979047,-0.0026764285968765,-0.0176234578753079,0.0150924001611869,0.0064397164729037,4,3,1,0,0,xg_INFY.NS,1,2.5036043149021387
2024-03-04,1541.39892578125,1567.0543875331723,1538.0567235736469,1560.8406106080845,4445156,44.70358590839584,1579.484405517578,1567.3117141051282,5.713065247375425,13.649138462240458,1541.4476931541403,1579.484405517578,1617.521117881016,-0.0105759149093751,-0.0138241160324164,-0.0367996135951705,-0.0106322373570391,0.0098157396918336,0.0117671146322845,0.8340961996499572,-1.0773347609668276,-0.0138241160324164,-0.0367996135951705,0.0229754975627541,1562.9872314453123,1568.4949340820312,1579.484405517578,0.996488542922874,0.993042367878304,-0.0107027284088083,-0.3040623951531251,4899885.7,0.907195855609263,-0.0114703147396302,0.0015856001009173,0.0045985606145984,-0.0099591376969224,0.0155839277832268,-0.0011165615086792,0.0026487857358994,0,3,0,0,0,xg_INFY.NS,1,2.5036043149021387
2024-03-05,1512.495361328125,1541.5401450012134,1508.2586796437324,1538.386193843857,4596579,38.72098875742095,1573.6966247558596,1562.091109078747,0.8622791972120467,11.091766609234776,1531.8657748147918,1573.6966247558596,1615.5274746969274,-0.0187515145947538,-0.0343231582493125,-0.0467289949716616,-0.0189295534227644,0.0108521649126084,0.0105968993689859,1.0239920700102738,-1.7277462146520663,-0.0343231582493125,-0.0467289949716616,0.012405836722349,1552.2354736328125,1561.0807373046875,1573.6966247558594,0.9943338845579844,0.9919832785730672,-0.0141892343419829,0.0340647212381297,4988904.7,0.921360353906756,-0.0105759149093751,-0.0114703147396302,0.0015856001009173,0.0020780768979047,-0.0026764285968765,-0.0085307165370145,-0.0108933451228477,1,3,0,0,1,xg_INFY.NS,1,2.5036043149021387
2024-03-06,1522.89892578125,1525.3467635033348,1483.7801827337923,1509.0120236903088,6420684,41.74309843860946,1570.109576416016,1558.358520193271,-2.118106774002399,8.449791932587342,1523.7787466883528,1570.109576416016,1616.440406143679,0.006878410816407,-0.0321316375475503,-0.022953059786659,0.0068548624705222,0.0103707229992468,0.0100434837295355,1.0324794462807505,0.6631888276332202,-0.0321316375475503,-0.022953059786659,-0.0091785777608912,1542.12392578125,1557.5031005859375,1570.1095764160157,0.9901257501195972,0.9919709579385828,-0.0183765646957883,0.3968396931718132,5200922.3,1.2345279605501442,-0.0187515145947538,-0.0105759149093751,-0.0114703147396302,0.0045985606145984,-0.0099591376969224,-0.0176234578753079,0.0060917579800052,2,3,0,0,0,xg_INFY.NS,1,2.5036043149021387
2024-03-07,1521.8631591796875,1533.16097752347,1510.3299696204092,1522.004404894455,6348359,41.52353641191409,1566.548413085938,1554.8827715253108,-4.511654294890377,5.857502687091799,1516.8287019579832,1566.548413085938,1616.2681242138926,-0.0006801282632931,-0.0343210927487926,-0.0385999657301159,-0.0006803596554441,0.0083350108416738,0.0100456661658279,0.8296295212857819,-0.0815891769109721,-0.0343210927487926,-0.0385999657301159,0.0042788729813232,1531.30625,1551.3928588867188,1566.5484130859377,0.987052532328186,0.9903255117603652,-0.0231572483198381,-0.0112643761941874,5251630.5,1.2088358082311372,0.006878410816407,-0.0187515145947538,-0.0105759149093751,0.0015856001009173,0.0020780768979047,0.0155839277832268,0.0150924001611869,3,3,0,0,0,xg_INFY.NS,1,2.5036043149021387
2024-03-11,1506.9405517578125,1519.3682201060792,1495.0778662328694,1514.048807986973,6752895,38.39051087618318,1563.312060546875,1550.316845833168,-7.525933380010656,3.180815473671308,1507.0052928300777,1563.312060546875,1619.6188282636726,-0.0098054856850063,-0.0326947477576398,-0.0454722345958735,-0.0098538760469386,0.0085217743071482,0.0098632517492822,0.8639047870780776,-1.1505039710816138,-0.0326947477576398,-0.0454722345958735,0.0127774868382337,1521.119384765625,1544.2140258789063,1563.312060546875,0.9850444039969544,0.9877836069010508,-0.0279988986506688,0.0637229243021699,5389612.8,1.252946222778517,-0.0006801282632931,0.006878410816407,-0.0187515145947538,-0.0114703147396302,0.0045985606145984,-0.0026764285968765,-0.0011165615086792,0,3,0,0,1,xg_INFY.NS,0,0.0
2024-03-12,1518.56787109375,1529.9128089712128,1504.1632225256892,1506.375688833194,4614222,42.0589040462478,1560.1510192871096,1547.2931339532236,-8.874246979673671,0.769802983002312,1501.1765195070975,1560.1510192871096,1619.1255190671218,0.0077158447440905,-0.0148119051503349,-0.0284312596872918,0.0076862298524211,0.0091022887290636,0.0099250266449387,0.917012320705871,0.8475887092822417,-0.0148119051503349,-0.0284312596872918,0.0136193545369569,1516.553173828125,1539.7702026367188,1560.1510192871094,0.9849217573058392,0.9869366385699614,-0.0287098431942874,-0.3167046133547168,5572791.2,0.8279911868937727,-0.0098054856850063,-0.0006801282632931,0.006878410816407,-0.0105759149093751,0.0015856001009173,-0.0099591376969224,-0.0085307165370145,1,3,0,0,0,xg_INFY.NS,1,2.5036043149021387
2024-03-13,1517.108642578125,1529.4420705773052,1505.0105857809417,1518.5208697901078,5688997,41.72314041806146,1556.7075256347655,1544.4184204889284,-9.945892707383564,-1.3733361550748633,1496.0637966311788,1556.7075256347655,1617.3512546383529,-0.000960924133456,0.0030501126601465,-0.0313777350886783,-0.0009613861170292,0.0089695070186173,0.0098688841365418,0.908775310280398,-0.1071203814301412,0.0030501126601465,-0.0313777350886783,0.0344278477488249,1517.475830078125,1534.8556518554688,1556.7075256347655,0.9886765757051268,0.9859627621634408,-0.0258595162242116,0.232926590874908,5625782.1,1.0112366421015468,0.0077158447440905,-0.0098054856850063,-0.0006801282632931,-0.0187515145947538,-0.0114703147396302,0.0020780768979047,-0.0176234578753079,2,3,0,0,1,xg_INFY.NS,1,2.5036043149021387
2024-03-14,1556.5570068359375,1560.7465686045769,1513.9076955609466,1519.9332218123318,8803799,52.71332219338456,1556.1002807617188,1545.5744763315008,-7.525279616420221,-2.603724847343935,1495.719599849711,1556.1002807617188,1616.4809616737268,0.026002333089854,0.0221013229997655,-0.0107404662477345,0.0256700207127122,0.0127711853261666,0.011471000165601,1.1132483561551212,2.035856231790065,0.0221013229997655,-0.0107404662477345,0.0328417892475,1524.2074462890623,1533.1656860351563,1556.1002807617188,0.9941570308886444,0.9852614930990592,-0.0204893456086685,0.5475133841694766,6187270.4,1.4228890012627502,-0.000960924133456,0.0077158447440905,-0.0098054856850063,0.006878410816407,-0.0105759149093751,0.0045985606145984,0.0155839277832268,3,3,0,0,0,xg_INFY.NS,1,2.5036043149021387
2024-03-15,1538.38623046875,1549.4957975654736,1523.6519697189988,1545.070749855574,11809997,48.20390777537874,1554.106689453125,1544.8898814874294,-6.992550328103107,-3.48148994349577,1494.175133930605,1554.106689453125,1614.038244975645,-0.0116736979676214,0.0108571333693159,-0.023836588060831,-0.0117423705448622,0.0131547435895908,0.0116345415568136,1.1305656488234164,-0.8873461152631389,0.0108571333693159,-0.023836588060831,0.0346937214301469,1527.512060546875,1529.4091552734376,1554.106689453125,0.998759589793208,0.9841082119089404,-0.0172873550084665,0.3414659966680293,6586797.9,1.7929800153725994,0.026002333089854,-0.000960924133456,0.0077158447440905,-0.0006801282632931,-0.0187515145947538,0.0015856001009173,-0.0026764285968765,4,3,0,0,0,xg_INFY.NS,0,0.0
2024-03-18,1508.8707275390625,1537.1152732206572,1505.2930391151203,1534.6203153666463,4958904,41.929398305756386,1549.4463378906248,1541.4594858732992,-8.849995702552178,-4.555191095307052,1490.737959356072,1549.4463378906248,1608.1547164251776,-0.0191860160635304,0.0012808572833205,-0.0314557677801109,-0.0193724562178276,0.0139523762180424,0.0116307249205413,1.1995105036745553,-1.3750088698047105,0.0012808572833205,-0.0314557677801109,0.0327366250634314,1527.898095703125,1524.508740234375,1549.446337890625,1.0022232443667256,0.9839054783335064,-0.0142810393191502,-0.5801096308491864,6443959.2,0.7695430473860279,-0.0116736979676214,0.026002333089854,-0.000960924133456,-0.0098054856850063,0.006878410816407,-0.0114703147396302,-0.0099591376969224,0,3,0,0,0,xg_INFY.NS,1,2.5036043149021387
2024-03-19,1470.0814208984375,1505.4342217324486,1466.833344252129,1499.173324716635,6870411,35.40667204621733,1542.9359619140623,1534.6615749233124,-13.29870818432073,-6.303894513109788,1479.2958222596617,1542.9359619140623,1606.5761015684636,-0.0257075082262941,-0.0319290636383542,-0.0462680385265388,-0.0260437208581647,0.0155785485590841,0.0126814657156965,1.2283532956689371,-1.6500804326133476,-0.0319290636383542,-0.0462680385265388,0.0143389748881845,1518.2008056640625,1517.3769897460938,1542.9359619140623,1.0005429210562278,0.9834348457752828,-0.0168257049564528,0.3854696521650751,6686484.7,1.027507174285312,-0.0191860160635304,-0.0116736979676214,0.026002333089854,0.0077158447440905,-0.0006801282632931,-0.0105759149093751,0.0020780768979047,1,3,0,0,0,xg_INFY.NS,1,2.5036043149021387
2024-03-20,1463.9617919921875,1482.7914886121837,1461.5139544170574,1471.540790852675,4759059,34.49494725961373,1536.8021850585935,1527.9282622632052,-17.120789976697097,-8.46727360582725,1467.5012156981834,1536.8021850585935,1606.1031544190037,-0.0041627822916842,-0.035031670833818,-0.0320884087163877,-0.0041714707904905,0.0147699223034685,0.0126397381983473,1.168438272489467,-0.2818227735655126,-0.035031670833818,-0.0320884087163877,-0.0029432621174303,1507.571435546875,1512.5236328125,1536.8021850585938,0.9967258711479328,0.9842019015315442,-0.0199668800590356,-0.3073108726683163,6702732.7,0.7100177215778409,-0.0257075082262941,-0.0191860160635304,-0.0116736979676214,-0.000960924133456,-0.0098054856850063,-0.0187515145947538,0.0045985606145984,2,3,0,0,0,xg_INFY.NS,1,2.5036043149021387
2024-03-21,1463.7264404296875,1484.6744782005846,1453.087730653012,1472.4822954464405,11062497,34.45819805884196,1532.0547424316403,1521.8138030409657,-19.93896426942274,-10.761611738546348,1456.3498680055477,1532.0547424316403,1607.7596168577336,-0.0001607634596663,-0.0596383980789432,-0.0388551625783089,-0.0001607763834963,0.0144015986604744,0.0122415996703522,1.1763513508777557,-0.011162114799984,-0.0596383980789432,-0.0388551625783089,-0.0207832355006343,1489.005322265625,1506.6063842773438,1532.0547424316403,0.9883174117703204,0.9833893937014904,-0.029410837282804,1.324513522526197,7166914.0,1.5435509621014647,-0.0041627822916842,-0.0257075082262941,-0.0191860160635304,0.026002333089854,0.0077158447440905,0.006878410816407,0.0015856001009173,3,3,0,0,0,xg_INFY.NS,1,2.5036043149021387
2024-03-22,1420.5594482421875,1439.4362661905388,1410.5326112138532,1431.9985126005026,14673890,28.467685778521883,1523.9344360351563,1512.1705311553676,-25.36323166165039,-13.681935723167156,1437.1875772463477,1523.9344360351563,1610.6812948239651,-0.0294911610497573,-0.0765911575993892,-0.0665655846430401,-0.0299347687893609,0.0164329663458183,0.0127653399879702,1.2872104582286827,-1.7945248535367375,-0.0765911575993892,-0.0665655846430401,-0.010025572956349,1465.4399658203124,1496.4760131835938,1523.9344360351563,0.9792605781249676,0.9819818870141148,-0.0411770660405838,0.3264536930495891,7999467.1,1.834358441201435,-0.0001607634596663,-0.0041627822916842,-0.0257075082262941,-0.0116736979676214,-0.000960924133456,-0.0006801282632931,-0.0114703147396302,4,3,0,0,0,xg_INFY.NS,1,2.5036043149021387
2024-03-26,1405.3074951171875,1419.241403039176,1400.8354417271594,1404.6955069309752,8351081,26.701389254057073,1515.2633666992183,1501.9930991517317,-30.540654150869617,-17.05367940870765,1417.595827380672,1515.2633666992183,1612.930906017765,-0.0107365820866369,-0.0686362526170711,-0.067443308577815,-0.0107946350852001,0.0164548695986486,0.0128046545901744,1.2849690332327206,-0.6524469595650325,-0.0686362526170711,-0.067443308577815,-0.0011929440392561,1444.7273193359374,1486.3127075195312,1515.2633666992188,0.9720211043253512,0.9808939753867656,-0.0501926073890322,-0.4308884010988224,8159285.7,1.0235063836530416,-0.0294911610497573,-0.0001607634596663,-0.0041627822916842,-0.0191860160635304,0.026002333089854,-0.0098054856850063,-0.0105759149093751,1,3,0,0,0,xg_INFY.NS,1,2.5036043149021387
2024-03-27,1397.022216796875,1411.2857346994197,1394.8568706833632,1408.4612802603947,6857402,25.766140486304597,1506.9641723632812,1491.9958722607928,-34.90993153235286,-20.624929833436692,1398.7401627666566,1506.9641723632812,1615.188181959906,-0.0058957049251499,-0.0496973861875708,-0.0800396588196822,-0.0059131532071807,0.0156612108207735,0.0127660838822124,1.226686607941324,-0.3764286531841432,-0.0496973861875708,-0.0800396588196822,0.0303422726321114,1430.115478515625,1474.1581420898438,1506.9641723632812,0.9701235150309032,0.9782303847197708,-0.0550089275057176,-0.178860557094345,8383603.7,0.8179539784304429,-0.0107365820866369,-0.0294911610497573,-0.0001607634596663,-0.0257075082262941,-0.0116736979676214,0.0077158447440905,-0.0187515145947538,2,3,0,0,1,xg_INFY.NS,1,2.5036043149021387
2024-03-28,1410.391357421875,1423.3367734843898,1400.129150066849,1400.129150066849,12499530,30.025221417077923,1499.171032714844,1484.2240137047054,-36.868836422034974,-23.87371115115635,1386.5651351576114,1499.171032714844,1611.7769302720765,0.0095697408847605,-0.0365927819041047,-0.0703425464473646,0.0095242409657645,0.0165317016286789,0.0131061417229852,1.2612743478380386,0.5788370890429747,-0.0365927819041047,-0.0703425464473646,0.0337497645432598,1419.4013916015624,1463.486413574219,1499.1710327148437,0.9698767125107852,0.9761970993556326,-0.0565585152613925,0.8227792391345876,9064657.0,1.3789302783324977,-0.0058957049251499,-0.0107365820866369,-0.0294911610497573,-0.0041627822916842,-0.0191860160635304,-0.000960924133456,0.006878410816407,3,3,0,0,0,xg_INFY.NS,1,2.5036043149021387
2024-04-01,1407.9434814453125,1440.4247089660323,1405.4486385196594,1435.7644049013911,6580002,29.689340749119864,1490.8953735351563,1476.9592011085726,-38.17870544288462,-26.73471000950201,1376.9565173323283,1490.8953735351563,1604.8342297379843,-0.0017356005222813,-0.0381102352486025,-0.0954757999469074,-0.0017371084218611,0.012079802411441,0.012933684998954,0.9339077381797736,-0.1436659969405427,-0.0381102352486025,-0.0954757999469074,0.0573655646983048,1408.2447998046875,1448.6250610351562,1490.8953735351563,0.9721251120689478,0.9716477002676784,-0.0587030479700964,-0.4735800466097525,8842277.3,0.7441524142201755,0.0095697408847605,-0.0058957049251499,-0.0107365820866369,-0.0001607634596663,-0.0257075082262941,0.026002333089854,-0.0006801282632931,0,4,1,0,0,xg_INFY.NS,1,2.5036043149021387
2024-04-02,1396.080810546875,1405.7781506375063,1394.1978408148962,1397.9637802788536,7279400,28.05163909566369,1481.9018371582033,1469.256497245554,-39.71618106715346,-29.3310042210323,1367.8359510072698,1481.9018371582033,1595.9677233091368,-0.0084255306088423,-0.0172316883503907,-0.0925030509916318,-0.008461226035215,0.012071014945307,0.0128399550812405,0.9400402749591164,-0.6979390472108143,-0.0172316883503907,-0.0925030509916318,0.075271362641241,1403.349072265625,1434.3945190429688,1481.901837158203,0.9783564100634896,0.9679416565092208,-0.056266631773133,0.1062914570542683,8389217.6,0.8677090459543131,-0.0017356005222813,0.0095697408847605,-0.0058957049251499,-0.0294911610497573,-0.0041627822916842,-0.0116736979676214,-0.0098054856850063,1,4,0,0,0,xg_INFY.NS,1,2.5036043149021387
2024-04-03,1394.009521484375,1407.613931160152,1388.690109266799,1392.4560485461666,8736248,27.76366465950656,1473.7085693359377,1462.0901186016322,-40.63338097072983,-31.591479570971806,1359.0806230791948,1473.7085693359377,1588.33651559268,-0.0014836455360264,-0.0080395028647238,-0.0761239541322561,-0.00148474722788,0.0118029640963938,0.0128086426720074,0.9214124389423112,-0.1256904480486924,-0.0080395028647238,-0.0761239541322561,0.0680844512675322,1401.0894775390625,1422.9083984375,1473.7085693359377,0.9846659694170076,0.9655290252391432,-0.0520936842092358,0.2001329779926917,8766952.0,0.9964977565748054,-0.0084255306088423,-0.0017356005222813,0.0095697408847605,-0.0107365820866369,-0.0001607634596663,-0.0191860160635304,0.0077158447440905,2,4,0,0,1,xg_INFY.NS,1,2.5036043149021387
2024-04-04,1399.7054443359375,1408.1318024819914,1382.0997240670574,1403.3302528566012,11186915,29.895004625430243,1466.623895263672,1456.1487210525183,-40.43455079909699,-33.360093816596844,1352.0964314745956,1466.623895263672,1581.1513590527484,0.0040859999618203,0.0019206763548933,-0.0478721624272279,0.0040776749336481,0.0104721335602969,0.0129197275735197,0.8104910114937308,0.3901411109001943,0.0019206763548933,-0.0478721624272279,0.0497928387821212,1401.626123046875,1415.87080078125,1466.6238952636718,0.9899392813761572,0.9653946082248324,-0.0464367503032995,0.2805171052836412,9198602.4,1.216153771359743,-0.0014836455360264,-0.0084255306088423,-0.0017356005222813,-0.0058957049251499,-0.0294911610497573,-0.0257075082262941,-0.000960924133456,3,4,0,0,0,xg_INFY.NS,1,2.5036043149021387
2024-04-05,1392.55029296875,1399.7055552251502,1389.6788329794124,1393.4447725803975,5072482,28.747545551168056,1460.6266418457033,1450.0917279016833,-40.388760878543735,-34.765827228986225,1343.6768721457354,1460.6266418457033,1577.5764115456711,-0.0051118979326268,-0.0126497261623451,-0.0487796193958446,-0.0051250083814657,0.0104695782314277,0.0124936095256335,0.8379276046961444,-0.4882154375470305,-0.0126497261623451,-0.0487796193958446,0.0361298932334994,1398.05791015625,1408.7296508789063,1460.626641845703,0.9924245644180214,0.9644693657639862,-0.0449310391196457,-0.5465700776308751,9229944.7,0.5495679730344918,0.0040859999618203,-0.0014836455360264,-0.0084255306088423,0.0095697408847605,-0.0107365820866369,-0.0041627822916842,0.026002333089854,4,4,0,0,0,xg_INFY.NS,1,2.5036043149021387
2024-04-08,1390.29052734375,1403.706685446096,1387.8426899035271,1396.221927423092,6610887,28.377090348498896,1453.996221923828,1444.3963754675945,-40.0728810091241,-35.8272379850138,1336.8754895274683,1453.996221923828,1571.1169543201877,-0.0016227533299227,-0.0125381127397535,-0.0501705175622706,-0.0016240714202577,0.0104054592547007,0.0122444248196783,0.8497426106425644,-0.1559371242615268,-0.0125381127397535,-0.0501705175622706,0.037632404822517,1394.5273193359376,1401.3860595703125,1453.9962219238282,0.9951057453529416,0.9638168507178748,-0.0427744427644991,0.3032844670518297,8784783.7,0.7525383920379562,-0.0051118979326268,0.0040859999618203,-0.0014836455360264,-0.0017356005222813,-0.0058957049251499,-0.0001607634596663,-0.0116736979676214,0,4,0,0,1,xg_INFY.NS,1,2.5036043149021387
2024-04-09,1407.378662109375,1425.2198696967855,1400.2705201600338,1402.812483387176,9423230,35.17950663187425,1448.2719970703124,1440.870878957288,-38.005569722615746,-36.26290433253419,1333.9603694413431,1448.2719970703124,1562.5836246992817,0.012291053150073,0.0080925484235216,-0.0092785881992636,0.0122161314427167,0.0074991072376405,0.012787403327095,0.5863990246344554,1.6387836547707402,0.0080925484235216,-0.0092785881992636,0.0173711366227853,1396.7868896484374,1400.0679809570313,1448.2719970703124,0.9976564771473804,0.9667161857642816,-0.0365822708614249,0.425410841238097,8259717.7,1.1408658676069352,-0.0016227533299227,-0.0051118979326268,0.0040859999618203,-0.0084255306088423,0.0095697408847605,-0.0294911610497573,-0.0191860160635304,1,4,0,0,1,xg_INFY.NS,1,2.5036043149021387
2024-04-10,1418.62939453125,1421.5008543199365,1397.6813569645744,1412.5567483925915,6744595,39.26920281690915,1443.8564392089845,1438.7526423452844,-35.05527516280745,-36.021378498588845,1332.297443200256,1443.8564392089845,1555.415435217713,0.007994104731567,0.0176611943228759,0.009479704235799,0.0079623211514858,0.0070995741342749,0.01296739026612,0.5474522271914193,1.1258392040411178,0.0176611943228759,0.009479704235799,0.0081814900870769,1401.7108642578123,1401.4001708984374,1443.8564392089845,1.000221702098963,0.9705952287515464,-0.0297086576054612,-0.2842586883690624,8099069.1,0.8327617552984167,0.012291053150073,-0.0016227533299227,-0.0051118979326268,-0.0014836455360264,-0.0017356005222813,-0.0107365820866369,-0.0257075082262941,2,4,0,0,0,xg_INFY.NS,1,2.5036043149021387
2024-04-12,1397.8695068359375,1418.6292919048578,1392.926711812608,1415.993088588146,12275616,34.894356556089285,1437.8215209960938,1434.8590103920133,-34.00035992312132,-35.617174783495344,1330.294006091064,1437.8215209960938,1545.3490359011237,-0.0146337639522632,-0.0013116598977516,0.0006064971829904,-0.0147418936690302,0.0084477474041002,0.012964255323833,0.6515681483396139,-1.7320631393431682,-0.0013116598977516,0.0006064971829904,-0.001918157080742,1401.3436767578123,1401.4848999023438,1437.8215209960938,0.9998992332029112,0.9747280030496576,-0.0260953143765532,0.8200671797194643,8640890.5,1.420642467347385,0.007994104731567,0.012291053150073,-0.0016227533299227,0.0040859999618203,-0.0084255306088423,-0.0058957049251499,-0.0041627822916842,4,4,0,0,0,xg_INFY.NS,1,2.5036043149021387
2024-04-15,1382.240966796875,1404.6482366428452,1375.556447534576,1393.3975389714133,8531224,32.00374578782572,1431.0781372070314,1429.8477681448574,-34.03311203277258,-35.30036223335079,1327.6489582327551,1431.0781372070314,1534.5073161813075,-0.0111802567855118,-0.0074031984510208,-0.0199592761802351,-0.0112432256349146,0.0084095968305259,0.0130371871978233,0.6449973990195437,-1.3293059946629984,-0.0074031984510208,-0.0199592761802351,0.0125560777292142,1399.2818115234377,1398.6698608398438,1431.0781372070312,1.000437523321784,0.977353943488762,-0.0230034606464289,-0.3050268108745011,8244059.9,1.0348328497708956,-0.0146337639522632,0.007994104731567,0.012291053150073,-0.0051118979326268,-0.0014836455360264,0.0095697408847605,-0.0001607634596663,0,4,0,0,0,xg_INFY.NS,1,2.5036043149021387
2024-04-16,1331.6832275390625,1370.001730679685,1330.3652406637968,1366.094545486242,16173541,24.836161401996236,1419.8344482421874,1420.4987642776389,-37.70402679414519,-35.781095145509674,1325.3334685040927,1419.8344482421874,1514.335427980282,-0.0365766465271044,-0.0421547141780941,-0.0541642863589706,-0.0372623443979662,0.0137913616831882,0.0128230806554041,1.0754269295223544,-2.651949489672125,-0.0421547141780941,-0.0541642863589706,0.0120095721808765,1387.5603515625,1391.0438354492187,1419.8344482421876,0.9974957770575262,0.9797225565074767,-0.0242355659456113,0.895805455348494,9203413.8,1.757341498651103,-0.0111802567855118,-0.0146337639522632,0.007994104731567,-0.0016227533299227,0.0040859999618203,-0.0017356005222813,-0.0294911610497573,1,4,0,0,1,xg_INFY.NS,1,2.5036043149021387
2024-04-18,1336.2022705078125,1360.163012124985,1325.1398243718486,1337.9439943607726,22107945,26.422373597155687,1409.7252502441404,1412.4705267757506,-39.7899306376662,-36.58286224394098,1325.9769236752695,1409.7252502441404,1493.4735768130113,0.0033934819297087,-0.0505737322284561,-0.0428904541819515,0.0033877370629706,0.0140142209288855,0.0130179727776256,1.0764459814349046,0.2421283222667426,-0.0505737322284561,-0.0428904541819515,-0.0076832780465045,1373.3250732421875,1385.0559814453125,1409.7252502441406,0.9915303725190344,0.9825006547945736,-0.0272415171006404,0.3669205154270174,10686268.3,2.06881807375152,-0.0365766465271044,-0.0111802567855118,-0.0146337639522632,0.012291053150073,-0.0051118979326268,-0.0084255306088423,-0.0107365820866369,3,4,0,0,0,xg_INFY.NS,1,2.5036043149021387
2024-04-19,1328.67041015625,1343.3575498977525,1298.0721544750609,1303.9564344137511,20603621,25.458060384783323,1400.715234375,1404.4895632881792,-41.5715714475275,-37.58060408465829,1323.3481406232636,1400.715234375,1478.0823281267362,-0.0056367666167039,-0.0634126042515316,-0.0468713522548615,-0.0056527131384305,0.0139835023957065,0.0126956413704731,1.1013544438788423,-0.4030723766356214,-0.0634126042515316,-0.0468713522548615,-0.0165412519966701,1355.3332763671874,1378.5220703125,1400.715234375,0.9831785109250692,0.984155834449532,-0.0341559183232474,-0.0680444971253547,11873005.6,1.7353332167213216,0.0033934819297087,-0.0365766465271044,-0.0111802567855118,0.007994104731567,-0.0016227533299227,-0.0014836455360264,-0.0058957049251499,4,4,0,0,1,xg_INFY.NS,1,2.5036043149021387
2024-04-22,1348.9124755859375,1352.7725406478596,1330.365269231601,1336.814417739945,5859087,32.579614344051016,1394.6567871093748,1399.196507316537,-40.87894211673142,-38.24027169107292,1321.2872372818445,1394.6567871093748,1468.0263369369052,0.015234828197391,-0.0350226047643128,-0.0362883269158803,0.0151199435645974,0.0151570053472177,0.0126958876045344,1.1937575427386362,1.005068137160109,-0.0350226047643128,-0.0362883269158803,0.0012657221515675,1345.5418701171875,1373.4427734375,1394.656787109375,0.9796854271179564,0.984789079386446,-0.0364107515358645,-0.7156282868919012,11340222.8,0.5166641875854047,-0.0056367666167039,0.0033934819297087,-0.0365766465271044,-0.0146337639522632,0.012291053150073,0.0040859999618203,0.0095697408847605,0,4,0,0,1,xg_INFY.NS,1,2.5036043149021387
2024-04-23,1357.997802734375,1362.1873644449945,1349.1478219496537,1358.562670672261,4856174,35.555592535501766,1389.3585876464842,1395.272821165855,-39.14567147686785,-38.421351648231905,1322.0041276579834,1389.3585876464842,1456.713047634985,0.0067352977401229,-0.0175390287546459,-0.024812382295158,0.0067127169577885,0.0154838681172949,0.0129299261887574,1.1974291625573676,0.4349599679573845,-0.0175390287546459,-0.024812382295158,0.007273353540512,1340.6932373046875,1369.9875244140626,1389.3585876464845,0.9786171139610164,0.9860575495738392,-0.0358361038904537,-0.17117223212422,11318592.0,0.4290440012326242,0.015234828197391,-0.0056367666167039,0.0033934819297087,-0.0111802567855118,0.007994104731567,-0.0051118979326268,-0.0017356005222813,1,4,0,0,0,xg_INFY.NS,1,2.5036043149021387
2024-04-24,1347.029541015625,1359.7867075742051,1343.546092803966,1359.7867075742051,4268213,33.625873820362216,1383.5237426757812,1390.6782230563092,-38.216552434859295,-38.38039180555739,1323.4724962693683,1383.5237426757812,1443.5749890821942,-0.0080767890026515,0.0115239969680494,-0.0311165080084219,-0.0081095829622412,0.0155820626055086,0.0129380290996631,1.2042683021645204,-0.5183056249672229,0.0115239969680494,-0.0311165080084219,0.0426405049764713,1343.7625,1365.66142578125,1383.5237426757812,0.9839646010586244,0.9870892588659268,-0.0295177213751394,-0.1210749450081484,11084324.6,0.385067485302588,0.0067352977401229,0.015234828197391,-0.0056367666167039,-0.0365766465271044,-0.0146337639522632,-0.0016227533299227,-0.0084255306088423,2,4,0,0,1,xg_INFY.NS,1,2.5036043149021387
2024-04-25,1354.2786865234375,1360.351332089794,1336.908338935666,1336.908338935666,9089398,36.09451472615845,1380.209704589844,1387.211600529369,-36.47481448468693,-37.9992763413833,1321.4627973387894,1380.209704589844,1438.9566118408986,0.0053815787160442,0.0135282033376242,-0.0377297006239609,0.0053671497651794,0.0149675098245456,0.0116130851049765,1.2887377429438798,0.3595266849622849,0.0135282033376242,-0.0377297006239609,0.0512579039615852,1347.377783203125,1360.3514282226563,1380.2097045898438,0.9904630195180656,0.9856121310398344,-0.0242431057310673,1.1295558586228007,11050941.4,0.8224998822271536,-0.0080767890026515,0.0067352977401229,0.015234828197391,0.0033934819297087,-0.0111802567855118,0.012291053150073,-0.0014836455360264,3,4,0,0,0,xg_INFY.NS,1,2.5036043149021387
2024-04-26,1346.55859375,1360.8221110164066,1343.498768244188,1355.455578865194,8062444,34.617857562419374,1377.2722595214848,1383.3398855980006,-35.310385434601585,-37.46149816002696,1317.937132301089,1377.2722595214848,1436.6073867418806,-0.0057005200260927,0.0134632211698357,-0.0508031209976894,-0.0057168300034797,0.0143903260449759,0.011474794269309,1.2539721179440717,-0.3961080451014344,0.0134632211698357,-0.0508031209976894,0.0642663421675252,1350.955419921875,1353.1443481445312,1377.2722595214843,0.9983823394557588,0.9824813785290818,-0.0195437760538292,-0.1129837201539639,11182726.3,0.7209730242614699,0.0053815787160442,-0.0080767890026515,0.0067352977401229,-0.0056367666167039,-0.0365766465271044,0.007994104731567,0.0040859999618203,4,4,0,0,1,xg_INFY.NS,1,2.5036043149021387
2024-04-29,1350.79541015625,1355.549954695784,1344.6757585333085,1346.2762368329832,5055957,36.161417554038614,1374.9609191894535,1380.2404117464052,-33.65770626113499,-36.70073978024857,1315.2647778382516,1374.9609191894535,1434.6570605406555,0.0031464033024,0.0013958908412456,-0.0336756016562942,0.0031414637340665,0.0141791796306558,0.0114942283259594,1.2334839490430398,0.2218874079421303,0.0013958908412456,-0.0336756016562942,0.0350714924975399,1351.3320068359376,1348.4369384765623,1374.960919189453,1.0021469809056447,0.9807092839202102,-0.0174925915322604,-0.3729002024696234,10460760.4,0.483325954009951,-0.0057005200260927,0.0053815787160442,-0.0080767890026515,0.015234828197391,0.0033934819297087,-0.0146337639522632,-0.0051118979326268,0,4,0,0,0,xg_INFY.NS,1,2.5036043149021387
2024-04-30,1337.4263916015625,1352.4901496742034,1334.6019369629423,1350.7483107051714,6936588,33.475824456746366,1371.3126708984378,1376.162886018325,-33.045782961372424,-35.969748416473344,1311.8155331802789,1371.3126708984378,1430.809808616597,-0.0098971453812839,-0.0151483390410435,-0.0324216806416635,-0.0099464476958042,0.0141058425843701,0.0113199296133839,1.2459968453203505,-0.7015847325219052,-0.0151483390410435,-0.0324216806416635,0.0172733416006199,1347.217724609375,1343.955480957031,1371.3126708984375,1.002427345026355,0.9800503630412146,-0.0180159046063155,0.3719634087077876,10301296.8,0.6733703663406073,0.0031464033024,-0.0057005200260927,0.0053815787160442,0.0067352977401229,-0.0056367666167039,-0.0111802567855118,-0.0016227533299227,1,4,0,1,0,xg_INFY.NS,1,2.5036043149021387
2024-05-02,1331.6832275390625,1340.6744540126867,1329.2353898641163,1330.3181204493865,10076354,32.363858629663774,1367.4996582031254,1371.9267280679192,-32.64790989718381,-35.30538071261544,1308.1124988299605,1367.4996582031254,1426.8868175762905,-0.0042941907671064,-0.0113927074420296,0.0,-0.0043034372846468,0.0079842215718995,0.0113242114171181,0.7049953663409135,-0.5377672652463381,-0.0113927074420296,0.0,-0.0113927074420296,1344.1484619140624,1343.955480957031,1367.499658203125,1.000143591777976,0.9827830470707172,-0.0175350982922682,0.4526383864805001,9691578.1,1.0397020893840767,-0.0098971453812839,0.0031464033024,-0.0057005200260927,-0.0080767890026515,0.015234828197391,-0.0365766465271044,0.012291053150073,3,5,0,0,1,xg_INFY.NS,1,2.5036043149021387
2024-05-03,1333.4251708984375,1341.4277929148773,1321.0916262018002,1338.885714612062,8842345,33.08983047669053,1364.3668762207033,1368.2599130993972,-31.82517158862811,-34.60933888781798,1304.71813815798,1364.3668762207033,1424.0156142834269,0.0013080763678265,-0.0153982454516307,-0.0020783527095187,0.0013072215812712,0.007913490303137,0.0112751017076572,0.7017930937748852,0.1652761350036793,-0.0153982454516307,-0.0020783527095187,-0.0133198927421119,1339.9777587890626,1343.6777709960938,1364.366876220703,0.9972463545301576,0.9848361129361936,-0.018290578252102,-0.1224658244440399,8365018.1,1.0570622674443395,-0.0042941907671064,-0.0098971453812839,0.0031464033024,0.0053815787160442,0.0067352977401229,0.0033934819297087,0.007994104731567,4,5,0,0,1,xg_INFY.NS,1,2.5036043149021387
2024-05-06,1342.4632568359375,1361.1045877183944,1334.1781442699464,1336.9084732924218,6445422,36.87569185160461,1361.789562988281,1365.8030886933534,-30.096909117239647,-33.706852933702315,1303.0867467226149,1361.789562988281,1420.492379253947,0.006778097590141,-0.0030413358416565,0.0103809391510911,0.0067552295629926,0.0079360917870128,0.0114538947419217,0.6928122838151399,0.8539774733652132,-0.0030413358416565,0.0103809391510911,-0.0134222749927477,1339.15869140625,1345.0570556640623,1361.7895629882812,0.9956147850881312,0.9877128538953542,-0.0168577214063721,-0.2710732277467119,6949198.2,0.9275058524016586,0.0013080763678265,-0.0042941907671064,-0.0098971453812839,-0.0057005200260927,-0.0080767890026515,-0.0056367666167039,-0.0146337639522632,0,5,0,0,1,xg_INFY.NS,1,2.5036043149021387
2024-05-07,1356.6326904296875,1358.892277291326,1332.7660699731557,1341.568931255247,6080661,42.38004395465252,1359.6359252929683,1364.929717430147,-27.269547417165995,-32.41939183039505,1303.694575934941,1359.6359252929683,1415.577274650996,0.0105548017955783,0.0043213651967934,0.0057232881921389,0.0104994887468592,0.0071015166903888,0.0117177176618639,0.6059977631767006,1.4860650464730578,0.0043213651967934,0.0057232881921389,-0.0014019229953454,1340.3261474609376,1345.8290771484376,1359.6359252929688,0.995911122904879,0.9898451873125108,-0.0142336079384281,-0.0565922603671257,6971355.6,0.8722350929852335,0.006778097590141,0.0013080763678265,-0.0042941907671064,0.0031464033024,0.0053815787160442,0.015234828197391,-0.0111802567855118,1,5,0,0,0,xg_INFY.NS,1,2.5036043149021387
2024-05-08,1343.781494140625,1355.5029356143054,1342.1809007941797,1351.266253405405,6234983,39.05383863629671,1357.1974853515624,1362.9156009263831,-25.768780576438985,-31.08926957960384,1303.0750086534654,1357.1974853515624,1411.3199620496594,-0.0094728634948285,0.0047517400426444,-0.0104685799676,-0.0095180164442867,0.0073878682663164,0.0118286027534831,0.6245237832809821,-1.2820452542119969,0.0047517400426444,-0.0104685799676,0.0152203200102445,1341.59716796875,1344.4074462890626,1357.1974853515626,0.9979096528153948,0.9905761400234344,-0.01160926642526,0.025379148747151,7109236.5,0.8770256834189047,0.0105548017955783,0.006778097590141,0.0013080763678265,-0.0098971453812839,-0.0057005200260927,0.0067352977401229,-0.0365766465271044,2,5,0,0,1,xg_INFY.NS,1,2.5036043149021387
2024-05-09,1355.3145751953125,1365.1059257902891,1341.4746788069972,1344.0167568835536,6088406,43.35085935321313,1355.4486877441404,1362.1916937139,-23.37928692106334,-29.547273047895743,1303.6167084677345,1355.4486877441404,1407.2806670205466,0.00858255684051,0.0177454721720273,0.006150595757121,0.0085459360835233,0.0074990707146201,0.0120507658776808,0.6222383334302858,1.14433012261868,0.0177454721720273,0.006150595757121,0.0115948764149063,1346.3234375,1345.2359497070313,1355.448687744141,1.0008083992947152,0.992465418920353,-0.0067329389140714,-0.0235088050761325,7291255.8,0.8350284459913153,-0.0094728634948285,0.0105548017955783,0.006778097590141,-0.0042941907671064,0.0031464033024,-0.0080767890026515,0.0033934819297087,3,5,0,0,0,xg_INFY.NS,1,2.5036043149021387
2024-05-10,1341.521728515625,1351.9250667078657,1330.3180362931507,1351.077822320893,8777481,39.7420449431943,1352.1558410644532,1360.2231255997788,-22.341029952740428,-28.10602442886468,1306.1775555024922,1352.1558410644532,1398.1341266264142,-0.0101768599940716,0.0060719999846201,-0.009419743613156,-0.010228998271339,0.0080027693410448,0.0117705678464287,0.6798388664491031,-1.2715084056561754,0.0060719999846201,-0.009419743613156,0.0154917435977761,1347.9427490234375,1343.96025390625,1352.1558410644532,1.0029632536420718,0.993938873827035,-0.0031405320923705,0.4416714325555819,7260064.1,1.2090087469060764,0.00858255684051,-0.0094728634948285,0.0105548017955783,0.0013080763678265,-0.0098971453812839,0.0053815787160442,-0.0056367666167039,4,5,0,0,0,xg_INFY.NS,1,2.5036043149021387
2024-05-13,1340.1566162109375,1341.6159637564915,1328.623426347066,1341.6159637564915,3735954,39.39251873671106,1348.2322021484376,1358.3120294675082,-21.38187997676164,-26.76119553844407,1314.3318457770813,1348.2322021484376,1382.132558519794,-0.0010175849378138,-0.0017182150895038,-0.004754325262025,-0.0010181030288638,0.0078268445397877,0.0115245984168216,0.6790835717791881,-0.1299955476429897,-0.0017182150895038,-0.004754325262025,0.0030361101725211,1347.4814208984376,1343.3200561523438,1348.2322021484374,1.003097820751678,0.9963566023803124,-0.0005602190377737,-0.5743705967577715,6827415.1,0.547198895230415,-0.0101768599940716,0.00858255684051,-0.0094728634948285,0.006778097590141,-0.0042941907671064,-0.0057005200260927,0.015234828197391,0,5,0,0,0,xg_INFY.NS,1,2.5036043149021387
2024-05-14,1341.33349609375,1349.853980441674,1335.072713427135,1342.9340893861715,3463230,39.88339543628165,1345.4054016113282,1356.695026289055,-20.292858894083793,-25.46752820957202,1320.7700552759427,1345.4054016113282,1370.0407479467135,0.0008781659311878,-0.0112773298504931,-0.0070046981144283,0.0008777805690778,0.0077434990603552,0.0112021384552927,0.6911901599053211,0.1133922187018195,-0.0112773298504931,-0.0070046981144283,-0.0042726317360647,1344.42158203125,1342.3738647460937,1345.4054016113282,1.0015254448398725,0.9977467484063882,-0.0007334638126486,-0.0729998281563424,6668142.4,0.5193695323602388,-0.0010175849378138,-0.0101768599940716,0.00858255684051,0.0105548017955783,0.0013080763678265,0.0031464033024,0.0067352977401229,1,5,0,0,0,xg_INFY.NS,1,2.5036043149021387
2024-05-15,1336.861328125,1348.0180152167325,1335.5433413149956,1342.5573572737128,4327544,38.60387355462283,1343.1364196777347,1354.806102654383,-19.565133736853795,-24.287049315028376,1325.3899411718598,1343.1364196777347,1360.8828981836095,-0.0033341208444983,-0.0051497702906309,-0.000422500617687,-0.003339691410809,0.0071288205805238,0.0109993382427973,0.6480546709726422,-0.4676303992285602,-0.0051497702906309,-0.000422500617687,-0.0047272696729439,1343.037548828125,1342.3173583984376,1343.1364196777345,1.0005365276886136,0.999390187573431,-7.3957446093666e-05,0.2495687551794134,6407238.0,0.6754148979637286,0.0008781659311878,-0.0010175849378138,-0.0101768599940716,-0.0094728634948285,0.006778097590141,-0.0098971453812839,-0.0080767890026515,2,5,0,0,1,xg_INFY.NS,1,2.5036043149021387
2024-05-16,1368.3070068359375,1370.566593499511,1343.4989036055658,1350.0421774524657,9249145,50.60375773326047,1344.9676086425784,1356.0919030526263,-16.26352702149211,-22.682344856321123,1324.803696589076,1344.9676086425784,1365.1315206960808,0.023522019860535,0.0095862848953369,0.0275018702192078,0.0232496401628496,0.0100881160269632,0.0089649142422186,1.1251631182752504,2.3314252505048207,0.0095862848953369,0.0275018702192078,-0.0179155853238708,1345.63603515625,1345.979736328125,1344.9676086425782,0.999744646102316,1.00075252941338,0.0004885062418978,1.1372734742847213,6324517.1,1.4624270681469953,-0.0033341208444983,0.0008781659311878,-0.0010175849378138,0.00858255684051,0.0105548017955783,-0.0042941907671064,0.0053815787160442,3,5,0,0,0,xg_INFY.NS,1,2.5036043149021387
2024-05-17,1359.7867431640625,1371.7435559166192,1355.0321982518835,1371.7435559166192,7542860,47.87347405934663,1346.1468322753908,1356.4437925870488,-14.17113792748114,-20.98010347055313,1325.3914391296796,1346.1468322753908,1366.902225421102,-0.0062268654836293,0.0136151463373221,0.0197698174902931,-0.0062463332680975,0.0104824853303784,0.0091089994684048,1.1506570737719204,-0.5939690176878029,0.0136151463373221,0.0197698174902931,-0.0061546711529709,1349.2890380859376,1348.6158935546875,1346.1468322753906,1.0004991373262522,1.0018341693640682,0.0023108077986077,-0.184480295205665,6194568.6,1.2176570294174776,0.023522019860535,-0.0033341208444983,0.0008781659311878,-0.0101768599940716,-0.0094728634948285,0.0013080763678265,-0.0057005200260927,4,5,0,0,0,xg_INFY.NS,1,2.5036043149021387
2024-05-21,1350.2305908203125,1360.1631875478636,1344.8170526513272,1346.3234055041823,6752663,44.94449528003853,1347.2248413085938,1355.8520590854548,-13.132621440478488,-19.4106070645382,1328.1171419992336,1347.2248413085938,1366.332540617954,-0.0070276845923015,0.0075170129278303,0.0057858819932858,-0.0070524950761674,0.0106915988728554,0.0091667757134853,1.1662151438902153,-0.6572475668326229,0.0075170129278303,0.0057858819932858,0.0017311309345444,1351.3038330078125,1349.392626953125,1347.2248413085938,1.0014163454109,1.0016090748760431,0.0030209593286881,-0.1047609262269219,6225292.7,1.0847141372162172,-0.0062268654836293,0.023522019860535,-0.0033341208444983,-0.0010175849378138,0.00858255684051,0.006778097590141,0.0031464033024,1,5,0,0,1,xg_INFY.NS,1,2.5036043149021387
2024-05-22,1369.6722412109375,1374.520796372084,1344.4404006067602,1345.1465142625411,7173285,51.45217018887093,1348.262829589844,1357.1682669069294,-10.618408532714284,-17.65216735817342,1326.6746550455207,1348.262829589844,1369.8510041341672,0.014398763087432,0.0211272925038523,0.0096117032069453,0.014296085346209,0.0111475273450645,0.0090993577469588,1.2249548484827248,1.291539469004967,0.0211272925038523,0.0096117032069453,0.0115155892969069,1356.97158203125,1350.69658203125,1348.2628295898437,1.004645751002467,1.0018051023791457,0.0063582747604687,0.062289795892376,6334555.1,1.1324054944283093,-0.0070276845923015,-0.0062268654836293,0.023522019860535,0.0008781659311878,-0.0101768599940716,0.0105548017955783,-0.0098971453812839,2,5,0,0,1,xg_INFY.NS,1,2.5036043149021387
2024-05-23,1386.2423095703125,1391.6558474322132,1365.153026044568,1369.5779588477037,8641428,56.20374855201693,1349.6750549316407,1359.937223351061,-7.205747285339839,-15.562883343606703,1322.4469051408796,1349.6750549316407,1376.9032047224018,0.0120978346941784,0.0369379982848119,0.0315980057880185,0.0120252407915764,0.0109788499598255,0.009358673436512,1.1729949804655744,1.1018214946874083,0.0369379982848119,0.0315980057880185,0.0053399924967934,1366.8477783203125,1354.9426635742188,1349.6750549316407,1.0087864343386228,1.0039028717492633,0.0123879665698522,0.2046681541302206,6575199.6,1.3142457302739048,0.014398763087432,-0.0070276845923015,-0.0062268654836293,-0.0033341208444983,-0.0010175849378138,-0.0094728634948285,-0.0042941907671064,3,5,0,0,0,xg_INFY.NS,1,2.5036043149021387
2024-05-24,1379.3695068359375,1389.1609728015071,1374.5679568215526,1382.3352072624964,5277938,53.84954310535559,1351.2920532226562,1361.787917016287,-4.998150830619352,-13.449936841009231,1321.050966739677,1351.2920532226562,1381.5331397056354,-0.0049578653651866,0.0080848084126827,0.0177485965847881,-0.0049701963534793,0.0110716766483424,0.0092232208247756,1.2002831305387458,-0.4477567188714741,0.0080848084126827,0.0177485965847881,-0.0096637881721053,1369.0602783203126,1357.3481567382812,1351.2920532226562,1.008628679034107,1.0044817132618975,0.0128814106804593,-0.3892284932536612,6494152.8,0.8127215608476578,0.0120978346941784,0.014398763087432,-0.0070276845923015,0.023522019860535,0.0008781659311878,0.00858255684051,0.0013080763678265,4,5,0,0,1,xg_INFY.NS,1,2.5036043149021387
2024-05-27,1385.253662109375,1393.0209118473929,1374.8032036291474,1385.7244045177397,5821844,55.56560625784444,1352.8408020019533,1364.0227498822958,-2.7422021809700254,-11.308389909001392,1318.9975591110783,1352.8408020019533,1386.684044892828,0.0042658296013333,0.0187286124631969,0.0325987515999004,0.004256756743266,0.0102445876510838,0.0092001151345659,1.1134071795925942,0.416357728478571,0.0187286124631969,0.0325987515999004,-0.0138701391367035,1374.153662109375,1361.7213500976563,1352.840802001953,1.009129850252276,1.0065643703845728,0.0153855287954757,0.1030527452198188,6198589.1,0.939220830107784,-0.0049578653651866,0.0120978346941784,0.014398763087432,-0.0062268654836293,-0.0033341208444983,-0.0101768599940716,0.006778097590141,0,5,0,0,0,xg_INFY.NS,1,2.5036043149021387
2024-05-28,1381.2054443359375,1389.6316880724814,1374.8504213721912,1389.1609456307224,6186922,54.07581720511645,1354.57314453125,1365.6591969731187,-1.2664056290579992,-9.299993053012711,1318.6037108528185,1354.57314453125,1390.542578209682,-0.0029223656895251,0.0229404175303173,0.0306298738732928,-0.0029266441376298,0.0103501191856465,0.009111445367137,1.1358223581754523,-0.2823236441502392,0.0229404175303173,0.0306298738732928,-0.0076894563429754,1380.3486328125,1365.8262329101562,1354.57314453125,1.0106326848558187,1.0083074793150433,0.0186615889670508,0.0627083102879431,6443685.9,0.9601526356210254,0.0042658296013333,-0.0049578653651866,0.0120978346941784,-0.0070276845923015,0.023522019860535,-0.0010175849378138,0.0105548017955783,1,5,0,0,0,xg_INFY.NS,1,2.5036043149021387
2024-05-29,1366.0474853515625,1379.7461367746178,1365.1531206572472,1379.652011269009,7401634,48.799886562793255,1355.335748291016,1365.6961768186848,-1.304904709600578,-7.700975384330286,1319.0581383009371,1355.335748291016,1391.6133582810946,-0.0109744419604881,-0.0026464403309877,0.0184249400538978,-0.0110351053884665,0.0112669801666911,0.0095004780614204,1.1858134170134405,-0.9739493501177128,-0.0026464403309877,0.0184249400538978,-0.0210713803848855,1379.623681640625,1368.2976318359374,1355.3357482910155,1.0082774752664672,1.009563596002884,0.0177797138167262,0.1963354314148457,6837526.3,1.082501722881697,-0.0029223656895251,0.0042658296013333,-0.0049578653651866,0.014398763087432,-0.0062268654836293,0.0008781659311878,-0.0094728634948285,2,5,0,0,0,xg_INFY.NS,1,2.5036043149021387
2024-05-30,1343.9224853515625,1365.011768697552,1338.3678167520543,1358.3743695494225,9663150,42.310918006656365,1355.660552978516,1363.622491917054,-3.0851543629075877,-6.777811180045747,1319.946141208099,1355.660552978516,1391.374964748933,-0.0161963623060336,-0.0305284465252454,0.0052818920541788,-0.0163289570327282,0.012585853643057,0.0099602349260603,1.2634832665305578,-1.28676814439386,-0.0305284465252454,0.0052818920541788,-0.0358103385794242,1371.159716796875,1369.0037475585937,1355.6605529785156,1.0015748453882074,1.0098425778863018,0.0115327810846954,0.3055428031161769,7371086.9,1.3109532055576076,-0.0109744419604881,-0.0029223656895251,0.0042658296013333,0.0120978346941784,-0.0070276845923015,-0.0033341208444983,0.00858255684051,3,5,0,0,1,xg_INFY.NS,1,2.5036043149021387
2024-05-31,1351.076904296875,1379.7424895610318,1344.4506597427835,1353.8618612517012,37113815,44.86401754210629,1356.6302368164063,1362.4276740484656,-3.874055521708442,-6.197060048378287,1322.6456948083708,1356.6302368164063,1390.6147788244418,0.0053235354146492,-0.0205112570626281,-0.0125922782335999,0.0053094154897728,0.0099405498370273,0.0099594716642131,0.9979999112635072,0.5354834509627167,-0.0205112570626281,-0.0125922782335999,-0.0079189788290281,1365.5011962890626,1367.2807373046876,1356.6302368164063,0.9986984816160484,1.0078507025711552,0.0065658434723024,2.8407574134728324,10157553.9,3.653814231790229,-0.0161963623060336,-0.0109744419604881,-0.0029223656895251,-0.0049578653651866,0.014398763087432,0.023522019860535,-0.0101768599940716,4,5,0,1,0,xg_INFY.NS,0,0.0
2024-06-03,1350.11669921875,1382.8636553906256,1348.29206400586,1382.8636553906256,10589244,44.578864874839354,1357.464813232422,1361.2552002551597,-4.524589250400368,-5.8625658887827035,1325.0983948477312,1357.464813232422,1389.831231617113,-0.0007106960936651,-0.0253650027079666,-0.007111441550615,-0.0007109487578533,0.0097837751399527,0.0099639617509548,0.9818176310626828,-0.0726328488391378,-0.0253650027079666,-0.007111441550615,-0.0182535611573515,1358.4738037109375,1366.3137329101562,1357.464813232422,0.994261984630338,1.0065187101658002,0.0007473357518646,-0.714681877893717,10462192.3,1.0121438888098997,0.0053235354146492,-0.0161963623060336,-0.0109744419604881,0.0042658296013333,0.0120978346941784,-0.0062268654836293,-0.0010175849378138,0,6,0,0,0,xg_INFY.NS,1,2.5036043149021387
2024-06-04,1338.3526611328125,1358.8555105856897,1304.4532506211224,1353.09357909204,13736134,41.12971487247209,1357.2592834472655,1359.074006053031,-5.9211461871379925,-5.874281948453762,1324.4426902464536,1357.2592834472655,1390.0758766480778,-0.0087133490703024,-0.0310256402324912,-0.0087969638432526,-0.0087515322604279,0.0099190630389174,0.0100656903674575,0.9853350681156052,-0.8783562197255201,-0.0310256402324912,-0.0087969638432526,-0.0222286763892385,1349.9032470703123,1365.1259399414062,1357.2592834472655,0.9888488728946524,1.0057959865075743,-0.0054963363473472,0.2971779666234908,11160539.4,1.2307768923784068,-0.0007106960936651,0.0053235354146492,-0.0161963623060336,-0.0029223656895251,-0.0049578653651866,-0.0070276845923015,0.0008781659311878,1,6,0,0,1,xg_INFY.NS,1,2.5036043149021387
2024-06-05,1373.3563232421875,1380.9428896837226,1344.594729280313,1344.594729280313,9233424,52.825559253268274,1358.0954650878907,1360.4342267377126,-4.155522351787113,-5.530530029120432,1324.5030166074164,1358.0954650878907,1391.687913568365,0.0261542888701302,0.0053503541926611,0.0026897544685529,0.0258181144585085,0.0123293561659235,0.0114450811966744,1.077168329847756,2.1211300402182047,0.0053503541926611,0.0026897544685529,0.0026605997241082,1351.3650146484374,1365.4943481445312,1358.0954650878907,0.9896525873466316,1.0054479845098088,-0.0049007313874408,-0.3278003840090668,11366553.3,0.8123327939701112,-0.0087133490703024,-0.0007106960936651,0.0053235354146492,-0.0109744419604881,0.0042658296013333,0.014398763087432,-0.0033341208444983,2,6,0,0,1,xg_INFY.NS,1,2.5036043149021387
2024-06-06,1413.833984375,1415.8026912541518,1380.4627967662166,1387.6171483700416,12660930,62.18217164982361,1361.5980895996097,1365.519917941264,0.504144758889197,-4.323595071518507,1320.5162072451633,1361.5980895996097,1402.6799719540556,0.0294735317031589,0.0520204846525422,0.0199039335433643,0.0290475372991165,0.0150870012332053,0.0128541912282468,1.1736115756920518,1.9534417612781043,0.0520204846525422,0.0199039335433643,0.0321165511091778,1365.347314453125,1368.253515625,1361.5980895996097,0.9978759775592116,1.0048879519413454,0.002651814070782,0.3712063910419363,11768503.5,1.0758317741927783,0.0261542888701302,-0.0087133490703024,-0.0007106960936651,-0.0161963623060336,-0.0029223656895251,0.0120978346941784,0.023522019860535,3,6,0,0,1,xg_INFY.NS,1,2.5036043149021387
2024-06-07,1472.749755859375,1478.607696455328,1418.6356360706318,1422.2368434730788,24075302,71.15112244011893,1367.4698486328127,1375.7322834572744,8.848969482430448,-1.689082160728716,1303.1641080350948,1367.4698486328127,1431.7755892305306,0.0416709261026988,0.0900561997437301,0.0676977768180751,0.0408260835704856,0.0192918630835151,0.0155155750614835,1.2433067869083356,2.159914053311492,0.0900561997437301,0.0676977768180751,0.022358422925655,1389.681884765625,1377.5915405273438,1367.4698486328125,1.0087764361805336,1.0074017660459942,0.0150820165098933,0.9015429356295313,13648239.9,1.7639858455300332,0.0294735317031589,0.0261542888701302,-0.0087133490703024,0.0053235354146492,-0.0109744419604881,-0.0049578653651866,-0.0062268654836293,4,6,0,0,0,xg_INFY.NS,0,0.0
2024-06-10,1440.242919921875,1469.1006429210506,1437.8901779119085,1464.7791939197848,6810606,62.36293316180871,1372.4059082031251,1381.87615359676,12.692956704066091,1.1873256122302456,1301.6540726885412,1372.4059082031251,1443.157743717709,-0.0220722059590712,0.0667543929760123,0.0396961649094405,-0.0223194418969043,0.0213543724563,0.0163066084785158,1.309472966832199,-1.0335668930260062,0.0667543929760123,0.0396961649094405,0.0270582280665718,1407.70712890625,1383.0904663085937,1372.405908203125,1.0177983025675517,1.0077852755089476,0.0245106017983689,-0.7171123336272168,13747116.1,0.4954207086386289,0.0416709261026988,0.0294735317031589,0.0261542888701302,-0.0007106960936651,-0.0161963623060336,0.0042658296013333,-0.0070276845923015,0,6,0,0,0,xg_INFY.NS,0,0.0
2024-06-11,1436.4014892578125,1446.6768867495505,1434.67286293827,1440.530920339611,4853054,61.39783019072219,1377.2181518554692,1387.0690427073366,15.253539611586802,4.000568412101558,1302.7093471940034,1377.2181518554692,1451.726956516935,-0.0026672102399717,0.0732608309995133,0.039962226581298,-0.0026707735827367,0.0213451954891036,0.0163357744388538,1.306573434614989,-0.1249501458624436,0.0732608309995133,0.039962226581298,0.0332986044182153,1427.31689453125,1388.6100708007812,1377.2181518554687,1.0278745088663712,1.0082716880618838,0.0348779523346688,-0.287426992546625,13613729.3,0.3564823343446122,-0.0220722059590712,0.0416709261026988,0.0294735317031589,-0.0087133490703024,0.0053235354146492,-0.0029223656895251,0.014398763087432,1,6,0,0,0,xg_INFY.NS,1,2.5036043149021387
2024-06-12,1426.2701416015625,1448.8857708643502,1423.9173996680136,1447.205207418443,9564320,58.812730105181814,1381.4649841308596,1390.8024806972628,16.277666126534996,6.455987954988246,1305.8933424727409,1381.4649841308596,1457.0366257889784,-0.0070532840100888,0.0385288344065415,0.0440853315099081,-0.0070782760041749,0.0210711753045286,0.0165007451120492,1.276905876405934,-0.3347202606355051,0.0385288344065415,0.0440853315099081,-0.0055564971033665,1437.899658203125,1394.6323364257812,1381.4649841308594,1.0310241779480254,1.0095314412208616,0.0395680119958866,0.9707837580212376,13829997.9,0.6915633732669842,-0.0026672102399717,-0.0220722059590712,0.0416709261026988,0.0261542888701302,-0.0007106960936651,-0.0109744419604881,0.0120978346941784,2,6,0,0,1,xg_INFY.NS,1,2.5036043149021387
2024-06-13,1434.6729736328125,1445.284578391458,1430.2555159747842,1435.6813586014816,7307565,60.305516410477686,1386.3555664062503,1394.9806228816008,17.564855368642384,8.677761437719074,1310.2796417593372,1386.3555664062503,1462.4314910531634,0.0058914730009103,0.0147393466900038,0.0675265793008219,0.0058741861373468,0.0197760667755306,0.0164372243210595,1.203053711232962,0.2978941755002609,0.0147393466900038,0.0675265793008219,-0.052787232610818,1442.0674560546877,1403.7073852539063,1386.35556640625,1.0273276832506246,1.0125161389099018,0.0388324661245735,-0.2359556141994412,13594439.4,0.5375407388994254,-0.0070532840100888,-0.0026672102399717,-0.0220722059590712,0.0294735317031589,-0.0087133490703024,-0.0161963623060336,-0.0049578653651866,3,6,0,0,0,xg_INFY.NS,1,2.5036043149021387
2024-06-14,1429.8233642578125,1444.0360586769375,1427.0864701658527,1444.0360586769375,4237727,58.97695168344413,1389.431384277344,1398.2989792031449,17.98630425070769,10.539470000316795,1311.4768350192276,1389.431384277344,1467.3859335354605,-0.0033802890722336,-0.0291471048837581,0.0582842173606088,-0.0033860151568623,0.020034676313941,0.015815628117463,1.2666844137165254,-0.1687134998223947,-0.0291471048837581,0.0582842173606088,-0.087431322244367,1433.482177734375,1411.58203125,1389.4313842773438,1.015514611265618,1.0159422388347568,0.0308085561882652,-0.4200904131540397,10306830.6,0.4111571407799784,0.0058914730009103,-0.0070532840100888,-0.0026672102399717,0.0416709261026988,0.0261542888701302,0.0053235354146492,0.0042658296013333,4,6,0,0,1,xg_INFY.NS,1,2.5036043149021387
2024-06-18,1438.7542724609375,1447.2051523581276,1436.0654413858667,1437.6019330325926,5420939,60.6942862608668,1393.3797607421875,1402.1518642753151,18.82396423718228,12.196368847689897,1313.7655860844643,1393.3797607421875,1472.9939353999112,0.006246161887109,-0.0010336085950127,0.0656517864666645,0.0062267354696814,0.0199015327814663,0.0157064649019847,1.2670111253249785,0.313837537950224,-0.0010336085950127,0.0656517864666645,-0.0666853950616773,1433.1844482421875,1420.4457885742188,1393.3797607421875,1.0089680716930107,1.0194247315732607,0.0276660777047879,0.2792091137536703,9790000.1,0.5537220576738754,-0.0033802890722336,0.0058914730009103,-0.0070532840100888,-0.0220722059590712,0.0294735317031589,-0.0007106960936651,-0.0029223656895251,1,6,0,0,1,xg_INFY.NS,1,2.5036043149021387
2024-06-19,1451.382568359375,1455.51199967115,1437.313828223679,1445.2845473689924,5493456,63.049758929034475,1398.4373596191408,1406.8405027595115,20.273117868202466,13.81171865179241,1317.5236713242136,1398.4373596191408,1479.351047914068,0.0087772430220744,0.0104295903433677,0.0844545017984208,0.0087389469506788,0.0191655440594326,0.0155754918864434,1.230414665840961,0.4579460436298547,0.0104295903433677,0.0844545017984208,-0.074024911455053,1436.1806640625,1431.748779296875,1398.4373596191406,1.0030954346388907,1.0238204589205244,0.026005069418757,0.0133772027318515,8965732.3,0.612716933339554,0.006246161887109,-0.0033802890722336,0.0058914730009103,-0.0026672102399717,0.0416709261026988,-0.0087133490703024,-0.0109744419604881,2,6,0,0,1,xg_INFY.NS,1,2.5036043149021387
2024-06-20,1455.2718505859375,1457.2885031581282,1439.618556511379,1456.1361637531038,7927010,63.76987354391389,1402.7173400878908,1411.453012076314,21.48771809441746,15.34691854031742,1319.1964870986612,1402.7173400878908,1486.2381930771205,0.0026797085147294,0.0203339522706469,0.0596462301570548,0.0026761244971886,0.0181468085477762,0.0153722189110739,1.1804169740082409,0.147660171071057,0.0203339522706469,0.0596462301570548,-0.0393122778864079,1441.981005859375,1439.94033203125,1402.7173400878903,1.001417193325814,1.0265363454771488,0.0269802963313526,0.4429914429095272,8835090.9,0.8972188390273497,0.0087772430220744,0.006246161887109,-0.0033802890722336,-0.0070532840100888,-0.0220722059590712,0.0261542888701302,-0.0161963623060336,3,6,0,0,1,xg_INFY.NS,1,2.5036043149021387
2024-06-21,1471.885498046875,1495.94161129154,1463.2425999556383,1483.6975056622882,17301941,66.75076537260995,1406.999499511719,1417.2084869306532,23.5197588885419,16.981486609962317,1318.407233177637,1406.999499511719,1495.591765845801,0.0114161814194704,0.0259379838457782,0.0410596394721245,0.0113515085662845,0.0163568344712967,0.0153520705684879,1.0653787070365577,0.6979029797313654,0.0259379838457782,0.0410596394721245,-0.0151216556263462,1449.4235107421875,1445.7454833984375,1406.9994995117188,1.002544035161088,1.0275380225082986,0.0288229018403697,1.182656638505565,9299192.0,1.8605854143024616,0.0026797085147294,0.0087772430220744,0.006246161887109,0.0058914730009103,-0.0026672102399717,0.0294735317031589,0.0053235354146492,4,6,0,0,0,xg_INFY.NS,0,0.0
2024-06-24,1466.5556640625,1468.428244941943,1455.271881344855,1464.0588504809766,5564989,64.90577922678276,1411.3588073730468,1421.908218086067,24.41861025967455,18.468911339904764,1319.9554217422915,1411.3588073730468,1502.762193003802,-0.0036210928033787,0.0256900962195105,-0.0042058005932316,-0.0036276648299997,0.0097492247313672,0.0153179570622866,0.6364156966905156,-0.3713855734760051,0.0256900962195105,-0.0042058005932316,0.0298958968127421,1456.769970703125,1445.12607421875,1411.3588073730468,1.008057356857719,1.0239253594970326,0.0309645003206252,-0.6783604221052424,7448160.7,0.7471628532396263,0.0114161814194704,0.0026797085147294,0.0087772430220744,-0.0033802890722336,-0.0070532840100888,0.0416709261026988,-0.0007106960936651,0,6,0,0,1,xg_INFY.NS,0,0.0
2024-06-25,1480.768310546875,1482.6410085926725,1460.0253808999469,1465.451223093983,4551525,67.48653039116697,1416.134539794922,1427.5139411775726,25.978336150230916,19.97079630196999,1320.5870339298458,1416.134539794922,1511.682045659998,0.0096911742476959,0.0292016773747429,0.0281378856750069,0.0096445160249922,0.0065430706831317,0.0153860971858334,0.4252309973810934,1.4809091644862962,0.0292016773747429,0.0281378856750069,0.001063791699736,1465.1727783203123,1449.17861328125,1416.134539794922,1.0110367106528355,1.0233339930336798,0.0331167530910219,-0.1821142862995776,7222252.6,0.6302085030921475,-0.0036210928033787,0.0114161814194704,0.0026797085147294,0.006246161887109,0.0058914730009103,-0.0220722059590712,-0.0087133490703024,1,6,0,0,0,xg_INFY.NS,0,0.0
2024-06-26,1479.5679931640625,1487.3946405637594,1474.0942048965353,1479.8561366420593,4851004,67.0381584480237,1421.0526672363285,1432.4714699381907,26.808542385511146,21.338345518678224,1322.9825530461244,1421.0526672363285,1519.122781426532,-0.0008106044505836,0.019419707401163,0.030051837337313,-0.0008109331680232,0.0063954388763781,0.0153472571607129,0.4166882799402525,-0.1267274598022366,0.019419707401163,0.030051837337313,-0.01063212993615,1470.80986328125,1453.495263671875,1421.052667236328,1.011912388049779,1.022829974696604,0.033629543403758,0.0657975074288288,7222047.6,0.6716937174436968,0.0096911742476959,-0.0036210928033787,0.0114161814194704,0.0087772430220744,-0.0033802890722336,-0.0026672102399717,0.0261542888701302,2,6,0,0,1,xg_INFY.NS,0,0.0
2024-06-27,1510.9224853515625,1515.7721579895249,1471.261259972567,1477.4072265440695,14757754,72.22863177989738,1428.296417236328,1439.9429952156547,29.654691463602376,23.001614707663055,1326.0213746926613,1428.296417236328,1530.571459779995,0.0211916534639602,0.0382407140928469,0.0593522512186532,0.0209702330889234,0.0075947896765332,0.0154295722719515,0.4921910569926483,2.789921043947612,0.0382407140928469,0.0593522512186532,-0.0211115371258063,1481.939990234375,1461.960498046875,1428.296417236328,1.0136662325789183,1.0235693938627144,0.0355038551071434,2.0422061082613,7741391.0,1.906343963248736,-0.0008106044505836,0.0096911742476959,-0.0036210928033787,0.0026797085147294,0.006246161887109,-0.0070532840100888,0.0294735317031589,3,6,0,0,0,xg_INFY.NS,0,0.0
2024-06-28,1504.58447265625,1525.4714758668922,1502.1836676895095,1510.15438706981,8197544,69.83473722615132,1436.3295166015623,1446.0993264004733,31.041038686257252,24.609499503381898,1336.7555093564456,1436.3295166015623,1535.903523846679,-0.0041947967263441,0.0222157054015172,0.0487299198551227,-0.0042036195681278,0.0082260184050881,0.014774568275563,0.5567311017534937,-0.5098805569402627,0.0222157054015172,0.0487299198551227,-0.0265142144536054,1488.47978515625,1468.9516479492188,1436.3295166015623,1.0132939278391455,1.022712149942335,0.0346609110371978,-0.4445263147766252,7830388.9,1.0468884885141467,0.0211916534639602,-0.0008106044505836,0.0096911742476959,0.0114161814194704,0.0087772430220744,0.0058914730009103,0.0416709261026988,4,6,0,0,1,xg_INFY.NS,0,0.0
2024-07-01,1527.68017578125,1536.4190819140294,1497.6220524294586,1497.6220524294586,6801771,73.30659815177528,1445.1596801757812,1453.8689311034043,33.61585640416365,26.410770883538248,1346.0970544575748,1445.1596801757812,1544.2223058939876,0.0153502203064916,0.0416789578579166,0.0684397905151261,0.0152335976164765,0.0082887520100544,0.0149281295667981,0.5552066497224543,1.851710435713136,0.0416789578579166,0.0684397905151261,-0.0267608326572095,1500.7046875,1478.7373291015624,1445.1596801757812,1.0148554837739738,1.0232345597420052,0.0363590548629155,-0.1702672166200023,8086793.3,0.8410961858019987,-0.0041947967263441,0.0211916534639602,-0.0008106044505836,-0.0036210928033787,0.0026797085147294,-0.0033802890722336,-0.0220722059590712,0,7,1,0,1,xg_INFY.NS,0,0.0
2024-07-02,1556.72998046875,1568.9740856185726,1523.550809426941,1532.86588566981,10493173,76.90686587434509,1455.4903442382813,1463.6652215191516,37.567440387233546,28.642104784277308,1355.076485479746,1455.4903442382813,1555.9042029968166,0.0190156324262333,0.0512988219567049,0.0819985109799321,0.0188370950711345,0.0091541959846288,0.0150936660417486,0.6064523692879463,2.077031715996015,0.0512988219567049,0.0819985109799321,-0.0306996890232271,1515.897021484375,1490.5348999023438,1455.4903442382813,1.0170154496776245,1.024077491000054,0.0388035677374855,0.5427118907708006,8594016.7,1.2209858749749438,0.0153502203064916,-0.0041947967263441,0.0211916534639602,0.0096911742476959,0.0114161814194704,0.006246161887109,-0.0026672102399717,1,7,0,0,1,xg_INFY.NS,0,0.0
2024-07-03,1562.8280029296875,1571.086748455425,1542.2770892539197,1560.5232067482063,7269965,77.59014843833691,1466.714111328125,1473.1092959392026,40.72174369977347,31.058032567376543,1371.3757591706426,1466.714111328125,1562.0524634856074,0.0039171998596065,0.0562731893027592,0.0767857055747121,0.0039095476093224,0.0092340332560335,0.0146481569640826,0.6303457105875696,0.4241673799114213,0.0562731893027592,0.0767857055747121,-0.0205125162719528,1532.5490234375,1501.679443359375,1466.714111328125,1.0205567041718753,1.0238392279457846,0.0421255006859106,-0.3071719107270985,8771667.6,0.8288007858390771,0.0190156324262333,0.0153502203064916,-0.0041947967263441,-0.0008106044505836,-0.0036210928033787,0.0087772430220744,-0.0070532840100888,2,7,0,0,1,xg_INFY.NS,0,0.0
2024-07-04,1585.1553955078125,1594.13438198508,1563.4040806456085,1563.5960981382616,8008311,79.93149718184966,1477.3040649414063,1483.780353040975,44.51010104546276,33.74844626299379,1378.63462695599,1477.3040649414063,1575.973502926823,0.0142865321943745,0.0491308527577953,0.0892503657440908,0.0141854413804507,0.0092951777343857,0.0140991665954931,0.6592246745053932,1.5368178839277076,0.0491308527577953,0.0892503657440908,-0.0401195129862954,1547.39560546875,1514.6677978515625,1477.3040649414063,1.0216072512161476,1.0252918365263133,0.0442174569925301,0.1015611491939783,8779797.7,0.9121293307246804,0.0039171998596065,0.0190156324262333,0.0153502203064916,0.0211916534639602,0.0096911742476959,0.0026797085147294,0.0058914730009103,3,7,0,0,0,xg_INFY.NS,0,0.0
2024-07-05,1582.0823974609375,1599.7523453204356,1568.5418810019864,1585.9236853770542,7065022,78.71256332112755,1485.716485595703,1493.1424525095426,46.72581022087661,36.34391905457036,1381.3093403704934,1485.716485595703,1590.1236308209127,-0.001938609965675,0.0515078589558151,0.0748678477777577,-0.0019404915020775,0.009795384274599,0.0132201821831748,0.7408856590044285,-0.1978903553938435,0.0515078589558151,0.0748678477777577,-0.0233599888219426,1562.8951904296875,1525.6874877929688,1485.716485595703,1.02438749936302,1.0269035193354803,0.048782986877199,-0.1177887572048588,7756105.8,0.9108980952785726,0.0142865321943745,0.0039171998596065,0.0190156324262333,-0.0041947967263441,-0.0008106044505836,0.0114161814194704,-0.0033802890722336,4,7,0,0,1,xg_INFY.NS,0,0.0
2024-07-08,1595.718994140625,1599.8963711842514,1574.9280004454815,1577.904975049744,5880533,80.15854908021856,1491.8649475097654,1502.9116469505982,49.01709651542501,38.87855454674129,1376.7399435908512,1491.8649475097654,1606.9899514286797,0.0086193972586843,0.044537344555499,0.088072572520248,0.0085824623402057,0.0090142445231161,0.0102134977361537,0.8824951315237595,0.9560913446754716,0.044537344555499,0.088072572520248,-0.0435352279647489,1576.5029541015624,1538.6038208007812,1491.8649475097657,1.0246321585767648,1.0313291584261917,0.0530406712601541,-0.1676553873434506,7787660.2,0.75510908912015,-0.001938609965675,0.0142865321943745,0.0039171998596065,0.0153502203064916,0.0211916534639602,-0.0036210928033787,0.006246161887109,0,7,0,0,0,xg_INFY.NS,0,0.0
2024-07-09,1591.3974609375,1600.6165277373964,1585.491457803775,1594.0383461640054,5191182,78.34238951613257,1499.4226745605467,1511.3388673303032,49.90892675830719,41.08462898905447,1378.849574882566,1499.4226745605467,1619.9957742385277,-0.002708204401272,0.022269424308454,0.0747106414978366,-0.0027118782212802,0.0096635446355494,0.008353642695102,1.1566676144288877,-0.280220590146626,0.022269424308454,0.0747106414978366,-0.0524412171893826,1583.4364501953123,1549.6667358398438,1499.422674560547,1.0217915978800225,1.033508937894395,0.0527924529836013,-0.1172259385331228,7851625.9,0.6611601299037105,0.0086193972586843,-0.001938609965675,0.0142865321943745,0.0190156324262333,-0.0041947967263441,0.0096911742476959,0.0087772430220744,1,7,0,0,0,xg_INFY.NS,0,0.0
2024-07-10,1582.8507080078125,1607.5789990626895,1572.575309683498,1591.2535253565572,9852770,74.73592592014434,1506.745135498047,1518.1495188233994,49.35709920197701,42.73912303163898,1384.5105964713446,1506.745135498047,1628.9796745247493,-0.0053705960575383,0.0128118417641547,0.0698059942638251,-0.005385069552668,0.0101810931596411,0.0085053322139825,1.196884027513722,-0.5274550108052253,0.0128118417641547,0.0698059942638251,-0.0569941524996704,1587.4409912109377,1559.9950073242187,1506.745135498047,1.0175936357218192,1.0353409946855878,0.0509813435371014,0.8979820010163388,8351802.5,1.1797177914586483,-0.002708204401272,0.0086193972586843,-0.001938609965675,0.0039171998596065,0.0153502203064916,-0.0008106044505836,0.0026797085147294,2,7,0,0,1,xg_INFY.NS,0,0.0
2024-07-11,1587.1241455078125,1598.9361531696993,1576.896809841057,1590.2932550444575,8857679,75.34702957918678,1514.7878356933595,1524.7185308885817,48.70318260710883,43.93193494673295,1393.6859194136264,1514.7878356933595,1635.8897519730926,0.0026998361111254,0.0012419917981412,0.0504338646720976,0.0026961981001631,0.008875758209891,0.0080513857128297,1.1022519941822235,0.3041466318320048,0.0012419917981412,0.0504338646720976,-0.0491918728739564,1587.8347412109374,1567.6151733398438,1514.7878356933593,1.012898298137811,1.0348744136978787,0.0460246954999265,-0.1009960650659662,7761795.0,1.1411895057778334,-0.0053705960575383,-0.002708204401272,0.0086193972586843,0.0142865321943745,0.0190156324262333,0.0211916534639602,0.0114161814194704,3,7,0,0,1,xg_INFY.NS,0,0.0
2024-07-12,1643.8310546875,1651.5136300854847,1600.520559326722,1613.340833576749,17078316,81.67970537805726,1525.2457397460937,1536.0625807741928,52.1594608493142,45.5774401272492,1397.340875262388,1525.2457397460937,1653.1506042297997,0.0357293469072286,0.039029988150846,0.092548198231382,0.0351058615470005,0.0125253019921647,0.0105319205216111,1.189157552880577,2.852345962086618,0.039029988150846,0.092548198231382,-0.053518210080536,1600.18447265625,1581.5398315429688,1525.2457397460937,1.0117889165618366,1.0369082111360275,0.0455878556962792,0.9280802566902684,8649872.2,1.974400962825558,0.0026998361111254,-0.0053705960575383,-0.002708204401272,-0.001938609965675,0.0039171998596065,-0.0041947967263441,-0.0036210928033787,4,7,0,0,0,xg_INFY.NS,0,0.0
2024-07-15,1639.3175048828125,1659.436201288973,1635.092065184172,1657.707575021914,6942230,79.919998176587,1535.7204467773436,1545.896383070252,53.91290608771283,47.24453331934193,1406.413869981122,1535.7204467773436,1665.0270235735652,-0.0027457504174877,0.0273221732036017,0.0730763748010747,-0.0027495269046102,0.0128036223293211,0.010500293987683,1.2192423471182166,-0.2144343149582976,0.0273221732036017,0.0730763748010747,-0.045754201597473,1608.9041748046875,1592.703564453125,1535.7204467773438,1.0101717674984454,1.0371051370679851,0.0446428027574653,-0.5935061747305765,8663918.1,0.8012806584585788,0.0357293469072286,0.0026998361111254,-0.0053705960575383,0.0086193972586843,0.0142865321943745,0.0153502203064916,0.0096911742476959,0,7,0,0,1,xg_INFY.NS,0,0.0
2024-07-16,1657.563720703125,1668.943512173137,1632.547287437264,1650.4092519603355,6886281,81.6418450696994,1546.660919189453,1556.531367606716,56.12783446143817,49.021193547761186,1414.895280332957,1546.660919189453,1678.4265580459485,0.0111303733205831,0.0415774571656324,0.0647727875093744,0.0110688865419659,0.0122212685967707,0.0105407241209381,1.159323508807882,0.9106634527344604,0.0415774571656324,0.0647727875093744,-0.0231953303437419,1622.1374267578126,1602.7869384765625,1546.6609191894531,1.0120730259379591,1.036288509388679,0.0455346039646324,-0.0080592259259633,8303228.9,0.8293497725925838,-0.0027457504174877,0.0357293469072286,0.0026998361111254,-0.002708204401272,-0.001938609965675,0.0190156324262333,-0.0008106044505836,1,7,0,0,1,xg_INFY.NS,0,0.0
2024-07-18,1688.2940673828125,1695.3524103380762,1650.7934479826547,1650.7934479826547,11248896,84.11276384859543,1558.506494140625,1569.0801961568204,59.67496742998492,51.15194832420593,1420.3639258072485,1558.506494140625,1696.6490624740015,0.0185394662635665,0.0666161115773904,0.0802814284220179,0.018369705333658,0.0127591736674997,0.0108415023555072,1.176773889379782,1.452916452915269,0.0666161115773904,0.0802814284220179,-0.0136653168446274,1643.2260986328124,1615.333544921875,1558.506494140625,1.0172673648724893,1.0364625049654252,0.0501805971654686,0.6335226517767718,8701122.0,1.2928098238363634,0.0111303733205831,-0.0027457504174877,0.0357293469072286,-0.0053705960575383,0.0086193972586843,0.0039171998596065,0.0211916534639602,3,7,0,0,1,xg_INFY.NS,0,0.0
2024-07-19,1721.8092041015625,1770.8336868455729,1715.5671113876276,1770.8336868455729,29819116,86.28144638933716,1571.8333618164063,1583.6258159610816,64.44757576262145,53.81107381188904,1424.5032426660762,1571.8333618164063,1719.1634809667364,0.0198514804773939,0.0848610733917456,0.0862084619470209,0.0196570093192924,0.0131865492066982,0.0111044448921055,1.1873949521889082,1.5053199170101268,0.0848610733917456,0.0862084619470209,-0.0013473885552752,1670.1631103515624,1628.99892578125,1571.8333618164063,1.0252696204514504,1.036368717800202,0.057108388258654,1.6508482254614143,10882202.5,2.74017286482192,0.0185394662635665,0.0111303733205831,-0.0027457504174877,0.0026998361111254,-0.002708204401272,0.0142865321943745,-0.0041947967263441,4,7,0,0,1,xg_INFY.NS,0,0.0
2024-07-22,1738.9990234375,1750.6669588687384,1721.80923665492,1728.7236252048558,8462126,87.24328351436104,1585.1890380859377,1598.423264292169,68.82362114675493,56.81358327886222,1427.9151701974777,1585.1890380859377,1742.4629059743972,0.0099835796527218,0.0578940083158923,0.0991835989253124,0.0099340729514265,0.012679088406874,0.0110892705487021,1.1432623172892638,0.787343063579087,0.0578940083158923,0.0991835989253124,-0.0412895906094201,1689.1967041015623,1644.6905883789063,1585.1890380859377,1.0270604793613636,1.0375359334838796,0.0598089272126397,-0.7162180797043078,11021912.9,0.7677547515367529,0.0198514804773939,0.0185394662635665,0.0111303733205831,0.0357293469072286,-0.0053705960575383,-0.001938609965675,0.0153502203064916,0,7,0,0,1,xg_INFY.NS,0,0.0
2024-07-23,1764.015380859375,1766.9442924167647,1712.494085746934,1738.182697435553,7113056,88.50625150908891,1600.0620239257812,1614.1939420604745,73.46343882157589,60.143554387404954,1434.0103835722114,1600.0620239257812,1766.113664279351,0.0143854925073074,0.0760669459120284,0.1054674333869079,0.014283003048189,0.0127617515383184,0.0107861130596391,1.1830553242338409,1.1271466395092755,0.0760669459120284,0.1054674333869079,-0.0294004874748794,1714.136279296875,1661.5202270507812,1600.0620239257812,1.0316674160142414,1.0384098879955983,0.0646673813668905,-0.1594244755986852,11145165.2,0.6382189830617641,0.0099835796527218,0.0198514804773939,0.0185394662635665,-0.0027457504174877,0.0026998361111254,0.0086193972586843,0.0190156324262333,1,7,0,0,0,xg_INFY.NS,0,0.0
2024-07-24,1761.182373046875,1769.249100779416,1747.4017766683005,1764.5915628208677,6002845,87.45035008357786,1614.0827270507814,1628.1928402496555,76.03543849832636,63.32193120958924,1443.1597687016958,1614.0827270507814,1785.005685399867,-0.0016059994959453,0.0625126208118236,0.106689193791571,-0.001607290495551,0.0126425667046097,0.0110586345847327,1.1431269819766132,-0.1270210798476488,0.0625126208118236,0.106689193791571,-0.0441765729797474,1734.860009765625,1678.4987182617188,1614.0827270507812,1.033578394127268,1.0399087296650755,0.0685773856036822,-0.1560807337943072,11226331.5,0.5347111832569228,0.0143854925073074,0.0099835796527218,0.0198514804773939,0.0111303733205831,0.0357293469072286,-0.002708204401272,0.0039171998596065,2,7,0,0,0,xg_INFY.NS,0,0.0
2024-07-25,1752.443603515625,1758.253598590097,1740.103489083107,1747.7860651938493,5815599,84.11670856527797,1627.7265075683597,1640.026246274986,76.48692741638365,65.95493045094813,1458.4580583065697,1627.7265075683597,1796.99495683015,-0.0049618765580373,0.0379966602810237,0.1071439616192631,-0.0049742275404973,0.0125869595220441,0.0112844991793109,1.1153214689093316,-0.3941763992288108,0.0379966602810237,0.1071439616192631,-0.0691473013382393,1747.6899169921876,1695.4580078125,1627.7265075683597,1.0308069612688773,1.0416111059992037,0.0684549329765398,-0.0311928760446088,10822614.4,0.5373562048001509,-0.0016059994959453,0.0143854925073074,0.0099835796527218,0.0185394662635665,-0.0027457504174877,-0.0053705960575383,0.0142865321943745,3,7,0,0,1,xg_INFY.NS,0,0.0
2024-07-26,1804.348876953125,1808.2861733754448,1752.9235913028444,1752.9235913028444,11369047,87.23042851047191,1642.397827148438,1655.676020625285,80.10960376695402,68.7858651141493,1465.082516564671,1642.397827148438,1819.7131377322048,0.0296187981932036,0.047937757943762,0.136866880930609,0.0291886348965153,0.0136171556162153,0.0119204459014302,1.1422402725982863,2.17494931236768,0.047937757943762,0.136866880930609,-0.0889291229868469,1764.1978515625,1717.1804809570312,1642.3978271484375,1.0273805643185885,1.0455326063956336,0.067503588673903,0.9549227861136916,11073751.2,1.0266662845015857,-0.0049618765580373,-0.0016059994959453,0.0143854925073074,0.0198514804773939,0.0111303733205831,0.0026998361111254,-0.001938609965675,4,7,0,0,0,xg_INFY.NS,0,0.0
2024-07-29,1796.8583984375,1827.4926924499405,1790.040135957272,1818.4656425678857,4635931,84.65140110270406,1657.0115234375005,1669.1219613693054,81.4374219518586,71.31617648169116,1479.3437305339976,1657.0115234375005,1834.679316341003,-0.0041513471210034,0.0332716546819149,0.0930918924506456,-0.004159987884627,0.0119570618084774,0.0119179221226634,1.0031999274281296,-0.3471588613181749,0.0332716546819149,0.0930918924506456,-0.0598202377687306,1775.7697265625,1732.4832153320312,1657.0115234375,1.0249852413272431,1.0455468720808676,0.066092132372962,-0.5922322249173568,9829512.7,0.4716338583091233,0.0296187981932036,-0.0049618765580373,-0.0016059994959453,0.0099835796527218,0.0185394662635665,0.0357293469072286,0.0086193972586843,0,7,0,0,1,xg_INFY.NS,0,0.0
2024-07-30,1802.6683349609375,1805.3571660297775,1786.1987904104494,1796.8583403917328,2721265,85.0213212341513,1670.7609313964845,1681.8406636161276,82.01314427578359,73.45557004050964,1492.6739349804218,1670.7609313964845,1848.8479278125471,0.0032333858519344,0.0219119144430202,0.099645632765815,0.0032281697007627,0.0114426358994891,0.0118851033727643,0.9626902560605892,0.2825488227984248,0.0219119144430202,0.099645632765815,-0.0777337183227948,1783.5003173828125,1748.8182983398438,1670.7609313964845,1.0198316881038427,1.046719650595442,0.0625402819808065,-0.413005715572557,9407416.2,0.2892680564084866,-0.0041513471210034,0.0296187981932036,-0.0049618765580373,0.0143854925073074,0.0198514804773939,-0.0027457504174877,-0.002708204401272,1,7,0,0,0,xg_INFY.NS,0,0.0
2024-07-31,1794.1214599609375,1810.350924152097,1791.048476651269,1802.5242769151237,5004209,81.89441982246808,1682.630505371094,1692.5340727918235,80.84778405349357,74.93401284310643,1504.9002701677664,1682.630505371094,1860.3607405744217,-0.0047412354420621,0.0187028256801577,0.0823846091418347,-0.0047525107522039,0.0122774299347054,0.0119527973853209,1.0270736184454567,-0.3861434619308214,0.0187028256801577,0.0823846091418347,-0.0636817834616769,1790.088134765625,1762.474072265625,1682.6305053710937,1.0156677836766714,1.0474516339978766,0.0598942890950487,0.838927484092876,9219209.0,0.5428024248066681,0.0032333858519344,-0.0041513471210034,0.0296187981932036,-0.0016059994959453,0.0099835796527218,0.0111303733205831,-0.0053705960575383,2,7,0,1,0,xg_INFY.NS,0,0.0
2024-08-01,1779.092529296875,1793.7855029159562,1771.8901142339544,1782.453656326238,7475014,76.56222169360696,1693.4437316894534,1700.7777353161143,77.8145212160648,75.51011451769811,1520.143299764103,1693.4437316894534,1866.744163614804,-0.0083767632233715,0.0152067237586355,0.0537811887563035,-0.0084120454766365,0.0126583487286522,0.0124362340716672,1.017778442997122,-0.6617057008953569,0.0152067237586355,0.0537811887563035,-0.038574464997668,1795.417919921875,1771.5539184570312,1693.4437316894532,1.0134706605405657,1.0461250558881292,0.0573180914163714,0.4937453651516152,8841820.8,0.8454156863255081,-0.0047412354420621,0.0032333858519344,-0.0041513471210034,-0.0049618765580373,0.0143854925073074,0.0185394662635665,0.0026998361111254,3,8,1,0,0,xg_INFY.NS,0,0.0
2024-08-02,1748.938232421875,1785.7186088193323,1744.0886770658112,1769.8732971519382,7400938,67.11932274719224,1701.6328735351565,1705.3644493261868,72.1457870916854,74.83724903249558,1534.5092359891714,1701.6328735351565,1868.7565110811415,-0.016949257207503,-0.0307094959511478,0.0157561176091334,-0.0170945398290074,0.0132986715694013,0.0133448329738442,0.9964662075019748,-1.274411711526647,-0.0307094959511478,0.0157561176091334,-0.0464656135602812,1784.335791015625,1774.2668212890626,1701.6328735351562,1.0056750031087471,1.0426848522284415,0.0472875004658937,-0.0099098142157325,6600003.0,1.1213537327178302,-0.0083767632233715,-0.0047412354420621,0.0032333858519344,0.0296187981932036,-0.0016059994959453,0.0198514804773939,0.0357293469072286,4,8,0,0,0,xg_INFY.NS,0,0.0
2024-08-05,1682.3880615234375,1726.178719359178,1650.3613476722037,1714.1266318965754,10736703,51.90413204664688,1706.6481567382812,1703.1762219164011,61.5734514286446,72.18448951172539,1548.8715266737286,1706.6481567382812,1864.4247868028335,-0.038051756011006,-0.0637058195646372,-0.0325537629125052,-0.0387946301909662,0.0178484575202352,0.0164229947730971,1.0867305894100376,-2.131815825095424,-0.0637058195646372,-0.0325537629125052,-0.031152056652132,1761.4417236328125,1768.6057250976562,1706.6481567382812,0.9959493507438192,1.036303656447728,0.0325689227994845,0.4507219220050216,6827460.7,1.5725763166968396,-0.016949257207503,-0.0083767632233715,-0.0047412354420621,-0.0041513471210034,-0.0049618765580373,0.0099835796527218,-0.0027457504174877,0,8,0,0,0,xg_INFY.NS,0,0.0
2024-08-06,1681.619873046875,1725.6506144088737,1675.617860395926,1690.3587800212945,7690163,51.75827985307111,1710.943200683594,1701.1232363097797,52.52731071526978,68.25305375243427,1561.420347972164,1710.943200683594,1860.4660533950237,-0.0004566059960428,-0.0671496023791229,-0.0467090642783167,-0.0004567102723038,0.016814479566405,0.0163909138938577,1.0257789099725347,-0.0271539086494468,-0.0671496023791229,-0.0467090642783167,-0.0204405381008061,1737.23203125,1760.3661743164062,1710.9432006835937,0.9868583347010802,1.0288863906253964,0.0156330398966887,-0.2837500487812693,6885171.4,1.1169167117610002,-0.038051756011006,-0.016949257207503,-0.0083767632233715,0.0032333858519344,0.0296187981932036,0.0143854925073074,0.0111303733205831,1,8,0,0,1,xg_INFY.NS,0,0.0
2024-08-07,1720.5609130859375,1726.5629255103806,1692.183351452448,1724.7382902879888,5094329,58.17446616730458,1717.4013732910155,1702.9744436217943,47.94768445331715,64.19197989261085,1578.8651890183469,1717.4013732910155,1855.9375575636848,0.0231568624177271,-0.0410008734172332,-0.023064879925332,0.0228928109114754,0.0189938359531196,0.0169482829639608,1.12062769814547,1.2191135777576405,-0.0410008734172332,-0.023064879925332,-0.0179359934919012,1722.519921875,1756.3040283203125,1717.4013732910155,0.9807640898725132,1.0226520460704818,0.002974930178324,-0.3375525330217318,6794319.8,0.7497923486026151,-0.0004566059960428,-0.038051756011006,-0.016949257207503,-0.0047412354420621,-0.0041513471210034,-0.0016059994959453,0.0185394662635665,2,8,0,0,0,xg_INFY.NS,0,0.0
2024-08-08,1673.9852294921875,1709.3250068929765,1658.5720153140558,1709.3250068929765,6227910,49.66602568850655,1721.9580993652344,1700.2135660856416,40.09780667418522,59.37314524892573,1596.6970177965486,1721.9580993652344,1847.21918093392,-0.0270700579325688,-0.0590791642783343,-0.0447708410507704,-0.0274432013745951,0.0205759371829841,0.0182289958337997,1.1286857863584818,-1.3155533154348231,-0.0590791642783343,-0.0447708410507704,-0.0143083232275639,1701.4984619140623,1748.4581909179688,1721.9580993652344,0.9731422065178168,1.0153895100946435,-0.0122221134874519,0.222518215843539,6835550.9,0.9111057895858968,0.0231568624177271,-0.0004566059960428,-0.038051756011006,-0.0083767632233715,0.0032333858519344,-0.0049618765580373,0.0198514804773939,3,8,0,0,1,xg_INFY.NS,0,0.0
2024-08-09,1700.489990234375,1710.093209154236,1686.32524232758,1700.970151180368,4258524,53.80647958624781,1727.6263916015623,1700.2398921950448,35.605002357442345,54.619516670629054,1618.8850742236525,1727.6263916015623,1836.3677089794728,0.0158333301126127,-0.0277015170057838,-0.0575603133326018,0.0157092905346587,0.0183908563973696,0.0184542626638535,0.9965101408927632,0.8608880893000673,-0.0277015170057838,-0.0575603133326018,0.0298587963268179,1691.8088134765626,1738.0723022460938,1727.6263916015623,0.973382299050652,1.0060463944608111,-0.0210630925972479,-0.3162194058681002,6124498.6,0.6953261447393105,-0.0270700579325688,0.0231568624177271,-0.0004566059960428,-0.016949257207503,-0.0047412354420621,0.0296187981932036,0.0099835796527218,4,8,0,0,1,xg_INFY.NS,1,2.5036043149021387
2024-08-12,1726.0826416015625,1731.9405818653124,1697.9451624687292,1702.6988263064616,4315329,57.446455782368425,1731.7389709472657,1702.701106424237,33.72082298920077,50.4397779343434,1630.3697547156855,1731.7389709472657,1833.1081871788456,0.0150501629025525,0.0259717606641589,-0.0393886111991251,0.0149380328514148,0.0195434437075236,0.0170892287832914,1.143544884936278,0.7700481593527778,0.0259717606641589,-0.0393886111991251,0.0653603718632841,1700.5477294921875,1730.9947265625,1731.7389709472657,0.9824106933411774,0.9995702329292974,-0.0180705377038825,0.0133391287685591,6092438.4,0.7083090080975282,0.0158333301126127,-0.0270700579325688,0.0231568624177271,-0.038051756011006,-0.0083767632233715,-0.0041513471210034,0.0143854925073074,0,8,0,0,0,xg_INFY.NS,0,0.0
2024-08-13,1726.130615234375,1738.1827024097588,1718.0640047615366,1738.1827024097588,4176918,57.45322371694157,1736.0796264648436,1704.9324882156786,31.86415815585451,46.72465397864562,1644.4022046274986,1736.0796264648436,1827.7570483021889,2.779335800973115e-05,0.0264689677500375,-0.0424580152888861,2.7792971780904452e-05,0.0194406023470981,0.0170549244839559,1.1398152217070026,0.0014295816524546,0.0264689677500375,-0.0424580152888861,0.0689269830389237,1709.4498779296875,1723.3409545898437,1736.0796264648438,0.9919394495771952,0.9926623919313312,-0.015427423799873,-0.0320742636308842,6238003.7,0.669592100434203,0.0150501629025525,0.0158333301126127,-0.0270700579325688,-0.0004566059960428,-0.016949257207503,0.0032333858519344,-0.0016059994959453,1,8,0,0,1,xg_INFY.NS,1,2.5036043149021387
2024-08-14,1750.9071044921875,1752.5876680094568,1726.130749746865,1730.5002617824882,7450718,60.91099947378225,1740.7467956542969,1709.3110230991556,32.0228539889747,43.78429398071144,1656.7141976721537,1740.7467956542969,1824.77939363644,0.0143537742967663,0.0176373827717741,-0.0240866387438958,0.014251734160104,0.0202958874230273,0.0171535090343504,1.1831226053970154,0.7071909104881571,0.0176373827717741,-0.0240866387438958,0.04172402151567,1715.5191162109377,1719.0195190429688,1740.7467956542969,0.9979637212996976,0.9875184164258872,-0.0144083483233544,0.7837836414313137,6482654.6,1.1493313248555386,2.779335800973115e-05,0.0150501629025525,0.0158333301126127,0.0231568624177271,-0.038051756011006,-0.0047412354420621,-0.0049618765580373,2,8,0,0,1,xg_INFY.NS,0,0.0
2024-08-16,1785.1904296875,1787.9753867685558,1756.908995346757,1776.5955951852964,7335657,65.13347103438308,1745.5916137695312,1716.5376332504266,34.51710767450436,41.93085671947002,1663.1339424736714,1745.5916137695312,1828.0492850653911,0.0195803221697792,0.0664314106457482,0.0034275341446321,0.0193910937747174,0.021260489017851,0.0172050100933986,1.2356431794729643,0.9209290164644468,0.0664314106457482,0.0034275341446321,0.063003876501116,1737.76015625,1719.629309082031,1745.5916137695312,1.0105434625196328,0.9851269309025636,-0.0043869031501038,-0.0154429412037873,6468718.9,1.134020060757141,0.0143537742967663,2.779335800973115e-05,0.0150501629025525,-0.0270700579325688,-0.0004566059960428,-0.0083767632233715,0.0296187981932036,4,8,0,0,1,xg_INFY.NS,1,2.5036043149021387
2024-08-19,1790.8084716796875,1793.449357119504,1775.827355039649,1786.1988792940135,2585989,65.78570953561075,1749.0415771484377,1723.6110464341657,36.526100576509634,40.849905490877944,1665.0147178183993,1749.0415771484377,1833.0684364784756,0.0031470267254183,0.0531132097007309,0.0239403762131906,0.003142085201504,0.0203533023228434,0.0167397692586421,1.215792536674288,0.1546123603502955,0.0531132097007309,0.0239403762131906,0.0291728334875402,1755.8238525390625,1723.8163330078123,1749.0415771484377,1.018567824726084,0.985577676099758,0.0037872701061457,-0.6474768381346074,5987224.0,0.4319178637711848,0.0195803221697792,0.0143537742967663,2.779335800973115e-05,0.0158333301126127,0.0231568624177271,-0.016949257207503,-0.0041513471210034,0,8,0,0,1,xg_INFY.NS,1,2.5036043149021387
2024-08-20,1797.9146728515625,1810.8790189238416,1794.0733851264426,1805.405230806265,3870333,66.63589637585046,1751.9873596191403,1730.6875822834415,38.25072245274305,40.330068883250966,1665.352480192035,1751.9873596191403,1838.622239046246,0.0039681525323642,0.0416156385092605,0.0686682305766681,0.0039603001811343,0.0145474629088472,0.0166444409964391,0.8739607987532032,0.2727540742432071,0.0416156385092605,0.0686682305766681,-0.0270525920674076,1770.1902587890625,1735.368994140625,1751.9873596191403,1.0200656256773108,0.9905145631403824,0.0101244510903575,0.4966548581606496,5300587.0,0.7301706395912886,0.0031470267254183,0.0195803221697792,0.0143537742967663,0.0150501629025525,-0.0270700579325688,-0.038051756011006,0.0032333858519344,1,8,0,0,0,xg_INFY.NS,1,2.5036043149021387
2024-08-21,1798.394775390625,1804.444850251852,1793.0169961955314,1800.6995713961778,1966902,66.69610837034871,1753.7063293457031,1737.1358863888877,39.20431503749228,40.10491811409923,1664.733845262585,1753.7063293457031,1842.6788134288213,0.0002670329945642,0.0418648273302526,0.0694419138447557,0.0002669973475999,0.0145093314190528,0.0163798430261725,0.885749982212175,0.0184029562697362,0.0418648273302526,0.0694419138447557,-0.027577086514503,1784.6430908203124,1747.046484375,1753.7063293457031,1.0215200950756398,0.9962024172124716,0.0172024306887177,-0.4918003179571369,4728260.9,0.4159884662878023,0.0039681525323642,0.0031470267254183,0.0195803221697792,2.779335800973115e-05,0.0158333301126127,-0.0004566059960428,-0.0047412354420621,2,8,0,0,1,xg_INFY.NS,1,2.5036043149021387
2024-08-22,1805.6453857421875,1818.513723597305,1795.51394205871,1809.2465931329775,4300287,67.64575083173622,1755.9294799804686,1743.6606006130114,40.08305518136649,40.10054552755268,1663.9976800145082,1755.9294799804686,1847.861279946429,0.0040317123085433,0.0312628129211205,0.0494515898909069,0.0040236067353962,0.0133309506362419,0.0163794504046215,0.8138329720457987,0.3024097837253796,0.0312628129211205,0.0494515898909069,-0.0181887769697863,1795.5907470703123,1755.554931640625,1755.9294799804688,1.0228052194255597,0.9997866951126944,0.0219651474220899,1.1863249922975316,4648856.7,0.9250203388715068,0.0002670329945642,0.0039681525323642,0.0031470267254183,0.0143537742967663,0.0150501629025525,0.0231568624177271,-0.0083767632233715,3,8,0,0,0,xg_INFY.NS,1,2.5036043149021387
2024-08-23,1788.2154541015625,1807.9020537953015,1783.3178356718945,1803.67661383031,5015935,62.99545922646858,1757.7180725097658,1747.9039199928734,38.92431795316816,39.86530001267578,1664.6864799254647,1757.7180725097658,1850.7496650940668,-0.0096530203428956,0.0016945107724961,0.0682384901592156,-0.0096999127567221,0.0091781107219687,0.0165080631613519,0.5559437644805255,-1.0516291430925473,0.0016945107724961,0.0682384901592156,-0.0665439793867195,1796.195751953125,1766.9779541015623,1757.7180725097655,1.0165354625866956,1.0052681267471837,0.0215173621025948,0.1664186599638581,4527659.2,1.1078428782799932,0.0040317123085433,0.0002670329945642,0.0039681525323642,0.0195803221697792,2.779335800973115e-05,-0.0270700579325688,-0.016949257207503,4,8,0,0,1,xg_INFY.NS,0,0.0
2024-08-26,1801.7080078125,1813.8080406542315,1790.0400729474454,1795.8020045127269,3728589,65.00120511682194,1757.5860290527346,1753.028118832838,38.64922249544475,39.62208450922957,1664.826009801497,1757.5860290527346,1850.346048303972,0.007545261774799,0.0060863773570321,0.059522854094645,0.0075169386681217,0.0086146797497255,0.0151891073102425,0.567124350985773,0.8757593125533064,0.0060863773570321,0.059522854094645,-0.0534364767376129,1798.3756591796875,1777.099755859375,1757.5860290527344,1.0119722616865838,1.0111025727811216,0.0226394232306692,-0.256651252458415,4474665.7,0.8332664940755611,-0.0096530203428956,0.0040317123085433,0.0002670329945642,0.0031470267254183,0.0143537742967663,0.0158333301126127,-0.038051756011006,0,8,0,0,1,xg_INFY.NS,0,0.0
2024-08-27,1824.707763671875,1827.2526403543604,1799.5473747842314,1801.7080992308468,3830679,68.16852156477235,1758.9784973144533,1759.854751674651,39.82798324532155,39.66326425644797,1662.9574146858336,1758.9784973144533,1854.999579943073,0.0127655290200434,0.0149023150124347,0.0571381228762037,0.0126847365007982,0.0083698592379938,0.0154129588758202,0.5430051621017132,1.5249962586998138,0.0149023150124347,0.0571381228762037,-0.042235807863769,1803.73427734375,1786.9622680664063,1758.978497314453,1.009385765764093,1.0159091033771463,0.0245276426835793,0.0273803307363724,4426200.7,0.865455332831865,0.007545261774799,-0.0096530203428956,0.0040317123085433,0.0039681525323642,0.0195803221697792,0.0150501629025525,-0.0004566059960428,1,8,0,0,1,xg_INFY.NS,0,0.0
2024-08-28,1862.1602783203125,1873.588133022963,1822.1148997127973,1831.2379582795415,6514531,72.52831664986262,1761.953094482422,1769.598135164714,43.285298582618,40.387671121681976,1656.9659344451366,1761.953094482422,1866.9402545197077,0.0205252125266741,0.0354568995652453,0.0788061238734632,0.0203174090151687,0.0093097993493373,0.016024595744901,0.5809331208357412,2.2044522448155837,0.0354568995652453,0.0788061238734632,-0.0433492243082178,1816.4873779296877,1800.565234375,1761.953094482422,1.0088428584817224,1.0219143971615887,0.0292854938869472,0.7006204383087176,4659962.0,1.3979794255829987,0.0127655290200434,0.007545261774799,-0.0096530203428956,0.0002670329945642,0.0031470267254183,2.779335800973115e-05,0.0231568624177271,2,8,0,0,0,xg_INFY.NS,0,0.0
2024-08-29,1856.638427734375,1873.1079727033768,1844.6824662886909,1856.3023384955793,7228284,70.98462028099806,1765.0789428710937,1777.887686838015,45.06025216387093,41.32218733011977,1652.603417624329,1765.0789428710937,1877.5544681178585,-0.0029652928645423,0.0282408951363544,0.0603865978788478,-0.0029696980560389,0.0095330274511601,0.0159916328777124,0.5960886818358424,-0.3110220606907901,0.0282408951363544,0.0603865978788478,-0.0321457027424934,1826.685986328125,1811.1383666992188,1765.0789428710937,1.0085844460670566,1.0260948236984826,0.0331820361664114,0.1095632210515231,4637718.6,1.558586154838813,0.0205252125266741,0.0127655290200434,0.007545261774799,0.0040317123085433,0.0039681525323642,0.0143537742967663,-0.0270700579325688,3,8,0,0,1,xg_INFY.NS,0,0.0
2024-08-30,1866.5777587890625,1872.6278340667684,1851.5007508106305,1861.1039704725115,13466759,72.13431159381766,1769.4532043457032,1786.3343603571625,46.7302592741853,42.40380171893288,1648.2192168304196,1769.4532043457032,1890.6871918609868,0.0053534015596221,0.0438215118361511,0.0455902786325206,0.0053391230419164,0.0082422865043315,0.0158239440429734,0.5208414312208111,0.6494256334302033,0.0438215118361511,0.0455902786325206,-0.0017687667963695,1842.358447265625,1819.277099609375,1769.4532043457032,1.0126870984421263,1.0281577919898115,0.0390582404492052,0.8630644562388528,5250828.8,2.5646920729918743,-0.0029652928645423,0.0205252125266741,0.0127655290200434,-0.0096530203428956,0.0002670329945642,0.0195803221697792,0.0158333301126127,4,8,0,0,1,xg_INFY.NS,0,0.0
2024-09-02,1886.552490234375,1897.356112283312,1865.713550595146,1866.241657337013,5573739,74.33520620418328,1776.3339172363285,1795.8789441549925,49.09955670640329,43.74295271642696,1644.8176799382163,1776.3339172363285,1907.85015453444,0.0107012586811658,0.0470911391046582,0.0534641309044536,0.0106444054535623,0.008448265108215,0.0152298799259031,0.5546800414234139,1.2665312952201409,0.0470911391046582,0.0534641309044536,-0.0063729917997954,1859.32734375,1828.851501464844,1776.333917236328,1.0166639239220605,1.0295651531048982,0.0439921109766531,-0.5861113279000538,5549603.8,1.004348995147905,0.0053534015596221,-0.0029652928645423,0.0205252125266741,0.007545261774799,0.0040317123085433,0.0031470267254183,0.0150501629025525,0,9,0,0,0,xg_INFY.NS,0,0.0
2024-09-03,1864.22509765625,1888.9533893572925,1859.6155051280512,1888.9533893572925,4694322,67.88131744140298,1785.4257690429688,1802.3881016313023,48.61520221878732,44.71740261689904,1656.1327329611129,1785.4257690429688,1914.7188051248247,-0.0118350232467431,0.0216568015827662,0.0368818530745491,-0.0119056146544735,0.0100430382144894,0.0122689643368476,0.8185059009771934,-1.1783132435388364,0.0216568015827662,0.0368818530745491,-0.0152250514917828,1867.230810546875,1835.4825439453125,1785.4257690429688,1.017296959160026,1.0280363237555237,0.0438815256841856,-0.1577786473317103,5632002.7,0.833508478253955,0.0107012586811658,0.0053534015596221,-0.0029652928645423,0.0127655290200434,-0.0096530203428956,0.0039681525323642,2.779335800973115e-05,1,9,0,0,0,xg_INFY.NS,0,0.0
2024-09-04,1846.1708984375,1850.7324277310104,1824.6597803927025,1844.8744872415468,4778310,63.109880503521794,1793.6533203125,1806.5578918033216,46.24148178831865,45.022218451182965,1671.4242615698818,1793.6533203125,1915.8823790551185,-0.0096845596819011,-0.0085864681300339,0.0265659818971046,-0.0097317600202337,0.0108765599390284,0.0126607952712774,0.8590061445473872,-0.8903246441468212,-0.0085864681300339,0.0265659818971046,-0.0351524500271386,1864.0329345703128,1840.26015625,1793.6533203125,1.0129181617281524,1.0259843055565383,0.0381219389371688,0.0178914015698112,5913143.5,0.808082875039172,-0.0118350232467431,0.0107012586811658,0.0053534015596221,0.0205252125266741,0.007545261774799,0.0002670329945642,0.0143537742967663,2,9,0,0,1,xg_INFY.NS,1,2.5036043149021387
2024-09-05,1856.4464111328125,1863.024593080546,1833.8307821972223,1849.8201661965988,4081810,64.63358220338371,1800.4475952148437,1811.309179358511,44.674459879305914,44.95266673680756,1680.2355394774686,1800.4475952148437,1920.6596509522187,0.0055658513001202,-0.0001034216456441,0.0281345527708609,0.0055504191851971,0.010908541099784,0.011903501885231,0.9163374666954696,0.5101819819195138,-0.0001034216456441,0.0281345527708609,-0.0282379744165051,1863.99453125,1845.3402587890623,1800.4475952148437,1.0101088524851125,1.0249341684220816,0.0342304176700579,-0.1457628324658718,5891295.8,0.6928543632114529,-0.0096845596819011,-0.0118350232467431,0.0107012586811658,-0.0029652928645423,0.0127655290200434,0.0040317123085433,0.0195803221697792,3,9,0,0,0,xg_INFY.NS,1,2.5036043149021387
2024-09-06,1826.3883056640625,1859.6634851962024,1821.5866958391305,1845.7388167038991,5848106,57.19195939981509,1808.0677490234375,1812.7452866257065,40.5398279202725,44.07009897350055,1703.2764147393025,1808.0677490234375,1912.8590833075723,-0.0161912055680661,-0.0215310896831176,0.0213468972516395,-0.0163237154131055,0.011891623777755,0.0105912171901786,1.1226755989087167,-1.361449405164199,-0.0215310896831176,0.0213468972516395,-0.0428779869347571,1855.956640625,1849.1575439453125,1808.0677490234375,1.0036768617698095,1.022725804906408,0.0262205421777219,0.4327237181544461,5974512.9,0.9788423086339006,0.0055658513001202,-0.0096845596819011,-0.0118350232467431,0.0053534015596221,0.0205252125266741,-0.0096530203428956,0.0031470267254183,4,9,0,0,0,xg_INFY.NS,1,2.5036043149021387
2024-09-09,1819.4739990234375,1844.634387126065,1814.0481565814205,1815.0084785277315,4772612,55.6059618955512,1814.0169494628908,1813.3861163778713,36.28688294490848,42.51345576778214,1722.2390924779054,1814.0169494628908,1905.794806447876,-0.003785781270709,-0.0355561223756907,0.0098606384241515,-0.0037929654782482,0.0118631893851191,0.0103849662649717,1.1422326129759837,-0.3190931253556551,-0.0355561223756907,0.0098606384241515,-0.0454167607998422,1842.5409423828123,1850.9341430664065,1814.0169494628904,0.9954654244641632,1.0203510742357984,0.0156770544317926,-0.1839046693066096,6078915.2,0.7851091589498097,-0.0161912055680661,0.0055658513001202,-0.0096845596819011,0.0107012586811658,-0.0029652928645423,0.007545261774799,0.0039681525323642,0,9,0,0,1,xg_INFY.NS,1,2.5036043149021387
2024-09-10,1836.4237060546875,1858.2229673598688,1820.7704114285848,1829.317300201853,6909600,58.63431159102715,1819.534002685547,1815.580172537568,33.89339119810006,40.78944285384573,1737.236795311716,1819.534002685547,1901.831210059378,0.0093157181912724,-0.0149131087423483,0.0064207226034027,0.0092725945004472,0.0115299648276259,0.0101233663442561,1.1388332302067723,0.80788713958729,-0.0149131087423483,0.0064207226034027,-0.021333831345751,1836.9806640625,1852.1057373046872,1819.534002685547,0.9918335800502414,1.0179011409355725,0.0095003464175676,0.4477606811532133,6386807.3,1.081855092136398,-0.003785781270709,-0.0161912055680661,0.0055658513001202,-0.0118350232467431,0.0053534015596221,0.0127655290200434,0.0002670329945642,1,9,0,0,0,xg_INFY.NS,1,2.5036043149021387
2024-09-11,1834.3590087890625,1849.5800883553493,1829.4133272673623,1838.7284033553788,5312946,58.11426412350852,1824.9454223632813,1817.3686331329488,31.46719370920482,38.92499302491755,1755.2379691903502,1824.9454223632813,1894.6528755362124,-0.0011243033178115,-0.0063980477963521,-0.0149295792928882,-0.0011249358209148,0.0091886273754226,0.0101453316350741,0.9056107868245784,-0.1223448211641812,-0.0063980477963521,-0.0149295792928882,0.0085315314965361,1834.6182861328125,1849.3256103515623,1824.9454223632813,0.9920471959419012,1.013359406637328,0.0052731573935009,-0.2310776311219173,6266648.8,0.8478129490835918,0.0093157181912724,-0.003785781270709,-0.0161912055680661,-0.0096845596819011,0.0107012586811658,0.0205252125266741,0.0040317123085433,2,9,0,0,1,xg_INFY.NS,1,2.5036043149021387
2024-09-12,1873.0599365234375,1878.773922571952,1834.9832642548035,1848.6197893164424,8555092,64.47459699539812,1831.0530639648437,1822.6725667891856,32.294979727095324,37.5989903653531,1767.528296936804,1831.0530639648437,1894.5778309928833,0.0210977935883571,0.0089491004378021,0.0088447532614637,0.0208783167586457,0.0115892819895819,0.0106393178010332,1.089185699740704,1.820300283230488,0.0089491004378021,0.0088447532614637,0.0001043471763384,1837.9409912109377,1850.9677612304688,1831.0530639648437,0.9929621842733384,1.0108760896434663,0.0036773661706087,0.6102350748530101,6399329.6,1.3368731624635593,-0.0011243033178115,0.0093157181912724,-0.003785781270709,0.0055658513001202,-0.0118350232467431,-0.0029652928645423,-0.0096530203428956,3,9,0,0,0,xg_INFY.NS,1,2.5036043149021387
2024-09-13,1866.9619140625,1880.886582594913,1858.8472403257117,1873.0599351123683,3843127,62.85500403241859,1835.1416381835936,1826.8905998628345,32.08904413480241,36.49700111924297,1773.548975201238,1835.1416381835936,1896.734301165949,-0.0032556472657548,0.0222152147342431,0.0002058072703527,-0.0032609584159351,0.0115447897146258,0.010022487266424,1.1517737697236086,-0.2819770103408979,0.0222152147342431,0.0002058072703527,0.0220094074638903,1846.055712890625,1851.0061767578125,1835.1416381835936,0.9973255281752444,1.0086448578377425,0.0058459010999759,-0.5507789980516866,5436966.4,0.7068513426897934,0.0210977935883571,-0.0011243033178115,0.0093157181912724,-0.0161912055680661,-0.0096845596819011,0.0053534015596221,0.007545261774799,4,9,0,0,1,xg_INFY.NS,1,2.5036043149021387
2024-09-16,1872.867919921875,1874.548483367517,1856.3504289468576,1868.5464710616527,1570181,63.80336778647145,1839.2446105957029,1831.2693922494095,32.0331458431865,35.604230064031675,1779.1726858769596,1839.2446105957029,1899.316535314446,0.0031634313559849,0.029345800449523,-0.0072537447981635,0.0031584382345064,0.011007877169528,0.0100225618140932,1.098200158156443,0.287352770611444,0.029345800449523,-0.0072537447981635,0.0365995452476866,1856.7344970703125,1849.6377197265624,1839.244610595703,1.003836847220438,1.0056507487209616,0.0093385584154482,-0.5914314046868605,5036610.6,0.311753503437349,-0.0032556472657548,0.0210977935883571,-0.0011243033178115,-0.003785781270709,0.0055658513001202,0.0107012586811658,0.0127655290200434,0,9,0,0,1,xg_INFY.NS,1,2.5036043149021387
2024-09-17,1875.07666015625,1880.742465848968,1865.089288485256,1870.467067930622,2793127,64.17178108879787,1843.102709960937,1835.4415130024424,31.80049659246106,34.84348336971755,1784.309414478951,1843.102709960937,1901.8960054429235,0.0011793358254901,0.0210479498680635,0.0058209507605293,0.0011786409552652,0.0102873869208744,0.0100173880542148,1.0268505137956188,0.1146278648499634,0.0210479498680635,0.0058209507605293,0.0152269991075342,1864.465087890625,1850.7228759765624,1843.1027099609375,1.0074253212582198,1.0041344228807447,0.0113928024296923,0.7788567050550224,4846491.1,0.5763194324238878,0.0031634313559849,-0.0032556472657548,0.0210977935883571,0.0093157181912724,-0.0161912055680661,-0.0118350232467431,0.0205252125266741,1,9,0,0,0,xg_INFY.NS,1,2.5036043149021387
2024-09-18,1817.0731201171875,1861.824097546446,1806.6536508696367,1861.824097546446,6385468,49.82873123445415,1844.0366271972655,1833.6921422514656,26.628759693848224,33.20053863454369,1787.6910932584155,1844.0366271972655,1900.3821611361152,-0.0309339566064617,-0.009423394542209,-0.0157611510098762,-0.03142251317702,0.0141308574421309,0.0124583365886426,1.1341580943412344,-2.188951928869524,-0.009423394542209,-0.0157611510098762,0.0063377564676672,1861.00791015625,1847.8130981445313,1844.0366271972655,1.0071407719887733,1.002047937059149,0.0093399009489997,1.2861359329525652,5007206.9,1.2752554722671283,0.0011793358254901,0.0031634313559849,-0.0032556472657548,-0.0011243033178115,-0.003785781270709,-0.0096845596819011,-0.0029652928645423,2,9,0,0,1,xg_INFY.NS,1,2.5036043149021387
2024-09-19,1819.0418701171875,1848.5238256038056,1804.253005223771,1834.791174229284,7976570,50.23530515211179,1844.7064514160156,1832.2968782386772,22.430418708395564,31.046514649314062,1789.987517241057,1844.7064514160156,1899.4253855909744,0.0010834731845426,-0.0288394756371289,-0.0201484625633769,0.0010828866510959,0.0139518899504774,0.0124328957131722,1.122085167217309,0.0776522418214533,-0.0288394756371289,-0.0201484625633769,-0.0086910130737519,1850.204296875,1844.0726440429687,1844.7064514160156,1.0033250603504362,0.9996564183029986,0.0030223853278485,0.2491754715550997,5396682.9,1.478050526184987,-0.0309339566064617,0.0011793358254901,0.0031634313559849,0.0210977935883571,0.0093157181912724,0.0055658513001202,0.0053534015596221,3,9,0,0,1,xg_INFY.NS,1,2.5036043149021387
2024-09-20,1830.1336669921875,1839.0166455673825,1793.305341425795,1829.4134254860903,15242974,52.56745718158823,1846.8023620605468,1832.090858119964,19.77031861342948,28.79127544213715,1798.340668481541,1846.8023620605468,1895.264055639553,0.0060976039404114,-0.0197262979993921,0.0020506927888828,0.0060790887807904,0.0131822784705643,0.0122573072828029,1.0753751041187978,0.4625256118215363,-0.0197262979993921,0.0020506927888828,-0.0217769907882749,1842.8386474609376,1844.447180175781,1846.8023620605468,0.9991279052432986,0.998724724457176,-0.0021658060671184,0.9109684989914212,6336169.7,2.4057079784333415,0.0010834731845426,-0.0309339566064617,0.0011793358254901,-0.0032556472657548,-0.0011243033178115,-0.0161912055680661,0.0107012586811658,4,9,0,0,0,xg_INFY.NS,1,2.5036043149021387
2024-09-23,1821.2025146484375,1842.761812755645,1803.9167195535472,1833.2546020080952,3636672,50.514672821518765,1847.777087402344,1831.0538730274377,16.748435233958162,26.382707400501353,1802.451610891998,1847.777087402344,1893.1025639126897,-0.0048800546674977,-0.0275862513975853,0.0009500084232738,-0.0048920010160129,0.0132242885892219,0.012235288391025,1.0807434547653845,-0.3689941912855333,-0.0275862513975853,0.0009500084232738,-0.0285362598208591,1832.50556640625,1844.620031738281,1847.777087402344,0.9934325415946962,0.99829143045144,-0.0083854051777662,-0.7614197859289139,6222575.7,0.5844319419046063,0.0060976039404114,0.0010834731845426,-0.0309339566064617,0.0031634313559849,0.0210977935883571,-0.003785781270709,-0.0118350232467431,0,9,0,0,1,xg_INFY.NS,1,2.5036043149021387
2024-09-24,1823.2672119140625,1835.0792186672709,1797.1465020357018,1813.087822795001,7277616,50.99114167332206,1847.7050598144535,1830.3122862547352,14.354702621841623,23.977106444769408,1802.220925070154,1847.7050598144535,1893.1891945587531,0.0011336999861455,-0.0276305760415525,-0.0071641931528372,0.0011330578336092,0.0128434907981134,0.0118988884245815,1.0792950605807965,0.0882635212220366,-0.0276305760415525,-0.0071641931528372,-0.0204663828887152,1822.1436767578125,1843.3043823242188,1847.705059814453,0.9885202325946164,0.9976183008933924,-0.0140195484729889,1.0011747003854072,6259377.3,1.162674120954306,-0.0048800546674977,0.0060976039404114,0.0010834731845426,0.0011793358254901,-0.0032556472657548,0.0093157181912724,-0.0096845596819011,1,9,0,0,0,xg_INFY.NS,1,2.5036043149021387
2024-09-25,1820.0982666015625,1826.1482246431408,1802.3323102544668,1811.5033146813455,4268341,50.192340739939006,1845.601959228516,1829.3395224782423,12.062891375205254,21.59426343085658,1799.0547517555258,1845.601959228516,1892.149166701506,-0.0017380586300201,0.0016648457626073,-0.0077742372780746,-0.0017395708063423,0.0128475076497344,0.0108780079355056,1.1809447815369465,-0.1352731910508001,0.0016648457626073,-0.0077742372780746,0.009439083040682,1822.7487060546875,1841.8783081054687,1845.6019592285156,0.9896140792979652,0.9979824191752572,-0.01255605457858,-0.4134973595748937,6154916.8,0.6934847600213387,0.0011336999861455,-0.0048800546674977,0.0060976039404114,-0.0309339566064617,0.0031634313559849,-0.0011243033178115,0.0055658513001202,2,9,0,0,1,xg_INFY.NS,1,2.5036043149021387
2024-09-26,1824.8519287109375,1841.8495816692773,1817.8895940269988,1822.4991866395028,8952803,51.42171538149802,1844.012634277344,1828.912132595642,10.509053428585958,19.377221430402457,1796.88505147184,1844.012634277344,1891.140217082848,0.0026117612420184,0.0031940213632222,-0.0257375681751959,0.0026083565205503,0.0104720953875682,0.0108987366081497,0.9607659124293204,0.2493781585450516,0.0031940213632222,-0.0257375681751959,0.0289315895384181,1823.9107177734377,1837.0575073242187,1844.012634277344,0.9928435612394464,0.9962282650217033,-0.0110156425229011,1.0974901021263297,6194687.9,1.4452387504459352,-0.0017380586300201,0.0011336999861455,-0.0048800546674977,0.0010834731845426,0.0011793358254901,0.0210977935883571,-0.0161912055680661,3,9,0,0,1,xg_INFY.NS,1,2.5036043149021387
2024-09-27,1831.0938720703125,1896.2516927156676,1827.7808082445556,1855.4380099764576,14908931,53.06006578703794,1842.2384399414063,1829.1199173075152,9.66983053692752,17.435743251707468,1796.02486867865,1842.2384399414063,1888.452011204163,0.0034205204604103,0.0005246639059446,-0.0192119837700056,0.0034146837861559,0.0106339413604345,0.0108497008511247,0.9800234571329391,0.3216304015681504,0.0005246639059446,-0.0192119837700056,0.0197366476759502,1824.1027587890624,1833.470703125,1842.2384399414063,0.9948905950228872,0.9952407155196016,-0.0099042880482357,0.6652808064692142,7301268.3,2.041964544707658,0.0026117612420184,-0.0017380586300201,0.0011336999861455,0.0060976039404114,-0.0309339566064617,-0.0032556472657548,-0.003785781270709,4,9,0,0,0,xg_INFY.NS,1,2.5036043149021387
2024-09-30,1801.179931640625,1825.8122145485347,1796.282312853667,1805.40537191387,6986955,45.19359411347933,1837.9698120117191,1826.458966291621,6.515824983123821,15.25175959799074,1793.2432988231124,1837.9698120117191,1882.696325200326,-0.0163366503956815,-0.0109941551512066,-0.0382771190208865,-0.0164715648536386,0.0113676776160401,0.0110109885390806,1.0323001677396642,-1.4369877436432874,-0.0109941551512066,-0.0382771190208865,0.0272829638696799,1820.0982421875,1826.301904296875,1837.969812011719,0.9966031563046728,0.9936517413732312,-0.0099221457613843,-0.5313577479163328,7842945.7,0.8908585201602389,0.0034205204604103,0.0026117612420184,-0.0017380586300201,-0.0048800546674977,0.0010834731845426,0.0031634313559849,0.0093157181912724,0,9,0,1,1,xg_INFY.NS,0,0.0
2024-10-01,1828.7890625,1833.2065199774477,1800.6036370139675,1800.6036370139675,4029072,52.23254727841395,1836.1980102539064,1826.6808802162288,6.172921384360279,13.435991955264647,1793.0718790315398,1836.1980102539064,1879.324141476273,0.0153283580248571,0.0030285470773867,-0.0246857094644827,0.0152120656203562,0.0128457644240662,0.0114342282739828,1.1233500649298396,1.1931687636570996,0.0030285470773867,-0.0246857094644827,0.0277142565418695,1821.2026123046876,1821.67314453125,1836.1980102539064,0.9997417032644,0.9920897062073128,-0.0081996323450882,-0.4233436454077635,7966540.2,0.505749283735428,-0.0163366503956815,0.0034205204604103,0.0026117612420184,0.0011336999861455,0.0060976039404114,0.0011793358254901,-0.0011243033178115,1,10,1,0,0,xg_INFY.NS,1,2.5036043149021387
2024-10-03,1818.2735595703125,1835.991452228292,1806.3655442331449,1814.528280610594,7503887,49.61867757422099,1834.8031433105473,1825.8801830118557,4.995074497669066,11.747808463745532,1791.2328382845335,1834.8031433105473,1878.3734483365608,-0.0057499813102078,-0.0010025321515508,0.0006606445496522,-0.0057665760964571,0.0082986596813005,0.0113082253281436,0.7337955908128285,-0.6927972388027881,-0.0010025321515508,0.0006606445496522,-0.001663176701203,1820.8376708984376,1821.7931884765624,1834.8031433105468,0.9994755071079588,0.9929093456802618,-0.0076806222796363,0.8624355682896707,8078382.1,0.9288848815407076,0.0153283580248571,-0.0163366503956815,0.0034205204604103,-0.0017380586300201,-0.0048800546674977,-0.0309339566064617,0.0210977935883571,3,10,0,0,1,xg_INFY.NS,1,2.5036043149021387
2024-10-04,1842.04150390625,1876.565029844856,1811.1671309069884,1814.5763205944831,10001483,55.08932322368851,1834.082897949219,1827.4193564303696,5.911354410989361,10.5805176531943,1791.555254221846,1834.082897949219,1876.610541676592,0.0130717098155208,0.0094197095801931,0.01264381769705,0.012987012312438,0.0092664648984759,0.011646603327571,0.7955683789935823,1.4104946669580125,0.0094197095801931,0.01264381769705,-0.0032241081168569,1824.2755859375,1824.0931518554687,1834.0828979492187,1.000100013577621,0.994553274497614,-0.005324153658276,0.3328402999672037,8280873.4,1.207781174386604,-0.0057499813102078,0.0153283580248571,-0.0163366503956815,0.0026117612420184,0.0011336999861455,0.0010834731845426,-0.0032556472657548,4,10,0,0,1,xg_INFY.NS,1,2.5036043149021387
2024-10-07,1857.55078125,1864.9452133204372,1840.0249057901144,1846.8911139011775,6112575,58.27328497583176,1835.641021728516,1830.2890159370008,7.799078981200637,10.024229918795568,1792.0307088807906,1835.641021728516,1879.251334576241,0.008419613407657,0.014448690798017,0.0149809354105114,0.0083843661699045,0.0094278437921771,0.01117245688034,0.8437714391475067,0.8929635057314899,0.014448690798017,0.0149809354105114,-0.0005322446124944,1829.5669677734377,1826.83486328125,1835.6410217285156,1.0014955399347265,0.9952026794220508,-0.0032699261933451,-0.3888331360459244,7367833.5,0.8296299040958472,0.0130717098155208,-0.0057499813102078,0.0153283580248571,0.0034205204604103,-0.0017380586300201,0.0060976039404114,0.0031634313559849,0,10,0,0,1,xg_INFY.NS,0,0.0
2024-10-08,1871.2353515625,1880.2622839615103,1830.7096956078071,1861.007899519078,5637391,60.90684516491477,1838.229089355469,1834.1886669489531,10.280833709500484,10.075550676936553,1792.563361335516,1838.229089355469,1883.8948173754216,0.0073669966122225,0.0388941819144432,0.0274724180927901,0.007339992836064,0.0092974762946328,0.0112042428115398,0.8297434023524829,0.7922799799441151,0.0388941819144432,0.0274724180927901,0.0114217638216531,1843.5780517578123,1831.838146972656,1838.229089355469,1.0064088111739338,0.996523315608582,0.0028585193187363,-0.0777387598516173,7567905.4,0.7449076992954028,0.008419613407657,0.0130717098155208,-0.0057499813102078,-0.0163366503956815,0.0026117612420184,-0.0048800546674977,0.0011793358254901,1,10,0,0,1,xg_INFY.NS,1,2.5036043149021387
2024-10-09,1875.2686767578125,1898.5564839074104,1867.922190438456,1875.07665925967,4857163,61.67461723771915,1840.1713378906252,1838.1010488355112,12.42981468076323,10.546403477701888,1791.616043447474,1840.1713378906252,1888.7266323337765,0.0021554344791234,0.0254155141294829,0.0285210332879068,0.0021531148628151,0.0092833097660253,0.0110535181790086,0.8397751594143059,0.2321588285443682,0.0254155141294829,0.0285210332879068,-0.0031055191584239,1852.873974609375,1837.0382934570312,1840.171337890625,1.0086202237638409,0.99829741700184,0.0067737689410521,-0.138402321215612,7325860.1,0.6630160737029823,0.0073669966122225,0.008419613407657,0.0130717098155208,0.0153283580248571,0.0034205204604103,0.0011336999861455,-0.0309339566064617,2,10,0,0,0,xg_INFY.NS,1,2.5036043149021387
2024-10-10,1842.85791015625,1886.0723999723164,1838.1523089309171,1880.214459242611,4782119,52.71522759131646,1840.5962829589848,1838.55408324701,11.386364662331516,10.714395714627813,1792.1064535914904,1840.5962829589848,1889.0861123264788,-0.017283265594559,0.0135207105974455,0.012504623498809,-0.0174343647514803,0.0112344007818167,0.0117910444103113,0.9527101824678528,-1.5382865222333733,0.0135207105974455,0.012504623498809,0.0010160870986364,1857.7908447265625,1839.3142578125,1840.5962829589844,1.0100453670902527,0.999303472924316,0.0093303784696673,-0.0154501712213487,7377237.9,0.6482262148546615,0.0021554344791234,0.0073669966122225,0.008419613407657,-0.0057499813102078,-0.0163366503956815,-0.0017380586300201,0.0010834731845426,3,10,0,0,1,xg_INFY.NS,1,2.5036043149021387
2024-10-11,1858.319091796875,1869.7469471224404,1834.3110416283791,1841.8976089269856,4709431,55.99899663195446,1839.8592407226563,1840.436465013664,11.672458315378435,10.906008234777936,1793.0272984124176,1839.8592407226563,1886.691183032895,0.0083897849939575,0.0088367107126015,0.0183396595413516,0.0083547863655608,0.0114557430029143,0.0109215063478902,1.048819990397817,0.7323010555289098,0.0088367107126015,0.0183396595413516,-0.0095029488287501,1861.0463623046876,1842.6609741210937,1839.8592407226563,1.0099776293316047,1.001522797688228,0.0114012290330315,-0.0151999563373474,6952900.7,0.6773332747293979,-0.017283265594559,0.0021554344791234,0.0073669966122225,0.0130717098155208,0.0153283580248571,0.0026117612420184,0.0060976039404114,4,10,0,0,1,xg_INFY.NS,1,2.5036043149021387
2024-10-14,1881.1746826171875,1891.354071794841,1854.477685639696,1855.4860705732617,3751378,60.379333684281654,1840.5698791503903,1844.3162952616187,13.586824310521251,11.4421714499266,1791.6227388223635,1840.5698791503903,1889.5170194784175,0.0122990668939491,0.0127177687983799,0.0273502147054052,0.0122240478538433,0.0119230792128177,0.0112516330124891,1.059581273074891,1.0314479360996056,0.0127177687983799,0.0273502147054052,-0.0146324459070252,1865.771142578125,1847.6690551757813,1840.5698791503903,1.009797256360188,1.003857053245198,0.0133965567688127,-0.2034328563259553,5837145.4,0.6426733862067847,0.0083897849939575,-0.017283265594559,0.0021554344791234,0.008419613407657,-0.0057499813102078,0.0034205204604103,-0.0048800546674977,0,10,0,0,0,xg_INFY.NS,1,2.5036043149021387
2024-10-15,1881.558837890625,1912.433094709219,1874.3083602991192,1882.2310163628915,5353705,60.450599929797505,1841.004425048828,1847.8632040834289,14.962492968864352,12.146235753714151,1790.7140852983036,1841.004425048828,1891.2947647993528,0.0002042103144312,0.0055169363487628,0.0446256949891652,0.0002041894663431,0.0099650853740492,0.0112333759845109,0.8870172573704447,0.0204905242898119,0.0055169363487628,0.0446256949891652,-0.0391087586404024,1867.83583984375,1855.706945800781,1841.004425048828,1.0065359964677691,1.0079861409086854,0.0142602050250003,0.4271302438730515,5673820.4,0.9435802726499866,0.0122990668939491,0.0083897849939575,-0.017283265594559,0.0073669966122225,0.0130717098155208,-0.0163366503956815,0.0011336999861455,1,10,0,0,0,xg_INFY.NS,1,2.5036043149021387
2024-10-16,1843.914306640625,1881.799081066025,1840.313099027572,1877.4295689381304,3111512,50.80651010436228,1839.446307373047,1847.4871186126857,12.866800758519505,12.290348754675222,1791.7359810387566,1839.446307373047,1887.1566337073373,-0.020007097568207,-0.0167199348582928,0.0082706335305551,-0.0202099497602832,0.0117689390629463,0.0121100390936116,0.9717530405094876,-1.6998471666852208,-0.0167199348582928,0.0082706335305551,-0.0249905683888479,1861.5649658203124,1857.219470214844,1839.446307373047,1.0023397857254672,1.0096622351903162,0.0119954915299523,-0.4188114586067032,5582064.4,0.5574124153779814,0.0002042103144312,0.0122990668939491,0.0083897849939575,0.0021554344791234,0.008419613407657,0.0153283580248571,-0.0017380586300201,2,10,0,0,1,xg_INFY.NS,1,2.5036043149021387
2024-10-17,1890.0096435546875,1899.516854492198,1853.5654717255,1858.415027332384,8162822,59.356921498421585,1843.093133544922,1851.5368828928763,14.7553673474506,12.783352473230298,1791.5844995825807,1843.093133544922,1894.6017675072633,0.0249986329343268,0.0255862012684633,0.0394528554885478,0.0246912788668733,0.0137006351434691,0.011201141720442,1.2230371196311338,1.824499971906076,0.0255862012684633,0.0394528554885478,-0.0138666542200844,1870.9953125,1864.3930786132812,1843.0931335449216,1.003541224199153,1.0115566298201069,0.0147629823214025,1.6234261670853272,5647957.9,1.4452696256816209,-0.020007097568207,0.0002042103144312,0.0122990668939491,-0.017283265594559,0.0073669966122225,-0.0057499813102078,0.0026117612420184,3,10,0,0,0,xg_INFY.NS,1,2.5036043149021387
2024-10-18,1805.0211181640625,1859.9995499352583,1795.0818094027522,1818.657760223304,10526196,44.12767523693821,1842.3920959472655,1847.1068100615607,9.287149773743296,12.0841119333329,1789.1526210228328,1842.3920959472655,1895.6315708716984,-0.0449672443103414,-0.028680743725921,-0.0200974764486476,-0.0460096399381342,0.0201757326975026,0.0153650183461746,1.3130098014314378,-2.2286682876017556,-0.028680743725921,-0.0200974764486476,-0.0085832672772733,1860.3357177734376,1860.6910400390625,1842.3920959472655,0.9998090374715742,1.0099321659770737,0.0099409484163945,0.2895290378744017,5700429.2,1.846562009751503,0.0249986329343268,-0.020007097568207,0.0002042103144312,0.0083897849939575,0.0021554344791234,0.0130717098155208,0.0034205204604103,4,10,0,0,0,xg_INFY.NS,1,2.5036043149021387
2024-10-21,1779.2364501953125,1823.4593218230411,1765.071701772492,1816.0647726492864,4654601,40.71461969247273,1839.847235107422,1840.6429662647752,2.840200671209004,10.23532968090812,1779.7202848410234,1839.847235107422,1899.9741853738203,-0.0142849674772649,-0.0541886053240165,-0.0421599946796541,-0.0143879798206256,0.0201701128625723,0.0155944660485556,1.2933318439970776,-0.7081893584449083,-0.0541886053240165,-0.0421599946796541,-0.0120286106443624,1839.9480712890625,1852.8596069335936,1839.847235107422,0.993031562890024,1.00707252840229,5.667385109461953e-05,-0.5578078728535931,5554631.8,0.8379675138861881,-0.0449672443103414,0.0249986329343268,-0.020007097568207,0.0122990668939491,-0.017283265594559,0.008419613407657,-0.0163366503956815,0,10,0,0,0,xg_INFY.NS,1,2.5036043149021387
2024-10-22,1778.1319580078125,1803.2924614363872,1773.6664378494722,1784.4700589292672,4125240,40.569868650779675,1837.6937072753908,1834.6895369069691,-2.3313024260326074,7.722003259519976,1771.9336419843703,1837.6937072753908,1903.453772566411,-0.0006207675137156,-0.0549687194468827,-0.0497550420244814,-0.0006209602696438,0.0198201033807052,0.0155719596228735,1.272725535844417,-0.0313185145040881,-0.0549687194468827,-0.0497550420244814,-0.0052136774224013,1819.2626953125,1843.549267578125,1837.6937072753904,0.986826187565071,1.0031863635814566,-0.0103653791721624,-0.1137285451534944,5403416.7,0.7634502813746044,-0.0142849674772649,-0.0449672443103414,0.0249986329343268,0.0002042103144312,0.0083897849939575,0.0073669966122225,0.0153283580248571,1,10,0,0,1,xg_INFY.NS,1,2.5036043149021387
2024-10-23,1799.0672607421875,1811.167294513619,1770.8337704576425,1772.0341729593083,4311910,44.591040129015674,1836.483709716797,1831.29693917699,-4.686429678097284,5.240316671996524,1768.7451548704926,1836.483709716797,1904.2222645631016,0.0117737621440821,-0.0243216540686985,-0.0406349324553168,0.0117049906794912,0.0204253002221605,0.0158311456547202,1.290115734633281,0.576402090247784,-0.0243216540686985,-0.0406349324553168,0.0163132783866182,1810.2932861328125,1835.9291259765623,1836.483709716797,0.9860365852466588,0.9996980186988318,-0.0145577789977568,0.0452507005653004,5348891.4,0.8061315284881636,-0.0006207675137156,-0.0142849674772649,-0.0449672443103414,-0.020007097568207,0.0122990668939491,0.0021554344791234,-0.0057499813102078,2,10,0,0,0,xg_INFY.NS,1,2.5036043149021387
2024-10-24,1789.4158935546875,1809.2465653946333,1786.198838446931,1787.5433126309072,2906475,43.14180616572051,1834.949591064453,1827.3082681653425,-7.248117874266654,2.7426297627438885,1764.3204524800792,1834.949591064453,1905.5787296488268,-0.0053646505598231,-0.0532239347788753,-0.0289995318179637,-0.0053790919695382,0.0199018449387882,0.0158662316734489,1.2542732940674512,-0.2695418959612207,-0.0532239347788753,-0.0289995318179637,-0.0242244029609115,1790.1745361328126,1830.5849243164064,1834.9495910644532,0.977924876553496,0.9976213696717876,-0.0250221623116885,-0.3259425637362561,5161327.0,0.5631255295390966,0.0117737621440821,-0.0006207675137156,-0.0142849674772649,0.0249986329343268,0.0002042103144312,-0.017283265594559,0.0130717098155208,3,10,0,0,0,xg_INFY.NS,1,2.5036043149021387
2024-10-25,1788.1676025390625,1801.900136615198,1773.1385399992107,1789.5119595392343,4689120,42.94738688394538,1833.1153747558592,1823.580585724744,-9.27211767736344,0.3396802747224228,1759.538258808875,1833.1153747558592,1906.692490702843,-0.0006975969198224,-0.009337018528704,-0.0377499696190392,-0.000697840353772,0.0195404603430716,0.0158468048919172,1.2330073771313093,-0.0356983003099733,-0.009337018528704,-0.0377499696190392,0.0284129510903351,1786.8038330078125,1823.569775390625,1833.1153747558592,0.9798384778696296,0.9947926903583436,-0.0258988820076418,0.6133357417490259,5159295.9,0.9088682042832804,-0.0053646505598231,0.0117737621440821,-0.0006207675137156,-0.0449672443103414,-0.020007097568207,0.0083897849939575,0.008419613407657,4,10,0,0,1,xg_INFY.NS,1,2.5036043149021387
2024-10-28,1791.336669921875,1807.2300463621357,1783.3180044404317,1785.9108270230458,7018940,43.64176923561965,1831.1275146484377,1820.5097366006617,-10.499404254068397,-1.828136631035741,1755.2094093174474,1831.1275146484377,1907.0456199794276,0.0017722429252786,0.006800793523106,-0.0477563373170243,0.001770674355769,0.0188563635932682,0.0158274586897877,1.1912949935822943,0.0939814792514965,0.006800793523106,-0.0477563373170243,0.0545571308401303,1789.223876953125,1814.5859741210936,1831.1275146484377,0.9860232044501208,0.9909664726268288,-0.0233923853616751,0.4968565530419353,5486052.1,1.2794154834947191,-0.0006975969198224,-0.0053646505598231,0.0117737621440821,-0.0142849674772649,0.0249986329343268,0.0122990668939491,0.0073669966122225,0,10,0,0,0,xg_INFY.NS,1,2.5036043149021387
2024-10-29,1786.4317626953125,1798.378144066303,1776.4277753656768,1792.9391324904534,4621252,42.7740337685648,1830.3901062011716,1817.2642152763424,-11.732576886322704,-3.809024682093134,1752.9754591493404,1830.3901062011716,1907.804753253003,-0.0027381269578857,0.0046677102057144,-0.0505575872939255,-0.0027418824844769,0.0187938527463668,0.0154197189481592,1.218740371933846,-0.1456849380432135,0.0046677102057144,-0.0505575872939255,0.05522529749964,1790.883837890625,1805.0732666015624,1830.390106201172,0.9921391397382712,0.986168609896962,-0.0221146248826996,-0.3416025781670736,5412806.8,0.8537625987314282,0.0017722429252786,-0.0006975969198224,-0.0053646505598231,-0.0006207675137156,-0.0449672443103414,0.0002042103144312,0.0021554344791234,1,10,0,0,0,xg_INFY.NS,1,2.5036043149021387
2024-10-30,1750.301025390625,1786.1404080241402,1744.7163014394891,1779.3416136488445,5919715,36.946451148598754,1826.465704345703,1810.8867686205597,-15.447257259131677,-6.136671197500842,1741.154435364723,1826.465704345703,1911.776973326683,-0.0202250867114983,-0.0271063991967951,-0.0507687808011813,-0.0204324140159384,0.0188132923585906,0.0155722139687316,1.2080545734724095,-1.0749852466422165,-0.0271063991967951,-0.0507687808011813,0.0236623816043861,1781.1305908203126,1795.7119384765624,1826.4657043457032,0.9918799071589288,0.9831621443556436,-0.0259013237538799,0.2809764539999118,5693627.1,1.0397089405449402,-0.0027381269578857,0.0017722429252786,-0.0006975969198224,0.0117737621440821,-0.0142849674772649,-0.020007097568207,-0.017283265594559,2,10,0,0,0,xg_INFY.NS,1,2.5036043149021387
2024-10-31,1706.740234375,1736.5092654474463,1696.2992285309076,1736.5092654474463,7395236,31.39319869724595,1820.8890380859375,1800.9680510733635,-21.656517150651325,-9.240640388130938,1720.1385357085371,1820.8890380859375,1921.639540463338,-0.0248875995521418,-0.0462025957618223,-0.0969674465972557,-0.0252025321181834,0.0164271616840829,0.016377140913577,1.0029930607365314,-1.5149351479937758,-0.0462025957618223,-0.0969674465972557,0.0507648508354333,1764.595458984375,1777.3849975585938,1820.8890380859375,0.9928042947409894,0.9761083516801916,-0.0329830972328234,0.24925541178925,5616868.5,1.316611916408348,-0.0202250867114983,-0.0027381269578857,0.0017722429252786,-0.0053646505598231,-0.0006207675137156,0.0249986329343268,0.0083897849939575,3,10,0,1,1,xg_INFY.NS,1,2.5036043149021387
2024-11-01,1710.236572265625,1715.2385657478123,1701.6895882617994,1713.7816813488191,371966,32.27310849515857,1814.2987915039064,1792.326957853579,-25.995613847596587,-12.59163508002407,1702.7134999851812,1814.2987915039064,1925.8840830226316,0.0020485471779514,-0.0435815021828945,-0.0525115994182081,0.0020464517663922,0.0112167172110866,0.0159875407427026,0.7015472763645468,0.1826171171374186,-0.0435815021828945,-0.0525115994182081,0.0089300972353135,1749.0092529296876,1767.90654296875,1814.2987915039064,0.989310922506498,0.9744296536202284,-0.0381757352362817,-0.9497019432510336,4601445.5,0.0808367718361369,-0.0248875995521418,-0.0202250867114983,-0.0027381269578857,-0.0006975969198224,0.0117737621440821,-0.0449672443103414,0.0122990668939491,4,11,1,0,1,xg_INFY.NS,1,2.5036043149021387
2024-11-04,1712.9561767578125,1716.2098616116575,1668.618303479812,1674.9314693544443,7336722,32.99300187684611,1807.0690612792969,1784.7678358444584,-28.88199621366016,-15.849707306751288,1688.7494423518197,1807.0690612792969,1925.388680206774,0.0015901919864715,-0.0437553110368029,-0.0372520883495974,0.0015889289699764,0.0109269682756497,0.0157894084705807,0.6920003555327836,0.1455157945521246,-0.0437553110368029,-0.0372520883495974,-0.0065032226872054,1733.333154296875,1761.278515625,1807.0690612792969,0.9841334796965894,0.9746603233736512,-0.0430459973132442,18.72417371480189,4869657.6,1.5066196851290927,0.0020485471779514,-0.0248875995521418,-0.0202250867114983,0.0017722429252786,-0.0053646505598231,-0.0142849674772649,0.0002042103144312,0,11,0,0,0,xg_INFY.NS,1,2.5036043149021387
2024-11-05,1703.7777099609375,1717.6181118779048,1694.842199656711,1709.4110437798347,3160880,31.765800274780183,1798.6961791992187,1777.0544905222184,-31.546452726837742,-18.98905639076858,1675.8805575099668,1798.6961791992187,1921.5118008884704,-0.0053582613037115,-0.046267679773936,-0.0418159336892972,-0.0053726682730603,0.0108795462412565,0.0155652785127386,0.6989176142745526,-0.49246252760677,-0.046267679773936,-0.0418159336892972,-0.0044517460846388,1716.80234375,1753.8430908203125,1798.6961791992187,0.9788802389083806,0.9750635549807668,-0.0480660328929272,-0.5691699917210984,4773221.6,0.6622110316435629,0.0015901919864715,0.0020485471779514,-0.0248875995521418,-0.0027381269578857,-0.0006975969198224,-0.0006207675137156,-0.020007097568207,1,11,0,0,1,xg_INFY.NS,1,2.5036043149021387
2024-11-06,1771.2801513671875,1774.679548579323,1711.985022561022,1713.296194916247,10421494,47.29309010730971,1793.4967529296875,1776.5045534598346,-27.8896760055884,-20.769180313732544,1675.6252118343175,1793.4967529296875,1911.3682940250576,0.0396192772165082,0.0119860102189452,-0.0154452865556213,0.0388545665302757,0.0171697201363439,0.0184102731084592,0.9325656099498736,2.307374233690354,0.0119860102189452,-0.0154452865556213,0.0274312967745666,1720.9981689453125,1751.0643798828123,1793.4967529296875,0.9828297512741866,0.9763409813942728,-0.0409300493365863,2.297022980942016,5384180.0,1.9355768194967595,-0.0053582613037115,0.0015901919864715,0.0020485471779514,-0.0202250867114983,0.0017722429252786,0.0117737621440821,0.0249986329343268,2,11,0,0,0,xg_INFY.NS,1,2.5036043149021387
2024-11-07,1751.2237548828125,1773.22261567757,1735.6350435250165,1760.8390975998177,4550965,44.083237101933854,1788.9150451660155,1774.096858357261,-26.306789393612917,-21.87670212970862,1672.0023764081325,1788.9150451660155,1905.827713923899,-0.0113231080181721,0.0260634393048699,-0.0213433550073181,-0.0113877024753463,0.0174231826115122,0.0182087017283843,0.9568076880882644,-0.6498501691947894,0.0260634393048699,-0.0213433550073181,0.047406794312188,1729.894873046875,1747.245166015625,1788.9150451660155,0.9900699150261122,0.97670661932047,-0.0337022450469729,-0.5633097327504099,5548629.0,0.8201963043481876,0.0396192772165082,-0.0053582613037115,0.0015901919864715,-0.0248875995521418,-0.0027381269578857,-0.0053646505598231,-0.0449672443103414,3,11,0,0,1,xg_INFY.NS,1,2.5036043149021387
2024-11-08,1777.3504638671875,1787.694367437014,1761.0334287500186,1765.7439982122546,4210960,48.94447304916507,1784.866613769531,1774.4067255486823,-22.68266168013656,-22.03789403979421,1672.5561985728257,1784.866613769531,1897.177028966237,0.0149191152252976,0.0392424607740984,-0.0060492867986845,0.0148089198851746,0.0182358037235668,0.0184688012935974,0.9873308019771858,0.818077304084714,0.0392424607740984,-0.0060492867986845,0.0452917475727829,1743.3176513671874,1746.1634521484375,1784.866613769531,0.9983702552142248,0.9783159361475448,-0.0233769103207372,-0.0747105284263887,5500813.0,0.7655159337354741,-0.0113231080181721,0.0396192772165082,-0.0053582613037115,0.0020485471779514,-0.0202250867114983,-0.0006975969198224,-0.0142849674772649,4,11,0,0,1,xg_INFY.NS,1,2.5036043149021387
2024-11-11,1806.6337890625,1814.306737413767,1770.163186757311,1776.427742360696,3804234,53.79323243458372,1781.1395690917968,1777.4759696928556,-17.24876175593363,-21.080067583022096,1677.6880925208775,1781.1395690917968,1884.591045662716,0.0164758306201453,0.0546876876219888,0.0085394998034022,0.0163415767451944,0.0190118973903357,0.0186623437469855,1.0186758411609107,0.8665607498897041,0.0546876876219888,0.0085394998034022,0.0461481878185865,1762.053173828125,1747.6931640625,1781.1395690917968,1.0082165508573857,0.9812219066884516,-0.0105646176769317,-0.0965874764899215,5179342.4,0.7345013529129228,0.0149191152252976,-0.0113231080181721,0.0396192772165082,0.0015901919864715,-0.0248875995521418,0.0017722429252786,-0.0006207675137156,0,11,0,0,1,xg_INFY.NS,1,2.5036043149021387
2024-11-12,1815.083740234375,1826.9330191433785,1807.5078940062876,1817.3175584882076,5012450,55.11781890971632,1777.8158142089844,1781.0576621253813,-12.120795490998944,-19.288213164617467,1684.139194309082,1777.8158142089844,1871.492434108887,0.0046771798595994,0.0653289625886639,0.0160386632937119,0.004666275840699,0.0189939769365373,0.0187150303364821,1.0148507239547162,0.2462324579401193,0.0653289625886639,0.0160386632937119,0.0492902992949519,1784.3143798828123,1750.5583618164062,1777.8158142089844,1.0192830006715003,0.98466801106463,0.0035803117673176,0.3175977082377161,5218462.2,0.9605224313015124,0.0164758306201453,0.0149191152252976,-0.0113231080181721,-0.0053582613037115,0.0020485471779514,-0.0027381269578857,0.0117737621440821,1,11,0,0,0,xg_INFY.NS,1,2.5036043149021387
2024-11-13,1814.6953125,1819.3572716489664,1802.943134866599,1807.605094015565,4257495,55.03971161545064,1776.354864501953,1784.261247875345,-7.99601506860995,-17.029773545415964,1686.1724557704583,1776.354864501953,1866.5372732334476,-0.000213999897506,0.0245106123383711,0.0367904070072768,-0.000214022798751,0.017409143551736,0.0182085770913782,0.9560432658251472,-0.0122916790932889,0.0245106123383711,0.0367904070072768,-0.0122797946689057,1792.997412109375,1756.9977905273438,1776.3548645019532,1.0204892810771415,0.9891029239925904,0.009170987268653,-0.1506159662440522,5052240.2,0.8426944942164779,0.0046771798595994,0.0164758306201453,0.0149191152252976,0.0396192772165082,0.0015901919864715,-0.0202250867114983,-0.0053646505598231,2,11,0,0,0,xg_INFY.NS,1,2.5036043149021387
2024-11-14,1810.9559326171875,1822.0767695268305,1802.6516440521305,1811.975680567675,4311431,54.24278996050472,1772.4021789550782,1786.8035988031395,-4.971524926978418,-14.618123821728457,1697.5711859888816,1772.4021789550782,1847.2331719212748,-0.0020606103168145,0.0341088210845861,0.0610612535775549,-0.002062736295298,0.0144876694248992,0.0171794612361073,0.8432642887637531,-0.1422221914507457,0.0341088210845861,0.0610612535775549,-0.0269524324929688,1804.94384765625,1767.4193603515623,1772.4021789550782,1.0212312302029007,0.9971886636889302,0.0179693321715138,0.0126684822882938,4743859.7,0.908844542767378,-0.000213999897506,0.0046771798595994,0.0164758306201453,-0.0113231080181721,-0.0053582613037115,-0.0248875995521418,-0.0006975969198224,3,11,0,0,0,xg_INFY.NS,1,2.5036043149021387
2024-11-18,1759.3822021484375,1796.047127993138,1743.4050832115963,1796.047127993138,4839244,44.64218566065963,1770.1202331542968,1784.1920372169775,-6.659398330022441,-13.026378723387252,1696.707417361283,1770.1202331542968,1843.5330489473104,-0.0284787329939143,-0.0101095771959652,0.0287361588915777,-0.0288921195076037,0.0181698623711395,0.0153016483279446,1.1873671786574995,-1.567274706738551,-0.0101095771959652,0.0287361588915777,-0.038845736087543,1801.3501953125,1772.3339233398438,1770.1202331542968,1.0163717861462456,1.0012505874708872,0.0177505274977019,0.1224217666941671,5190587.5,0.9323114194682331,-0.0020606103168145,-0.000213999897506,0.0046771798595994,0.0149191152252976,0.0396192772165082,0.0020485471779514,0.0017722429252786,0,11,0,0,1,xg_INFY.NS,1,2.5036043149021387
2024-11-19,1772.2999267578125,1806.24528689049,1768.2206977377823,1773.0283689800722,4669769,47.16464037154488,1769.773406982422,1783.0594552684856,-6.8754419296078595,-11.796191364631376,1696.4764807657957,1769.773406982422,1843.0703331990485,0.0073421935231587,-0.0190043286650273,0.0346440561674628,0.0073153708318685,0.0182118086466039,0.0150886639042689,1.2069061817507845,0.4031335125528741,-0.0190043286650273,0.0346440561674628,-0.0536483848324901,1794.4834228515624,1778.2682983398438,1769.773406982422,1.0091184915835574,1.0047999881362817,0.0139423443493247,-0.0350209660847851,4923892.2,0.9483897718148768,-0.0284787329939143,-0.0020606103168145,-0.000213999897506,0.0164758306201453,-0.0113231080181721,0.0015901919864715,-0.0027381269578857,1,11,0,0,1,xg_INFY.NS,1,2.5036043149021387
2024-11-21,1781.3326416015625,1813.3354888516371,1768.26917339711,1789.0540816629436,5436504,48.9174469683004,1769.9334411621094,1782.8949968240167,-6.245795794401374,-10.686112250585376,1696.545753356665,1769.9334411621094,1843.3211289675537,0.0050966062275217,-0.0185947887057014,0.0455193956272634,0.0050836624907937,0.0179410375329772,0.0151321269755887,1.1855472806061764,0.2840595009432023,-0.0185947887057014,0.0455193956272634,-0.0641141843329649,1787.733203125,1786.0237915039063,1769.9334411621094,1.0009571046193368,1.0090909352677309,0.0099923852217108,0.1641912051752452,5151454.6,1.055333769222958,0.0073421935231587,-0.0284787329939143,-0.0020606103168145,0.0046771798595994,0.0149191152252976,-0.0053582613037115,-0.0202250867114983,3,11,0,0,1,xg_INFY.NS,1,2.5036043149021387
2024-11-22,1847.572265625,1859.0331371970144,1781.2840242640295,1800.80625185363,6301486,59.52239183827661,1772.3586914062498,1789.0547367098247,-0.3972335635876334,-8.628336513185827,1692.0386784678594,1772.3586914062498,1852.67870434464,0.0371854321177669,0.0181170651064874,0.0430717378043927,0.0365107291901436,0.0174222777682749,0.0170947976954263,1.0190970950092602,2.134238609538538,0.0181170651064874,0.0430717378043927,-0.0249546726979053,1794.30859375,1793.6530029296875,1772.35869140625,1.0003655059363443,1.0120146737941302,0.011880402597581,0.1591062933090825,4739453.8,1.3295806364857212,0.0050966062275217,0.0073421935231587,-0.0284787329939143,-0.000213999897506,0.0164758306201453,0.0396192772165082,-0.0248875995521418,4,11,0,0,0,xg_INFY.NS,1,2.5036043149021387
2024-11-25,1835.383056640625,1864.1323391283015,1827.904430253904,1860.927145784527,12764638,57.17032931432773,1774.6570495605467,1793.4669576556153,3.217141639163401,-6.259240882715982,1689.780458359011,1774.6570495605467,1859.5336407620823,-0.006597419333014,0.0134885248080749,0.0480574235720347,-0.0066192784997127,0.0170087395752545,0.0171229336349819,0.993272920686162,-0.3878612781709987,0.0134885248080749,0.0480574235720347,-0.0345688987639598,1799.1940185546875,1802.068933105469,1774.657049560547,0.9984046589461888,1.0154462990760438,0.0133688544771964,1.025655218467517,5560821.1,2.2954592083528285,0.0371854321177669,0.0050966062275217,0.0073421935231587,-0.0020606103168145,0.0046771798595994,-0.0113231080181721,0.0020485471779514,0,11,0,0,1,xg_INFY.NS,0,0.0
2024-11-26,1868.8427734375,1882.8773790978912,1842.7645663309452,1850.194581938472,6850495,61.65017722470574,1778.6908081054687,1800.6456067776994,8.681405697603168,-3.271111566652152,1684.0088906222386,1778.6908081054687,1873.3727255886988,0.0182303724968004,0.0622153453384926,0.0514767973060541,0.0180661916393196,0.0172572950649377,0.0175189730281292,0.9850069424895976,1.0563252295898913,0.0622153453384926,0.0514767973060541,0.0107385480324384,1821.0861328125,1811.2181640625,1778.6908081054687,1.0054482496619106,1.018287245770206,0.0226853351761905,-0.4633224224611775,5824774.6,1.1760961531453635,-0.006597419333014,0.0371854321177669,0.0050966062275217,-0.0284787329939143,-0.000213999897506,0.0149191152252976,0.0015901919864715,1,11,0,0,0,xg_INFY.NS,1,2.5036043149021387
2024-11-27,1869.1827392578125,1885.5969943515,1856.7992214996743,1874.621750796134,4447143,61.69401846260861,1782.5831115722656,1807.1729527281864,12.89071064418249,-0.0387471244852233,1679.6697270670843,1782.5831115722656,1885.4964960774469,0.0001819124782163,0.0546650208789627,0.0346218201906709,0.0001818959341477,0.0168348102384801,0.0175253591020396,0.9605423545453348,0.010805091981883,0.0546650208789627,0.0346218201906709,0.0200432006882917,1840.4626953125,1817.473059082031,1782.5831115722656,1.012649230818354,1.0195726904867803,0.0309651820149037,-0.3508289546959745,5889065.5,0.7551525789616782,0.0182303724968004,-0.006597419333014,0.0371854321177669,0.0073421935231587,-0.0020606103168145,0.0164758306201453,-0.0053582613037115,2,11,0,0,0,xg_INFY.NS,1,2.5036043149021387
2024-11-28,1803.282958984375,1859.8586361338637,1798.4266776839895,1859.8586361338637,8468790,49.807656541000966,1783.4256713867187,1806.8024771335376,10.78473392075307,2.125949084562435,1680.104500375793,1783.4256713867187,1886.7468423976443,-0.0352559323865808,0.0123224134954813,-0.0065015078855128,-0.0358924277272185,0.0208026903638817,0.0194207459920489,1.071102998278225,-1.694696074105693,0.0123224134954813,-0.0065015078855128,0.0188239213809942,1844.8527587890624,1816.2929809570312,1783.4256713867187,1.0157242130710558,1.018429312809407,0.034064031435721,0.9043214935971252,6234699.5,1.358331704679374,0.0001819124782163,0.0182303724968004,-0.006597419333014,0.0050966062275217,-0.0284787329939143,0.0046771798595994,0.0396192772165082,3,11,0,0,0,xg_INFY.NS,1,2.5036043149021387
2024-11-29,1804.448486328125,1823.0480681141644,1791.9678666332622,1797.8925063282472,5244346,49.99117330366718,1786.1330444335936,1806.578287533022,9.104825746960842,3.5217244170421167,1683.6320816653574,1786.1330444335936,1888.6340072018295,0.0006463363599944,-0.0233407808177327,-0.0056465821569564,0.0006461275746083,0.0208055859279511,0.0187906236836793,1.1071734022654414,0.0310640276224353,-0.0233407808177327,-0.0056465821569564,-0.0176941986607762,1836.2280029296876,1815.268298339844,1786.1330444335938,1.0115463397939646,1.016311916963324,0.0277619222026294,-0.380744356631821,6333384.6,0.8280479287487408,-0.0352559323865808,0.0001819124782163,0.0182303724968004,0.0371854321177669,0.0073421935231587,-0.000213999897506,-0.0113231080181721,4,11,0,0,1,xg_INFY.NS,1,2.5036043149021387
2024-12-02,1825.7677001953125,1828.6814691911163,1782.4495729417774,1805.5655210664468,2868263,53.35097929597894,1792.0844177246092,1808.4058506437168,9.38557770565194,4.694495074764082,1695.331954660798,1792.0844177246092,1888.8368807884208,0.0118148088065235,-0.0052388826466077,0.0081789773629219,0.011745558869129,0.0211403711755655,0.0178256406556598,1.1858864260470532,0.5588478017063844,-0.0052388826466077,0.0081789773629219,-0.0134178600095297,1834.304931640625,1816.749475097656,1792.0844177246097,1.0096631135902905,1.013763334544454,0.0231248005491054,-0.4530751784874606,6189067.8,0.4634402292376788,0.0006463363599944,-0.0352559323865808,0.0001819124782163,-0.006597419333014,0.0050966062275217,-0.0020606103168145,0.0149191152252976,0,12,0,0,1,xg_INFY.NS,1,2.5036043149021387
2024-12-03,1837.7139892578125,1845.144123534693,1817.3662175546283,1832.760605927078,4715792,55.168572213142134,1798.4582885742186,1811.1971019402972,10.45156224003199,5.845908507817664,1707.8052203854038,1798.4582885742186,1889.1113567630337,0.0065431593850751,-0.0166567164569066,0.044522325515014,0.0065218458391402,0.0184395574102584,0.0178343507481948,1.0338769150432756,0.3548243819048094,-0.0166567164569066,0.044522325515014,-0.0611790419719207,1828.0791748046877,1824.5826538085937,1798.4582885742188,1.0019163401497846,1.0145259778335398,0.0161183331049416,0.6441281709522453,6176722.6,0.763478029594406,0.0118148088065235,0.0006463363599944,-0.0352559323865808,0.0182303724968004,0.0371854321177669,-0.0284787329939143,0.0164758306201453,1,12,0,0,0,xg_INFY.NS,1,2.5036043149021387
2024-12-04,1834.9459228515625,1858.935905488834,1821.1055208927776,1829.8468273930628,4705573,54.63735525760242,1804.557775878906,1813.4588944080367,10.94681477171116,6.866089760596364,1722.0802694209772,1804.557775878906,1887.035282336835,-0.0015062552837005,-0.0183164629584822,0.0353472880904264,-0.0015073908266121,0.0185012155589311,0.0178675123473664,1.0354088353448132,-0.0814094549327332,-0.0183164629584822,0.0353472880904264,-0.0536637510489086,1821.2318115234375,1830.847253417969,1804.5577758789063,0.9947480916954812,1.0145683767460745,0.0090869357166772,-0.0021669742855494,6180303.0,0.7613822493815009,0.0065431593850751,0.0118148088065235,0.0006463363599944,0.0001819124782163,-0.006597419333014,0.0073421935231587,0.0046771798595994,2,12,0,0,1,xg_INFY.NS,1,2.5036043149021387
2024-12-05,1879.2352294921875,1893.8526842407528,1834.654541582606,1845.386971128795,9050038,61.09268594450884,1813.330651855469,1819.723307273194,14.743133213484498,8.441498451173992,1739.0723630415846,1813.330651855469,1887.5889406693527,0.0241365732303424,0.0421188866280806,0.0549603064605623,0.023849890019278,0.0196146849202613,0.0183014210438297,1.071698922961558,1.2304731304799594,0.0421188866280806,0.0549603064605623,-0.0128414198324817,1836.422265625,1840.6375122070312,1813.330651855469,0.9977098985791196,1.0150589526094544,0.0122877718590722,0.9232595052717278,6541656.4,1.3834474705823154,-0.0015062552837005,0.0065431593850751,0.0118148088065235,-0.0352559323865808,0.0182303724968004,0.0050966062275217,-0.000213999897506,3,12,0,0,0,xg_INFY.NS,1,2.5036043149021387
2024-12-06,1867.1431884765625,1882.2461532385448,1857.4306251975145,1877.2442779990856,3573331,58.639145754061055,1818.1238037109372,1824.2394864354196,16.584836604356724,10.07016608181054,1742.9244863350748,1818.1238037109372,1893.3231210867996,-0.0064345542409252,0.0347445231179832,0.0105927780015371,-0.0064553452201749,0.0163779178071952,0.0165381591476242,0.9902509348274716,-0.3928558844161564,0.0347445231179832,0.0105927780015371,0.0241517451164461,1848.9612060546872,1842.5946044921875,1818.1238037109376,1.0034552372762724,1.01345936989071,0.0165158208187079,-0.6051584534783169,6268840.9,0.5700146258297015,0.0241365732303424,-0.0015062552837005,0.0065431593850751,0.0006463363599944,0.0001819124782163,0.0371854321177669,-0.0020606103168145,4,12,0,0,0,xg_INFY.NS,1,2.5036043149021387
2024-12-09,1868.357177734375,1874.7188352688952,1842.6673778401905,1868.8912975545852,4274645,58.81796394098265,1823.9804748535153,1828.4411713210343,17.935608072422838,11.643254479933,1752.5695576125866,1823.9804748535153,1895.391392094444,0.000650185409081,0.0233268873879772,0.0179657979158334,0.0006499741301233,0.0161545481316108,0.016214740919433,0.9962263341449368,0.0402453326735989,0.0233268873879772,0.0179657979158334,0.0053610894721438,1857.4791015625,1845.8920166015623,1823.9804748535155,1.006277227950891,1.012013035254561,0.0179294554104509,0.1962633744257109,5419841.6,0.7887029392149046,-0.0064345542409252,0.0241365732303424,-0.0015062552837005,0.0118148088065235,-0.0352559323865808,-0.006597419333014,-0.0284787329939143,0,12,0,0,1,xg_INFY.NS,1,2.5036043149021387
2024-12-10,1892.54150390625,1909.101352624084,1876.4671647750904,1883.2659588503625,6174921,62.31348554530371,1829.7400268554684,1834.5459649005788,20.71874440929196,13.458352465804792,1755.6340945329844,1829.7400268554684,1903.8459591779524,0.0129441663832188,0.0298346287664601,0.0126809653575936,0.0128611066529913,0.0156390890617855,0.0161465602934674,0.9685109563029392,0.8276274087751947,0.0298346287664601,0.0126809653575936,0.0171536634088664,1868.4446044921872,1848.2618896484375,1829.7400268554688,1.010919834984851,1.0101226745445362,0.0204511116701173,0.444545921357212,5352284.2,1.1536982658728858,0.000650185409081,-0.0064345542409252,0.0241365732303424,0.0065431593850751,0.0006463363599944,0.0182303724968004,0.0073421935231587,1,12,0,0,1,xg_INFY.NS,1,2.5036043149021387
2024-12-11,1917.4056396484375,1921.1449526741417,1895.8922889888397,1898.806057875605,5025612,65.55095325133603,1835.2786193847655,1842.437362495613,24.64661710383052,15.69600539340994,1752.40475832518,1835.2786193847655,1918.152480444351,0.013137960615853,0.0449384996963453,0.0257989223727652,0.0130524061374917,0.0160605262327723,0.0160196175780668,1.002491080915642,0.8179770979077952,0.0449384996963453,0.0257989223727652,0.01913957732358,1884.9365478515624,1853.0841796875,1835.2786193847655,1.0171888403739078,1.009701829528589,0.0258984992220539,-0.1861252961778782,5410131.1,0.9289261031029492,0.0129441663832188,0.000650185409081,-0.0064345542409252,-0.0015062552837005,0.0118148088065235,0.0001819124782163,0.0050966062275217,2,12,0,0,1,xg_INFY.NS,1,2.5036043149021387
2024-12-12,1929.88623046875,1941.347102009896,1913.9091120699152,1918.425358927604,6462130,67.07968039133458,1841.018743896484,1850.765826112102,28.43873979770956,18.244552274269864,1748.672540183665,1841.018743896484,1933.3649476093035,0.0065091030099404,0.0269529860773467,0.0702071024703072,0.0064880102793045,0.0089665539021255,0.016034328756803,0.5591749341791012,0.7258504471768599,0.0269529860773467,0.0702071024703072,-0.0432541163929605,1895.066748046875,1865.7445068359375,1841.0187438964845,1.015716107486048,1.0134304786528796,0.0280057981123907,0.2858394161745872,5209465.1,1.2404594091625183,0.013137960615853,0.0129441663832188,0.000650185409081,0.0241365732303424,0.0065431593850751,-0.0352559323865808,0.0371854321177669,3,12,0,0,1,xg_INFY.NS,1,2.5036043149021387
2024-12-13,1942.22119140625,1948.777171484316,1897.6406217246504,1913.132112410419,5362693,68.56445678238074,1847.395037841797,1859.475860902021,32.06967338140157,21.00957649569621,1745.5768084557242,1847.395037841797,1949.2132672278697,0.0063915482388325,0.0402100938980181,0.0763516975530174,0.0063712089148975,0.0087055731010521,0.016028475000853,0.5430978307517159,0.7341060787808922,0.0402100938980181,0.0763516975530174,-0.0361416036549993,1910.0823486328125,1879.52177734375,1847.395037841797,1.0162597590820428,1.0173902921919098,0.0322760924802943,-0.1701353887959542,5221299.8,1.0270800768802766,0.0065091030099404,0.013137960615853,0.0129441663832188,-0.0064345542409252,-0.0015062552837005,0.0006463363599944,-0.006597419333014,4,12,0,0,0,xg_INFY.NS,1,2.5036043149021387
2024-12-16,1923.1361083984375,1942.1240981650324,1920.756459296608,1938.0933607570853,3119221,63.771899406949174,1853.0040466308596,1865.5387416159656,33.02649878815646,23.41296095418826,1747.3504886362953,1853.0040466308596,1958.657604625424,-0.0098264209515673,0.0293193032450513,0.0533301187181201,-0.0098750188502716,0.0100737053256644,0.0162632233474363,0.619378196577236,-0.9753556688685864,0.0293193032450513,0.0533301187181201,-0.0240108154730687,1921.038134765625,1889.2586181640625,1853.0040466308592,1.0168211574085315,1.019565295391082,0.0353766370657059,-0.4183480202950271,5246395.6,0.5945455199755438,0.0063915482388325,0.0065091030099404,0.013137960615853,0.000650185409081,0.0241365732303424,0.0118148088065235,0.0182303724968004,0,12,0,0,0,xg_INFY.NS,1,2.5036043149021387
2024-12-17,1919.7852783203125,1925.0300863243267,1901.7199339167669,1911.432497419917,5811050,62.9400619305589,1861.0242004394536,1870.7050784449507,33.13247528250804,25.35686381985222,1761.096933411221,1861.0242004394536,1960.951467467686,-0.0017423780165594,0.0143953378870849,0.0446594462153742,-0.00174389772266,0.0102942663045106,0.0145347963300253,0.7082010555724884,-0.1692406942204128,0.0143953378870849,0.0446594462153742,-0.0302641083282892,1926.4868896484377,1897.4657470703123,1861.0242004394531,1.0152946858845455,1.019581446937796,0.0340989640603244,0.8629811738251314,5355921.4,1.0849767138104218,-0.0098264209515673,0.0063915482388325,0.0065091030099404,0.0129441663832188,-0.0064345542409252,0.0065431593850751,0.0001819124782163,1,12,0,0,1,xg_INFY.NS,1,2.5036043149021387
2024-12-18,1922.261962890625,1927.8951783904936,1905.216367108079,1910.266971091808,3064095,63.320891687972875,1868.522302246094,1875.6152579159673,33.03549751266587,26.892590558414952,1774.2834511669994,1868.522302246094,1962.7611533251888,0.0012900841559111,0.0025327573580506,0.0475850753701616,0.0012892527123575,0.0101522174522742,0.0145349043346529,0.6984235186573056,0.1270616099748919,0.0025327573580506,0.0475850753701616,-0.0450523180121109,1927.458154296875,1906.197351074219,1868.5223022460937,1.0111535162981289,1.0201630180077792,0.0306596359853865,-0.4727123325388699,5191773.6,0.5901827075046974,-0.0017423780165594,-0.0098264209515673,0.0063915482388325,0.013137960615853,0.000650185409081,-0.0015062552837005,-0.0352559323865808,2,12,0,0,0,xg_INFY.NS,1,2.5036043149021387
2024-12-19,1890.259033203125,1903.4196039771016,1864.8121646312209,1878.4097533316565,5323592,55.398953172792694,1873.968621826172,1877.009903181411,30.030104612360446,27.52009336920405,1788.7916968432012,1873.968621826172,1959.1455468091433,-0.016648578760501,-0.0205334369663853,0.0058661116702865,-0.0167887240047113,0.0096592225652252,0.0152572798164089,0.6330479373459629,-1.7234156509429124,-0.0205334369663853,0.0058661116702865,-0.0263995486366718,1919.53271484375,1907.2997314453123,1873.968621826172,1.0064137708388223,1.0177863755192762,0.0241046820659113,0.7374108831482054,4819129.0,1.1046792895560371,0.0012900841559111,-0.0017423780165594,-0.0098264209515673,0.0065091030099404,0.0129441663832188,0.0241365732303424,0.0006463363599944,3,12,0,0,0,xg_INFY.NS,1,2.5036043149021387
2024-12-20,1866.9002685546875,1923.038809987995,1856.3135514684031,1918.3768510152895,11056720,50.4388112304714,1874.9350219726564,1876.0470808360087,25.469851403842767,27.110044976131796,1790.5845238643794,1874.9350219726564,1959.285520080933,-0.0123574410904176,-0.0387808161010883,-0.0001301024599368,-0.0124344291735187,0.0103006399485852,0.0133289646257999,0.7727432320899436,-1.199560570170648,-0.0387808161010883,-0.0001301024599368,-0.0386507136411514,1904.4685302734376,1907.275439453125,1874.935021972656,0.9985283147249604,1.017248820413223,0.0158195425852316,1.0769285099233752,5567467.9,1.9859512795750496,-0.016648578760501,0.0012900841559111,-0.0017423780165594,0.0063915482388325,0.013137960615853,-0.0064345542409252,0.0118148088065235,4,12,0,0,1,xg_INFY.NS,1,2.5036043149021387
2024-12-23,1868.988525390625,1884.2372017118137,1854.1282567360065,1874.5732490554924,2781793,50.86238140854811,1876.615295410156,1875.3748374602576,21.77333332249941,26.04270264540532,1794.2671033342974,1876.615295410156,1958.963487486015,0.0011185690371955,-0.0281558766284648,0.0003379159315861,0.0011179439049753,0.010304813042156,0.013220739624089,0.7793840549833068,0.1085376799113299,-0.0281558766284648,0.0003379159315861,-0.028493792560051,1893.639013671875,1907.33857421875,1876.615295410156,0.9928174469220882,1.0163716446752495,0.0091085194106051,-0.7484070321035533,5418182.7,0.5134180875811896,-0.0123574410904176,-0.016648578760501,0.0012900841559111,-0.0098264209515673,0.0065091030099404,0.000650185409081,0.0065431593850751,0,12,0,0,0,xg_INFY.NS,1,2.5036043149021387
2024-12-24,1854.1768798828125,1886.1797274213889,1787.111585198432,1871.6594932162752,2360544,47.745500613241184,1875.8820007324216,1873.355984357644,17.447516000909218,24.3236653165061,1792.983034351783,1875.8820007324216,1958.7809671130603,-0.0079249526182707,-0.0341748627715819,-0.0202714835813386,-0.0079565219562285,0.0094915890342542,0.0127094510677808,0.746754696874136,-0.8348568119480735,-0.0341748627715819,-0.0202714835813386,-0.0139033791902433,1880.517333984375,1903.5021118164063,1875.8820007324216,0.9879250053418128,1.0147237998302667,0.0024999412419844,-0.1514307498796639,5036745.0,0.4686645839722939,0.0011185690371955,-0.0123574410904176,-0.016648578760501,-0.0017423780165594,0.0063915482388325,0.0129441663832188,-0.0015062552837005,1,12,0,0,0,xg_INFY.NS,1,2.5036043149021387
2024-12-26,1852.5743408203125,1864.5693327398988,1847.6209572676305,1854.1769374713,3623321,47.40700269730112,1875.0515808105467,1871.3767802112316,13.731672920593155,22.205266837323514,1791.5395792280613,1875.0515808105467,1958.563582393032,-0.0008642859696327,-0.036252926716356,-0.033811989225197,-0.0008646596800954,0.0079105486809935,0.0127094442505484,0.6223660263214001,-0.1092435886426466,-0.036252926716356,-0.033811989225197,-0.002440937491159,1866.5798095703128,1897.0189819335935,1875.051580810547,0.9839542078106908,1.0117156249715278,-0.0045729723518048,0.5349516891021731,4896515.9,0.7399794208774568,-0.0079249526182707,0.0011185690371955,-0.0123574410904176,0.0012900841559111,-0.0098264209515673,0.013137960615853,0.0241365732303424,3,12,0,0,1,xg_INFY.NS,1,2.5036043149021387
2024-12-27,1861.655517578125,1868.8428379280151,1849.1748978049127,1854.5168074679775,3937500,49.58809885048008,1877.9702087402345,1870.4509456747453,11.388337907628738,20.04188105138456,1801.212133436004,1877.9702087402345,1954.7282840444643,0.0049019229931639,-0.0151320613326365,-0.0353547850714767,0.0048899476873884,0.0077002649629536,0.0097308911054068,0.7912403539611683,0.6365088094935373,-0.0151320613326365,-0.0353547850714767,0.0202227237388401,1860.8591064453128,1890.1959106445313,1877.9702087402345,0.9844794901766476,1.006510061686494,-0.0091913364923613,0.0867102307523954,4644052.9,0.8478585590614508,-0.0008642859696327,-0.0079249526182707,0.0011185690371955,-0.016648578760501,-0.0017423780165594,0.0065091030099404,-0.0064345542409252,4,12,0,0,0,xg_INFY.NS,1,2.5036043149021387
2024-12-30,1851.2144775390625,1860.9270403802957,1832.2749799986575,1860.6356160704356,7789055,47.16615707571743,1880.3085083007809,1868.6189010903945,8.589706564923745,17.7514461540924,1810.4407645500028,1880.3085083007809,1950.176252051559,-0.0056084704933195,-0.0084020508646498,-0.0468570285762842,-0.0056242570171285,0.0068658653186434,0.0098640725772575,0.6959771724813951,-0.8167439192512852,-0.0084020508646498,-0.0468570285762842,0.0384549777116344,1857.7219482421872,1881.0952392578124,1880.308508300781,0.9875746370902267,1.0004184052529457,-0.0122009417777564,0.9781726984126984,4886689.1,1.593932996473708,0.0049019229931639,-0.0008642859696327,-0.0079249526182707,-0.0123574410904176,0.0012900841559111,0.0063915482388325,0.000650185409081,0,12,0,0,0,xg_INFY.NS,1,2.5036043149021387
2024-12-31,1825.9617919921875,1842.473148621904,1792.0164326986576,1837.9082915665465,3613063,41.84312759291735,1880.3182128906249,1864.5563192715176,4.284699041231306,15.05809673152018,1810.4823201117397,1880.3182128906249,1950.1541056695096,-0.0136411452337197,-0.023021400513652,-0.0505290894294401,-0.0137350405260407,0.0072722043172867,0.0100794495221951,0.7214166690954414,-1.87553444652969,-0.023021400513652,-0.0505290894294401,0.027507688915788,1849.1166015625,1871.3778076171875,1880.318212890625,0.9881043763776206,0.9952452700760188,-0.0170877679176863,-0.5361358983856193,4936073.3,0.7319710993755437,-0.0056084704933195,0.0049019229931639,-0.0008642859696327,0.0011185690371955,-0.016648578760501,-0.0098264209515673,0.0129441663832188,1,12,0,1,1,xg_INFY.NS,0,0.0
2025-01-01,1828.3900146484375,1838.5395957247829,1820.134335963438,1820.134335963438,1838368,42.51494147850466,1879.8520141601557,1861.1119093074149,1.0567057910734547,12.257818543430837,1808.706399660162,1879.8520141601557,1950.9976286601495,0.0013298321284151,-0.0139074462173235,-0.0476070239229253,0.0013289486848044,0.0074935732372328,0.0099695972719582,0.7515671361341688,0.177439339949155,-0.0139074462173235,-0.0476070239229253,0.0336995777056018,1843.959228515625,1862.23828125,1879.852014160156,0.9901843642038626,0.9906302555852912,-0.0196308147369928,-0.4911885012799389,4538805.1,0.405033474559107,-0.0136411452337197,-0.0056084704933195,0.0049019229931639,-0.0079249526182707,-0.0123574410904176,-0.0017423780165594,0.013137960615853,2,1,1,0,1,xg_INFY.NS,1,2.5036043149021387
2025-01-02,1901.57421875,1906.2362966487788,1831.109641782825,1832.7607301511275,7083645,58.19085214081008,1883.1834289550775,1864.965462587661,4.353665186760281,10.676987872096726,1814.7015476138308,1883.1834289550775,1951.6653102963248,0.0400265826848953,0.0264496149223305,-0.0107621877454806,0.0392462731005611,0.0160927797311466,0.0134150105454668,1.199520503998433,2.4870840382779003,0.0264496149223305,-0.0107621877454806,0.0372118026678112,1853.7592041015623,1860.1695068359377,1883.1834289550784,0.9965539147315244,0.9877792456298798,-0.015473613684591,2.85322470800188,4940760.1,1.4337156341589157,0.0013298321284151,-0.0136411452337197,-0.0056084704933195,-0.0008642859696327,0.0011185690371955,0.0012900841559111,0.0065091030099404,3,1,0,0,0,xg_INFY.NS,1,2.5036043149021387
2025-01-03,1883.023193359375,1896.8149857004253,1866.754649973807,1896.8149857004253,6218003,54.1591806598779,1883.3728271484372,1866.6852464706817,5.407284736986185,9.623047245074618,1814.9159743445557,1883.3728271484372,1951.8296799523189,-0.0097556146942398,0.0114777817805131,-0.0038279620499888,-0.009803512472696,0.0154825054443249,0.0125680643992305,1.2317945833162254,-0.6300649894378696,0.0114777817805131,-0.0038279620499888,0.0153057438305019,1858.0327392578124,1859.4459228515625,1883.3728271484376,0.9992399974764616,0.9872957154568796,-0.0134571299918071,-0.1222029054251024,5030201.2,1.2361340536435723,0.0400265826848953,0.0013298321284151,-0.0136411452337197,0.0049019229931639,-0.0079249526182707,-0.016648578760501,0.0063915482388325,4,1,0,0,0,xg_INFY.NS,1,2.5036043149021387
2025-01-06,1882.1490478515625,1916.288731426852,1872.5821967516329,1895.8923485784164,7164403,53.969431981171944,1884.1231201171872,1868.157989459337,6.101416255919048,8.918721047243505,1816.087593826754,1884.1231201171872,1952.1586464076204,-0.0004642245039229,0.0167104193964728,0.008167966738084,-0.0004643322894768,0.0148971914223294,0.0124733633920208,1.1942245831846152,-0.0311597891826745,0.0167104193964728,0.008167966738084,0.0085424526583888,1864.2196533203123,1860.97080078125,1884.1231201171877,1.001745783726267,0.987711886187938,-0.0105748621872398,0.152203207364165,4640969.5,1.543729817659533,-0.0097556146942398,0.0400265826848953,0.0013298321284151,-0.0056084704933195,-0.0008642859696327,-0.0123574410904176,-0.0098264209515673,0,1,0,0,0,xg_INFY.NS,0,0.0
2025-01-07,1875.3502197265625,1902.254090611412,1868.357221729347,1889.0935202054077,4294832,52.430822648590606,1884.4727722167968,1868.8429637705012,6.033363022821732,8.34164944235915,1816.70706176192,1884.4727722167968,1952.2384826716736,-0.003612268716317,0.0270478976892996,0.0034038166898899,-0.0036188087131909,0.0149648602252016,0.0125065528885895,1.1964658761390397,-0.2413672626872577,0.0270478976892996,0.0034038166898899,0.0236440809994096,1874.0973388671875,1861.606970214844,1884.4727722167968,1.0067094552460245,0.9878662072813847,-0.0055325310656491,-0.4005317679644766,4792273.4,0.8961992861256838,-0.0004642245039229,-0.0097556146942398,0.0400265826848953,-0.0136411452337197,0.0049019229931639,0.0011185690371955,-0.0017423780165594,1,1,0,0,1,xg_INFY.NS,1,2.5036043149021387
2025-01-08,1877.5841064453125,1882.8774057609296,1834.460303784991,1874.5246254427705,5482050,52.905893997483766,1883.7249023437496,1869.6754535490547,6.089490478468406,7.891217649581003,1816.0040002031456,1883.7249023437496,1951.445804484354,0.0011911837561069,0.0269056882846376,0.0126240526545555,0.0011904748596318,0.0146735886761084,0.0121502447919649,1.2075790527906527,0.0811732296146941,0.0269056882846376,0.0126240526545555,0.0142816356300821,1883.9361572265625,1863.9476928710935,1883.72490234375,1.0107237260100792,0.9895010097026116,0.0001125142048695,0.2764294389163535,5104424.0,1.0739801395806707,-0.003612268716317,-0.0004642245039229,-0.0097556146942398,0.0013298321284151,-0.0056084704933195,-0.0079249526182707,0.0012900841559111,2,1,0,0,0,xg_INFY.NS,1,2.5036043149021387
2025-01-09,1862.1898193359375,1895.74665458795,1855.6338390718151,1878.4583629543145,6833503,49.25525499409081,1880.964111328125,1868.9625360049483,4.8360347785437625,7.280181075373555,1814.534883168211,1880.964111328125,1947.393339488039,-0.0081989866960047,-0.0207114710673517,0.0051903334207723,-0.0082327832458402,0.0149767719954516,0.0118384322271751,1.264990728277948,-0.5474103023129546,-0.0207114710673517,0.0051903334207723,-0.025901804488124,1876.05927734375,1864.909240722656,1880.964111328125,1.0059788628731192,0.9914645524022612,-0.0026339065617511,0.2465232896452969,5425442.2,1.2595292232582884,0.0011911837561069,-0.003612268716317,-0.0004642245039229,0.0400265826848953,-0.0136411452337197,-0.0008642859696327,-0.016648578760501,3,1,0,0,1,xg_INFY.NS,1,2.5036043149021387
2025-01-10,1910.4124755859375,1920.950700979764,1876.709930393327,1881.3233976824297,8036913,58.8370621442154,1879.990423583984,1872.910149298376,7.64569266574199,7.353283393447242,1816.056457253717,1879.990423583984,1943.9243899142512,0.0258956717243767,0.0145453769890635,0.0261901074325725,0.025566057099196,0.0169814121141478,0.0132313578621685,1.2833247325254018,1.5248523914222676,0.0145453769890635,0.0261901074325725,-0.011644730443509,1881.5371337890624,1869.7849365234376,1879.9904235839845,1.0062853203253823,0.9945715217840888,0.0008096210765183,0.1761044079442124,5835383.5,1.3772724620410333,-0.0081989866960047,0.0011911837561069,-0.003612268716317,-0.0097556146942398,0.0013298321284151,0.0049019229931639,-0.0123574410904176,4,1,0,0,0,xg_INFY.NS,1,2.5036043149021387
2025-01-13,1905.799072265625,1925.8070469770787,1892.9785364775744,1899.777330605508,5804152,57.71428224633861,1878.1693176269532,1876.0424276762092,9.391840401775426,7.76099479511288,1819.8725061481848,1878.1693176269532,1936.4661291057216,-0.0024148729027209,0.0125654365370577,0.0294858296479645,-0.0024177934110074,0.0168368732997726,0.0131387833899835,1.2813661230220434,-0.1434191159256153,0.0125654365370577,0.0294858296479645,-0.0169203931109067,1886.267138671875,1875.2433959960936,1878.1693176269532,1.005878566323347,0.9984421417156596,0.0042490423900223,-0.2778132598921998,5636893.2,1.029672160543856,0.0258956717243767,-0.0081989866960047,0.0011911837561069,-0.0004642245039229,0.0400265826848953,-0.0056084704933195,0.0011185690371955,0,1,0,0,0,xg_INFY.NS,1,2.5036043149021387
2025-01-14,1884.285888671875,1915.12327712042,1875.5930733895989,1912.2579998126723,5792162,52.66707867386759,1876.2268066406252,1876.8275191996056,8.936723949288535,7.996140625948011,1821.7766463755695,1876.2268066406252,1930.676966905681,-0.0112882747750396,0.0047648001164366,0.0319415756317955,-0.011352470915062,0.016592597430839,0.0131952041609251,1.257376532561605,-0.6802789342147433,0.0047648001164366,0.0319415756317955,-0.0271767755153589,1888.0542724609377,1881.0758056640625,1876.226806640625,1.003709827523092,1.0025844418202934,0.0062768956087915,-0.002065762578237,5854803.1,0.989300904072933,-0.0024148729027209,0.0258956717243767,-0.0081989866960047,-0.003612268716317,-0.0097556146942398,-0.0136411452337197,-0.0079249526182707,1,1,0,0,1,xg_INFY.NS,1,2.5036043149021387
2025-01-15,1893.60986328125,1901.7684398888912,1881.420549328485,1891.036010381721,2985439,54.52333198828581,1874.9180358886715,1878.425837683572,9.222101068466372,8.241332714451683,1823.7146902707873,1874.9180358886715,1926.121381506556,0.004948280229359,0.0085353070368059,0.0356706436319895,0.0049360777284519,0.0165850170955443,0.0132584094201366,1.250811146260949,0.2983404756460979,0.0085353070368059,0.0356706436319895,-0.0271353365951836,1891.259423828125,1887.5977905273437,1874.918035888672,1.001939837670481,1.0067628314390085,0.0086297543418666,-0.4845726000066986,5969510.2,0.5001145655131806,-0.0112882747750396,-0.0024148729027209,0.0258956717243767,0.0011911837561069,-0.0004642245039229,0.0013298321284151,-0.0008642859696327,2,1,0,0,0,xg_INFY.NS,1,2.5036043149021387
2025-01-16,1873.0191650390625,1910.41253260361,1861.7526156669912,1909.4412763032324,7533579,49.8719210937683,1872.4558959960937,1877.9109164793329,7.698029138890433,8.132671999339435,1826.35672831042,1872.4558959960937,1918.5550636817673,-0.0108737806247523,0.0058153822938344,-0.0150165338956416,-0.0109333322717901,0.0110675128193743,0.0134446418740192,0.823130120753841,-0.982406652293776,0.0058153822938344,-0.0150165338956416,0.0208319161894761,1893.42529296875,1884.74228515625,1872.4558959960937,1.0046070000555964,1.0065616440880816,0.0111955058250666,1.5234409411815149,6014503.6,1.2525687074156455,0.004948280229359,-0.0112882747750396,-0.0024148729027209,-0.0081989866960047,-0.003612268716317,0.0400265826848953,0.0049019229931639,3,1,0,0,0,xg_INFY.NS,1,2.5036043149021387
2025-01-17,1763.2672119140625,1804.5942151264312,1759.9164250856263,1797.795420989787,16409953,33.477877126742904,1866.1063049316404,1866.9924684254977,-2.33891269783021,6.038355059905506,1799.784515395329,1866.1063049316404,1932.4280944679515,-0.0585962787640301,-0.0770227715492406,-0.0635977198091033,-0.0603831971484973,0.0212390350341366,0.0183548257406374,1.157073254793224,-2.7587656362080013,-0.0770227715492406,-0.0635977198091033,-0.0134250517401373,1863.996240234375,1872.766687011719,1866.1063049316408,0.9953168502845712,1.0035691332602417,-0.0011966789168472,1.1782413113342276,7033698.6,2.333047509314327,-0.0108737806247523,0.004948280229359,-0.0112882747750396,0.0258956717243767,0.0011911837561069,-0.0097556146942398,-0.0056084704933195,4,1,0,0,0,xg_INFY.NS,1,2.5036043149021387
2025-01-20,1761.17919921875,1775.4080099966866,1741.60835991682,1770.5517282126625,4333011,33.253913075093976,1860.8202514648435,1856.9150142153312,-10.342524406592474,2.7621791666059097,1779.5883238493104,1860.8202514648435,1942.0521790803768,-0.0011841725866642,-0.0758841134679271,-0.0642721939428215,-0.0011848742730213,0.021218109449505,0.0182345839698776,1.163555249152102,-0.0558068937568856,-0.0758841134679271,-0.0642721939428215,-0.0116119195251055,1835.072265625,1860.6697021484376,1860.820251464844,0.9862428906678702,0.99991909518596,-0.0146197421882256,-0.7359522601923357,6750559.4,0.6418743608121362,-0.0585962787640301,-0.0108737806247523,0.004948280229359,-0.0024148729027209,-0.0081989866960047,-0.0004642245039229,-0.0136411452337197,0,1,0,0,0,xg_INFY.NS,1,2.5036043149021387
2025-01-21,1748.941162109375,1779.0016155615642,1741.5111463055791,1766.7638099629812,7169109,31.906612733560937,1854.8178833007812,1846.63179020524,-17.471550507292704,-1.284566768173813,1759.5917090250232,1854.8178833007812,1950.0440575765392,-0.0069487744999507,-0.0718281272370493,-0.0674055737896353,-0.0069730296612142,0.021195389734257,0.0182337143574216,1.1623647795519458,-0.3278282097597196,-0.0718281272370493,-0.0674055737896353,-0.004422553447414,1808.0033203125,1848.0287963867188,1854.8178833007812,0.9783415300927794,0.996339755522531,-0.0267673744563361,0.6545328410197897,7037987.1,1.0186305968078546,-0.0011841725866642,-0.0585962787640301,-0.0108737806247523,-0.0112882747750396,0.0258956717243767,-0.003612268716317,0.0013298321284151,1,1,0,0,1,xg_INFY.NS,1,2.5036043149021387
2025-01-22,1803.0887451171875,1812.1700865447272,1753.2633671133483,1755.448693830049,8373913,42.925032824933645,1852.2634765625005,1842.4848335301872,-18.538398517106543,-4.7353331179603595,1754.2644344132286,1852.2634765625005,1950.262518711772,0.0309602084855191,-0.0478034678205612,-0.0396761780590279,0.030490609222622,0.0242976914119945,0.0197115022728413,1.2326031000879265,1.274151268501493,-0.0478034678205612,-0.0396761780590279,-0.0081272897615333,1789.8990966796875,1840.5792602539063,1852.2634765625,0.9724651012490342,0.99369192533544,-0.0345875265716659,0.1680549144949532,7327173.4,1.1428572169451945,-0.0069487744999507,-0.0011841725866642,-0.0585962787640301,0.004948280229359,-0.0024148729027209,0.0011911837561069,0.0400265826848953,2,1,0,0,1,xg_INFY.NS,1,2.5036043149021387
2025-01-23,1811.8299560546875,1825.5247642701752,1799.446438649042,1804.5941442893445,5907471,44.48670055610389,1850.2262573242192,1839.5653213896635,-18.465679720469325,-7.481402438462153,1750.5743622146588,1850.2262573242192,1949.8781524337796,0.0048479094338376,-0.0326687575474429,-0.0270433565678114,0.0048361961622305,0.0243835853708277,0.019758101547983,1.2340432236564312,0.1988104107620939,-0.0326687575474429,-0.0270433565678114,-0.0056254009796314,1777.6612548828125,1835.5432739257812,1850.2262573242188,0.9684660013930518,0.9920642227725858,-0.0400506693240786,-0.2945387658075741,7234570.2,0.8165614316658623,0.0309602084855191,-0.0069487744999507,-0.0011841725866642,-0.0108737806247523,-0.0112882747750396,-0.0081989866960047,-0.0097556146942398,3,1,0,0,1,xg_INFY.NS,0,0.0
2025-01-24,1821.5426025390625,1840.4336089404928,1810.6645792715367,1811.8786496612856,4887027,46.246645973002416,1848.220611572266,1837.848871975321,-17.42347319762166,-9.469816590294055,1747.9246834299734,1848.220611572266,1948.5165397145583,0.0053606832428825,0.0330496649805793,-0.0465186833642393,0.0053463659247467,0.0225234726651152,0.0197654863234234,1.1394778159649326,0.2379937289801627,0.0330496649805793,-0.0465186833642393,0.0795683483448187,1789.3163330078123,1826.6562866210936,1848.2206115722656,0.9795583033946952,0.9883323858547236,-0.0323375794133752,-0.1727378771728206,6919581.6,0.7062604767894194,0.0048479094338376,0.0309602084855191,-0.0069487744999507,-0.0585962787640301,0.004948280229359,0.0258956717243767,-0.0004642245039229,4,1,0,0,0,xg_INFY.NS,1,2.5036043149021387
2025-01-27,1769.6290283203125,1809.450537739156,1759.9164650474238,1795.6101350752897,7652371,39.109668506380345,1844.1413391113283,1831.351744008177,-20.54962531030355,-11.685778334295955,1737.8979124093494,1844.1413391113283,1950.3847658133072,-0.0284997859212225,0.0047978247218174,-0.0714503674216993,-0.0289137898056575,0.023730839520881,0.0206934158401554,1.1467267162397354,-1.2009092635295453,0.0047978247218174,-0.0714503674216993,0.0762481921435167,1791.006298828125,1813.0392822265624,1844.141339111328,0.9878474870266576,0.9831346674871716,-0.0300260898939014,0.5658540458237697,7104403.5,1.0771306838074333,0.0053606832428825,0.0048479094338376,0.0309602084855191,-0.0011841725866642,-0.0108737806247523,-0.0024148729027209,-0.003612268716317,0,1,0,0,1,xg_INFY.NS,1,2.5036043149021387
2025-01-28,1777.15625,1809.9361507719632,1772.4456805643415,1777.3990640797924,6999495,40.54244867847442,1841.7010620117192,1826.190268388351,-22.164243893537332,-13.78147144614423,1731.5300759172446,1841.7010620117192,1951.8720481061937,0.0042535591128001,0.0161326684407125,-0.0568542381577694,0.0042445383015596,0.0239361027795658,0.020552056968468,1.1646006147060224,0.1776973241904287,0.0161326684407125,-0.0568542381577694,0.072986906598482,1796.64931640625,1802.326318359375,1841.7010620117187,0.9968501808494408,0.978620447984466,-0.0253504696649317,-0.0853168253342656,7225136.8,0.9687698923567828,-0.0284997859212225,0.0053606832428825,0.0048479094338376,-0.0069487744999507,-0.0585962787640301,-0.0112882747750396,0.0011911837561069,1,1,0,0,1,xg_INFY.NS,1,2.5036043149021387
2025-01-29,1827.1759033203125,1834.36322360914,1787.5972093347696,1791.9678626583263,5145155,49.11164834868869,1841.6403564453128,1826.284138381871,-19.18650270221656,-14.862477697358695,1731.4371547622643,1841.6403564453128,1951.843558128361,0.028145895061457,0.0133588312102517,-0.0350832350681891,0.0277570782291114,0.0260957568780184,0.021571863637049,1.2096565999333466,1.0785207983128564,0.0133588312102517,-0.0350832350681891,0.0484420662784408,1801.466748046875,1795.6829223632812,1841.6403564453128,1.0032209615693073,0.9750453806460144,-0.0219867218724999,-0.2649248267196419,7441108.4,0.6914500802057,0.0042535591128001,-0.0284997859212225,0.0053606832428825,0.0309602084855191,-0.0011841725866642,0.004948280229359,-0.0081989866960047,2,1,0,0,0,xg_INFY.NS,1,2.5036043149021387
2025-01-30,1806.488037109375,1832.954770249272,1790.9965471548646,1819.3086909049005,7336056,46.14915937527942,1836.8860473632817,1824.398795403538,-18.285179099607376,-15.547017977808434,1729.3988726104292,1836.8860473632817,1944.3732221161335,-0.0113223177764898,-0.0029483555713719,-0.03552079400549,-0.0113869031835109,0.0261106913177375,0.0195411429918889,1.3361222118052711,-0.4336110456697477,-0.0029483555713719,-0.03552079400549,0.032572438434118,1800.3983642578123,1789.0298095703124,1836.8860473632812,1.0063545920960535,0.9739470840547442,-0.0201981315989525,0.4258182698091699,7421356.1,0.9885061303013086,0.028145895061457,0.0042535591128001,-0.0284997859212225,0.0048479094338376,-0.0069487744999507,-0.0108737806247523,0.0258956717243767,3,1,0,0,1,xg_INFY.NS,1,2.5036043149021387
2025-01-31,1825.7677001953125,1842.910279604707,1817.2205970496625,1817.2205970496625,5820470,49.22317585100307,1834.0232727050784,1824.529167288469,-15.832656952820344,-15.604145772810815,1728.681560742859,1834.0232727050784,1939.364984667298,0.0106724554438719,0.0023195162442868,0.0354458404596569,0.0106159067775433,0.017617587917674,0.0196686776845923,0.8956724253531712,0.6057497623385548,0.0023195162442868,0.0354458404596569,-0.03312632421537,1801.2433837890626,1795.2798583984377,1834.0232727050784,1.0033217803690757,0.9788751784760636,-0.017954030467572,-0.2065941154211472,6362407.8,0.9148219012303936,-0.0113223177764898,0.028145895061457,0.0042535591128001,0.0053606832428825,0.0309602084855191,-0.0585962787640301,-0.0024148729027209,4,1,0,1,0,xg_INFY.NS,1,2.5036043149021387
2025-02-01,1798.1353759765625,1836.2571867836969,1792.9391783431893,1826.2533177597816,1701402,45.23739049172579,1829.822589111328,1822.015472877811,-15.935024075177353,-15.670321433284125,1725.8700712350103,1829.822589111328,1933.7751069876456,-0.0151346330728678,0.0161086573513702,0.0209837685876632,-0.0152503304747728,0.0185677387131805,0.0199057828148452,0.9327342788576524,-0.8150598329074946,0.0161086573513702,0.0209837685876632,-0.004875111236293,1806.9446533203125,1798.9754760742187,1829.822589111328,1.0044298420696007,0.9831420197670144,-0.0127231442619223,-0.707686492671554,6099246.9,0.2789527998939871,0.0106724554438719,-0.0113223177764898,0.028145895061457,-0.0284997859212225,0.0048479094338376,-0.0011841725866642,-0.0112882747750396,5,2,1,0,1,xg_INFY.NS,1,2.5036043149021387
2025-02-03,1809.741943359375,1822.6110895629577,1779.7300994439906,1783.2265984737835,4823228,47.172370423895565,1826.5421752929688,1820.8465653046264,-14.907750501470218,-15.517807246921343,1724.516024611253,1826.5421752929688,1928.5683259746845,0.0064547795109748,0.0183358629042185,0.034764337741739,0.0064340366343218,0.0183132837736414,0.0199923545521736,0.9159685397391436,0.3524450964478762,0.0183358629042185,0.034764337741739,-0.0164284748375205,1813.4617919921875,1805.0555541992187,1826.5421752929688,1.0046570521186524,0.988236449514064,-0.0072277615871025,1.8348550195662168,5864658.8,0.8224226105019404,-0.0151346330728678,0.0106724554438719,-0.0113223177764898,0.0042535591128001,0.0053606832428825,-0.0069487744999507,0.004948280229359,0,2,0,0,1,xg_INFY.NS,1,2.5036043149021387
2025-02-04,1844.2215576171875,1856.2650411997824,1821.1056096540208,1834.703198206104,7334787,52.537566708522455,1824.8740478515624,1823.07275504868,-11.182507099777467,-14.650747217492569,1725.3002486140665,1824.8740478515624,1924.447847089059,0.0190522269676796,0.009328961850854,0.0228124170878381,0.0188730060848731,0.0166459050253698,0.0205150567123978,0.8113598660170762,1.1444906388691518,0.009328961850854,0.0228124170878381,-0.013483455236984,1816.8709228515625,1809.1688354492187,1824.8740478515624,1.00425725186695,0.9913938102079792,-0.0043395680778942,0.5207215997253292,5760746.2,1.2732355749327624,0.0064547795109748,-0.0151346330728678,0.0106724554438719,0.028145895061457,-0.0284997859212225,0.0309602084855191,-0.0108737806247523,1,2,0,0,0,xg_INFY.NS,0,0.0
2025-02-05,1842.521728515625,1864.5205878724964,1839.850773810688,1851.2144245852517,4996744,52.25580202728529,1823.890643310547,1824.925038236008,-8.272032031341723,-13.3750041802624,1725.486958911382,1823.890643310547,1922.294327709712,-0.0009217054721769,0.0199468198327561,0.0169396539439989,-0.0009221305038549,0.0166509683801775,0.0204393267013705,0.8146136127589931,-0.0553511423474809,0.0199468198327561,0.0169396539439989,0.0030071658887571,1824.0776611328124,1812.2380126953128,1823.890643310547,1.0065331641619697,0.9936111133318368,0.0001015010131881,-0.3187608583589407,5669673.5,0.881310713923671,0.0190522269676796,0.0064547795109748,-0.0151346330728678,-0.0113223177764898,0.0042535591128001,0.0048479094338376,-0.0585962787640301,2,2,0,0,1,xg_INFY.NS,1,2.5036043149021387
2025-02-06,1860.587158203125,1868.6971246106148,1845.3869733680704,1861.898330498206,4765255,55.016971179064,1821.3993774414064,1828.3214306138289,-4.456360227366986,-11.591275389683318,1729.9409222503657,1821.3993774414064,1912.8578326324473,0.0098047308793769,0.0190711326550949,0.0214348847013723,0.0097569763984068,0.0168148765823739,0.0196543122610847,0.8554876340309031,0.5830639176820577,0.0190711326550949,0.0214348847013723,-0.0023637520462773,1831.041552734375,1816.1424682617187,1821.3993774414064,1.0082036980760196,0.997113807523602,0.0051823292719492,-0.0463279687732651,5657496.3,0.8422904315463994,-0.0009217054721769,0.0190522269676796,0.0064547795109748,0.0106724554438719,0.028145895061457,0.0053606832428825,-0.0011841725866642,3,2,0,0,0,xg_INFY.NS,1,2.5036043149021387
2025-02-07,1848.9320068359375,1868.40562375176,1835.140096778848,1864.13219104828,4126260,52.8917005202211,1818.556024169922,1830.2843426349816,-2.345844703944522,-9.742189252535558,1734.946496997348,1818.556024169922,1902.165551342496,-0.0062642329416288,0.0282496143160453,0.044813335024741,-0.0062839355731476,0.0134252596542306,0.0196863352363644,0.6819236576737348,-0.4665657527079727,0.0282496143160453,0.044813335024741,-0.0165637207086957,1841.20087890625,1824.0727661132812,1818.5560241699216,1.0093900381120569,1.003033583716992,0.0122475324417581,-0.1340946077387254,5304885.2,0.7778226755970556,0.0098047308793769,-0.0009217054721769,0.0190522269676796,-0.0151346330728678,-0.0113223177764898,-0.0284997859212225,-0.0069487744999507,4,2,0,0,0,xg_INFY.NS,1,2.5036043149021387
2025-02-10,1826.2532958984375,1850.2432794461592,1824.6020890265615,1850.2432794461592,3828734,48.93087525320061,1815.65439453125,1829.9004334219776,-2.4747015657480915,-8.288691715178066,1737.8211439921802,1815.65439453125,1893.48764507032,-0.0122658436619905,0.009123594996319,0.0276267468875837,-0.0123416899731569,0.0144338551841164,0.019713565048098,0.7321417007629588,-0.8497379090777023,0.009123594996319,0.0276267468875837,-0.0185031518912646,1844.5031494140624,1828.982470703125,1815.65439453125,1.0084859636216037,1.0073406460018046,0.0157966887438908,-0.0721054902017808,4987809.1,0.7676183918103907,-0.0062642329416288,0.0098047308793769,-0.0009217054721769,0.0064547795109748,0.0106724554438719,0.0042535591128001,0.0309602084855191,0,2,0,0,0,xg_INFY.NS,1,2.5036043149021387
2025-02-11,1821.7369384765625,1848.3007750893653,1816.249316561804,1828.9727506286144,4411601,48.157453663114694,1812.0607482910157,1829.1229577128904,-2.9077352937979413,-7.2125004309020415,1743.270866703625,1812.0607482910157,1880.8506298784064,-0.0024730180813462,-0.0121919294608376,-0.0029767056548121,-0.0024760810414408,0.0113921008101857,0.0196580347385808,0.5794842402831077,-0.2170627753188417,-0.0121919294608376,-0.0029767056548121,-0.0092152238060255,1840.0062255859375,1828.43857421875,1812.0607482910157,1.0063265189929227,1.0090382322685267,0.0153400179272268,0.1522349162934797,4914453.7,0.8976788203333977,-0.0122658436619905,-0.0062642329416288,0.0098047308793769,0.0190522269676796,-0.0151346330728678,0.028145895061457,0.0048479094338376,1,2,0,0,0,xg_INFY.NS,1,2.5036043149021387
2025-02-12,1809.5963134765625,1840.142278618334,1793.9104995274497,1830.8182412610952,5633947,46.05026758258295,1808.889605712891,1827.2632773094304,-4.182353054591431,-6.60647095563992,1746.3701366554008,1808.889605712891,1871.409074770381,-0.0066643129112552,-0.0178697567195519,0.0017206182954641,-0.0066866186011766,0.0109762455693905,0.0195775392238714,0.5606263799296957,-0.6071024711188295,-0.0178697567195519,0.0017206182954641,-0.019590375015016,1833.421142578125,1828.7494018554687,1808.889605712891,1.0025546095697508,1.010978998430781,0.0135563587760105,0.277075374676903,4744242.8,1.1875334458006266,-0.0024730180813462,-0.0122658436619905,-0.0062642329416288,-0.0009217054721769,0.0064547795109748,-0.0113223177764898,0.0053606832428825,2,2,0,0,0,xg_INFY.NS,1,2.5036043149021387
2025-02-13,1790.268310546875,1819.648815846776,1782.8867858202054,1814.792533979024,5237744,42.836709885671446,1810.2396606445316,1823.739947141568,-6.6751580518309765,-6.620208374878132,1750.7768975867723,1810.2396606445316,1869.7024237022908,-0.0106808368174418,-0.0377939014284935,-0.019443541281095,-0.0107382863942309,0.0107937119437039,0.0145009827945557,0.7442921493298206,-0.9894508415920668,-0.0377939014284935,-0.019443541281095,-0.0183503601473985,1819.357373046875,1825.199462890625,1810.239660644531,0.9967992047102088,1.0082639898856085,0.0050929306789541,-0.0703242327270738,4685970.2,1.1177501726321013,-0.0066643129112552,-0.0024730180813462,-0.0122658436619905,0.0098047308793769,0.0190522269676796,0.0106724554438719,-0.0284997859212225,3,2,0,0,1,xg_INFY.NS,1,2.5036043149021387
2025-02-14,1803.040283203125,1805.856950285683,1775.7964955938853,1800.7092442878504,5292961,45.54115427976751,1812.3327148437504,1821.768550576002,-7.533293401285619,-6.8028253801596295,1757.3639571194688,1812.3327148437504,1867.3014725680316,0.0071341108933267,-0.0248206659104499,0.0027277741665576,0.0071087835117644,0.0100322890927864,0.0145584550389052,0.6890566347420638,0.7110440880703717,-0.0248206659104499,0.0027277741665576,-0.0275484400770076,1810.1790283203125,1825.6899536132812,1812.33271484375,0.9915040747952464,1.0073701912789688,-0.0011944749895501,0.0105421341707421,5045126.1,1.049123628445868,-0.0106808368174418,-0.0066643129112552,-0.0024730180813462,-0.0062642329416288,-0.0009217054721769,-0.0151346330728678,0.0042535591128001,4,2,0,0,0,xg_INFY.NS,1,2.5036043149021387
2025-02-17,1789.345458984375,1799.4950394980904,1769.77462159192,1785.703248001718,4428956,43.182049371416234,1814.3529296875004,1818.6806370910851,-9.212236779120076,-7.284707659951719,1766.7123230342258,1814.3529296875004,1861.9935363407749,-0.007595406684104,-0.0202095935963283,-0.0112703827470221,-0.0076243986827648,0.0100610970442017,0.0145783854205956,0.6900906145185542,-0.754853252829731,-0.0202095935963283,-0.0112703827470221,-0.0089392108493061,1802.7974609375,1823.650305175781,1814.3529296875,0.9885653273661634,1.0051243478245893,-0.0064579305756634,-0.1632366080158157,5005698.9,0.8847827423257749,0.0071341108933267,-0.0106808368174418,-0.0066643129112552,-0.0122658436619905,0.0098047308793769,0.0064547795109748,0.028145895061457,0,2,0,0,1,xg_INFY.NS,1,2.5036043149021387
2025-02-18,1798.7181396484375,1808.139397326379,1784.780634818134,1789.3456107739096,4365260,45.27157736165031,1814.1343994140627,1816.779446858452,-9.674987272551109,-7.762763582471597,1766.2368335890635,1814.1343994140627,1862.0319652390615,0.0052380498226332,-0.0126356326986346,-0.0246735094169174,0.0052243789579939,0.0076474677029704,0.0128510394117375,0.5950392352505619,0.6848495706661504,-0.0126356326986346,-0.0246735094169174,0.0120378767182828,1798.193701171875,1819.0999633789063,1814.1343994140625,0.9885073593381868,1.0027371533037726,-0.0088622546750448,-0.0143817188520274,4708746.2,0.9270535753231024,-0.007595406684104,0.0071341108933267,-0.0106808368174418,-0.0024730180813462,-0.0062642329416288,0.0190522269676796,-0.0113223177764898,1,2,0,0,0,xg_INFY.NS,1,2.5036043149021387
2025-02-19,1758.7509765625,1796.0471240806544,1753.9917969230971,1794.2989338566194,4611411,38.730620712499494,1811.4804504394533,1811.2529258778852,-13.115548534686468,-8.833320572914571,1757.5438716568392,1811.4804504394533,1865.4170292220672,-0.022219803205937,-0.0280976130065049,-0.0454652722172305,-0.0224703818611908,0.0098245701588307,0.0137057380642752,0.7167693810708433,-2.261426344400683,-0.0280976130065049,-0.0454652722172305,0.0173676592107255,1788.0246337890626,1810.7228881835936,1811.480450439453,0.9874645344449692,0.9995817993753808,-0.0133366331919457,0.0563886228998959,4670212.9,0.9874091607256305,0.0052380498226332,-0.007595406684104,0.0071341108933267,-0.0066643129112552,-0.0122658436619905,-0.0009217054721769,0.0106724554438719,2,2,0,0,1,xg_INFY.NS,1,2.5036043149021387
2025-02-20,1772.6884765625,1778.3703022593725,1753.65187661327,1753.65187661327,2218020,41.88400957180405,1809.0377441406251,1807.5801211811815,-14.549856662744787,-9.976627790880617,1752.65051514174,1809.0377441406251,1865.4249731395105,0.0079246580020333,-0.0098196643937716,-0.0472424423941062,0.0078934228100999,0.0095319461743002,0.0137840343316137,0.6914706155239837,0.8312915920366104,-0.0098196643937716,-0.0472424423941062,0.0374227780003345,1784.5086669921875,1801.933020019531,1809.037744140625,0.990330188284604,0.9960726501455786,-0.0138372181422439,-0.5190148958746033,4415489.4,0.5023271033103369,-0.022219803205937,0.0052380498226332,-0.007595406684104,-0.0106808368174418,-0.0024730180813462,0.0098047308793769,-0.0151346330728678,3,2,0,0,0,xg_INFY.NS,1,2.5036043149021387
2025-02-21,1762.8302001953125,1777.2533326664163,1754.2830972545896,1769.4347905187403,3379879,40.30391852381068,1808.697802734375,1803.318223944432,-16.294207223560534,-11.2401436774166,1751.2384402450496,1808.697802734375,1866.1571652237003,-0.0055612006833282,-0.0223012671332992,-0.0465684007428538,-0.0055767217303666,0.0095224252972074,0.0122700924412766,0.7760046909251984,-0.5839496304926054,-0.0223012671332992,-0.0465684007428538,0.0242671336095545,1776.466650390625,1793.322839355469,1808.697802734375,0.9906005831214966,0.9914994293929796,-0.0182837532169456,0.5238271070594493,4340851.3,0.7786212349635707,0.0079246580020333,-0.022219803205937,0.0052380498226332,0.0071341108933267,-0.0066643129112552,-0.0062642329416288,0.0064547795109748,4,2,0,0,0,xg_INFY.NS,1,2.5036043149021387
2025-02-24,1713.3931884765625,1756.0313630959042,1699.9413126430345,1748.309923055587,7594720,33.48233102686542,1805.5096496582032,1794.753934852254,-21.41886791716456,-13.275888525366192,1735.0714562906965,1805.5096496582032,1875.94784302571,-0.0280441143527451,-0.0424469574203534,-0.0617987152578156,-0.0284448606882037,0.0119181620429969,0.0137054456586083,0.8695297336630603,-2.3528595593867587,-0.0424469574203534,-0.0617987152578156,0.0193517578374622,1761.2761962890625,1782.0368286132812,1805.5096496582032,0.9883500542800936,0.9869993378050538,-0.0258162887926911,1.2470390212193987,4717449.9,1.6099206480175632,-0.0055612006833282,0.0079246580020333,-0.022219803205937,-0.007595406684104,-0.0106808368174418,-0.0122658436619905,0.0190522269676796,0,2,0,0,1,xg_INFY.NS,1,2.5036043149021387
2025-02-25,1716.8897705078125,1727.330776075937,1694.9880113599872,1694.9880113599872,5092963,34.328950651167155,1799.995343017578,1787.3383001527834,-24.9108961855336,-15.602890057399676,1720.0700943469883,1799.995343017578,1879.920591688168,0.0020407353401228,-0.0454926023910663,-0.0575534072753824,0.0020386558683789,0.0121619419296043,0.0118237190858823,1.028518465535858,0.1677830373551101,-0.0454926023910663,-0.0575534072753824,0.0120608048843161,1744.9105224609375,1771.5521118164063,1799.995343017578,0.9849614419029692,0.984198164005531,-0.0320840752288645,-0.3294074040912634,4785586.1,1.0642297293530956,-0.0280441143527451,-0.0055612006833282,0.0079246580020333,0.0052380498226332,0.0071341108933267,-0.0024730180813462,-0.0009217054721769,1,2,0,0,0,xg_INFY.NS,1,2.5036043149021387
2025-02-27,1713.5875244140625,1724.805463456364,1700.7668702151418,1704.748997302386,5757079,33.89024182250691,1795.3503173828124,1780.3144167490957,-27.62635795101596,-18.007583636122934,1706.69267151927,1795.3503173828124,1884.0079632463548,-0.0019233885310955,-0.0256792762308567,-0.05305536287154,-0.0019252406180525,0.0122186326941954,0.011662949664401,1.0475553346639763,-0.1574015012750078,-0.0256792762308567,-0.05305536287154,0.0273760866406832,1735.87783203125,1761.9512329101562,1795.3503173828126,0.985201973589336,0.9813968983382896,-0.0347064182624103,0.1303987482335922,4797899.3,1.1999165968320344,0.0020407353401228,-0.0280441143527451,-0.0055612006833282,-0.022219803205937,-0.007595406684104,-0.0066643129112552,0.0098047308793769,3,2,0,0,0,xg_INFY.NS,1,2.5036043149021387
2025-02-28,1639.189208984375,1704.6519072727174,1634.0901134127998,1704.603415594686,12182167,25.869109575975067,1786.0213928222656,1766.8739207715032,-35.37393454855123,-21.48085381860859,1674.5184126990048,1786.0213928222656,1897.5243729455265,-0.0434166999757581,-0.075308927283715,-0.0843890832857058,-0.0443874055255397,0.0171785441450584,0.0143840687687716,1.1941927022518717,-2.527232364791629,-0.075308927283715,-0.0843890832857058,0.0090801560019907,1709.177978515625,1746.8433227539062,1786.0213928222656,0.9784380523727212,0.9780640533054028,-0.0468789166531007,1.1160326269623884,5492341.6,2.2180279172726225,-0.0019233885310955,0.0020407353401228,-0.0280441143527451,0.0079246580020333,0.0052380498226332,-0.0106808368174418,-0.0062642329416288,4,2,0,1,1,xg_INFY.NS,1,2.5036043149021387
2025-03-03,1659.488525390625,1678.9136517994152,1643.6571185043986,1643.6571185043986,7504969,30.68930096141631,1779.0890502929688,1756.6467402590386,-39.42153274442876,-25.06898960377263,1654.307966426703,1779.0890502929688,1903.8701341592343,0.0123837542944948,-0.0586225915537627,-0.0796165006127752,0.0123077028339801,0.017783779799984,0.0147039686322305,1.2093721683299108,0.6963119270392112,-0.0586225915537627,-0.0796165006127752,0.0209939090590125,1688.5096435546875,1732.4881469726563,1779.0890502929688,0.9746154087721658,0.973806312105266,-0.0545827255521154,-0.3839380957427361,5713542.4,1.3135404403402495,-0.0434166999757581,-0.0019233885310955,0.0020407353401228,-0.0055612006833282,-0.022219803205937,0.0071341108933267,-0.0122658436619905,0,3,0,0,0,xg_INFY.NS,1,2.5036043149021387
2025-03-04,1639.7720947265625,1650.1644899401715,1621.9980566215932,1646.2794646548505,6759673,28.73493095177615,1770.590557861328,1745.515821636898,-43.716300355489466,-28.798451754116,1632.1905719210874,1770.590557861328,1908.9905438015687,-0.0118810286195991,-0.0429680088873581,-0.0835911050640325,-0.0119521721068149,0.0178214031252657,0.0145955959381349,1.220928715215425,-0.6666344900905157,-0.0429680088873581,-0.0835911050640325,0.0406230961766743,1673.7854248046874,1717.530810546875,1770.590557861328,0.9745300721980884,0.9700327401618232,-0.0590357241521317,-0.099307005798425,5946614.1,1.1367263599632038,0.0123837542944948,-0.0434166999757581,-0.0019233885310955,-0.0280441143527451,0.0079246580020333,-0.007595406684104,-0.0024730180813462,1,3,0,0,1,xg_INFY.NS,1,2.5036043149021387
2025-03-05,1662.30517578125,1683.1385762213686,1643.8026956375877,1643.8026956375877,8180782,33.91460300006469,1761.4947387695313,1737.5909982220744,-44.78544457796397,-31.99585031888559,1619.6025166152742,1761.4947387695313,1903.3869609237884,0.0137415931928301,-0.0317927194070343,-0.0758389882551857,0.0136480336316751,0.0187318083714255,0.0141809208058987,1.3208230836851305,0.7335575595697233,-0.0317927194070343,-0.0758389882551857,0.0440462688481514,1662.868505859375,1703.8895141601563,1761.4947387695313,0.975925077324629,0.96729753240727,-0.0593310027226522,0.2102333944260321,6328166.3,1.292757113541518,-0.0118810286195991,0.0123837542944948,-0.0434166999757581,0.0020407353401228,-0.0055612006833282,0.0052380498226332,-0.0066643129112552,2,3,0,0,1,xg_INFY.NS,1,2.5036043149021387
2025-03-06,1666.5301513671875,1672.794825837321,1642.4915571816716,1665.7046071983816,10610547,34.87045771594159,1752.6951599121096,1730.8232985216089,-44.775682659053246,-34.551816786919126,1610.1336969756871,1752.6951599121096,1895.256622848532,0.002541636546341,-0.0274613186524952,-0.0524354080960109,0.0025384120506819,0.0182283629546666,0.0142553502443835,1.278613575157355,0.1394254178087142,-0.0274613186524952,-0.0524354080960109,0.0249740894435157,1653.45703125,1694.667431640625,1752.6951599121094,0.9756823081501432,0.9668922870338764,-0.0595477547050057,0.2970088923039387,6928079.9,1.5315278046949874,0.0137415931928301,-0.0118810286195991,0.0123837542944948,-0.0019233885310955,-0.0280441143527451,-0.022219803205937,-0.0106808368174418,3,3,0,0,0,xg_INFY.NS,1,2.5036043149021387
2025-03-07,1637.5380859375,1655.9919552333556,1627.339895010843,1654.1465445914585,8019331,31.503169647022496,1741.5427062988283,1721.9389925612174,-46.57052759835392,-36.955558949206086,1599.6229106739686,1741.5427062988283,1883.462501923688,-0.0173966642043067,-0.0010072803297052,-0.0762403504123162,-0.0175497643869837,0.0179563088062916,0.014074118851921,1.2757482899578407,-0.9687790298628446,-0.0010072803297052,-0.0762403504123162,0.075233070082611,1653.126806640625,1681.152392578125,1741.542706298828,0.9833295386776202,0.9653236676296924,-0.053993186734087,-0.244211349330058,7508211.0,1.0680748050366369,0.002541636546341,0.0137415931928301,-0.0118810286195991,-0.0434166999757581,0.0020407353401228,0.0079246580020333,0.0071341108933267,4,3,0,0,1,xg_INFY.NS,1,2.5036043149021387
2025-03-10,1652.5439453125,1669.5895404009018,1628.0197243147556,1637.5380832553346,7558981,35.00174108646267,1731.7233032226563,1715.329940442292,-46.248978269049985,-38.814242813174864,1593.9739206428842,1731.7233032226563,1869.4726858024285,0.0091636704537525,-0.0041847713749574,-0.06256204078566,0.0091219387754861,0.0187424228871873,0.0144910226240783,1.293292411512456,0.4889005870969619,-0.0041847713749574,-0.06256204078566,0.0583772694107026,1651.737890625,1670.1237670898438,1731.7233032226563,0.9889913090112592,0.9644287652547155,-0.0484013831066567,-0.0574050379015406,7926121.2,0.9536797141077084,-0.0173966642043067,0.002541636546341,0.0137415931928301,0.0123837542944948,-0.0019233885310955,-0.0055612006833282,-0.007595406684104,0,3,0,0,0,xg_INFY.NS,1,2.5036043149021387
2025-03-11,1613.83935546875,1631.7104941166235,1589.9950857541564,1631.7104941166235,12671234,30.6528598168839,1721.1026062011715,1705.6641704448118,-48.55754390150082,-40.76290303084006,1581.3016496322098,1721.1026062011715,1860.9035627701337,-0.0234212166965586,-0.0158148436244348,-0.0581033201703861,-0.0236998526536034,0.0181949458215837,0.0149719517416063,1.2151876353828217,-1.2871667637511184,-0.0158148436244348,-0.0581033201703861,0.0422884765459512,1646.5513427734377,1660.1683837890623,1721.102606201172,0.9917977952425848,0.9645958223568066,-0.0461949717455493,0.6763151012021329,8433772.6,1.502439608105926,0.0091636704537525,-0.0173966642043067,0.002541636546341,-0.0118810286195991,-0.0434166999757581,-0.0280441143527451,0.0052380498226332,1,3,0,0,0,xg_INFY.NS,1,2.5036043149021387
2025-03-12,1545.123046875,1589.84944650162,1518.850635339536,1589.84944650162,14870008,24.768823805601027,1707.2719116210938,1690.3745396286392,-55.29452969621002,-43.66922836391405,1555.197667536964,1707.2719116210938,1859.3461557052235,-0.0425793982287604,-0.0704937520579979,-0.1000452833859032,-0.0435124837977172,0.0212659354953368,0.0170135617661541,1.249866778093549,-2.002140752159462,-0.0704937520579979,-0.1000452833859032,0.0295515313279053,1623.1149169921875,1642.9917114257812,1707.2719116210938,0.9879020726061092,0.9623491725261988,-0.0544662088880967,0.1735248516442833,9411477.1,1.5799866314288136,-0.0234212166965586,0.0091636704537525,-0.0173966642043067,0.0137415931928301,0.0123837542944948,0.0020407353401228,-0.022219803205937,2,3,0,0,0,xg_INFY.NS,1,2.5036043149021387
2025-03-13,1534.439208984375,1559.886194636392,1525.163782654934,1553.281604513198,7822888,23.997524537813263,1693.5140563964844,1675.5235557577569,-60.79492979791303,-47.09436865071385,1530.9901971483143,1693.5140563964844,1856.0379156446545,-0.0069145547419235,-0.0792610576378998,-0.1045457631298668,-0.0069385710476304,0.0211060139968812,0.0170125727034948,1.2405397951804529,-0.3275951180467914,-0.0792610576378998,-0.1045457631298668,0.025284705491967,1596.696728515625,1625.0768798828126,1693.5140563964844,0.9825361176947924,0.9595886575283026,-0.0630962291070114,-0.4739150106711443,9618058.0,0.8133542135012272,-0.0425793982287604,-0.0234212166965586,0.0091636704537525,0.002541636546341,-0.0118810286195991,-0.0019233885310955,0.0079246580020333,3,3,0,0,1,xg_INFY.NS,1,2.5036043149021387
2025-03-17,1544.34619140625,1548.1826065260266,1500.736758011993,1500.736758011993,7526032,26.289682806546576,1681.217950439453,1663.0304734385657,-63.62123977216993,-50.39974287500507,1512.4251439490656,1681.217950439453,1850.0107569298405,0.0064564189730476,-0.0569097569891922,-0.0578597132401138,0.0064356655805708,0.0182335807749753,0.0173034136528417,1.0536953831995954,0.354075536625893,-0.0569097569891922,-0.0578597132401138,0.0009499562509216,1578.058349609375,1615.592578125,1681.217950439453,0.9767675161276204,0.9609655771892638,-0.066798235657345,-0.0379471110924762,9152444.5,0.8222974747346654,-0.0069145547419235,-0.0425793982287604,-0.0234212166965586,-0.0173966642043067,0.0137415931928301,-0.0434166999757581,-0.0055612006833282,0,3,0,0,0,xg_INFY.NS,1,2.5036043149021387
2025-03-18,1544.34619140625,1544.34619140625,1544.34619140625,1544.34619140625,0,26.28968280654658,1668.283245849609,1651.727208483107,-65.11055682012397,-53.34190566402885,1499.1496202357569,1668.283245849609,1837.4168714634616,0.0,-0.0654734503207353,-0.0693842302749708,0.0,0.0172564316213209,0.0170638865207572,1.0112245165141152,0.0,-0.0654734503207353,-0.0693842302749708,0.0039107799542354,1556.418798828125,1604.0783447265626,1668.283245849609,0.9702885173563254,0.9615143883493544,-0.0724348255876635,-1.0,8401947.6,0.0,0.0064564189730476,-0.0069145547419235,-0.0425793982287604,0.0091636704537525,0.002541636546341,0.0123837542944948,-0.0280441143527451,1,3,0,0,0,xg_INFY.NS,1,2.5036043149021387
2025-03-20,1569.11328125,1584.9932992405395,1546.240146235024,1546.240146235024,7186750,33.06154519325736,1644.3830688476564,1634.3135093287167,-63.35506123835535,-57.33888440758763,1486.212648667761,1644.3830688476564,1802.553489027552,0.0182787000306414,0.0155264232343954,-0.0560618446534353,0.0181136527918397,0.0178533348289031,0.0178420034177535,1.000579017495412,1.023768188835093,0.0155264232343954,-0.0560618446534353,0.0715882678878307,1546.638330078125,1584.8766235351563,1644.3830688476562,0.9758730156725142,0.9638122974872269,-0.0622929777840291,-0.0271173894703554,8365283.9,0.8591160904890676,-0.0022011994988018,0.0,0.0064564189730476,-0.0425793982287604,0.0091636704537525,0.0137415931928301,-0.0019233885310955,3,3,0,0,0,xg_INFY.NS,1,2.5036043149021387
2025-03-21,1546.7742919921875,1557.7980274559395,1518.7049607743006,1532.59385494289,10074677,30.56342830949018,1633.784234619141,1625.976441010952,-62.49438958703968,-58.36998544347804,1479.5215141449062,1633.784234619141,1788.0469550933758,-0.0142366963078769,0.0080388215678983,-0.0718594015696354,-0.0143390103052016,0.0177907137656719,0.0175624895676824,1.0129373036670135,-0.8001869013509988,0.0080388215678983,-0.0718594015696354,0.0798982231375338,1549.1053466796875,1572.9010375976563,1633.7842346191403,0.984871463398414,0.9627348607414632,-0.0547454715130995,0.4018404703099454,8311696.9,1.2121083241135495,0.0182787000306414,-0.0022011994988018,0.0,-0.0069145547419235,-0.0234212166965586,0.002541636546341,-0.0434166999757581,4,3,0,0,0,xg_INFY.NS,1,2.5036043149021387
2025-03-24,1546.968505859375,1560.9060103586978,1527.4947691913153,1552.0189913058653,8857726,30.612515948929943,1622.4982360839847,1618.4518757584208,-61.09239457068293,-58.914467268919026,1478.3267044901363,1622.4982360839847,1766.669767677833,0.0001255605735064,0.0016980094668652,-0.0553083808284515,0.0001255526914381,0.0175453589320719,0.0173159953610835,1.013187251380899,0.0071559332618534,0.0016980094668652,-0.0553083808284515,0.0570063902953168,1549.6298095703123,1563.8440795898437,1622.4982360839845,0.9909106859148904,0.9638494790381364,-0.0471040142302004,-0.120793053712789,8395536.4,1.055051824919602,-0.0142366963078769,0.0182787000306414,-0.0022011994988018,0.0064564189730476,-0.0425793982287604,-0.0173966642043067,0.0123837542944948,0,3,0,0,1,xg_INFY.NS,1,2.5036043149021387
2025-03-25,1581.6422119140625,1589.1209562659596,1558.8663000022038,1558.8663000022038,9890140,38.915254410022065,1613.438836669922,1614.9461934875294,-56.5317621566885,-58.43792624647293,1484.4219098450722,1613.438836669922,1742.455763494772,0.0224139702413821,0.0241500388419073,-0.0429045978471875,0.0221664687118856,0.019200801936795,0.0184974997319094,1.0379653601677865,1.167284732712081,0.0241500388419073,-0.0429045978471875,0.0670546366890949,1557.089013671875,1556.75390625,1613.4388366699218,1.0002152603700107,0.9648670100585174,-0.0356274147045264,0.1165551971239571,8628652.3,1.1461975353901852,0.0001255605735064,-0.0142366963078769,0.0182787000306414,0.0,-0.0069145547419235,0.0091636704537525,-0.0118810286195991,1,3,0,0,0,xg_INFY.NS,1,2.5036043149021387
2025-03-26,1553.4759521484375,1590.6751185099797,1549.153908730525,1579.2628561729366,6651302,35.227702537460594,1605.4429748535158,1609.0918847885682,-54.56126161811926,-57.662593320802195,1482.8469380530407,1605.4429748535158,1728.0390116539909,-0.0178082372571094,0.0081308290389399,-0.0374036009939661,-0.0179687119496367,0.0186508968517378,0.017967451968932,1.0379801712460102,-0.9547681610436424,0.0081308290389399,-0.0374036009939661,0.045534430032906,1559.5948486328125,1550.7175659179688,1605.4429748535156,1.005724628978191,0.9659125800213862,-0.029513251336331,-0.3274815118896194,8026659.1,0.828651362557452,0.0224139702413821,0.0001255605735064,-0.0142366963078769,-0.0022011994988018,0.0064564189730476,-0.0234212166965586,0.0137415931928301,2,3,0,0,1,xg_INFY.NS,1,2.5036043149021387
2025-03-27,1557.4581298828125,1573.3866387891755,1540.4125339270274,1549.688079270318,9426573,36.14892103023712,1597.471392822266,1604.1743843213535,-52.07797480575027,-56.545669617791816,1485.0785396876568,1597.471392822266,1709.864245956875,0.0025633983769544,-0.0074278584640509,0.0079832366961065,0.0025601184752686,0.0126916971266483,0.0179781975356375,0.7059100997968009,0.2019585239745895,-0.0074278584640509,0.0079832366961065,-0.0154110951601574,1557.263818359375,1551.95107421875,1597.4713928222657,1.0034232678006936,0.971504767592054,-0.0258161511320475,0.4172522913558878,7482315.6,1.2598470184816504,-0.0178082372571094,0.0224139702413821,0.0001255605735064,0.0182787000306414,0.0,-0.0425793982287604,0.002541636546341,3,3,0,0,0,xg_INFY.NS,1,2.5036043149021387
2025-03-28,1525.5037841796875,1552.504639118573,1515.1598805138667,1544.2975705237486,6799047,32.192341620613824,1588.067205810547,1596.6819462126234,-52.08796314496135,-55.65412832322573,1485.5408704716488,1588.067205810547,1690.5935411494452,-0.0205169853943548,-0.0137515265948107,-0.0058232510954941,-0.0207303826303411,0.0142515193443778,0.018304546847842,0.7785355697285747,-1.4395339447441722,-0.0137515265948107,-0.0058232510954941,-0.0079282754993165,1553.009716796875,1551.057531738281,1588.067205810547,1.0012586155050005,0.9766951461897508,-0.0229809256307571,-0.2787360793790066,7379931.5,0.921288632556966,0.0025633983769544,-0.0178082372571094,0.0224139702413821,-0.0142366963078769,-0.0022011994988018,-0.0069145547419235,-0.0173966642043067,4,3,0,0,0,xg_INFY.NS,1,2.5036043149021387
2025-04-01,1482.6226806640625,1502.92196020728,1474.2212903040318,1495.0061979771754,12680733,27.79568423573276,1580.2388793945315,1585.8191590175225,-54.922908555618505,-55.507884369704286,1470.4929818656783,1580.2388793945315,1689.9847769233843,-0.028109470432211,-0.0415947868050273,-0.0399674056799294,-0.0285121047656975,0.0164075905766969,0.0169084341531452,0.9703216812636524,-1.713094753679291,-0.0415947868050273,-0.0399674056799294,-0.0016273811250979,1540.1405517578123,1544.8851806640623,1580.2388793945313,0.9969288145386892,0.9776276237779856,-0.0270455377215454,0.8650750612549083,7895401.6,1.6060909428594987,-0.0205169853943548,0.0025633983769544,-0.0178082372571094,0.0001255605735064,0.0182787000306414,0.0064564189730476,0.0091636704537525,1,4,1,0,1,xg_INFY.NS,1,2.5036043149021387
2025-04-02,1505.593017578125,1510.9349273715395,1491.0726643663595,1491.0726643663595,6193478,33.06899648774635,1572.5441040039063,1578.1785741185322,-54.68572599184199,-55.34345269413183,1464.6288579754862,1572.5441040039063,1680.4593500323265,0.0154930429796029,-0.0480824258249308,-0.0250935794343087,0.015374251182342,0.0175159585222279,0.017088754153903,1.0249391749282435,0.884459648628113,-0.0480824258249308,-0.0250935794343087,-0.022988846390622,1524.930712890625,1541.00986328125,1572.5441040039063,0.9895658355123128,0.97994699122119,-0.0316243437352489,-0.5115835969419118,8514749.4,0.7273822997068208,-0.028109470432211,-0.0205169853943548,0.0025633983769544,0.0224139702413821,-0.0142366963078769,0.0,-0.0234212166965586,2,4,0,0,0,xg_INFY.NS,1,2.5036043149021387
2025-04-03,1453.4849853515625,1490.538435185599,1442.3641486583924,1490.538435185599,10459504,28.06215989583196,1563.2297485351562,1566.3029942359638,-58.03346614380189,-55.881455384065845,1447.8471783042007,1563.2297485351562,1678.6123187661117,-0.0346096399346901,-0.0643659572963384,-0.0567584768521026,-0.035222741236188,0.0202585603631402,0.018303035980259,1.106781061017862,-1.708311499081589,-0.0643659572963384,-0.0567584768521026,-0.0076074804442357,1504.93251953125,1532.2636840820312,1563.2297485351562,0.982162884342485,0.9801909703406412,-0.0401085870108287,0.6887932757652486,8821993.0,1.185616900852088,0.0154930429796029,-0.028109470432211,-0.0205169853943548,-0.0178082372571094,0.0001255605735064,-0.0022011994988018,-0.0425793982287604,3,4,0,0,0,xg_INFY.NS,1,2.5036043149021387
2025-04-04,1409.9241943359375,1429.689235806136,1406.3790852223406,1418.5197886514006,9590254,24.69593148622852,1550.6106994628904,1551.409775197866,-63.46992433654032,-57.39914917456074,1426.0151450420697,1550.6106994628904,1675.206253883711,-0.0299698940509445,-0.0947273847791824,-0.1014516216364238,-0.0304281709054663,0.019665731383726,0.018449583086109,1.0658596149479878,-1.523887903189859,-0.0947273847791824,-0.1014516216364238,0.0067242368572414,1475.425732421875,1516.344775390625,1550.6106994628906,0.9730146839736966,0.9779016589501576,-0.0533255385949505,-0.0831062352478664,9062343.4,1.058253210753296,-0.0346096399346901,0.0154930429796029,-0.028109470432211,0.0025633983769544,0.0224139702413821,0.0182787000306414,-0.0069145547419235,4,4,0,0,0,xg_INFY.NS,1,2.5036043149021387
2025-04-07,1356.602294921875,1365.489314158466,1269.4320382766357,1313.1385736419368,21715252,21.323953369952903,1535.114306640625,1532.8566818382478,-71.2595525110437,-60.17122984185733,1395.0854180764063,1535.114306640625,1675.1431952048438,-0.0378189831965942,-0.110718499035803,-0.1229474772465852,-0.0385526788623415,0.0214968934286677,0.0194137978740403,1.107242710850544,-1.759194840279655,-0.110718499035803,-0.1229474772465852,0.0122289782107822,1441.6454345703123,1497.3275756835938,1535.114306640625,0.9628123184147864,0.9753850701582464,-0.0688992436620456,1.2643041571161722,10226400.9,2.1234500986557134,-0.0299698940509445,-0.0346096399346901,0.0154930429796029,-0.0205169853943548,-0.0178082372571094,-0.0142366963078769,0.0064564189730476,0,4,0,0,1,xg_INFY.NS,1,2.5036043149021387
2025-04-08,1387.7310791015625,1414.634831773138,1374.327694444895,1389.8677955834949,12805001,27.543753097466524,1522.623956298828,1519.0351958633255,-74.06725502076733,-62.95043487763934,1376.6250854195032,1522.623956298828,1668.6228271781529,0.0229461385228455,-0.064002529301655,-0.1029351445453975,0.0226868350681002,0.0240803494142188,0.0206662268879741,1.1651466132706314,0.952859332263872,-0.064002529301655,-0.1029351445453975,0.0389326152437424,1422.6671142578125,1481.4038330078124,1522.623956298828,0.9603506367127848,0.9729282314779724,-0.0720289712800329,-0.4103222472389453,10621128.4,1.205615874109835,-0.0378189831965942,-0.0299698940509445,-0.0346096399346901,-0.028109470432211,0.0025633983769544,0.0001255605735064,0.0,1,4,0,0,0,xg_INFY.NS,1,2.5036043149021387
2025-04-09,1363.3524169921875,1368.9371407012395,1342.179100849586,1364.663707842691,8546854,25.822054750409528,1508.1643798828125,1504.2082645422647,-77.36768724057765,-65.833885350227,1359.0928205205123,1508.1643798828125,1657.2359392451126,-0.017567281209237,-0.094474800909175,-0.1380146491270654,-0.0177234171858327,0.0211402835896977,0.0203573178094303,1.038410137202261,-0.8309467651149429,-0.094474800909175,-0.1380146491270654,0.0435398482178903,1394.218994140625,1459.574853515625,1508.1643798828125,0.9552226737686116,0.9677823405622648,-0.0835773526507346,-0.3325378108131346,10486799.8,0.8150106956365453,0.0229461385228455,-0.0378189831965942,-0.0299698940509445,0.0154930429796029,-0.0205169853943548,0.0224139702413821,-0.0022011994988018,2,4,0,0,1,xg_INFY.NS,1,2.5036043149021387
2025-04-11,1368.937255859375,1397.4437254302495,1356.893771609889,1370.6855647660782,12567440,26.94859824102863,1495.9192749023437,1491.3253113343706,-78.62629870269825,-68.39236802072126,1343.207502164867,1495.9192749023437,1648.6310476398205,0.0040964014862046,-0.0581689734288775,-0.1187908290655209,0.0040880340766991,0.0218856826077541,0.0202877247391196,1.0787115942065766,0.1871641106886296,-0.0581689734288775,-0.1187908290655209,0.0606218556366434,1377.3094482421875,1441.1209838867187,1495.9192749023437,0.9557209031316504,0.963368149648849,-0.0866437275722302,0.470417068081425,11078413.6,1.13440790836685,-0.017567281209237,0.0229461385228455,-0.0378189831965942,-0.0346096399346901,-0.028109470432211,-0.0178082372571094,0.0182787000306414,4,4,0,0,1,xg_INFY.NS,1,2.5036043149021387
2025-04-15,1385.011474609375,1406.087688754894,1368.5001176189407,1404.0480742507405,10178530,30.232789439678378,1487.9136962890625,1481.200184027228,-77.43409024763378,-70.20071246610377,1329.386295708278,1487.9136962890625,1646.441096869847,0.0117421150466894,-0.0176695455164497,-0.110723140458622,0.0116737113623859,0.0227557837626019,0.0190103772389172,1.1969560898523333,0.5159830654974262,-0.0176695455164497,-0.110723140458622,0.0930535949421723,1372.326904296875,1423.876318359375,1487.9136962890625,0.9637964243117012,0.956961631518414,-0.0834554760817323,-0.1900872413156538,11153609.3,0.912577240803933,0.0040964014862046,-0.017567281209237,0.0229461385228455,-0.0299698940509445,0.0154930429796029,0.0025633983769544,-0.0142366963078769,1,4,0,0,0,xg_INFY.NS,1,2.5036043149021387
2025-04-16,1372.4822998046875,1386.4684147056246,1356.6508927211694,1384.0402738742662,12022740,29.133359097242504,1479.8158508300785,1470.8460998155574,-76.6170623513317,-71.48398244314936,1314.8787135660846,1479.8158508300785,1644.752988094072,-0.009046260651538,0.0117057187226172,-0.1003088199202891,-0.0090874265202751,0.022534950146525,0.0190259825461621,1.184368046370574,-0.4014146549278246,0.0117057187226172,-0.1003088199202891,0.1120145386429064,1375.5029052734376,1408.574169921875,1479.815850830078,0.9765214602435373,0.951857739009728,-0.076003126285479,0.1811862813196012,11675978.6,1.0296987012291177,0.0117421150466894,0.0040964014862046,-0.017567281209237,-0.0378189831965942,-0.0346096399346901,-0.0205169853943548,0.0001255605735064,2,4,0,0,1,xg_INFY.NS,1,2.5036043149021387
2025-04-17,1378.6982421875,1388.7022289531085,1338.6825322481727,1357.8162328834976,14264227,30.484010894528915,1471.5334533691407,1462.07011337479,-74.60795321284968,-72.10877659708943,1303.6306774912096,1471.5334533691407,1639.436229247072,0.0045289781760369,-0.0065090686877968,-0.0700950011300346,0.0045187532151702,0.0220242061452767,0.0189676191570814,1.1610864218893069,0.2056270504877049,-0.0065090686877968,-0.0700950011300346,0.0635859324422377,1373.696337890625,1398.181726074219,1471.5334533691407,0.9824876926032048,0.950152864600543,-0.0709634004633843,0.1864372846788669,11834328.0,1.2053263184862542,-0.009046260651538,0.0117421150466894,0.0040964014862046,0.0229461385228455,-0.0299698940509445,-0.028109470432211,0.0224139702413821,3,4,0,0,1,xg_INFY.NS,1,2.5036043149021387
2025-04-21,1409.29296875,1429.4951483248678,1369.4714582615436,1369.4714582615436,15648970,36.8624385846214,1464.780792236328,1457.0437186486197,-69.74302680349388,-71.63562663837033,1298.3513605917085,1464.780792236328,1631.210223880948,0.0221910245667371,0.0336967545480031,-0.0639615405383798,0.0219483868074634,0.0228705503846981,0.0199299930931377,1.147486744781047,0.970245750440414,0.0336967545480031,-0.0639615405383798,0.097658295086383,1382.8844482421875,1388.5517211914062,1464.780792236328,0.9959185726662338,0.9479587174757116,-0.0581116530133405,0.0970780260297314,12779877.2,1.224500811322254,0.0045289781760369,-0.009046260651538,0.0117421150466894,-0.017567281209237,-0.0378189831965942,0.0154930429796029,-0.0178082372571094,0,4,0,0,0,xg_INFY.NS,1,2.5036043149021387
2025-04-22,1381.903564453125,1398.6091260339042,1378.5041672717928,1398.6091260339042,9399738,33.86658217649787,1456.828631591797,1449.887513487144,-67.32159218960692,-70.77281974861765,1290.5240726279965,1456.828631591797,1623.1331905555974,-0.0194348548557427,0.0094718063506937,-0.0492481323301208,-0.0196261948141627,0.0212319463275098,0.0202017489865875,1.0509434305997454,-0.9153159696241736,0.0094718063506937,-0.0492481323301208,0.0587199386808146,1385.4777099609375,1381.3935791015624,1456.828631591797,1.002956529493956,0.948219680163884,-0.0516323450248106,-0.3993382312062711,12673900.6,0.7416610163408776,0.0221910245667371,0.0045289781760369,-0.009046260651538,0.0040964014862046,0.0229461385228455,-0.0346096399346901,0.0025633983769544,1,4,0,0,1,xg_INFY.NS,1,2.5036043149021387
2025-04-23,1432.505859375,1445.0350886470426,1398.2204665039803,1404.4365301839098,11136642,43.07184788234617,1449.998260498047,1448.232117857416,-60.62060886940799,-68.74237757277572,1292.102621818528,1449.998260498047,1607.8938991775665,0.036617819233935,0.0342916904562253,0.0160162263544234,0.0359633167028343,0.0228524478658914,0.0216869136842876,1.0536950763709216,1.6022886108396297,0.0342916904562253,0.0160162263544234,0.0182754641018019,1394.9765869140624,1383.6517456054687,1449.9982604980469,1.0081847483259871,0.9542437279408946,-0.0384093881528626,0.1847821715881867,12828539.4,0.8681145727314157,-0.0194348548557427,0.0221910245667371,0.0045289781760369,0.0117421150466894,-0.017567281209237,-0.0299698940509445,-0.0205169853943548,2,4,0,0,0,xg_INFY.NS,1,2.5036043149021387
2025-04-24,1429.1065673828125,1440.2760150192205,1419.4911061400271,1427.6496829084983,7114292,42.64244945918957,1444.114874267579,1446.4106368598343,-54.950886155017315,-65.98407928922404,1292.7693419041248,1444.114874267579,1595.4604066310326,-0.002372968996909,0.0412568290215349,0.0534454885800652,-0.0023757889498297,0.0183194152453965,0.0215632908916935,0.8495255112911292,-0.1295259395119522,0.0412568290215349,0.0534454885800652,-0.0121886595585303,1406.3014404296875,1390.9021728515625,1444.1148742675782,1.0110714239136993,0.9631520301021732,-0.0264594920357409,-0.3611815841795039,11368443.4,0.6257929735569052,0.036617819233935,-0.0194348548557427,0.0221910245667371,-0.009046260651538,0.0040964014862046,-0.0378189831965942,-0.028109470432211,3,4,0,0,1,xg_INFY.NS,1,2.5036043149021387
2025-04-25,1437.653564453125,1458.535575435,1421.4336312546193,1433.08870715148,8329979,44.15009465978385,1438.649127197266,1445.5766299639574,-49.20076305232146,-62.62741604184353,1295.2568610456487,1438.649127197266,1582.041393348883,0.0059806576118148,0.042761585139968,0.0359741783572959,0.0059628444666763,0.0172661584490911,0.0216578839236732,0.7971859727369972,0.3463602670611768,0.042761585139968,0.0359741783572959,0.006787406782672,1418.0925048828126,1395.8944213867187,1438.6491271972657,1.0159024086320525,0.9702813528314298,-0.0142987315043959,0.1708795478172668,10920941.2,0.76275284771236,-0.002372968996909,0.036617819233935,-0.0194348548557427,0.0045289781760369,0.0117421150466894,0.0229461385228455,0.0154930429796029,4,4,0,0,1,xg_INFY.NS,1,2.5036043149021387
2025-04-28,1439.4989013671875,1446.7833234291916,1423.1818670852326,1437.6534907325015,5886253,44.48935385950527,1431.541961669922,1444.997798669027,-43.98778202940298,-58.899489239355425,1304.8763527744316,1431.541961669922,1558.2075705654129,0.0012835755147759,0.0214333948206519,0.055852385213057,0.0012827524359728,0.0156421266822763,0.0208301728056767,0.750899953074831,0.0820536418867125,0.0214333948206519,0.055852385213057,-0.034418990392405,1424.13369140625,1403.5090698242188,1431.541961669922,1.0146950397581784,0.9804176946283836,-0.0051464230063919,-0.2933652053624624,10654881.1,0.5524466152887851,0.0059806576118148,-0.002372968996909,0.036617819233935,0.0221910245667371,-0.009046260651538,-0.017567281209237,-0.0346096399346901,0,4,0,0,1,xg_INFY.NS,1,2.5036043149021387
2025-04-29,1454.4564208984375,1466.4029217301106,1431.7289980215005,1439.4019470928108,8056743,47.28457087077168,1426.5909851074225,1445.8986198337327,-38.20905993169572,-54.76140337782349,1312.9185385136814,1426.5909851074225,1540.2634317011632,0.0103907821791624,0.0525021125291218,0.0624712087226937,0.0103371690702909,0.0157032713093965,0.0208356489785742,0.753637080777424,0.6616532518095999,0.0525021125291218,0.0624712087226937,-0.0099690961935718,1438.6442626953126,1412.060986328125,1426.5909851074218,1.0188258698629682,0.9898148811180082,0.0082871356024852,0.3687388224733119,10203811.4,0.7895817243348118,0.0012835755147759,0.0059806576118148,-0.002372968996909,-0.0194348548557427,0.0045289781760369,0.0040964014862046,-0.0299698940509445,1,4,0,0,1,xg_INFY.NS,1,2.5036043149021387
2025-04-30,1456.9815673828125,1465.431568419441,1439.984581952398,1453.7764926957282,7704183,47.762794319294045,1421.567156982422,1446.954138647931,-33.04470403950563,-50.41806351015992,1324.5925317358185,1421.567156982422,1518.5417822290258,0.0017361444785091,0.0170859391936388,0.0519635353878462,0.0017346391217767,0.0156286602253897,0.0208246730656644,0.7504516265146262,0.1110801164883178,0.0170859391936388,0.0519635353878462,-0.0348775961942073,1443.539404296875,1419.2579956054688,1421.567156982422,1.0171085234443564,0.9983756227304414,0.0150806625192397,-0.0437596184959604,9956376.7,0.7737938440998547,0.0103907821791624,0.0012835755147759,0.0059806576118148,0.036617819233935,0.0221910245667371,0.0117421150466894,-0.0378189831965942,2,4,0,1,1,xg_INFY.NS,0,0.0
2025-05-02,1463.586181640625,1479.417588620504,1453.1936678135066,1456.5930649551544,7402310,49.0643435291494,1418.4712768554691,1448.538142742473,-28.095114621474067,-45.95347373242275,1332.093335338899,1418.4712768554691,1504.8492183720396,0.0045330801745668,0.0241266921899019,0.0663789120259708,0.0045228367112608,0.014823719492379,0.0204737466675205,0.724000141886693,0.3057784787696806,0.0241266921899019,0.0663789120259708,-0.0422522198360688,1450.4353271484374,1428.3683837890626,1418.471276855469,1.0154490561467324,1.006977305141867,0.02183954091254,-0.0391829996769287,9494333.7,0.7796555539225697,0.0017361444785091,0.0103907821791624,0.0012835755147759,-0.002372968996909,-0.0194348548557427,-0.009046260651538,0.0229461385228455,4,5,0,0,1,xg_INFY.NS,1,2.5036043149021387
2025-05-05,1465.2373046875,1479.2234198282615,1459.6040889990925,1471.453369034679,4282493,49.40374653191079,1417.602008056641,1450.1285391181898,-23.76534540849093,-41.51584806763639,1333.6258173310346,1417.602008056641,1501.5781987822468,0.0011281351707106,0.0191866391990394,0.062768675444667,0.0011274993044123,0.0149138575611146,0.0195232903420873,0.7638616973937209,0.075638346936136,0.0191866391990394,0.062768675444667,-0.0435820362456276,1455.9520751953123,1437.0222900390625,1417.602008056641,1.0131729238213385,1.0136993894422064,0.0261732806119422,-0.4214653263643376,8496160.3,0.5040504002731088,0.0045330801745668,0.0017361444785091,0.0103907821791624,0.0059806576118148,0.036617819233935,0.0045289781760369,-0.017567281209237,0,5,0,0,1,xg_INFY.NS,1,2.5036043149021387
2025-05-06,1468.0538330078125,1472.0359599506996,1456.0102317041706,1462.7119235923028,4270530,50.015600272932275,1415.7250488281252,1451.8357099648206,-19.87756561312608,-37.18819157673433,1338.6338352430348,1415.7250488281252,1492.8162624132156,0.0019222335599169,0.0198367165223289,0.0416952795201495,0.0019203884331187,0.0138384681516039,0.0191742807458639,0.7216826879882277,0.138895045594231,0.0198367165223289,0.0416952795201495,-0.0218585629978205,1461.6630615234376,1442.8983764648438,1415.725048828125,1.013004855618847,1.01919393010614,0.031291776679056,-0.0027934663290751,7358316.3,0.5803678213723185,0.0011281351707106,0.0045330801745668,0.0017361444785091,0.0012835755147759,-0.002372968996909,0.0221910245667371,0.0040964014862046,1,5,0,0,0,xg_INFY.NS,1,2.5036043149021387
2025-05-07,1464.9459228515625,1475.1441139885928,1453.5821530190783,1456.8844481471906,5691799,49.30703934118109,1416.298095703125,1453.0843016683198,-16.852983784627895,-33.121150018313045,1337.8663268496375,1416.298095703125,1494.7298645566125,-0.0021170273775876,0.0072119740422649,0.0600927304441107,-0.0021192714477775,0.0114289233523059,0.0174866219218165,0.6535435980605175,-0.1852179854872408,0.0072119740422649,0.0600927304441107,-0.0528807564018458,1463.7609619140626,1451.2026123046876,1416.298095703125,1.0086537534475843,1.024644894113364,0.0323990568324526,0.3328085741114099,6987522.4,0.8145661186000899,0.0019222335599169,0.0011281351707106,0.0045330801745668,0.0103907821791624,0.0059806576118148,-0.0194348548557427,0.0117421150466894,2,5,0,0,1,xg_INFY.NS,1,2.5036043149021387
2025-05-08,1467.9569091796875,1472.9102929808605,1458.0500230157727,1464.654613791716,8424409,50.04540614143699,1419.1997314453126,1454.5007404789262,-14.051047730032453,-29.30712956065693,1337.5336039213337,1419.1997314453126,1500.8658589692918,0.0020553566388743,0.0075329311245784,0.0247475775213614,0.0020532472832419,0.0037716948779832,0.0159441714843781,0.2365415061028621,0.5447980039067181,0.0075329311245784,0.0247475775213614,-0.017214646396783,1465.9560302734376,1454.7477172851563,1419.1997314453124,1.007704643805318,1.02504790908017,0.0318512747450149,0.4800960118233268,6716299.1,1.254323083973247,-0.0021170273775876,0.0019222335599169,0.0011281351707106,0.0017361444785091,0.0012835755147759,0.036617819233935,-0.009046260651538,3,5,0,0,0,xg_INFY.NS,1,2.5036043149021387
2025-05-09,1464.2659912109375,1467.9568126185206,1451.1540310083217,1457.5642989506216,4478653,49.101285143782135,1424.5829162597654,1455.430764358165,-11.990104986987037,-25.84372464592295,1346.161117514439,1424.5829162597654,1503.0047150050918,-0.0025143231014952,0.0004644820912085,0.0246023806975528,-0.0025174893202022,0.0037920054213683,0.0129630128389821,0.2925024426052702,-0.6628841307029225,0.0004644820912085,0.0246023806975528,-0.0241378986063443,1466.0919921875,1458.2636596679688,1424.5829162597656,1.0053682559169812,1.0236425293493143,0.0283480434408004,-0.468371846618558,6452735.2,0.6940704772759474,0.0020553566388743,-0.0021170273775876,0.0019222335599169,0.0045330801745668,0.0103907821791624,-0.002372968996909,0.0045289781760369,4,5,0,0,1,xg_INFY.NS,1,2.5036043149021387
2025-05-12,1580.136962890625,1585.0903465111594,1487.96471253376,1492.8209942326298,11372857,68.9226165869716,1434.203210449219,1467.3075451707805,-0.9954984875096216,-20.874079414240285,1331.3999744996192,1434.203210449219,1537.006446398818,0.0791324611615564,0.0784170986061745,0.0991082983832059,0.0761574416342592,0.0246385261052033,0.0209404125631111,1.1765455663962603,3.2116064580010506,0.0784170986061745,0.0991082983832059,-0.0206911997770313,1489.071923828125,1472.5119995117188,1434.203210449219,1.0112460369232286,1.0267108515609171,0.0347240237191414,1.539347656538696,6757023.0,1.6831165144766145,-0.0025143231014952,0.0020553566388743,-0.0021170273775876,0.0011281351707106,0.0017361444785091,0.0059806576118148,0.0221910245667371,0,5,0,0,0,xg_INFY.NS,1,2.5036043149021387
2025-05-13,1523.5125732421875,1565.859323230766,1519.627548132014,1562.7513505672505,12846210,57.199752618277,1442.2112182617188,1472.660404987105,3.112808837704506,-16.07670176385133,1337.708220224028,1442.2112182617188,1546.7142162994098,-0.0358351149161473,0.0377770480805521,0.0583631371967054,-0.0364929563796083,0.028543202442659,0.0224026415422977,1.274042989340367,-1.255425335079323,0.0377770480805521,0.0583631371967054,-0.0205860891161533,1500.163671875,1480.9133666992188,1442.2112182617188,1.012998940794685,1.026835284559877,0.0380387104321381,0.1295499451017452,7453018.7,1.7236250863020477,0.0791324611615564,-0.0025143231014952,0.0020553566388743,0.0019222335599169,0.0045330801745668,0.0012835755147759,-0.0194348548557427,1,5,0,0,1,xg_INFY.NS,0,0.0
2025-05-14,1546.6285400390625,1549.1537826809642,1524.3867472838704,1528.75740058924,4870057,60.17753731914543,1451.0957824707034,1479.7049892777677,8.140103280426729,-11.233340754995718,1342.6819964547817,1451.0957824707034,1559.509568486625,0.0151728099937382,0.0557581108717666,0.0633722109622845,0.0150588541532838,0.0286639367695283,0.0224950069496173,1.2741788724427805,0.5293160112555134,0.0557581108717666,0.0633722109622845,-0.0076141000905178,1516.5001953125,1490.1305786132812,1451.0957824707032,1.017696178494477,1.0269002202432946,0.0422883783330061,-0.6208954236307829,7134350.1,0.6826209720208877,-0.0358351149161473,0.0791324611615564,-0.0025143231014952,-0.0021170273775876,0.0011281351707106,0.0103907821791624,0.036617819233935,2,5,0,0,1,xg_INFY.NS,1,2.5036043149021387
2025-05-15,1566.6363525390625,1572.0753639006623,1525.8435894847285,1544.103254657481,11151167,62.60279763067921,1460.1770263671874,1487.9841667312244,13.582166837768456,-6.270239236442884,1344.8628418067206,1460.1770263671874,1575.4912109276545,0.0129364045613011,0.0672223024683458,0.0752616145674538,0.0128534439881438,0.0286750007608846,0.0225116398182213,1.2737289359409374,0.4511230373151273,0.0672223024683458,0.0752616145674538,-0.008039312099108,1536.236083984375,1501.0960571289063,1460.1770263671874,1.0234095790796225,1.028023335542761,0.0485492740506869,1.2897405512912887,7479048.5,1.490987389639004,0.0151728099937382,-0.0358351149161473,0.0791324611615564,0.0020553566388743,0.0019222335599169,0.0017361444785091,-0.002372968996909,3,5,0,0,0,xg_INFY.NS,1,2.5036043149021387
2025-05-16,1544.200439453125,1566.2479103864578,1536.0418626920532,1566.2479103864578,4576751,58.31403359826177,1468.7629333496095,1493.3380974666436,15.901349870565127,-1.8359214150412817,1355.386356896077,1468.7629333496095,1582.1395098031423,-0.0143210726915505,0.0545901145843605,0.0550799528061507,-0.0144246089419741,0.0295097756385094,0.0227321262560664,1.2980957966850075,-0.485282829125731,0.0545901145843605,0.0550799528061507,-0.0004898382217901,1552.2229736328125,1509.1574829101562,1468.7629333496093,1.0285361144945666,1.0275024298634936,0.054047413891917,-0.5895720151980506,7196492.6,0.6359696666678104,0.0129364045613011,0.0151728099937382,-0.0358351149161473,-0.0025143231014952,-0.0021170273775876,0.0045330801745668,0.0059806576118148,4,5,0,0,0,xg_INFY.NS,1,2.5036043149021387
2025-05-19,1514.965576171875,1539.4411867318856,1510.9833306187809,1531.185508443418,8855798,53.19969417243849,1475.5763000488282,1495.3978573433324,15.205035804074669,1.5722700287819085,1368.8032749578604,1475.5763000488282,1582.349325139796,-0.0189320392186933,-0.0412441378496257,0.0339387151318679,-0.0191135447711525,0.030523728952329,0.02341528382291,1.3035257508480147,-0.6202197322786992,-0.0412441378496257,0.0339387151318679,-0.0751828529814937,1539.1886962890626,1514.1303100585938,1475.5763000488282,1.0165496893259465,1.0261281033102048,0.0419893344381954,0.9349529830222356,7653823.1,1.1570424197547553,-0.0143210726915505,0.0129364045613011,0.0151728099937382,0.0791324611615564,0.0020553566388743,0.0011281351707106,0.0012835755147759,0,5,0,0,0,xg_INFY.NS,1,2.5036043149021387
2025-05-20,1515.7425537109375,1537.9843466293191,1513.2173110505078,1524.8723866170074,7143998,53.31687820420281,1480.898779296875,1497.3354474735804,14.548194948212997,4.167455012668126,1377.4777726433106,1480.898779296875,1584.3197859504396,0.0005128681148161,-0.0051000691872956,0.0324843133343539,0.0005127366429142,0.0305363569030818,0.0230758154158371,1.323248305835358,0.0167947775062465,-0.0051000691872956,0.0324843133343539,-0.0375843825216496,1537.6346923828123,1518.8991821289062,1480.898779296875,1.012334926816964,1.0256603647482738,0.0374311013087499,-0.1932970919165049,7941169.9,0.8996153073112187,-0.0189320392186933,-0.0143210726915505,0.0129364045613011,-0.0358351149161473,-0.0025143231014952,0.0019222335599169,0.0103907821791624,1,5,0,0,1,xg_INFY.NS,1,2.5036043149021387
2025-05-21,1523.41552734375,1525.843668126893,1507.4869000940212,1522.832797268108,4157309,54.52777159138722,1487.9743774414064,1499.8192646040727,14.479873713352616,6.229938752805024,1394.1527252974668,1487.9743774414064,1581.796029585346,0.0050621879118106,-0.0150087833596593,0.039912466105489,0.0050494181158571,0.0304711003786257,0.0224129993421134,1.3594673540198563,0.166125335927335,-0.0150087833596593,0.039912466105489,-0.0549212494651484,1532.99208984375,1524.746142578125,1487.9743774414062,1.0054080787846311,1.0247126332914067,0.0295505143503672,-0.4180696859097664,7787720.9,0.5338287097576219,0.0005128681148161,-0.0189320392186933,-0.0143210726915505,0.0151728099937382,0.0791324611615564,-0.0021170273775876,0.0017361444785091,2,5,0,0,0,xg_INFY.NS,1,2.5036043149021387
2025-05-22,1503.01904296875,1515.936798484799,1495.7346211126817,1510.789092948556,6158990,50.75871280036991,1491.5000366210938,1500.1240054007087,12.634262895859363,7.510803581415892,1401.222258900086,1491.5000366210938,1581.7778143421017,-0.0133886546440573,-0.0406075790767955,0.0238849884283427,-0.0134790908000637,0.0309860587045771,0.0214841353846642,1.4422091436619289,-0.4320724587545214,-0.0406075790767955,0.0238849884283427,-0.0644925675051383,1520.2686279296877,1528.252355957031,1491.5000366210938,0.994775909884108,1.0246411789698628,0.0191405368036922,0.4814847777733144,7561179.0,0.8145541852665021,0.0050621879118106,0.0005128681148161,-0.0189320392186933,0.0129364045613011,-0.0358351149161473,0.0020553566388743,0.0045330801745668,3,5,0,0,1,xg_INFY.NS,1,2.5036043149021387
2025-05-23,1519.8218994140625,1541.5779455953386,1505.447258808557,1505.447258808557,5038421,53.60388935349646,1496.0358032226566,1501.9999953067424,12.384690115445435,8.485580888221802,1409.9384460911958,1496.0358032226566,1582.1331603541173,0.0111794035637258,-0.0157871604075544,0.0379411312811961,0.0111173758918301,0.0310285189643611,0.0215320941144331,1.4409689011466065,0.3602828511961753,-0.0157871604075544,0.0379411312811961,-0.0537282916887505,1515.392919921875,1533.8079467773437,1496.0358032226563,0.9879939161260964,1.0252481548057346,0.0127364375435579,-0.1819403830822911,7617155.8,0.661456996849052,-0.0133886546440573,0.0050621879118106,0.0005128681148161,-0.0143210726915505,0.0151728099937382,-0.0025143231014952,0.0011281351707106,4,5,0,0,1,xg_INFY.NS,1,2.5036043149021387
2025-05-26,1535.070556640625,1538.275749801986,1517.782147363295,1521.5700705826605,3170102,56.0838092613839,1500.906652832031,1505.149572576636,13.264436916779232,9.441352093933288,1417.743770864841,1500.906652832031,1584.0695347992216,0.0100331869362069,0.0132709157125223,-0.0285205696141414,0.0099831886660242,0.0169965958165357,0.0215777083772376,0.7876558466522791,0.5902709444618254,0.0132709157125223,-0.0285205696141414,0.0417914853266637,1519.413916015625,1529.3013061523438,1500.906652832031,0.9935347010448876,1.0189183339728258,0.0120562948090772,-0.3708143880791223,6796880.3,0.4664054478051546,0.0111794035637258,-0.0133886546440573,0.0050621879118106,-0.0189320392186933,0.0129364045613011,0.0791324611615564,0.0019222335599169,0,5,0,0,0,xg_INFY.NS,0,0.0
2025-05-27,1524.9696044921875,1537.401733466409,1511.6634396332652,1534.487964353223,7775714,54.023857430444416,1505.1801879882814,1507.0371946638315,12.996761596390115,10.152433994424657,1426.648719137731,1505.1801879882814,1583.711656838832,-0.006580122395509,0.0060874788786919,0.0009563631279387,-0.0066018668407759,0.0126266304696032,0.0216915380567813,0.5820725281916038,-0.5210892424630648,0.0060874788786919,0.0009563631279387,0.0051311157507532,1521.259326171875,1529.4470092773438,1505.1801879882812,0.99464663825827,1.0161222034961117,0.0105439073252533,1.4528277008121506,6289830.7,1.2362358179209438,0.0100331869362069,0.0111794035637258,-0.0133886546440573,0.0005128681148161,-0.0143210726915505,-0.0358351149161473,-0.0021170273775876,1,5,0,0,1,xg_INFY.NS,1,2.5036043149021387
2025-05-28,1526.6207275390625,1542.063608140773,1524.8724187426308,1535.556238237006,3623370,54.31921961072961,1508.788403320313,1508.902293032901,12.77064674117628,10.67607654377498,1433.5056773643448,1508.788403320313,1584.0711292762803,0.0010827252176117,0.0021039566275795,-0.0129364045613011,0.0010821394934108,0.0115022285517056,0.0216267559137572,0.5318271852878266,0.0941235943235452,0.0021039566275795,-0.0129364045613011,0.0150403611888807,1521.9003662109376,1527.4462280273438,1508.7884033203125,0.9963691934192876,1.0123660976356736,0.0085888804298902,-0.5340144969323717,6165162.0,0.5877169164410297,-0.006580122395509,0.0100331869362069,0.0111794035637258,0.0050621879118106,-0.0189320392186933,0.0151728099937382,0.0020553566388743,2,5,0,0,1,xg_INFY.NS,1,2.5036043149021387
2025-05-29,1540.0240478515625,1562.6543682753302,1531.2827406845122,1543.3263431603168,8609500,56.74830682588031,1512.94052734375,1511.8662696822971,13.517167529214705,11.244294740862928,1440.5854286018343,1512.94052734375,1585.2956260856658,0.008779731645663,0.0246204497913216,-0.0169869061472811,0.0087414139180266,0.0109969469209,0.0216685735999794,0.5074833092659696,0.7983064210810459,0.0246204497913216,-0.0169869061472811,0.0416073559386027,1529.3013671875,1524.7849975585937,1512.94052734375,1.00296197144918,1.007828774496271,0.0106237560813251,1.3761029097221646,5910995.3,1.4565228972519304,0.0010827252176117,-0.006580122395509,0.0100331869362069,-0.0133886546440573,0.0005128681148161,0.0129364045613011,-0.0025143231014952,3,5,0,0,0,xg_INFY.NS,1,2.5036043149021387
2025-05-30,1539.1375732421875,1548.297396005105,1531.652190030095,1547.3124739974685,13148092,56.53418579613739,1516.7180969238284,1514.463536688001,13.87729077004451,11.770893946699244,1447.386673765284,1516.7180969238284,1586.0495200823727,-0.0005756238745827,0.0127091693017264,-0.0032786328002409,-0.0005757896096092,0.0100570449810858,0.021679560788723,0.4638738397540392,-0.0572301949002243,0.0127091693017264,-0.0032786328002409,0.0159878021019674,1533.164501953125,1524.2787109375,1516.7180969238282,1.005829505425658,1.0049848511921933,0.0106854678329062,0.5271609268830943,6768129.4,1.94264784594663,0.008779731645663,0.0010827252176117,-0.006580122395509,0.0111794035637258,0.0050621879118106,-0.0143210726915505,0.0791324611615564,4,5,0,0,0,xg_INFY.NS,1,2.5036043149021387
2025-06-02,1530.371826171875,1536.4782943781508,1515.7949327230604,1536.4782943781508,4374509,54.35036886546847,1519.974822998047,1515.9786118769414,13.302030969985251,12.077121351356446,1454.8327972950174,1519.974822998047,1585.1168487010768,-0.0056952329815764,-0.0030609214986396,0.0101693729826717,-0.0057115126614055,0.0079879908747114,0.0217597474055854,0.3670825604391287,-0.7128851529426994,-0.0030609214986396,0.0101693729826717,-0.0132302944813114,1532.224755859375,1525.8193359375,1519.9748229980469,1.0041980198906966,1.003845137992434,0.0080045467721203,-0.6672894439740762,6320000.5,0.6921690908092978,-0.0005756238745827,0.008779731645663,0.0010827252176117,0.0100331869362069,-0.0133886546440573,-0.0189320392186933,-0.0358351149161473,0,6,0,0,0,xg_INFY.NS,0,0.0
2025-06-03,1519.734619140625,1543.6682714095227,1512.4461724234918,1535.4933708621093,6853403,51.738552028741665,1522.5588623046876,1516.3363268544351,11.851186623058766,12.03193440569691,1462.1614590860947,1522.5588623046876,1582.9562655232803,-0.0069507337036243,-0.0034328457014103,0.0026337358015804,-0.0069750025761612,0.0083817992887018,0.0218601262842988,0.3834111371801483,-0.8291661847364461,-0.0034328457014103,0.0026337358015804,-0.0060665815029907,1531.1777587890624,1526.2185424804688,1522.5588623046874,1.0032493487469585,1.002403637893015,0.0056713168048042,0.5666679391904326,6290941.0,1.089408245920429,-0.0056952329815764,-0.0005756238745827,0.008779731645663,-0.006580122395509,0.0111794035637258,0.0005128681148161,0.0151728099937382,1,6,0,0,1,xg_INFY.NS,1,2.5036043149021387
2025-06-04,1527.8109130859375,1533.8190332918905,1518.158749909477,1519.7346010168856,4548307,53.5631701085106,1525.7021118164064,1517.4291445907686,11.223691718704686,11.870285868298469,1471.7274532519125,1525.7021118164064,1579.6767703809005,0.0053142791139939,0.0007796209794646,0.002885217895771,0.0053002081620388,0.0083980944863255,0.0218504800753585,0.3843261169203788,0.632720482266993,0.0007796209794646,0.002885217895771,-0.0021055969163064,1531.4157958984374,1526.6580810546875,1525.7021118164062,1.0031164246289277,1.000626576597671,0.0037397848340345,-0.3363432735532989,6330040.8,0.7185272802663897,-0.0069507337036243,-0.0056952329815764,-0.0005756238745827,0.0010827252176117,0.0100331869362069,0.0050621879118106,0.0129364045613011,2,6,0,0,1,xg_INFY.NS,1,2.5036043149021387
2025-06-05,1530.8642578125,1544.0621159555858,1518.3556767230737,1524.5607331925255,6948539,54.26713091445743,1528.847479248047,1518.7086791833144,10.847730997256122,11.66577489409,1482.2082694233134,1528.847479248047,1575.4866890727806,0.0019985095671264,-0.0059478227316261,0.0185261889887637,0.0019965152036096,0.0068796707202005,0.0218505204788627,0.3148371632470786,0.2904527259616016,-0.0059478227316261,0.0185261889887637,-0.0244740117203899,1529.583837890625,1529.4426025390626,1528.847479248047,1.0000923443294492,1.000389262695654,0.0004810084491947,0.5277198746698497,6408995.7,1.0841853115924098,0.0053142791139939,-0.0069507337036243,-0.0056952329815764,0.008779731645663,-0.006580122395509,-0.0133886546440573,-0.0143210726915505,3,6,0,0,1,xg_INFY.NS,1,2.5036043149021387
2025-06-06,1540.2210693359375,1545.2441474823067,1519.8331118292815,1531.2581829658582,3960020,56.44609341621178,1532.645233154297,1520.757478245469,11.175966325657557,11.567813180403512,1497.0971730196154,1532.645233154297,1568.1932932889788,0.0061121105125334,0.000703963123626,0.0134220792118731,0.0060935073297292,0.0062770850845764,0.0218351940239072,0.2874624157352713,0.97356286673292,0.000703963123626,0.0134220792118731,-0.012718116088247,1529.800537109375,1531.48251953125,1532.6452331542969,0.9989017292718496,0.999241368062292,-0.0018469400929233,-0.4300931461995104,6301155.6,0.628459325778175,0.0019985095671264,0.0053142791139939,-0.0069507337036243,-0.0005756238745827,0.0010827252176117,0.0111794035637258,-0.0189320392186933,4,6,0,0,1,xg_INFY.NS,1,2.5036043149021387
2025-06-09,1549.183837890625,1564.0561360451063,1547.3124620446238,1554.2069160448225,2903202,58.48646832287757,1531.0975769042968,1523.4647505926266,12.020748005255657,11.65840014537394,1502.1782225846036,1531.0975769042968,1560.01693122399,0.0058191442339843,0.0122924451411308,0.0091938974328877,0.0058022784123119,0.0057487365159973,0.0124929761739462,0.4601206562235321,1.0120714606302226,0.0122924451411308,0.0091938974328877,0.003098547708243,1533.562939453125,1532.89384765625,1531.0975769042968,1.0004364893224005,1.0011731915581663,0.0015913944417242,-0.2668718844854318,6274465.6,0.4627010784790241,0.0061121105125334,0.0019985095671264,0.0053142791139939,-0.0056952329815764,0.008779731645663,0.0100331869362069,0.0005128681148161,0,6,0,0,1,xg_INFY.NS,0,0.0
2025-06-10,1571.935546875,1583.2621501262925,1553.7144894707471,1560.116482612782,8591925,63.19943020400803,1533.5187255859378,1528.0810169052336,14.36057655634113,12.19883542756738,1499.597667695985,1533.5187255859378,1567.4397834758909,0.014686255064056,0.0343487126481947,0.030797953116221,0.0145794563986552,0.0065406261667838,0.0098985745559327,0.6606977026971379,2.245046520485674,0.0343487126481947,0.030797953116221,0.0035507595319737,1544.003125,1537.5904418945313,1533.5187255859375,1.0041706054686237,1.0026551461293949,0.0066697387401826,1.959465100947161,6356086.7,1.351763342057409,0.0058191442339843,0.0061121105125334,0.0019985095671264,-0.0069507337036243,-0.0005756238745827,-0.006580122395509,0.0050621879118106,1,6,0,0,1,xg_INFY.NS,1,2.5036043149021387
2025-06-11,1606.5062255859375,1609.9534525332194,1566.1244242034918,1566.1244242034918,10597410,68.96491409029323,1536.512609863281,1535.550084398634,18.787897209416087,13.516647783937122,1489.6273695424914,1536.512609863281,1583.3978501840709,0.0219924276028136,0.0515085419445315,0.0523283200639177,0.0217540823634694,0.0087935856482607,0.0104900717567383,0.8381970738702345,2.500678085631352,0.0515085419445315,0.0523283200639177,-0.0008197781193861,1559.7421875,1545.5789916992187,1536.512609863281,1.0091636829154944,1.0059006231239092,0.0144596872808545,0.2334150961513281,7053490.7,1.5024348157145082,0.014686255064056,0.0058191442339843,0.0061121105125334,0.0053142791139939,-0.0056952329815764,0.0010827252176117,-0.0133886546440573,2,6,0,0,0,xg_INFY.NS,0,0.0
2025-06-12,1584.345458984375,1603.452969273507,1574.0037782857437,1592.6188275892266,10483574,62.23404972175533,1537.3980651855468,1540.1972629306094,20.274678194926764,14.868253866135053,1487.5426250676755,1537.3980651855468,1587.253505303418,-0.0137943857599928,0.0349352993898335,0.0287796876903603,-0.013890412407659,0.0104913386393829,0.0107174823021849,0.9788082252320668,-1.3147103075967903,0.0349352993898335,0.0287796876903603,0.0061556116994732,1570.438427734375,1550.0111328125,1537.3980651855468,1.0131788052933592,1.0082041651492717,0.020854266575175,-0.0107418699474682,7240898.1,1.4478278599167902,0.0219924276028136,0.014686255064056,0.0058191442339843,0.0019985095671264,-0.0069507337036243,0.008779731645663,0.0111794035637258,3,6,0,0,0,xg_INFY.NS,0,0.0
2025-06-13,1577.844970703125,1584.7394243828517,1546.5244044661897,1552.2369998927122,6968315,60.372695246490814,1539.0802917480469,1543.7827589089443,20.6899271589175,16.03258852469154,1486.08671623769,1539.0802917480469,1592.073867258404,-0.0041029487883388,0.0244275981651185,0.0251487574170516,-0.0041113889770709,0.0106784571376056,0.0101989180404085,1.046915974746193,-0.3841907632075318,0.0244275981651185,0.0251487574170516,-0.0007211592519331,1577.9632080078125,1553.8818725585938,1539.0802917480469,1.0154975329042013,1.0096171596049324,0.0246430523794986,-0.3353111257668425,6622920.4,1.052151404386341,-0.0137943857599928,0.0219924276028136,0.014686255064056,0.0061121105125334,0.0053142791139939,-0.0005756238745827,0.0100331869362069,4,6,0,0,1,xg_INFY.NS,1,2.5036043149021387
2025-06-16,1599.31640625,1610.15054834862,1573.01891647278,1575.875214344727,5591842,64.18324032363131,1543.297833251953,1549.0716777033306,22.49230308989831,17.324531437732897,1485.2042022544606,1543.297833251953,1601.3914642494456,0.0136080768044701,0.0323606321814173,0.0450508686183706,0.0135163184268147,0.0107691222186027,0.0093941956662463,1.1462371408923837,1.2635025423356487,0.0323606321814173,0.0450508686183706,-0.0126902364369532,1587.9897216796876,1560.7763305664062,1543.297833251953,1.0174358045930936,1.0113254207566813,0.0279443693899982,-0.1975331195561624,6744653.7,0.8290777034259255,-0.0041029487883388,-0.0137943857599928,0.0219924276028136,0.0058191442339843,0.0019985095671264,-0.0056952329815764,-0.006580122395509,0,6,0,0,1,xg_INFY.NS,1,2.5036043149021387
2025-06-17,1615.173583984375,1622.5604988569514,1591.2399317053334,1596.2630097727383,7622083,66.72785955398665,1548.269384765625,1555.3670973491444,24.913058489393052,18.84223684806493,1483.4731276523926,1548.269384765625,1613.0656418788576,0.0099149722171338,0.0275062404405397,0.0627997570376586,0.0098661413857046,0.0100807491961533,0.009510636124383,1.059833351941562,0.9834575354162626,0.0275062404405397,0.0627997570376586,-0.0352935165971188,1596.6373291015625,1570.320227050781,1548.269384765625,1.016759067098185,1.0142422517051155,0.029945972875944,0.3630719537497662,6821521.7,1.117358169512073,0.0136080768044701,-0.0041029487883388,-0.0137943857599928,0.014686255064056,0.0061121105125334,-0.0069507337036243,0.0010827252176117,1,6,0,0,0,xg_INFY.NS,1,2.5036043149021387
2025-06-18,1608.2791748046875,1619.9011823893957,1596.558578835151,1596.558578835151,5629707,64.57959542709752,1552.5125671386718,1560.406342821101,25.975770865097505,20.26894365147144,1483.586207221627,1552.5125671386718,1621.4389270557162,-0.0042685252210973,0.0011036055699711,0.0526689926282937,-0.0042776613827726,0.0106110560946232,0.0096436834058471,1.1001974505653789,-0.4022335712360236,0.0011036055699711,0.0526689926282937,-0.0515653870583225,1596.9919189453126,1578.3670532226563,1552.5125671386718,1.0118000852112496,1.0166533183893225,0.0276564868235904,-0.2613952117813464,6929661.7,0.8124071915370973,0.0099149722171338,0.0136080768044701,-0.0041029487883388,0.0219924276028136,0.0058191442339843,0.0053142791139939,0.008779731645663,2,6,0,0,0,xg_INFY.NS,0,0.0
2025-06-19,1593.997802734375,1605.4228739879738,1587.2018168292147,1599.4148737815738,5147760,60.25234528579105,1557.061505126953,1563.605529479508,25.37310534341532,21.289775989860217,1489.9025204860843,1557.061505126953,1624.2204897678218,-0.008879908596744,0.0060923226656561,0.0412404591717938,-0.0089195699524688,0.0114960675654724,0.0092926680548051,1.2369784995202733,-0.7723629130798424,0.0060923226656561,0.0412404591717938,-0.0351481365061376,1598.9223876953124,1584.6804077148438,1557.061505126953,1.0089872884848787,1.0177378366217067,0.0262615685520709,-0.0856078300344937,6749583.8,0.762678137279996,-0.0042685252210973,0.0099149722171338,0.0136080768044701,-0.0137943857599928,0.014686255064056,0.0019985095671264,-0.0005756238745827,3,6,0,0,1,xg_INFY.NS,1,2.5036043149021387
2025-06-20,1598.429931640625,1606.1122510729597,1584.6410236941556,1594.58871180959,9202821,61.122981572457086,1560.9919067382814,1566.9221392091383,24.965339444665233,22.02488868082122,1493.8084796974704,1560.9919067382814,1628.1753337790924,0.0027805113022407,0.0130462506264648,0.0377925373594481,0.0027766528313835,0.0114798216533671,0.0090903766866139,1.2627154334359505,0.242187483282199,0.0130462506264648,0.0377925373594481,-0.0247462867329832,1603.0393798828125,1590.5012939453125,1560.9919067382812,1.0078831032613615,1.018904253814289,0.0263054840954922,0.7877331111007506,7273863.9,1.2651901556748586,-0.008879908596744,-0.0042685252210973,0.0099149722171338,-0.0041029487883388,0.0219924276028136,0.0061121105125334,-0.0056952329815764,4,6,0,0,0,xg_INFY.NS,1,2.5036043149021387
2025-06-23,1560.116455078125,1576.8601291540897,1551.6461498856431,1576.8601291540897,7943676,50.77018138129606,1562.2442016601562,1566.2739788157085,21.3050137361613,21.880913691889237,1496.1706440845671,1562.2442016601562,1628.3177592357454,-0.0239694438924671,-0.0245104414727972,0.0070570173275148,-0.0242613855718873,0.0143873009796321,0.0106634424399108,1.3490907809478003,-1.6658981436653202,-0.0245104414727972,0.0070570173275148,-0.031567458800312,1595.1993896484375,1591.5945556640625,1562.2442016601562,1.002264919775923,1.0187873022493643,0.0211235436181788,-0.1368216332796215,7777911.3,1.0213122384153417,0.0027805113022407,-0.008879908596744,-0.0042685252210973,0.0136080768044701,-0.0137943857599928,0.0058191442339843,-0.0069507337036243,0,6,0,0,0,xg_INFY.NS,1,2.5036043149021387
2025-06-24,1557.7525634765625,1584.739449496533,1552.827953627288,1576.860073737694,8083992,50.205163275891366,1563.883349609375,1565.4624154500757,18.00587245517272,21.105905444545936,1500.1170172943075,1563.883349609375,1627.6496819244426,-0.0015152020183288,-0.0355509903561969,-0.0090226240042941,-0.0015163510977789,0.013536479087567,0.0105367482397345,1.2845703635739958,-0.1119264531104952,-0.0355509903561969,-0.0090226240042941,-0.0265283663519028,1583.715185546875,1590.1762573242188,1563.883349609375,0.9959368832558124,1.016812576028392,0.0127310565249462,0.0176638624233917,7727118.0,1.0461846188965864,-0.0239694438924671,0.0027805113022407,-0.008879908596744,0.0099149722171338,-0.0041029487883388,0.014686255064056,0.0053142791139939,1,6,0,0,1,xg_INFY.NS,1,2.5036043149021387
2025-06-25,1590.550537109375,1595.4751470327865,1561.199813873949,1566.025955644839,7813533,57.304809990324685,1567.0798400878907,1567.8517603700088,17.83224259655799,20.451172874948348,1504.7860129739715,1567.0798400878907,1629.37366720181,0.0210546747935465,-0.0110233583652946,-0.0099319182350152,0.0208360879873028,0.013362994276353,0.0114409478875894,1.167895047909391,1.5754776871464038,-0.0110233583652946,-0.0099319182350152,-0.0010914401302793,1580.1694580078124,1588.5806884765625,1567.0798400878907,0.9947051915399926,1.013720327349413,0.0082296145985467,-0.0334561192044722,7448730.3,1.0489751521811643,-0.0015152020183288,-0.0239694438924671,0.0027805113022407,-0.0042685252210973,0.0136080768044701,0.0219924276028136,0.0019985095671264,2,6,0,0,0,xg_INFY.NS,1,2.5036043149021387
2025-06-26,1591.6339111328125,1599.5132869304996,1582.3756205245834,1584.5425210067874,6519233,57.52026189872389,1569.660333251953,1570.1167271093234,17.57941436621877,19.876821173202433,1507.8113118661406,1569.660333251953,1631.5093546377657,0.0006811314687342,-0.0014829955207638,0.0046002922576682,0.0006808996039762,0.0125738076679561,0.0113354949829469,1.1091442008196113,0.0541663528158742,-0.0014829955207638,0.0046002922576682,-0.006083287778432,1579.6966796875,1589.3095336914062,1569.660333251953,0.9939515533002692,1.0125181225665203,0.0063056877372031,-0.1656484972930939,7052296.2,0.9244128174875972,0.0210546747935465,-0.0015152020183288,-0.0239694438924671,-0.008879908596744,0.0099149722171338,-0.0137943857599928,0.0061121105125334,3,6,0,0,0,xg_INFY.NS,1,2.5036043149021387
2025-06-27,1583.7545166015625,1605.0288069577266,1578.238977654369,1594.5886581952298,8912268,55.33322316255337,1571.8911804199215,1571.4155642038224,16.552438674813857,19.21194467352472,1511.4756797699104,1571.8911804199215,1632.3066810699331,-0.0049505068195248,-0.0091811437890177,0.0037453273345378,-0.0049628011707056,0.0126113098462368,0.0114238006200611,1.1038538234174775,-0.3925138915772752,-0.0091811437890177,0.0037453273345378,-0.0129264711235556,1576.7615966796875,1589.90048828125,1571.891180419922,0.9917360289537578,1.0114570958127758,0.0030752343300125,0.367073089733102,7246691.5,1.229839575756574,0.0006811314687342,0.0210546747935465,-0.0015152020183288,0.0027805113022407,-0.0042685252210973,-0.0041029487883388,0.0058191442339843,4,6,0,0,0,xg_INFY.NS,1,2.5036043149021387
2025-06-30,1577.6480712890625,1590.648993297183,1570.064099926214,1590.648993297183,6294505,53.63132163334683,1574.2549926757813,1572.0091363071786,15.072072468017268,18.38397023242323,1517.066130561877,1574.2549926757813,1631.4438547896857,-0.0038556766522145,0.0112373766418991,-0.013548497893387,-0.0038631289353352,0.0117669847586779,0.0113701691948894,1.0348086953069349,-0.327641200365362,0.0112373766418991,-0.013548497893387,0.0247858745352862,1580.267919921875,1587.7336547851562,1574.2549926757813,0.9952978669685684,1.0085619306732927,0.0038113235489717,-0.2937257946013293,7316957.8,0.8602625807134134,-0.0049505068195248,0.0006811314687342,0.0210546747935465,-0.0239694438924671,-0.008879908596744,0.0136080768044701,0.014686255064056,0,6,0,1,1,xg_INFY.NS,0,0.0
2025-07-01,1582.57275390625,1593.308307768125,1576.367697072364,1584.7395342639384,4178937,54.83774174284586,1577.3968994140623,1573.0151951261378,14.133332059299391,17.533842597798465,1526.232621735243,1577.3968994140623,1628.5611770928822,0.003121534331268,0.0159333330668987,-0.0201841030595014,0.0031166724580193,0.0112314331904024,0.0111939581513253,1.003258166630374,0.2779036632895581,0.0159333330668987,-0.0201841030595014,0.0361174361264001,1585.2319580078124,1584.4735717773438,1577.3968994140623,1.0004786360870743,1.0044862978784286,0.0049508362723992,-0.3360975962367175,6972643.2,0.5993332628865049,-0.0038556766522145,-0.0049505068195248,0.0006811314687342,-0.0015152020183288,0.0027805113022407,0.0099149722171338,0.0219924276028136,1,7,1,0,1,xg_INFY.NS,1,2.5036043149021387
2025-07-02,1586.2169189453125,1624.1364168524187,1579.2239966239758,1593.6038341220217,8653641,55.75510531377146,1580.3171997070312,1574.2725021565354,13.527490693086293,16.73257221685603,1534.7034198113754,1580.3171997070312,1625.930979602687,0.0023026840504283,-0.0027246026221451,-0.0137179267163328,0.0023000369363765,0.0112748177331855,0.0111684921085518,1.0094297595280122,0.2042143731759133,-0.0027246026221451,-0.0137179267163328,0.0109933240941877,1584.365234375,1582.2673461914062,1580.3171997070312,1.0013258746624858,1.0012340221853793,0.0025520057311331,1.0707756541914848,7275036.6,1.1894979332473476,0.003121534331268,-0.0038556766522145,-0.0049505068195248,0.0210546747935465,-0.0239694438924671,-0.0042685252210973,-0.0137943857599928,2,7,0,0,1,xg_INFY.NS,1,2.5036043149021387
2025-07-03,1594.293212890625,1607.786716594206,1590.6490495377586,1594.0962765801005,5259695,57.80092581478324,1583.4886474609375,1576.179236512163,13.54293198080086,16.094644169644997,1543.9345426952448,1583.4886474609375,1623.042752226631,0.005091544446949,0.0016707998863381,0.0001853265768265,0.0050786263646269,0.0110986163386613,0.0111907846011971,0.9916752988146488,0.4587135529373703,0.0016707998863381,0.0001853265768265,0.0014854733095115,1584.8970947265625,1582.2968872070312,1583.4886474609375,1.0016433120361634,0.9992473831398684,0.0008834305096685,-0.3921986132773476,7286230.1,0.7218678147426717,0.0023026840504283,0.003121534331268,-0.0038556766522145,0.0006811314687342,-0.0015152020183288,-0.008879908596744,-0.0041029487883388,3,7,0,0,1,xg_INFY.NS,1,2.5036043149021387
2025-07-04,1615.96142578125,1618.6207872342948,1587.9897380569496,1600.4981989662078,4411273,62.77421673997686,1587.2756652832034,1579.9680164425522,15.12921285583161,15.90155790688232,1550.778881997586,1587.2756652832034,1623.772448568821,0.0135911090352935,0.0203357962626666,0.010967946604097,0.0134995783163267,0.0118898228552776,0.0114540721623787,1.037952680414069,1.142991464990273,0.0203357962626666,0.010967946604097,0.0093678496585696,1591.3384765625,1584.0500366210938,1587.2756652832031,1.0046011424973376,0.9979678207556127,0.0025141759044976,-0.1613063114876433,6807075.3,0.6480423391231402,0.005091544446949,0.0023026840504283,0.003121534331268,-0.0049505068195248,0.0210546747935465,0.0027805113022407,0.0136080768044701,4,7,0,0,0,xg_INFY.NS,1,2.5036043149021387
2025-07-07,1602.4681396484375,1619.2118141254034,1598.5284515362102,1615.272126013176,3294523,58.17624843377639,1589.9398803710938,1582.1108853193032,15.12322532731696,15.74589139096925,1557.609561291552,1589.9398803710938,1622.2701994506356,-0.0083500050914204,0.0157323225699475,0.0271464892460169,-0.0083850616687319,0.008863257280214,0.0116718419730439,0.7593058571924426,-0.9419858683545372,0.0157323225699475,0.0271464892460169,-0.0114141666760694,1596.302490234375,1588.285205078125,1589.9398803710938,1.0050477616555369,0.9989592843645242,0.0039705063120176,-0.2531582153269589,6342160.0,0.519463873506736,0.0135911090352935,0.005091544446949,0.0023026840504283,-0.0038556766522145,0.0006811314687342,-0.0239694438924671,0.0099149722171338,0,7,0,0,1,xg_INFY.NS,1,2.5036043149021387
2025-07-08,1613.9915771484375,1621.378491891406,1597.0509674297891,1603.4529602070286,4590681,60.815882616307576,1592.0426818847657,1585.147141683983,15.865438371047048,15.76980078698481,1559.1766767792135,1592.0426818847657,1624.9086869903178,0.0071910556065895,0.0198530040180691,0.0361026616103663,0.0071653232544282,0.0088288634732396,0.0113507689709926,0.7777522160466929,0.8144016754486844,0.0198530040180691,0.0361026616103663,-0.0162496575922972,1602.5862548828125,1593.9091064453123,1592.0426818847657,1.0054439418172667,1.0011723458056647,0.0065326072002648,0.3934281229786527,5992828.9,0.7660290451474817,-0.0083500050914204,0.0135911090352935,0.005091544446949,0.003121534331268,-0.0049505068195248,-0.0015152020183288,-0.0042685252210973,1,7,0,0,0,xg_INFY.NS,1,2.5036043149021387
2025-07-09,1609.0670166015625,1613.3022292758048,1599.1193284889714,1613.1052929685202,4580828,59.0992673571398,1592.170721435547,1587.4252250094664,15.873299163722322,15.790500462332313,1559.048511114203,1592.170721435547,1625.292931756891,-0.0030511686780767,0.0144054053284485,0.0116415537011724,-0.0030558329833656,0.0065184550006143,0.0102891643359022,0.6334646160967113,-0.4680097765517552,0.0144054053284485,0.0116415537011724,0.0027638516272761,1607.1562744140624,1595.7607543945312,1592.170721435547,1.0071411206148224,1.0022548040299015,0.0093131938097679,-0.0021463046550174,5669558.4,0.8079691003798799,0.0071910556065895,-0.0083500050914204,0.0135911090352935,0.0023026840504283,-0.0038556766522145,0.0210546747935465,-0.008879908596744,2,7,0,0,0,xg_INFY.NS,0,0.0
2025-07-10,1591.43701171875,1614.1886858160017,1582.868118202301,1614.1886858160017,5330179,53.29904049826741,1592.5252990722656,1587.80729993416,14.292183450366338,15.490837059939118,1559.6045874018118,1592.5252990722656,1625.4460107427194,-0.0109566628990058,-0.0017915156062769,-0.0001237089840102,-0.0110171292082368,0.0075707942129202,0.0101049602964779,0.7491414957922197,-1.447036539940532,-0.0017915156062769,-0.0001237089840102,-0.0016678066222667,1606.5850341796877,1595.741064453125,1592.5252990722656,1.006795569762616,1.0020192868413034,0.0088346161386791,0.1635841817243519,5550653.0,0.9602796283606704,-0.0030511686780767,0.0071910556065895,-0.0083500050914204,0.005091544446949,0.003121534331268,0.0006811314687342,0.0027805113022407,3,7,0,0,0,xg_INFY.NS,1,2.5036043149021387
2025-07-11,1570.85205078125,1582.868050545757,1539.433016356687,1555.2902357933656,11391755,47.44404110378852,1592.1756530761718,1586.1925143005496,11.248438546593434,14.64235735726998,1558.459514275482,1592.1756530761718,1625.8917918768616,-0.0129348260634383,-0.0279148835364009,-0.0081467586580266,-0.0130192093714898,0.008514650309559,0.0104917806712139,0.8114770122774339,-1.518947536974197,-0.0279148835364009,-0.0081467586580266,-0.0197681248783743,1597.5631591796875,1594.4508178710937,1592.1756530761718,1.0019519832620172,1.0014289659501614,0.0034296712416909,1.137218093426131,5798601.7,1.9645693202204308,-0.0109566628990058,-0.0030511686780767,0.0071910556065895,0.0135911090352935,0.0023026840504283,-0.0049505068195248,-0.0239694438924671,4,7,0,0,0,xg_INFY.NS,1,2.5036043149021387
2025-07-14,1546.623046875,1567.7988696310574,1536.2813659941348,1567.7988696310574,9173426,41.64518355339292,1589.540985107422,1582.4239935933545,6.802752757137796,13.074436437243545,1550.378931390111,1589.540985107422,1628.703038824733,-0.0154241157811138,-0.034849424704125,-0.0196653645249998,-0.0155443049308914,0.0096838023602394,0.0104935985342535,0.9227415730704044,-1.5926102781856235,-0.034849424704125,-0.0196653645249998,-0.0151840601791251,1586.394140625,1591.3483154296875,1589.540985107422,0.9968868067684166,1.0011370139802611,-0.0020346551079657,-0.1947311015730236,6086493.8,1.507177416330974,-0.0129348260634383,-0.0109566628990058,-0.0030511686780767,-0.0083500050914204,0.005091544446949,-0.0038556766522145,-0.0015152020183288,0,7,0,0,1,xg_INFY.NS,1,2.5036043149021387
2025-07-15,1561.6922607421875,1579.4208563061295,1540.4179701114035,1541.5013602388092,7614807,46.060928242288675,1586.8669189453126,1580.4495428456244,4.444243882927822,11.3483979263804,1547.7707504138414,1586.8669189453126,1625.9630874767838,0.0097433009922069,-0.032403710866107,-0.013194017850063,0.0096961411162359,0.0102767527930617,0.0104837309678122,0.9801637089793708,0.9479991578299582,-0.032403710866107,-0.013194017850063,-0.019209693016044,1575.93427734375,1589.2602661132812,1586.8669189453126,0.9916149739261264,1.0015082217288638,-0.0070005095602938,-0.1699058781310276,6430080.8,1.1842474825508904,-0.0154241157811138,-0.0129348260634383,-0.0109566628990058,0.0071910556065895,0.0135911090352935,0.003121534331268,0.0210546747935465,1,7,0,0,1,xg_INFY.NS,1,2.5036043149021387
2025-07-16,1583.6561279296875,1587.6942841349517,1554.6993967165145,1555.1918577227598,6223491,51.78744211249674,1585.6357666015626,1580.7549319012494,4.297866006319737,9.938291542368267,1547.849848514936,1585.6357666015626,1623.421684688189,0.0140641455039687,-0.0157923121968804,-0.0016144015267014,0.0139661630340173,0.0113493609806899,0.011028195859171,1.0290288726038532,1.23909235379348,-0.0157923121968804,-0.0016144015267014,-0.014177910670179,1570.852099609375,1589.0041870117188,1585.6357666015624,0.9885764382808326,1.0021243342772066,-0.0093351496776727,-0.1827119190282826,6187065.8,1.005887314144775,0.0097433009922069,-0.0154241157811138,-0.0129348260634383,-0.0030511686780767,-0.0083500050914204,0.0023026840504283,0.0006811314687342,2,7,0,0,0,xg_INFY.NS,1,2.5036043149021387
2025-07-17,1559.6240234375,1585.7244570472844,1556.2752645133155,1573.9053927711557,7374814,46.02922319070844,1583.917077636719,1578.7424644285113,2.2171129981325066,8.394055833521117,1544.6352526554692,1583.917077636719,1623.1989026179683,-0.0151750775110532,-0.0199901020568147,-0.0217458050832858,-0.0152913972743693,0.0121030748728837,0.0113584402646579,1.0654640185519837,-1.2537164277667705,-0.0199901020568147,-0.0217458050832858,0.0017557030264711,1564.489501953125,1585.5372680664063,1583.917077636719,0.9867251520748236,1.0010229010423357,-0.012456576323295,0.1849963308374673,6398577.7,1.1525708283575031,0.0140641455039687,0.0097433009922069,-0.0154241157811138,-0.0109566628990058,0.0071910556065895,0.005091544446949,-0.0049505068195248,3,7,0,0,1,xg_INFY.NS,1,2.5036043149021387
2025-07-18,1562.1846923828125,1575.1857343566385,1556.176692489401,1568.0942241264431,5161833,46.70915078455832,1582.1048156738284,1577.1655337574923,0.7658970472057263,6.868424076258039,1542.3012686357329,1582.1048156738284,1621.908362711924,0.0016418501554422,-0.005517615993261,-0.0332784759218115,0.0016405037929576,0.0109094736250476,0.011341186099101,0.9618492881114304,0.1504838572427324,-0.005517615993261,-0.0332784759218115,0.0277608599285504,1562.7560302734375,1580.1595947265623,1582.1048156738282,0.9889861982857898,0.9987704854141176,-0.0123857220562555,-0.3000727882764229,6473633.7,0.7973625384456341,-0.0151750775110532,0.0140641455039687,0.0097433009922069,-0.0129348260634383,-0.0030511686780767,0.0135911090352935,-0.0038556766522145,4,7,0,0,0,xg_INFY.NS,1,2.5036043149021387
2025-07-21,1560.4119873046875,1565.041072656143,1543.1758521432762,1556.1767745731315,3682661,46.27452676757572,1582.1195922851564,1575.5699579048442,-0.5212360493217147,5.390492051142089,1542.3502107040892,1582.1195922851564,1621.8889738662235,-0.0011347602410705,0.0089155146482191,-0.0262446106123374,-0.0011354045689575,0.0107780239437893,0.0099843570220981,1.0793829324216475,-0.1052748604129718,0.0089155146482191,-0.0262446106123374,0.0351601252605565,1565.513818359375,1575.9539794921875,1582.1195922851562,0.9933753388305306,0.996102941381275,-0.0106419164046954,-0.2865594450653479,6512447.5,0.5654803359258458,0.0016418501554422,-0.0151750775110532,0.0140641455039687,-0.0154241157811138,-0.0109566628990058,-0.0083500050914204,0.003121534331268,0,7,0,0,0,xg_INFY.NS,1,2.5036043149021387
2025-07-22,1547.2139892578125,1561.889351060241,1541.4029254290974,1541.4029254290974,8473741,43.061893675316945,1581.592663574219,1572.8693894622695,-2.576565401630205,3.7970805605876303,1540.2170705111253,1581.592663574219,1622.9682566373126,-0.0084580214419347,-0.0092708863636772,-0.0413741861085831,-0.0084939934837713,0.0103244101341282,0.0101610207219069,1.0159800315965946,-0.8191462936642766,-0.0092708863636772,-0.0413741861085831,0.0321032997449058,1562.6181640625,1569.276220703125,1581.5926635742187,0.9957572436561604,0.9922126327753318,-0.0122636556051439,1.300983174937905,6900753.5,1.227944310718934,-0.0011347602410705,0.0016418501554422,-0.0151750775110532,0.0097433009922069,-0.0129348260634383,0.0071910556065895,0.0023026840504283,1,7,0,0,1,xg_INFY.NS,1,2.5036043149021387
2025-07-23,1550.7596435546875,1567.897309898412,1526.629055261839,1552.5325511946266,8035026,44.18302997194894,1579.6031188964846,1570.7636993758333,-3.874659390136912,2.262732570442722,1536.2611993653838,1579.6031188964846,1622.9450384275854,0.0022916379515001,-0.0207724920800865,-0.036236758596931,0.0022890161539592,0.0105249531820483,0.0088708066953727,1.1863370724181703,0.2177131051094182,-0.0207724920800865,-0.036236758596931,0.0154642665168445,1556.0388671875,1563.4454833984375,1579.6031188964844,0.995262632250638,0.9897710790104448,-0.0151952959357194,-0.0517734728970357,7246173.3,1.1088647300222438,-0.0084580214419347,-0.0011347602410705,0.0016418501554422,0.0140641455039687,-0.0154241157811138,-0.0030511686780767,0.005091544446949,2,7,0,0,0,xg_INFY.NS,1,2.5036043149021387
2025-07-24,1529.0914306640625,1558.1466301517212,1524.8562179010848,1556.1767861186595,14169664,39.11426705364445,1576.4759948730468,1566.7949118794745,-6.576047339471188,0.4949765884599401,1528.0609210152002,1576.4759948730468,1624.8910687308935,-0.0139726442977047,-0.0195768930938509,-0.0391756510597641,-0.0140711806443878,0.0107977713198186,0.0092995802639589,1.1609782415040897,-1.2939105648122335,-0.0195768930938509,-0.0391756510597641,0.0195987579659132,1549.9323486328126,1557.2109252929688,1576.4759948730468,0.9953258890353682,0.9877796619531594,-0.0173590968518518,0.7634870129853968,8130121.8,1.7428599901170307,0.0022916379515001,-0.0084580214419347,-0.0011347602410705,-0.0151750775110532,0.0097433009922069,-0.0109566628990058,0.0135911090352935,3,7,0,0,0,xg_INFY.NS,1,2.5036043149021387
2025-07-25,1492.84619140625,1526.1366022975346,1488.512630894258,1520.12860228797,10851259,32.41528406276772,1571.930578613281,1559.7521765963102,-11.508936786558706,-1.9058060865437896,1510.952855314237,1571.930578613281,1632.9083019123257,-0.0237037750202234,-0.0443855974998704,-0.0496583108104957,-0.0239892294180537,0.012236189627541,0.0104865324580757,1.1667367587614803,-1.937027678877808,-0.0443855974998704,-0.0496583108104957,0.0052727133106252,1536.0646484375,1549.4103393554688,1571.930578613281,0.9913866000639182,0.9856735153802534,-0.0240252012446077,-0.2341908036774901,8076072.2,1.343630756545076,-0.0139726442977047,0.0022916379515001,-0.0084580214419347,0.0016418501554422,0.0140641455039687,-0.0129348260634383,-0.0083500050914204,4,7,0,0,0,xg_INFY.NS,1,2.5036043149021387
2025-07-28,1493.1417236328125,1496.392014262957,1460.14683725966,1491.0734115180542,6439855,32.51677052063349,1567.7052612304688,1553.4083239331198,-15.219005015786934,-4.568445872392418,1497.3980095030968,1567.7052612304688,1638.0125129578407,0.0001979656231592,-0.0431105786287066,-0.0345794169757447,0.0001979460305507,0.0117467204908061,0.0105062222144903,1.117966314123101,0.0168514073274165,-0.0431105786287066,-0.0345794169757447,-0.0085311616529618,1522.610595703125,1544.06220703125,1567.7052612304688,0.98610702908831,0.984918686704756,-0.0302011957830958,-0.4065338409119163,7802715.1,0.8253351451982625,-0.0237037750202234,-0.0139726442977047,0.0022916379515001,-0.0011347602410705,-0.0151750775110532,-0.0154241157811138,0.0071910556065895,0,7,0,0,0,xg_INFY.NS,1,2.5036043149021387
2025-07-29,1490.8763427734375,1494.3235696797126,1473.5417400906863,1490.0884773327002,7070448,32.11862882393267,1563.1204406738282,1547.452897156007,-18.133031816462335,-7.2813630612064015,1485.333958831074,1563.1204406738282,1640.9069225165822,-0.0015171907820399,-0.0364123171555602,-0.0453456290646501,-0.0015183428814244,0.0108466562234942,0.0104218935400906,1.0406569137230142,-0.1398634645845377,-0.0364123171555602,-0.0453456290646501,0.0089333119090898,1511.34306640625,1536.980615234375,1563.1204406738282,0.9833195366460654,0.9832771520611776,-0.0347294894835195,0.0979203724307458,7748279.2,0.912518485394678,0.0001979656231592,-0.0237037750202234,-0.0139726442977047,-0.0084580214419347,0.0016418501554422,0.0097433009922069,-0.0030511686780767,1,7,0,0,1,xg_INFY.NS,1,2.5036043149021387
2025-07-30,1496.0965576171875,1498.7557989957106,1483.2925712781332,1496.9830114866083,5719051,34.12039379463587,1558.6144226074218,1542.5618171999292,-19.793029615023215,-9.783696371969764,1476.1603917613331,1558.6144226074218,1641.0684534535103,0.0035014405245969,-0.0352492316682938,-0.0552895093627217,0.0034953247535707,0.0092223768188807,0.0104569483004162,0.8818533572702426,0.3796267455352556,-0.0352492316682938,-0.0552895093627217,0.0200402776944278,1500.41044921875,1528.224658203125,1558.6144226074218,0.9817996596016983,0.980502063907854,-0.0389038883167891,-0.1911331502614827,7697835.2,0.742942769156614,-0.0015171907820399,0.0001979656231592,-0.0237037750202234,0.0022916379515001,-0.0011347602410705,0.0140641455039687,-0.0109566628990058,2,7,0,0,0,xg_INFY.NS,1,2.5036043149021387
2025-07-31,1486.247314453125,1504.0743788045277,1474.428250322285,1486.936711768862,6851407,32.191522869311186,1553.2121276855469,1537.198531224043,-21.65373071114277,-12.157703239804366,1466.5500547923025,1553.2121276855469,1639.8742005787913,-0.0065832937813514,-0.0280193292250228,-0.0470476909060739,-0.0066050592380451,0.008614829587482,0.0103141105543785,0.8351659967255678,-0.7640928496213965,-0.0280193292250228,-0.0470476909060739,0.0190283616810511,1491.8416259765625,1520.8869873046874,1553.2121276855469,0.9809023539746374,0.979188199857139,-0.0412922540630905,0.1979971851973343,7645494.5,0.8961365415931047,0.0035014405245969,-0.0015171907820399,0.0001979656231592,-0.0139726442977047,-0.0084580214419347,-0.0151750775110532,-0.0129348260634383,3,7,0,1,0,xg_INFY.NS,0,0.0
2025-08-01,1447.4412841796875,1476.1024890867666,1443.4031282013243,1471.374935830292,8702978,25.963694168038103,1544.7861206054688,1528.6502219817237,-25.960416540899132,-14.91824590002332,1451.3104939602545,1544.7861206054688,1638.2617472506831,-0.0261100759584661,-0.0304149935123533,-0.0734506033522233,-0.0264569960572771,0.0105672632462767,0.0106754812944714,0.9897702206202258,-2.4706118072583902,-0.0304149935123533,-0.0734506033522233,0.0430356098398699,1482.76064453125,1509.412646484375,1544.7861206054688,0.982342799356292,0.9771013775633682,-0.0428518080506255,0.2702468266737037,7999609.0,1.0879254223548815,-0.0065832937813514,0.0035014405245969,-0.0015171907820399,-0.0237037750202234,0.0022916379515001,0.0016418501554422,-0.0154241157811138,4,8,1,0,1,xg_INFY.NS,1,2.5036043149021387
2025-08-04,1458.177001953125,1460.4423706154291,1429.1218033326477,1439.4634841975633,8610216,29.99846832482928,1537.5715637207031,1521.9384867409046,-28.182344858173337,-17.571065691653324,1440.6321163360592,1537.5715637207031,1634.511011105347,0.0074170316204029,-0.0234168807463355,-0.0655179440963882,0.0073896606987124,0.0114529355545655,0.0110254801140379,1.0386755733576918,0.647553112645772,-0.0234168807463355,-0.0655179440963882,0.0421010633500527,1475.7677001953125,1499.1891479492188,1537.5715637207031,0.984377256341573,0.9750369890565584,-0.0423843356757161,-0.0106586504067918,8492364.5,1.0138773482931622,-0.0261100759584661,-0.0065832937813514,0.0035014405245969,0.0001979656231592,-0.0139726442977047,-0.0011347602410705,0.0097433009922069,0,8,0,0,0,xg_INFY.NS,1,2.5036043149021387
2025-08-05,1438.2816162109375,1456.404084468286,1433.0614816224124,1456.404084468286,10213323,27.05580295543144,1528.7860656738285,1513.9711657380506,-31.18910186272865,-20.29467292586839,1429.1955948900334,1528.7860656738285,1628.3765364576232,-0.0136440128431177,-0.0352777256258955,-0.0704054990474388,-0.0137379477981278,0.0116572926166203,0.0108305016619947,1.0762397477649062,-1.1703268473178094,-0.0352777256258955,-0.0704054990474388,0.0351277734215432,1465.2487548828126,1488.2959106445312,1528.786065673828,0.9845143995915856,0.9735148324945974,-0.0441758485090009,0.1861866183148017,8666322.7,1.1785071192881869,0.0074170316204029,-0.0261100759584661,-0.0065832937813514,-0.0015171907820399,-0.0237037750202234,-0.0084580214419347,0.0140641455039687,1,8,0,0,0,xg_INFY.NS,1,2.5036043149021387
2025-08-06,1415.037353515625,1434.14486387826,1408.7339490588547,1430.1067078263495,10566934,24.083399961361163,1519.0845825195315,1504.5488979073434,-35.043634980308525,-23.24446533675642,1414.7338512383258,1519.0845825195315,1623.4353138007373,-0.0161611345325737,-0.0541804629446273,-0.0875198749226906,-0.0162931499454073,0.0114442555627402,0.0110567255232131,1.0349556550952217,-1.412037891507287,-0.0541804629446273,-0.0875198749226906,0.0333394119780633,1449.0369140625,1474.723681640625,1519.0845825195313,0.9825819793240532,0.97079760969904,-0.0495023458447931,0.0346225219744837,8919513.5,1.184698470381688,-0.0136440128431177,0.0074170316204029,-0.0261100759584661,0.0035014405245969,0.0001979656231592,0.0022916379515001,-0.0151750775110532,2,8,0,0,0,xg_INFY.NS,1,2.5036043149021387
2025-08-07,1415.234375,1420.2574529026,1392.876574581379,1408.4383894942564,9892020,24.159455561903755,1510.2744506835938,1496.0427528685489,-37.64849385737625,-26.12527104088039,1401.9661869697395,1510.2744506835938,1618.582714397448,0.0001392341226085,-0.0477800287762031,-0.0744605936445644,0.0001392244304376,0.0116392419481437,0.0110915200726489,1.0492874362105429,0.011961445752485,-0.0477800287762031,-0.0744605936445644,0.0266805648683613,1434.834326171875,1463.337976074219,1510.2744506835938,0.9805214855567324,0.9689218905953614,-0.0533057462738062,-0.0638703714814533,8491749.1,1.16489781828326,-0.0161611345325737,-0.0136440128431177,0.0074170316204029,-0.0065832937813514,-0.0015171907820399,-0.0139726442977047,0.0016418501554422,3,8,0,0,0,xg_INFY.NS,1,2.5036043149021387
2025-08-08,1401.6424560546875,1411.590144080286,1395.7329241309972,1403.5138318764698,10048009,22.48584095627532,1501.8139709472655,1487.052248410086,-40.344550684250635,-28.96912696955444,1387.1791730500363,1501.8139709472655,1616.448768844495,-0.0096040056582942,-0.0316412338279792,-0.0610938594187316,-0.0096504215453379,0.010248900336779,0.0110032659011841,0.931357023613556,-0.9369852723184852,-0.0316412338279792,-0.0610938594187316,0.0294526255907524,1425.674560546875,1454.2176025390625,1501.8139709472655,0.9803722345663048,0.9683074140146786,-0.0543215640133406,0.0157691755576716,8411424.1,1.1945669223834292,0.0001392341226085,-0.0161611345325737,-0.0136440128431177,-0.0261100759584661,0.0035014405245969,-0.0237037750202234,-0.0011347602410705,4,8,0,0,1,xg_INFY.NS,1,2.5036043149021387
2025-08-11,1406.66552734375,1411.7871937906966,1392.6796832838538,1398.4907470266712,6625368,24.565590596632617,1494.8160949707033,1479.396370213292,-41.596378116044434,-31.494577198852436,1374.7403575612927,1494.8160949707033,1614.8918323801138,0.0035837037237023,-0.0353259409114112,-0.0579155983121723,0.0035772975581505,0.0105369545734983,0.0109329581140383,0.9636907754356252,0.3400758371757362,-0.0353259409114112,-0.0579155983121723,0.022589657400761,1415.372265625,1445.5699829101563,1494.816094970703,0.979110165787779,0.9670554041890272,-0.0564767016759977,-0.3406287753126017,8429975.4,0.7859296955954597,-0.0096040056582942,0.0001392341226085,-0.0161611345325737,0.0074170316204029,-0.0065832937813514,0.0001979656231592,-0.0084580214419347,0,8,0,0,0,xg_INFY.NS,1,2.5036043149021387
2025-08-12,1402.62744140625,1419.2726477892124,1399.5742071536924,1406.6655976905836,9899184,24.00792287955596,1486.8628540039062,1472.0850436602402,-42.42524830843513,-33.68071142076898,1364.3904181330429,1486.8628540039062,1609.3352898747698,-0.0028706795318467,-0.0247894253829206,-0.0591926364617338,-0.0028748078349174,0.0104829870160609,0.0104087387795625,1.0070365105262926,-0.2738156321110462,-0.0247894253829206,-0.0591926364617338,0.0344032110788132,1408.2414306640626,1436.7450927734376,1486.8628540039062,0.9801609469538172,0.9662929495511244,-0.0560529624752095,0.4941334579452794,8712849.0,1.1361592516981374,0.0035837037237023,-0.0096040056582942,0.0001392341226085,-0.0136440128431177,-0.0261100759584661,-0.0015171907820399,0.0022916379515001,1,8,0,0,1,xg_INFY.NS,1,2.5036043149021387
2025-08-13,1405.0897216796875,1412.3781686321047,1400.953097311154,1403.5138705026145,10318063,25.124109739339467,1477.9345336914062,1465.7045368049494,-42.39474820022269,-35.423518776659726,1359.1944614642098,1477.9345336914062,1596.6746059186023,0.0017554770431189,-0.0070299429278123,-0.0608295203101364,0.0017539379942084,0.0103198110708012,0.0095300335960824,1.0827588599669824,0.1700909968292515,-0.0070299429278123,-0.0608295203101364,0.0537995773823241,1406.251904296875,1427.6444091796875,1477.9345336914062,0.985015522951472,0.9659726981369668,-0.0510164072005591,0.0423144978414382,9172750.2,1.1248603499525012,-0.0028706795318467,0.0035837037237023,-0.0096040056582942,-0.0161611345325737,0.0074170316204029,0.0035014405245969,-0.0139726442977047,2,8,0,0,1,xg_INFY.NS,1,2.5036043149021387
2025-08-14,1425.8714599609375,1447.835267553816,1404.6956380205245,1404.6956380205245,12902347,33.94304598027566,1471.246905517578,1461.910910438853,-40.229918586449685,-36.38479873861772,1356.893689030996,1471.246905517578,1585.60012200416,0.0147903283047341,0.0075161295887387,-0.0406230200755001,0.0146820180558053,0.0122636893376887,0.0103211413041393,1.188095471311836,1.2059276755819837,0.0075161295887387,-0.0406230200755001,0.0481391496642388,1408.3793212890623,1421.6068237304687,1471.2469055175782,0.9906953862202944,0.9662598564517312,-0.0440906392994484,0.2504621264669542,9777844.2,1.3195492519709693,0.0017554770431189,-0.0028706795318467,0.0035837037237023,0.0001392341226085,-0.0136440128431177,-0.0065832937813514,-0.0237037750202234,3,8,0,0,0,xg_INFY.NS,1,2.5036043149021387
2025-08-18,1414.1510009765625,1442.6151494914589,1408.0444126749926,1442.6151494914589,7254561,31.67701479329985,1463.8452209472655,1457.3623476329203,-39.01033178710259,-36.909905348314695,1355.2574552122612,1463.8452209472655,1572.4329866822698,-0.0082198566374952,0.008924205219271,-0.0229994014727801,-0.008253825935645,0.0097356609275064,0.0102515289222762,0.9495862924466596,-0.8442172012248947,0.008924205219271,-0.0229994014727801,0.0319236066920511,1410.8810302734375,1418.2777954101562,1463.8452209472655,0.994784685228341,0.9688714183131858,-0.0374529952156827,-0.4377332279158202,9633002.5,0.7530944791096282,0.0147903283047341,0.0017554770431189,-0.0028706795318467,-0.0096040056582942,-0.0161611345325737,-0.0261100759584661,0.0001979656231592,0,8,0,0,1,xg_INFY.NS,1,2.5036043149021387
2025-08-19,1418.2877197265625,1427.5460108318366,1411.0977408332749,1411.0977408332749,3986094,33.3678259791678,1456.7390075683593,1453.6409544989815,-37.28025822023983,-36.98397592269973,1356.4771726708898,1456.7390075683593,1557.0008424658288,0.0029252312851621,0.008262228765042,-0.0273555831515197,0.0029209611215774,0.0093338078842865,0.0103698423212008,0.9000048014620424,0.3133681294166003,0.008262228765042,-0.0273555831515197,0.0356178119165617,1413.20546875,1414.2888671875,1456.7390075683593,0.9992339624085038,0.970859474373712,-0.0306944340086032,-0.4505395984677777,9170590.3,0.434660569232884,-0.0082198566374952,0.0147903283047341,0.0017554770431189,0.0035837037237023,0.0001392341226085,0.0074170316204029,-0.0015171907820399,1,8,0,0,1,xg_INFY.NS,1,2.5036043149021387
2025-08-20,1473.6402587890625,1476.3980885005717,1418.9770874002822,1418.9770874002822,10413061,50.883353498709894,1453.060321044922,1455.545650145656,-31.08435406776607,-35.804051551712995,1361.778981404458,1453.060321044922,1544.341660685386,0.0390277221558201,0.0506284244030019,0.0245839494710884,0.0382853933355606,0.0153886698724731,0.0141969925068152,1.0838623745636098,2.535968768610649,0.0506284244030019,0.0245839494710884,0.0260444749319135,1427.4080322265625,1417.8247314453124,1453.060321044922,1.0067591575804162,0.975750772979424,-0.01740742943562,1.6123470746048638,9190564.1,1.1330165250682347,0.0029252312851621,-0.0082198566374952,0.0147903283047341,-0.0028706795318467,-0.0096040056582942,-0.0136440128431177,0.0035014405245969,2,8,0,0,0,xg_INFY.NS,1,2.5036043149021387
2025-08-21,1473.8372802734375,1485.262351237006,1461.9197483180794,1485.262351237006,6565539,50.932794958127126,1449.2142028808596,1457.2877101578258,-25.86005874080365,-33.81525298953113,1369.5187087093082,1449.2142028808596,1528.909697052411,0.0001336971375476,0.0489275222307989,0.0415536216141048,0.0001336882008819,0.0139877600840495,0.0141681275031393,0.9871998174164428,0.0095574687638023,0.0489275222307989,0.0415536216141048,0.0073739006166941,1441.1575439453125,1423.7047241210937,1449.2142028808594,1.012258735627216,0.9823977168391974,-0.0054664507699602,-0.3694900087495886,8790424.6,0.7468966857413524,0.0390277221558201,0.0029252312851621,-0.0082198566374952,0.0017554770431189,0.0035837037237023,-0.0161611345325737,-0.0065832937813514,3,8,0,0,0,xg_INFY.NS,1,2.5036043149021387
2025-08-22,1465.0714111328125,1481.6181481033814,1463.6924963469764,1475.5115598317454,5543397,48.58927285377587,1446.0132019042971,1458.0290150125866,-22.1715199546486,-31.486506382554627,1375.1758531491844,1446.0132019042971,1516.85055065941,-0.0059476505703524,0.0274919249544056,0.0352146874137455,-0.005965408290157,0.014311161124412,0.0139362359200994,1.026829222555771,-0.4155662110460434,0.0274919249544056,0.0352146874137455,-0.0077227624593398,1448.9975341796876,1428.688427734375,1446.013201904297,1.014215210294325,0.988018937761352,0.0020369875848462,-0.1556828769123144,8355562.3,0.6634379352302042,0.0001336971375476,0.0390277221558201,0.0029252312851621,0.0147903283047341,-0.0028706795318467,0.0001392341226085,-0.0261100759584661,4,8,0,0,1,xg_INFY.NS,1,2.5036043149021387
2025-08-25,1508.9989013671875,1515.7948868943363,1483.981859694785,1483.981859694785,10694531,58.815801795010856,1446.820837402344,1462.883289903501,-15.524784990051105,-28.294162104053925,1373.4135506167747,1446.820837402344,1520.2281241879134,0.0299831734484599,0.0670705605873251,0.0765933172534489,0.0295424656502971,0.0156761272227106,0.0146945875685634,1.0667234058912185,1.9125425865668,0.0670705605873251,0.0765933172534489,-0.0095227566661237,1467.9671142578125,1439.424072265625,1446.8208374023438,1.0198294877389824,0.994887573536749,0.0140134474825061,0.92923779408186,8420214.5,1.2701019671171951,-0.0059476505703524,0.0001336971375476,0.0390277221558201,-0.0082198566374952,0.0017554770431189,-0.0096040056582942,0.0074170316204029,0,8,0,0,0,xg_INFY.NS,1,2.5036043149021387
2025-08-26,1506.53662109375,1515.2039825206518,1495.7024794249892,1500.03616013844,15994798,58.11793829695849,1447.4905822753908,1467.040750016858,-10.336729697834016,-24.702675622809945,1372.0865889641432,1447.4905822753908,1522.8945755866384,-0.0016317309914584,0.0622221430389324,0.0709984653840132,-0.0016330637144337,0.0159065598991811,0.0147031765641635,1.0817715517608792,-0.1025758194091355,0.0622221430389324,0.0709984653840132,-0.0087763223450807,1485.61689453125,1449.411181640625,1447.4905822753906,1.0249796009229366,1.0013268475724486,0.0253072588625025,0.4956053706328964,9357157.5,1.709365050230082,0.0299831734484599,-0.0059476505703524,0.0001336971375476,0.0029252312851621,0.0147903283047341,0.0035837037237023,-0.0136440128431177,1,8,0,0,0,xg_INFY.NS,1,2.5036043149021387
2025-08-28,1477.4814453125,1506.5366438633127,1475.413133190423,1506.5366438633127,5443364,50.50303116771791,1446.8208374023438,1468.0351019497764,-8.47200832382805,-21.45654216301357,1372.8143981769415,1446.8208374023438,1520.8272766277462,-0.0192860733515762,0.002606597166797,0.0533669894774071,-0.0194744759623262,0.0177750462411799,0.015356871558382,1.1573899530028682,-1.0849472987361064,0.002606597166797,0.0533669894774071,-0.0507603923106101,1486.3851318359375,1456.89658203125,1446.8208374023438,1.020240660983344,1.0069640582775934,0.0267782005378926,-0.6596791031684177,8911575.5,0.6108194897747754,-0.0016317309914584,0.0299831734484599,-0.0059476505703524,0.0390277221558201,-0.0082198566374952,-0.0028706795318467,-0.0161611345325737,3,8,0,0,0,xg_INFY.NS,1,2.5036043149021387
2025-08-29,1447.4412841796875,1479.254311487481,1445.5699084151588,1479.254311487481,8169075,44.07329224666402,1444.388073730469,1466.0737859716726,-9.310863311212188,-19.02740639265329,1374.0962780839482,1444.388073730469,1514.6798693769897,-0.0203320056763615,-0.0179097085187401,0.0301415360503609,-0.0205415460192792,0.0195549467448694,0.0159561158555228,1.2254687452244897,-1.0396840378845733,-0.0179097085187401,0.0301415360503609,-0.0480512445691011,1481.1059326171876,1461.13173828125,1444.3880737304687,1.0136703582658697,1.0115922201625058,0.0253674254617713,0.5007401672936074,8696676.7,0.939332952321783,-0.0192860733515762,-0.0016317309914584,0.0299831734484599,0.0001336971375476,0.0029252312851621,0.0017554770431189,0.0001392341226085,4,8,0,0,1,xg_INFY.NS,1,2.5036043149021387
2025-09-01,1476.7921142578125,1480.7318023736236,1453.941851048263,1454.4343120627393,4546057,50.68022375988822,1443.9153137207031,1467.0945791417812,-7.520602416905149,-16.726045597503663,1374.6898174892349,1443.9153137207031,1513.1408099521716,0.0202777345091127,0.0080000899860146,0.0357119528139444,0.0200748789667546,0.0199902117737658,0.0166249884774135,1.2023472650015714,1.014332434601234,0.0080000899860146,0.0357119528139444,-0.0277118628279298,1483.4500732421875,1466.2238037109375,1443.9153137207031,1.0117487313244071,1.0154499988872268,0.026770700587979,-0.4435040686981084,7861047.7,0.5783016683640555,-0.0203320056763615,-0.0192860733515762,-0.0016317309914584,-0.0059476505703524,0.0390277221558201,0.0147903283047341,-0.0096040056582942,0,9,1,0,0,xg_INFY.NS,1,2.5036043149021387
2025-09-02,1476.1025390625,1489.9900353122632,1463.8896025641538,1476.7920565936874,5218763,50.52919181016884,1445.3483764648438,1467.9524800866116,-6.087280336753338,-14.5982925453536,1374.6446715946045,1445.3483764648438,1516.0520813350831,-0.0004669412767409,-0.0218001234294357,0.0438082906586043,-0.0004670503277672,0.0196238373050394,0.0154693168095041,1.2684832215577957,-0.0237933833276189,-0.0218001234294357,0.0438082906586043,-0.06560841408804,1476.87080078125,1472.4189575195312,1445.3483764648438,1.0030234895027557,1.0187294506262212,0.0213551724776699,0.1479757072997545,7657467.9,0.6815259388810913,0.0202777345091127,-0.0203320056763615,-0.0192860733515762,0.0299831734484599,0.0001336971375476,-0.0082198566374952,0.0035837037237023,1,9,0,0,0,xg_INFY.NS,1,2.5036043149021387
2025-09-03,1456.798095703125,1479.2543652339205,1450.7900955921732,1477.3829894013984,4623483,46.36367850085159,1445.279431152344,1466.8901577643749,-6.434892076564665,-12.965612451595812,1374.625726647999,1445.279431152344,1515.9331356566888,-0.01307798262554,-0.033015145263787,0.027152724684091,-0.0131642524224098,0.020400806367464,0.0157054055775669,1.2988844752998117,-0.6410208189406347,-0.033015145263787,0.027152724684091,-0.060167869947878,1466.923095703125,1476.2699951171876,1445.2794311523437,0.9936685704884758,1.0214426105408103,0.014857010463303,-0.1140653446036924,7721206.8,0.5988031560039813,-0.0004669412767409,0.0202777345091127,-0.0203320056763615,-0.0016317309914584,-0.0059476505703524,0.0029252312851621,-0.0028706795318467,2,9,0,0,0,xg_INFY.NS,1,2.5036043149021387
2025-09-04,1440.94091796875,1461.6242804276317,1438.0846200594328,1461.6242804276317,5787724,43.212392767270785,1445.4123962402346,1464.418801593363,-7.898865400508612,-11.952263041378371,1374.8041471332406,1445.4123962402346,1516.0206453472283,-0.0108849522669931,-0.0247316319671421,-0.022189500202161,-0.0109446267912476,0.0162556869209311,0.0155903121800393,1.042611855450008,-0.6695676874344152,-0.0247316319671421,-0.022189500202161,-0.002542131764981,1459.614990234375,1473.0000610351562,1445.4123962402343,0.9909130548227032,1.01908636238812,0.0098564721266723,0.2518103775876326,7258673.1,0.7973528936024413,-0.01307798262554,-0.0004669412767409,0.0202777345091127,-0.0192860733515762,0.0299831734484599,0.0390277221558201,0.0017554770431189,3,9,0,0,0,xg_INFY.NS,1,2.5036043149021387
2025-09-05,1422.8182373046875,1450.4945202945664,1411.3931666312185,1447.835279098319,5466487,39.876527813307305,1445.8014404296878,1460.4568430896798,-10.401521414971056,-11.642114716096913,1375.814872261001,1445.8014404296878,1515.7880085983743,-0.0125769769170061,-0.017011430545837,-0.0346164693020144,-0.0126567365535814,0.0165538048634098,0.0154118429811991,1.0740266986176668,-0.7597176179831825,-0.017011430545837,-0.0346164693020144,0.0176050387561773,1454.690380859375,1467.8981567382812,1445.8014404296875,0.9910022532433352,1.0152833685807,0.0062474181147172,-0.0555031649746947,7148767.9,0.764675406512951,-0.0108849522669931,-0.01307798262554,-0.0004669412767409,-0.0203320056763615,-0.0016317309914584,0.0001336971375476,0.0147903283047341,4,9,0,0,0,xg_INFY.NS,1,2.5036043149021387
2025-09-08,1411.2947998046875,1436.0163186937275,1406.7641825159365,1429.1218644887508,3811567,37.87440698496455,1445.604461669922,1455.7747437292044,-13.163004515590046,-11.946292675995538,1375.2345287443686,1445.604461669922,1515.9743945954756,-0.0080990229095104,-0.0443510727209169,-0.0367057953076459,-0.0081319981611214,0.0166045773567221,0.0155284329199388,1.0692326913884245,-0.4877290765341484,-0.0443510727209169,-0.0367057953076459,-0.007645277413271,1441.59091796875,1462.5204956054688,1445.604461669922,0.985689378234625,1.0117017029098028,-0.0028438733719753,-0.3027392180755208,6975584.9,0.5464153980836006,-0.0125769769170061,-0.0108849522669931,-0.01307798262554,0.0202777345091127,-0.0192860733515762,-0.0059476505703524,-0.0082198566374952,0,9,0,0,1,xg_INFY.NS,1,2.5036043149021387
2025-09-09,1481.6181640625,1484.474341584966,1450.297597398603,1458.6694341238242,13072640,53.28799451435547,1449.6032470703126,1458.2360218561848,-9.566712878521912,-11.470376716500814,1380.6773852010665,1449.6032470703126,1518.529108939559,0.049828968595041,0.0037366137202792,-0.0181449683494666,0.0486272638495535,0.0215231753122639,0.0189162739024287,1.1377524807895618,2.315023357324622,0.0037366137202792,-0.0181449683494666,0.0218815820697458,1442.69404296875,1459.782421875,1449.6032470703126,0.9882938863695172,1.0070220419451044,-0.0046632825306474,2.429728507986348,7213395.8,1.812272660817834,-0.0080990229095104,-0.0125769769170061,-0.0108849522669931,-0.0004669412767409,-0.0203320056763615,0.0299831734484599,0.0029252312851621,1,9,0,0,1,xg_INFY.NS,1,2.5036043149021387
2025-09-10,1509.491455078125,1511.756823802922,1486.5428442826578,1487.330709756259,7281071,57.76119256508298,1454.744543457031,1463.1174916868458,-4.416572707167916,-10.059615914634236,1383.9885213204172,1454.744543457031,1525.5005655936454,0.0188127357585832,0.036170667390643,0.0019613422886659,0.0186379647896162,0.0224725088756506,0.0192469346154686,1.1675283257451754,0.8371071852943355,0.036170667390643,0.0019613422886659,0.034209325101977,1453.23271484375,1460.0779052734374,1454.744543457031,0.9953117635675712,1.003666184444818,-0.0010015483083361,-0.4430297935229609,6342023.1,1.1480675622261376,0.049828968595041,-0.0080990229095104,-0.0125769769170061,-0.01307798262554,0.0202777345091127,-0.0016317309914584,0.0390277221558201,2,9,0,0,0,xg_INFY.NS,1,2.5036043149021387
2025-09-11,1486.9366455078125,1504.4683046125388,1483.7849433052634,1500.922609577238,8003662,53.31229325193927,1458.960003662109,1465.3859825269378,-2.1304753567910666,-8.473787803065603,1391.299540684245,1458.960003662109,1526.620466639974,-0.014941992214951,0.0319206200375663,0.0063995390434921,-0.01505474839173,0.0220879584942467,0.019649132840073,1.1240615355638828,-0.6764462081289544,0.0319206200375663,0.0063995390434921,0.0255210809940742,1462.4318603515626,1461.0234252929688,1458.960003662109,1.0009640058018312,1.0014143099369963,0.0023349055926102,0.0992424054098635,6598052.9,1.2130339239927563,0.0188127357585832,0.049828968595041,-0.0080990229095104,-0.0108849522669931,-0.0004669412767409,-0.0192860733515762,0.0001336971375476,3,9,0,0,1,xg_INFY.NS,1,2.5036043149021387
2025-09-12,1502.596923828125,1519.636121892633,1498.1647749913177,1513.8250582606502,12856963,55.854704763174304,1463.835363769531,1468.9298816984794,0.934158448763128,-6.592198552699857,1398.5070472098664,1463.835363769531,1529.1636803291965,0.0105319069024385,0.0560708911593417,0.0381056145429041,0.0104768327241933,0.0209243632979707,0.0197153331805637,1.061270526641222,0.5033081984034133,0.0560708911593417,0.0381056145429041,0.0179652766164375,1478.38759765625,1466.5389892578123,1463.835363769531,1.0080792999608104,1.001846946422526,0.0096847222671295,0.606385052242336,7066841.7,1.8193364936981933,-0.014941992214951,0.0188127357585832,0.049828968595041,-0.0125769769170061,-0.01307798262554,-0.0203320056763615,-0.0059476505703524,4,9,0,0,0,xg_INFY.NS,1,2.5036043149021387
2025-09-15,1485.6563720703125,1504.4683582651935,1478.5648615170796,1502.5969824151846,6167414,52.522718092510544,1466.824609375,1470.5228807815113,1.973196094101013,-4.879119623339683,1403.366070715913,1466.824609375,1530.2831480340867,-0.0112741823766373,0.0526903183345648,0.0060023734735032,-0.0113382177231429,0.0205628580755412,0.0197939860275824,1.0387912397052903,-0.548252294643432,0.0526903183345648,0.0060023734735032,0.0466879448610615,1493.259912109375,1467.4254150390625,1466.824609375,1.017605322086932,1.0004095961168245,0.0177936858289353,-0.5203055340518596,7228977.4,0.8531516504670698,0.0105319069024385,-0.014941992214951,0.0188127357585832,-0.0080990229095104,-0.0108849522669931,0.0202777345091127,0.0299831734484599,0,9,0,0,1,xg_INFY.NS,1,2.5036043149021387
2025-09-16,1488.5126953125,1491.1719366717366,1480.8302554728905,1485.656397411633,8923112,53.03148031210948,1470.5426940917966,1472.2361964511292,2.9926252076986657,-3.3047706571320137,1411.5198348586912,1470.5426940917966,1529.565553324902,0.001922600202769,0.0046533792695249,0.0084073808706284,0.0019207543724828,0.0205605750856391,0.0196412601453174,1.0467519996949362,0.0935045197053908,0.0046533792695249,0.0084073808706284,-0.0037540016011035,1494.638818359375,1468.6664306640623,1470.5426940917969,1.0176843340005863,0.998724101357089,0.0161880542527178,0.4468157967018267,7599412.3,1.1741844826604322,-0.0112741823766373,0.0105319069024385,-0.014941992214951,0.049828968595041,-0.0125769769170061,-0.0004669412767409,-0.0016317309914584,1,9,0,0,1,xg_INFY.NS,1,2.5036043149021387
2025-09-17,1499.4453125,1503.680405062861,1491.1719434573272,1494.028241371192,4795698,55.01833455406432,1474.6005737304686,1474.827540836736,4.629336850600794,-1.7179491555854522,1419.6881720175352,1474.6005737304686,1529.512975443402,0.0073446583438139,-0.0066553159637495,0.0292746242067891,0.0073178176842452,0.0200111277666157,0.0196682217476827,1.0173827934485111,0.3670103663872417,-0.0066553159637495,0.0292746242067891,-0.0359299401705387,1492.62958984375,1472.93115234375,1474.6005737304688,1.0133736308507395,0.9988678823157544,0.0120237903730024,-0.4625531989288042,7616633.8,0.6296348394745419,0.001922600202769,-0.0112741823766373,0.0105319069024385,0.0188127357585832,-0.0080990229095104,-0.01307798262554,-0.0192860733515762,2,9,0,0,1,xg_INFY.NS,1,2.5036043149021387
2025-09-18,1517.370849609375,1531.5537508334592,1515.302537400178,1526.6291407021615,9331945,58.14471722720031,1476.7871032714845,1478.8792845293683,7.2888621880883875,0.0834131131493156,1418.6479373635416,1476.7871032714845,1534.926269179427,0.0119547788505123,0.0204677207959782,0.0530416831721081,0.0118838849365481,0.0195397202317402,0.0179086971515645,1.0910134362619996,0.6117880358930703,0.0204677207959782,0.0530416831721081,-0.0325739623761298,1498.7164306640625,1480.5741455078123,1476.7871032714845,1.0122535471872822,1.0025643792716898,0.0144521870828239,0.9458992205097152,7971055.9,1.1707288365646549,0.0073446583438139,0.001922600202769,-0.0112741823766373,-0.014941992214951,0.049828968595041,-0.0108849522669931,-0.0203320056763615,3,9,0,0,0,xg_INFY.NS,1,2.5036043149021387
2025-09-19,1516.976806640625,1527.9095369547413,1497.179898612735,1521.3104874589542,12988129,58.049205000797926,1478.9440795898436,1482.5076199685357,9.258038301853958,1.918338150890244,1418.1264362466247,1478.9440795898436,1539.7617229330624,-0.0002596879786187,0.0095700201327877,0.0661775108493876,-0.0002597217033804,0.0186521311833739,0.0179106239392527,1.0413422728521209,-0.0139219510153993,0.0095700201327877,0.0661775108493876,-0.0566074907165998,1501.5924072265625,1489.9900024414062,1478.9440795898438,1.0077869010974203,1.0074687900671848,0.0149299102910306,0.3917922791015162,8723220.1,1.4889145121992866,0.0119547788505123,0.0073446583438139,0.001922600202769,0.0105319069024385,0.0188127357585832,-0.0125769769170061,0.0202777345091127,4,9,0,0,0,xg_INFY.NS,1,2.5036043149021387
2025-09-22,1476.8905029296875,1491.8612688721596,1459.6543683506482,1460.3437656419162,15655204,49.195739271339995,1479.5350341796873,1481.9726564410264,7.497567572998832,3.034184035311962,1419.056218446896,1479.5350341796873,1540.0138499124787,-0.0264251263008492,-0.0059003342262851,0.0464790936196164,-0.0267805452639136,0.0210065442785888,0.0189212241334144,1.1101519636633903,-1.2578874498806625,-0.0059003342262851,0.0464790936196164,-0.0523794278459015,1499.8392333984375,1496.5495727539062,1479.5350341796875,1.002198163498505,1.0114999227332608,0.0137479381027048,0.2053471289051718,9907583.8,1.5801232990831142,-0.0002596879786187,0.0119547788505123,0.0073446583438139,-0.0112741823766373,-0.014941992214951,-0.0080990229095104,-0.0004669412767409,0,9,0,0,0,xg_INFY.NS,1,2.5036043149021387
2025-09-23,1474.920654296875,1490.186944875574,1470.4885054191882,1470.4885054191882,9832164,48.80184937529429,1477.8311218261715,1481.3010371892024,5.875700101643133,3.602487248578196,1418.948328950502,1477.8311218261715,1536.7139147018415,-0.0013337810954197,-0.009131289950316,-0.00452040203615,-0.0013346713731365,0.0138023982052392,0.0176093476807411,0.7837663659720735,-0.0966270099281389,-0.009131289950316,-0.00452040203615,-0.004610887914166,1497.1208251953126,1495.8798217773438,1477.831121826172,1.0008296143847266,1.0122129651247762,0.0130784685352015,-0.3719555490940903,9583536.2,1.0259432212505206,-0.0264251263008492,-0.0002596879786187,0.0119547788505123,0.001922600202769,0.0105319069024385,0.049828968595041,-0.01307798262554,1,9,0,0,0,xg_INFY.NS,1,2.5036043149021387
2025-09-24,1472.0643310546875,1474.1326431158675,1460.3437357350242,1464.7758845360097,4937004,48.19922514783259,1476.107507324219,1480.421350890677,4.310191822980414,3.74402816345864,1418.7646714782766,1476.107507324219,1533.4503431701607,-0.0019365945102648,-0.0182607402997984,-0.0247945252671207,-0.0019384721339354,0.012046721938009,0.0176100590204535,0.6840430166078008,-0.160743626075493,-0.0182607402997984,-0.0247945252671207,0.0065337849673223,1491.64462890625,1492.137109375,1476.107507324219,0.9996699495873028,1.0108593730275368,0.0105546484988869,-0.4978720859416096,9349129.5,0.5280709824373994,-0.0013337810954197,-0.0264251263008492,-0.0002596879786187,0.0073446583438139,-0.0112741823766373,0.0188127357585832,-0.0108849522669931,2,9,0,0,0,xg_INFY.NS,1,2.5036043149021387
2025-09-25,1462.4122314453125,1480.04223903444,1454.2373307659764,1466.5488557470633,9491867,46.126416789523745,1475.354046630859,1478.7061966577853,2.264566942676538,3.44813591930222,1417.69210492882,1475.354046630859,1533.0159883328986,-0.0065568463318852,-0.0362196348889994,-0.0164932474672614,-0.0065784368778061,0.0113517416502219,0.0171385197185011,0.6623138709055173,-0.5775562004229233,-0.0362196348889994,-0.0164932474672614,-0.019726387421738,1480.6529052734377,1489.68466796875,1475.354046630859,0.9939371311999688,1.009713343973683,0.0036233686566893,0.922596578815816,9497950.0,0.999359546007191,-0.0019365945102648,-0.0013337810954197,-0.0264251263008492,0.0119547788505123,0.001922600202769,-0.014941992214951,-0.0125769769170061,3,9,0,0,0,xg_INFY.NS,1,2.5036043149021387
2025-09-26,1427.053466796875,1456.404069373631,1419.4694954878144,1452.7599061754568,8597058,39.435753036612184,1474.3346557617188,1473.7868890519844,-2.184579837980209,2.321592767845734,1413.938919987191,1474.3346557617188,1534.7303915362463,-0.0241783841027452,-0.0592779925507807,-0.0502752640001351,-0.0244754798707003,0.0124795571941,0.0173939348122241,0.717424775017274,-1.9372840272047385,-0.0592779925507807,-0.0502752640001351,-0.0090027285506455,1462.6682373046874,1482.130322265625,1474.3346557617188,0.9868688436714612,1.005287582757036,-0.0081751796470649,-0.094271127060672,9071959.5,0.9476517173604062,-0.0065568463318852,-0.0019365945102648,-0.0013337810954197,-0.0002596879786187,0.0073446583438139,0.0105319069024385,-0.0080990229095104,4,9,0,0,0,xg_INFY.NS,1,2.5036043149021387
2025-09-29,1420.060546875,1442.9106885263222,1414.8404123331482,1437.9860786678707,10513117,38.25395838109678,1471.498077392578,1468.6700945589382,-6.203322866872668,0.6166096409020537,1406.4393516456798,1471.498077392578,1536.5568031394764,-0.0049002508207145,-0.0384794647551424,-0.0441527572785236,-0.0049122964168404,0.0122890313648733,0.0167033092408551,0.7356803078583483,-0.3987175195272612,-0.0384794647551424,-0.0441527572785236,0.0056732925233812,1451.30224609375,1475.5707397460938,1471.498077392578,0.983553147945642,1.0027676980460158,-0.0142218100089262,0.2228738017121672,9506529.8,1.1058837684387095,-0.0241783841027452,-0.0065568463318852,-0.0019365945102648,-0.0264251263008492,0.0119547788505123,-0.0112741823766373,0.049828968595041,0,9,0,0,0,xg_INFY.NS,1,2.5036043149021387
2025-09-30,1420.060546875,1430.303639196793,1416.416263441906,1421.2424051491353,7556305,38.25395838109677,1468.6959777832035,1464.0406138271346,-9.281217571937988,-1.3629558016659544,1399.7602903420775,1468.6959777832035,1537.6316652243293,0.0,-0.0371952940397515,-0.0459869429754034,0.0,0.0121931491121566,0.0167056348031148,0.729838729094822,0.0,-0.0371952940397515,-0.0459869429754034,0.0087916489356518,1440.330224609375,1468.7255249023438,1468.695977783203,0.9806667074197836,1.0000201179274593,-0.0199750308085455,-0.281249794899077,9369849.1,0.8064489533774022,-0.0049002508207145,-0.0241783841027452,-0.0065568463318852,-0.0013337810954197,-0.0002596879786187,0.001922600202769,0.0188127357585832,1,9,0,1,1,xg_INFY.NS,1,2.5036043149021387
2025-10-01,1424.000244140625,1427.6444073679877,1405.877655696216,1424.197180444367,6250692,39.43976293193292,1467.0560852050785,1460.2272452855625,-11.272626831675096,-3.344890007667783,1395.4210793274624,1467.0560852050785,1538.691091082694,0.0027743164010116,-0.0326508060144532,-0.0503153184250425,0.0027704750883028,0.0117728814399028,0.0165175068670602,0.7127085719460107,0.2356331185406054,-0.0326508060144532,-0.0503153184250425,0.0176645124105893,1430.7174072265625,1461.1810180664063,1467.056085205078,0.9791513779174624,0.9959953356944424,-0.0255187301603629,-0.1727845818822824,9515348.5,0.6569062604485104,0.0,-0.0049002508207145,-0.0241783841027452,-0.0019365945102648,-0.0264251263008492,0.0073446583438139,-0.014941992214951,2,10,1,0,0,xg_INFY.NS,1,2.5036043149021387
2025-10-03,1424.7880859375,1426.4625254104503,1411.5901076030302,1417.3027030735375,6877533,39.689199392188314,1466.2484436035156,1456.8520872524134,-12.641536999163463,-5.20421940596692,1393.027059148987,1466.2484436035156,1539.4698280580442,0.0005532595939619,-0.0257274554320625,-0.0610152512786897,0.0005531066022994,0.01041268822093,0.0163548119649944,0.6366353589302574,0.0531281119834116,-0.0257274554320625,-0.0610152512786897,0.0352877958466272,1423.192578125,1451.9227416992187,1466.2484436035156,0.9802123331021076,0.9902296899500268,-0.0302191363778742,0.1002834566156836,9269907.3,0.7419203641873805,0.0027743164010116,0.0,-0.0049002508207145,-0.0065568463318852,-0.0013337810954197,0.0119547788505123,0.0105319069024385,4,10,0,0,1,xg_INFY.NS,1,2.5036043149021387
2025-10-06,1453.744873046875,1456.5027027407557,1420.5530497148677,1424.7881421800753,4630590,48.1433982787097,1467.794775390625,1456.5561620899812,-11.260038734206772,-6.415383271614891,1397.1751917948106,1467.794775390625,1538.4143589864395,0.0203235747092322,0.0187038585946683,-0.0416828611465579,0.0201198070964396,0.0133447675694019,0.0167201143843994,0.798078839879979,1.522847944379644,0.0187038585946683,-0.0416828611465579,0.0603867197412263,1428.530859375,1445.5995483398438,1467.794775390625,0.9881926575140082,0.9848785215597498,-0.0270088079026772,-0.3267077017296754,8434153.4,0.5490284300495947,0.0005532595939619,0.0027743164010116,0.0,-0.0241783841027452,-0.0019365945102648,-0.0002596879786187,-0.0112741823766373,0,10,0,0,0,xg_INFY.NS,1,2.5036043149021387
2025-10-07,1436.5086669921875,1460.5407866669368,1432.0765182081868,1455.4191203786977,5570320,44.174038542046624,1469.05546875,1454.6468768425725,-11.424316773327291,-7.417169971957372,1401.8658189800362,1469.05546875,1536.245118519964,-0.0118564174321471,0.0115826893109476,-0.0273424711293052,-0.0119272653074595,0.0112805253462479,0.0168507809239021,0.6693966291864089,-1.050958719521953,0.0115826893109476,-0.0273424711293052,0.0389251604402528,1431.8204833984375,1441.5613647460937,1469.05546875,0.993242825740289,0.9812845024651788,-0.025920473859393,0.2029395822130657,7425665.0,0.7501442631736349,0.0203235747092322,0.0005532595939619,0.0027743164010116,-0.0049002508207145,-0.0065568463318852,-0.0264251263008492,0.001922600202769,1,10,0,0,1,xg_INFY.NS,1,2.5036043149021387
2025-10-08,1472.4583740234375,1475.4131399913774,1433.061494450904,1435.0313384295307,4657192,52.897113443365456,1468.5974792480467,1456.3432099074166,-8.555050097514822,-7.6447459970688625,1401.6439269503112,1468.5974792480467,1535.5510315457825,0.0250257501797903,0.0368983049798437,-0.0016694323632014,0.0247177344014408,0.0143108594429463,0.0136847732243134,1.045674161655871,1.7486022888608277,0.0368983049798437,-0.0016694323632014,0.0385677373430451,1442.300048828125,1441.31513671875,1468.597479248047,1.0006833426530282,0.9814228589420798,-0.0178595408086581,-0.1639273865774317,6908167.8,0.6741573359001681,-0.0118564174321471,0.0203235747092322,0.0005532595939619,0.0,-0.0241783841027452,-0.0013337810954197,0.0073446583438139,2,10,0,0,1,xg_INFY.NS,1,2.5036043149021387
2025-10-09,1486.5428466796875,1491.171932062491,1464.5790376333712,1479.352867871771,7028753,55.8104010991045,1467.4500488281246,1459.21936579049,-5.0860080159950485,-7.1329984008541,1402.696941515078,1467.4500488281246,1532.2031561411711,0.0095652772972893,0.043920359421572,0.0098355182715599,0.009519819678994,0.0146038429174572,0.01315374669797,1.1101576680082148,0.6549387317172715,0.043920359421572,0.0098355182715599,0.034084841150012,1454.8085693359376,1442.76298828125,1467.450048828125,1.0083489673304118,0.9831768988889334,-0.0085039455945876,0.5092255161479278,7117342.7,0.9875529809740666,0.0250257501797903,-0.0118564174321471,0.0203235747092322,0.0027743164010116,-0.0049002508207145,-0.0019365945102648,0.0119547788505123,3,10,0,0,1,xg_INFY.NS,1,2.5036043149021387
2025-10-10,1492.058349609375,1498.755747016607,1476.2011295853697,1487.2322078030077,3738353,56.933718365528826,1467.7061340332027,1462.3468880589553,-1.870154208265376,-6.080429562336356,1402.5890528698908,1467.7061340332027,1532.8232151965146,0.0037102885678719,0.0472142238806072,0.0202720666078968,0.0037034224255823,0.0143666579241939,0.0127444519554083,1.1271987823152676,0.2582389271409427,0.0472142238806072,0.0202720666078968,0.0269421572727104,1468.2626220703123,1445.7276000976562,1467.7061340332032,1.0155873222390817,0.9850252489746358,0.0003729666720172,-0.4681342479953414,6541991.3,0.5714396165582533,0.0095652772972893,0.0250257501797903,-0.0118564174321471,0.0005532595939619,0.0,-0.0065568463318852,-0.0002596879786187,4,10,0,0,0,xg_INFY.NS,1,2.5036043149021387
2025-10-13,1470.6854248046875,1482.0120273618204,1461.0332617199265,1474.4281763502415,5859355,51.47327738047965,1466.1105590820307,1463.1410344156918,-1.0342609905230802,-5.071195847973701,1403.06219919046,1466.1105590820307,1529.1589189736014,-0.0143244564197392,0.0116530431658941,0.0305748586321348,-0.0144280418387348,0.0125922053832106,0.0128999558371785,0.9760676295722126,-1.1374750100428537,0.0116530431658941,0.0305748586321348,-0.0189218154662407,1471.650732421875,1450.0907958984376,1466.1105590820312,1.0148679907385243,0.989073291175514,0.003767068909777,0.5673626861882759,6268221.0,0.9347716042556676,0.0037102885678719,0.0095652772972893,0.0250257501797903,0.0203235747092322,0.0027743164010116,-0.0241783841027452,-0.0264251263008492,0,10,0,0,0,xg_INFY.NS,1,2.5036043149021387
2025-10-14,1467.435302734375,1491.5658915845438,1464.0865439092208,1476.3980688327763,5600789,50.677315681833505,1465.199505615234,1463.5500123508043,-0.6268414438779928,-4.1823249671545595,1402.8172877106267,1465.199505615234,1527.5817235198415,-0.0022099369555825,0.0215290282981326,0.033361081655024,-0.0022123824698754,0.012430292712046,0.0126770591012311,0.980457072552926,-0.1777720955312333,0.0215290282981326,0.033361081655024,-0.0118320533568914,1477.8360595703125,1454.828271484375,1465.1995056152343,1.0158147793364385,0.9929216232389428,0.0086113193075916,-0.0441287479594596,5776988.2,0.9694998165305287,-0.0143244564197392,0.0037102885678719,0.0095652772972893,-0.0118564174321471,0.0005532595939619,-0.0049002508207145,-0.0013337810954197,1,10,0,0,0,xg_INFY.NS,1,2.5036043149021387
2025-10-15,1452.1690673828125,1466.154912139115,1445.373081319078,1461.5258266826634,6986098,47.0008303047471,1463.3823242187498,1462.4661128300434,-1.5183139474129348,-3.649522763206235,1401.7466120520132,1463.3823242187498,1525.0180363854863,-0.0104033447492477,-0.0137792055779377,0.0226106700721111,-0.0104578378097812,0.0131565231449069,0.0128494620915509,1.023817124331834,-0.7906765304285036,-0.0137792055779377,0.0226106700721111,-0.0363898756500489,1473.7781982421875,1458.0391235351562,1463.38232421875,1.0107946861322008,0.9963487322518766,0.0071588592932733,0.2473417584558175,5719967.5,1.2213527436998162,-0.0022099369555825,-0.0143244564197392,0.0037102885678719,0.0250257501797903,0.0203235747092322,0.0,-0.0019365945102648,2,10,0,0,0,xg_INFY.NS,1,2.5036043149021387
2025-10-16,1449.312744140625,1452.267510183725,1438.478601982591,1451.6765810210527,8005748,46.32368415132634,1460.8756958007812,1461.2134110500988,-2.427313188050221,-3.4050808481750323,1401.3745855816574,1460.8756958007812,1520.376806019905,-0.0019669357420863,-0.0250447557715668,0.0177756289748924,-0.0019688727005249,0.0132234255412662,0.0126929610558407,1.0417099503532787,-0.148735061190269,-0.0250447557715668,0.0177756289748924,-0.0428203847464593,1466.332177734375,1460.5703735351562,1460.8756958007812,1.0039449000908274,0.9997910005166748,0.0037648754250271,0.1459541506574915,5895473.1,1.3579483553234502,-0.0104033447492477,-0.0022099369555825,-0.0143244564197392,0.0095652772972893,-0.0118564174321471,0.0027743164010116,-0.0065568463318852,3,10,0,0,0,xg_INFY.NS,1,2.5036043149021387
2025-10-17,1419.37109375,1436.410292725158,1412.3781714796953,1432.9630656678503,16959378,39.843498920828,1455.9757080078127,1457.2284284500893,-5.500338115003615,-3.824132301540749,1400.0292165843548,1455.9757080078127,1511.9221994312709,-0.0206592058971916,-0.0487160947012593,-0.0038019634224661,-0.0208755927329082,0.0150309492426577,0.0129492976848431,1.1606643807307817,-1.374353090453823,-0.0487160947012593,-0.0038019634224661,-0.0449141312787931,1451.7947265625,1460.0286743164063,1455.9757080078125,0.9943604205186166,1.00278367714949,-0.0029456577379395,1.11840017947105,6903657.6,2.45657866925462,-0.0019669357420863,-0.0104033447492477,-0.0022099369555825,0.0037102885678719,0.0250257501797903,0.0005532595939619,-0.0241783841027452,4,10,0,0,1,xg_INFY.NS,1,2.5036043149021387
2025-10-20,1438.87255859375,1444.8805586841174,1428.136884861602,1431.781048131079,6994246,45.2186789209305,1452.0704956054688,1455.4802503685332,-6.289624402260415,-4.317230721684682,1403.655802218902,1452.0704956054688,1500.4851889920355,0.0137395110620626,-0.0216313194340402,-0.0102303469672463,0.0136459797227503,0.0141463594660465,0.0134868092263928,1.0488255897306902,0.9711714115299908,-0.0216313194340402,-0.0102303469672463,-0.0114009724667939,1445.4321533203124,1458.5414428710938,1452.0704956054688,0.9910120554922484,1.0044563588924975,-0.004613572095394,-0.5875882948065666,7140023.2,0.9795830915506016,-0.0206592058971916,-0.0019669357420863,-0.0104033447492477,-0.0143244564197392,0.0095652772972893,0.0203235747092322,-0.0049002508207145,0,10,0,0,1,xg_INFY.NS,1,2.5036043149021387
2025-10-21,1450.19921875,1463.5941342911035,1447.8353818357486,1455.7147580634262,1698704,48.11831715497795,1450.7359313964844,1454.977294976292,-5.932783225655385,-4.640341222478823,1403.7515785126504,1450.7359313964844,1497.7202842803183,0.0078718994872761,-0.0117457198639406,0.0095304344988591,0.0078410777313528,0.0138265249323293,0.0124307976271927,1.1121903160718896,0.5692920118242828,-0.0117457198639406,0.0095304344988591,-0.0212761543627998,1441.9849365234377,1459.910498046875,1450.7359313964844,0.9877214654272168,1.0063240776297304,-0.0060343398064921,-0.7571283595115185,6752861.6,0.2515532081983953,0.0137395110620626,-0.0206592058971916,-0.0019669357420863,-0.0022099369555825,0.0037102885678719,-0.0118564174321471,0.0,1,10,0,0,1,xg_INFY.NS,1,2.5036043149021387
2025-10-23,1505.4532470703125,1522.6893817276436,1483.292502510887,1487.232190432563,20358624,59.40630757736133,1452.2625610351563,1459.7845285090557,-1.177867985092007,-3.94784657500146,1400.2539856748476,1452.2625610351563,1504.271136395465,0.0381009916471606,0.036692821024987,0.0224080175229115,0.0373930744686639,0.0166726442266908,0.0151730770015456,1.0987583775271814,2.2851028322992115,0.036692821024987,0.0224080175229115,0.0142848035020755,1452.6417724609375,1463.2099853515624,1452.2625610351563,0.9927773778224418,1.0075381853186405,0.0002518918648049,10.984797822339855,8323004.8,2.446066593641464,0.0078718994872761,0.0137395110620626,-0.0206592058971916,-0.0104033447492477,-0.0143244564197392,0.0250257501797903,0.0027743164010116,3,10,0,0,0,xg_INFY.NS,1,2.5036043149021387
2025-10-24,1502.4000244140625,1519.7346273554492,1495.111577657532,1516.2874003977408,8652257,58.646982982905634,1453.779345703125,1463.8431471666754,2.317354034054233,-2.6948064531903215,1397.7269660628046,1453.779345703125,1509.8317253434454,-0.0020281085860299,0.0366292785929485,0.0106671514849325,-0.0020301679831735,0.0165169425592406,0.0151740653763196,1.0884264515271882,-0.1227821551477298,0.0366292785929485,0.0106671514849325,0.0259621271080159,1463.259228515625,1464.795703125,1453.779345703125,0.9989510655949516,1.00757773692028,0.0063098260506199,-0.575007770662693,8485355.2,1.019669394629347,0.0381009916471606,0.0078718994872761,0.0137395110620626,-0.0019669357420863,-0.0022099369555825,0.0095652772972893,0.0005532595939619,4,10,0,0,1,xg_INFY.NS,1,2.5036043149021387
2025-10-27,1504.5,1515.300048828125,1498.0999755859375,1510.0,7273211,59.03482085778658,1455.8837341308592,1467.7152283888968,5.196886670906906,-1.1164678283708762,1395.4757039155463,1455.8837341308592,1516.2917643461722,0.0013977473055197,0.0599764970731424,0.0083385816606182,0.0013967713660596,0.0164938001571321,0.015065870060755,1.094706471259344,0.0847386626212267,0.0599764970731424,0.0083385816606182,0.0516379154125241,1480.285009765625,1466.0398681640625,1455.8837341308597,1.009716749121838,1.006975923829018,0.0162188605083187,-0.1593856955474161,8838841.0,0.8228693105803325,-0.0020281085860299,0.0381009916471606,0.0078718994872761,-0.0206592058971916,-0.0104033447492477,0.0037102885678719,0.0203235747092322,0,10,0,0,0,xg_INFY.NS,1,2.5036043149021387
2025-10-28,1500.199951171875,1506.5,1490.5,1499.699951171875,8211019,57.83861822973816,1459.5410583496096,1470.8090115110851,7.050683141742638,0.5169623656518267,1397.643706287712,1459.5410583496096,1521.438410411507,-0.0028581248442173,0.0426218376407581,0.0200685516218446,-0.002862217082308,0.015692929986968,0.0138571142309873,1.1324001033183866,-0.182116579250109,0.0426218376407581,0.0200685516218446,0.0225532860189134,1492.55048828125,1468.9913208007813,1459.541058349609,1.016037649199742,1.0064748178183205,0.0220033535568744,0.1289400238766618,9074007.4,0.9048944571060296,0.0013977473055197,-0.0020281085860299,0.0381009916471606,0.0137395110620626,-0.0019669357420863,-0.0143244564197392,-0.0118564174321471,1,10,0,0,1,xg_INFY.NS,1,2.5036043149021387
2025-10-29,1510.4000244140625,1520.199951171875,1496.9000244140625,1500.199951171875,4884976,59.91357210437389,1464.0580322265628,1474.5795841685117,9.236419175059154,2.2608537275332923,1401.11536324823,1464.0580322265628,1527.0007012048954,0.0067991424971183,0.0415120935701183,0.0292787842841373,0.006776132567416,0.0156767004671166,0.0137708245960952,1.1383168844280445,0.4336823829093595,0.0415120935701183,0.0292787842841373,0.0122333092859809,1504.5906494140625,1473.28779296875,1464.0580322265623,1.0212469393927683,1.0063042314846975,0.0268356836151561,-0.405070673932188,9002426.1,0.5426288364643679,-0.0028581248442173,0.0013977473055197,-0.0020281085860299,0.0078718994872761,-0.0206592058971916,-0.0022099369555825,0.0250257501797903,2,10,0,0,0,xg_INFY.NS,1,2.5036043149021387
2025-10-30,1493.800048828125,1508.199951171875,1489.0999755859375,1507.0,5608867,55.15610248556679,1467.745007324219,1476.4101046122842,9.519417511399752,3.712566484306584,1407.055311462656,1467.745007324219,1528.434703185782,-0.0109904497600741,-0.0077406576822396,0.0286681367757972,-0.0110512909450513,0.0157334683887311,0.0141191865202355,1.1142535805871705,-0.6984951438172097,-0.0077406576822396,0.0286681367757972,-0.0364087944580369,1502.260009765625,1477.4508911132812,1467.7450073242187,1.016791839784028,1.0066127861042815,0.0231055036237835,0.1481872172964615,8864703.0,0.6327191108375957,0.0067991424971183,-0.0028581248442173,0.0013977473055197,0.0381009916471606,0.0137395110620626,-0.0104033447492477,0.0095652772972893,3,10,0,0,0,xg_INFY.NS,1,2.5036043149021387
2025-10-31,1482.300048828125,1497.0999755859375,1480.699951171875,1490.0,4819814,52.07132050134009,1470.659997558594,1476.9710516804594,8.7152775468644,4.713108696818147,1413.3084726602883,1470.659997558594,1528.0115224568997,-0.0076984868282884,-0.0133785777817572,0.0227606531584456,-0.0077282731495582,0.0160336451011569,0.0143064451384809,1.1206504687572212,-0.480115822939729,-0.0133785777817572,0.0227606531584456,-0.0361392309402028,1498.2400146484374,1480.7496215820313,1470.6599975585937,1.011811850438104,1.0068606095495811,0.0186062309797857,-0.1406795704016515,8546109.6,0.563977555354478,-0.0109904497600741,0.0067991424971183,-0.0028581248442173,-0.0020281085860299,0.0078718994872761,-0.0019669357420863,0.0037102885678719,4,10,0,1,1,xg_INFY.NS,1,2.5036043149021387
2025-11-03,1485.5,1491.4000244140625,1474.199951171875,1482.300048828125,5470600,52.86134093547534,1473.6955932617188,1477.7833324727965,8.241200716031926,5.418727100660903,1420.274950179035,1473.6955932617188,1527.1162363444028,0.0021587742470932,-0.0126287803256895,0.0465902867412117,0.0021564474420641,0.0138702267874117,0.0143017858204528,0.9697570082869774,0.1556296555581024,-0.0126287803256895,0.0465902867412117,-0.0592190670669013,1494.4400146484377,1487.3625122070312,1473.6955932617188,1.0047584246498886,1.0092739090812255,0.0139646054437688,0.1350230527568077,7397231.8,0.7395469207818066,-0.0076984868282884,-0.0109904497600741,0.0067991424971183,0.0013977473055197,0.0381009916471606,-0.0206592058971916,-0.0143244564197392,0,11,0,0,0,xg_INFY.NS,1,2.5036043149021387
2025-11-04,1467.9000244140625,1481.9000244140625,1462.9000244140625,1479.699951171875,8691330,48.15939845747871,1474.403350830078,1476.8420650386313,6.371869525863076,5.609355585701338,1421.7257350392856,1474.403350830078,1527.0809666208706,-0.0118478462375883,-0.0215304144841369,0.02017375732614,-0.0119185913075092,0.0143585081267342,0.0139594059300356,1.0285165201279771,-0.8250871919164348,-0.0215304144841369,0.02017375732614,-0.0417041718102769,1487.980029296875,1490.2652587890625,1474.403350830078,0.9984665619233154,1.010758187676428,0.0092490484644662,0.5887343253025263,7566940.2,1.1485923993424516,0.0021587742470932,-0.0076984868282884,-0.0109904497600741,-0.0028581248442173,-0.0020281085860299,0.0137395110620626,-0.0022099369555825,1,11,0,0,0,xg_INFY.NS,1,2.5036043149021387
2025-11-06,1466.699951171875,1483.0,1461.9000244140625,1478.5999755859375,7944752,47.84688181730086,1475.912915039063,1475.8761494322737,4.738947570931032,5.435273982747277,1426.1583958647666,1475.912915039063,1525.6674342133588,-0.0008175442620259,-0.0289327810750932,0.011378252179792,-0.0008178786335903,0.0142321359190214,0.0136569101296861,1.042043459349403,-0.0574395036116657,-0.0289327810750932,0.011378252179792,-0.0403110332548852,1479.2400146484374,1491.91533203125,1475.9129150390625,0.9915039968350248,1.0108423856374775,0.0022684255267866,-0.08589916618055,8191545.0,0.9698722280105926,-0.0118478462375883,0.0021587742470932,-0.0076984868282884,0.0067991424971183,0.0013977473055197,0.0078718994872761,-0.0104033447492477,3,11,0,0,1,xg_INFY.NS,1,2.5036043149021387
2025-11-07,1476.800048828125,1480.9000244140625,1449.0999755859375,1470.0,8765759,50.74392140832772,1476.129998779297,1475.964139850926,4.211293458352429,5.190477877868307,1426.401063027064,1476.129998779297,1525.8589345315302,0.0068862739432016,-0.0113803718331221,-0.0190329379527049,0.0068626718504898,0.0066461933301609,0.0125432407490925,0.5298202946752032,1.0359671520242837,-0.0113803718331221,-0.0190329379527049,0.0076525661195828,1475.8400146484375,1489.0500122070312,1476.1299987792968,0.9911285736205636,1.0087526257432735,-0.000196359778759,0.103339537848381,7032258.5,1.2465069365693473,-0.0008175442620259,-0.0118478462375883,0.0021587742470932,-0.0109904497600741,-0.0028581248442173,0.0381009916471606,-0.0019669357420863,4,11,0,0,1,xg_INFY.NS,1,2.5036043149021387
2025-11-10,1513.5,1520.0,1490.0,1490.0999755859375,9787975,59.53892739104879,1477.477856445313,1479.5389836746472,6.677528723366777,5.487888046968002,1425.1663428156644,1477.477856445313,1529.789370074961,0.0248509953673128,0.0210483371410135,0.0073881625436384,0.0245472316497208,0.0107542771097437,0.0135665126054791,0.7926491334454856,2.3105862465225653,0.0210483371410135,0.0073881625436384,0.013660174597375,1482.0800048828123,1490.160009765625,1477.4778564453125,0.9945777602204724,1.0085836503504864,0.0030407323670301,0.1166146593808932,7145830.3,1.369746354037911,0.0068862739432016,-0.0008175442620259,-0.0118478462375883,-0.0076984868282884,0.0067991424971183,-0.0020281085860299,-0.0206592058971916,0,11,0,0,1,xg_INFY.NS,1,2.5036043149021387
2025-11-11,1530.300048828125,1533.4000244140625,1511.0999755859375,1525.0,13692989,62.81236873041493,1479.3899414062505,1484.3733708321213,9.87384197172264,6.36507883191893,1422.260687169488,1479.3899414062505,1536.5191956430126,0.0111001313697556,0.0301582287634634,0.0171485867917082,0.0110389770427676,0.0112420045026378,0.013744099121463,0.8178918466352403,0.9872922640163756,0.0301582287634634,0.0171485867917082,0.0130096419717551,1491.0400146484376,1492.7400146484374,1479.38994140625,0.9988611546663736,1.0090240394831247,0.0076129339805673,0.3989603569686273,7787808.1,1.7582596828494326,0.0248509953673128,0.0068862739432016,-0.0008175442620259,0.0021587742470932,-0.0109904497600741,0.0013977473055197,0.0137395110620626,1,11,0,0,1,xg_INFY.NS,0,0.0
2025-11-12,1551.699951171875,1559.199951171875,1538.0999755859375,1540.0,14635417,66.52724659654409,1483.4406677246095,1490.785426102574,13.972668299460564,7.886596725427258,1418.0227854844436,1483.4406677246095,1548.858549964776,0.0139841218459986,0.0570883066721541,0.034328757283168,0.0138872461173935,0.0117247963940093,0.013499868675927,0.8684475551499479,1.192594632902126,0.0570883066721541,0.034328757283168,0.022759549388986,1507.8,1497.8900146484375,1483.4406677246093,1.0066159632914626,1.009740427937702,0.0156984810478301,0.0688255865830316,8430247.9,1.7360600985409056,0.0111001313697556,0.0248509953673128,0.0068862739432016,-0.0118478462375883,-0.0076984868282884,-0.0028581248442173,0.0078718994872761,2,11,0,0,0,xg_INFY.NS,0,0.0
2025-11-13,1541.800048828125,1557.5,1530.300048828125,1557.0999755859375,19655689,63.37328745492343,1487.158905029297,1495.6439616002456,16.23503098124138,9.556283576590085,1417.270630828738,1487.158905029297,1557.0471792298565,-0.0063800365117453,0.0512034500282392,0.0207892107431895,-0.0064004759272151,0.0120419823430814,0.0136125726444162,0.8845571003009706,-0.5297721386605377,0.0512034500282392,0.0207892107431895,0.0304142392850497,1522.82001953125,1501.0300170898438,1487.1589050292969,1.0145166999948825,1.0093272561618247,0.0231295326064219,0.3430221359596381,9907319.2,1.983956366319359,0.0139841218459986,0.0111001313697556,0.0248509953673128,-0.0008175442620259,0.0021587742470932,0.0067991424971183,0.0381009916471606,3,11,0,0,0,xg_INFY.NS,0,0.0
2025-11-14,1502.800048828125,1530.0,1488.800048828125,1520.0,9739549,52.76142911604185,1489.6904541015629,1496.3254937171864,14.71141164666824,10.587309190605716,1421.4911433122031,1489.6904541015629,1557.8897648909224,-0.0252951088110566,0.0176056332207137,0.0060249027351821,-0.025620529503473,0.0143931211640666,0.0147212162047199,0.977646365460398,-1.7573222097228902,0.0176056332207137,0.0060249027351821,0.0115807304855315,1528.02001953125,1501.9300170898437,1489.6904541015624,1.0173709840968217,1.0082161787065105,0.0255054326485927,-0.5044921091293213,10320387.4,0.9437193220090804,-0.0063800365117453,0.0139841218459986,0.0111001313697556,0.0068862739432016,-0.0118478462375883,-0.0109904497600741,-0.0020281085860299,4,11,0,0,1,xg_INFY.NS,1,2.5036043149021387
2025-11-17,1507.5999755859375,1510.199951171875,1492.5,1496.0,7910354,53.787088655016625,1492.6048156738282,1497.3992538951627,13.732941520242091,11.216435656532992,1426.7285921964226,1492.6048156738282,1558.4810391512335,0.0031939889551877,-0.0038982652223736,0.0170680199179742,0.0031888990077417,0.0140965171532435,0.0146966020076418,0.9591032024077288,0.2265639346608543,-0.0038982652223736,0.0170680199179742,-0.0209662851403479,1526.8400146484375,1504.460009765625,1492.6048156738282,1.0148757725280442,1.0079426208245517,0.0227084104066157,-0.1878110577810122,10629441.4,0.7441928227761109,-0.0252951088110566,-0.0063800365117453,0.0139841218459986,0.0248509953673128,-0.0008175442620259,-0.0076984868282884,0.0013977473055197,0,11,0,0,0,xg_INFY.NS,1,2.5036043149021387
2025-11-18,1486.4000244140625,1506.0,1483.199951171875,1506.0,7525119,48.752244612488184,1495.9562622070312,1496.351708230296,11.118668917220248,11.196882308670444,1439.641091915132,1495.9562622070312,1552.2714324989304,-0.0140620532735386,-0.0286872005576163,0.0006058730488471,-0.0141618607144531,0.0149556058252134,0.0142259781519289,1.0512145070796832,-0.9401901365771907,-0.0286872005576163,0.0006058730488471,-0.0292930736064634,1518.060009765625,1504.5500122070312,1495.9562622070312,1.0089794273696333,1.00574465324763,0.0148706587698739,-0.0487000961018937,10834893.3,0.6945263595719309,0.0031939889551877,-0.0252951088110566,-0.0063800365117453,0.0111001313697556,0.0068862739432016,0.0021587742470932,-0.0028581248442173,1,11,0,0,1,xg_INFY.NS,1,2.5036043149021387
2025-11-19,1541.0999755859375,1543.0,1490.5,1490.5,10981126,59.33049094282752,1501.0676330566405,1500.6134479784523,13.307270032071074,11.618959853350573,1448.1107969610543,1501.0676330566405,1554.0244691522266,0.0368002894735135,-0.0068312018557016,0.0498671230699747,0.0361393258148252,0.0181798542685163,0.0160150456182417,1.1351025528929617,2.0241232304050953,-0.0068312018557016,0.0498671230699747,-0.0566983249256763,1515.9400146484377,1511.8700073242187,1501.0676330566407,1.002692035230874,1.0071964607254775,0.0096504975844556,0.4592627704625003,11063872.9,0.9925209824128588,-0.0140620532735386,0.0031939889551877,-0.0252951088110566,0.0139841218459986,0.0248509953673128,-0.0118478462375883,0.0067991424971183,2,11,0,0,0,xg_INFY.NS,1,2.5036043149021387
2025-11-20,1536.5,1555.0,1534.0,1555.0,7387584,58.2417451773452,1505.3826721191406,1504.0312148376472,14.503386584918417,12.19584519966414,1455.929894782672,1505.3826721191406,1554.8354494556093,-0.0029848651345208,-0.0034375720977265,0.0475898623793882,-0.0029893287288205,0.0182699558849804,0.0160451092526282,1.1385910190028108,-0.1633666652862202,-0.0034375720977265,0.0475898623793882,-0.0510274344771147,1514.8800048828125,1518.850012207031,1505.3826721191406,0.9973861755325992,1.0089461240236894,0.0061811472591421,-0.3272471329442901,11008156.1,0.6711009485048389,0.0368002894735135,-0.0140620532735386,0.0031939889551877,-0.0063800365117453,0.0111001313697556,-0.0008175442620259,-0.0109904497600741,3,11,0,0,1,xg_INFY.NS,1,2.5036043149021387
2025-11-21,1545.0,1551.5,1526.300048828125,1531.0,9186302,59.71291387657093,1507.360009765625,1507.9330039007284,15.95329685754882,12.947335531241078,1454.8286716718917,1507.360009765625,1559.891347859358,0.0055320533680442,0.0280808822203475,0.0461808971539465,0.0055168077613059,0.018257865739817,0.0137912425902897,1.3237778860322031,0.3029790265657397,0.0280808822203475,0.0461808971539465,-0.018100014933599,1523.3199951171875,1525.670007324219,1507.360009765625,0.9984596851247324,1.0121470633690492,0.0103300876061894,0.2434785174693106,11050210.4,0.8313237185057732,-0.0029848651345208,0.0368002894735135,-0.0140620532735386,-0.0252951088110566,0.0139841218459986,0.0068862739432016,-0.0076984868282884,4,11,0,0,1,xg_INFY.NS,1,2.5036043149021387
2025-11-24,1548.0,1585.0,1541.0,1563.5999755859375,19270381,60.24526238292171,1509.6400085449218,1511.7489082911352,17.146778730891356,13.787224171171134,1454.1406268470826,1509.6400085449218,1565.139390242761,0.0019417475728156,0.0267975756621783,0.0227948463825569,0.0019398648178272,0.0168259569169489,0.0137680513219345,1.2220127969270225,0.1153950522604476,0.0267975756621783,0.0227948463825569,0.0040027292796214,1531.4,1529.1200073242187,1509.6400085449218,1.0014910488809643,1.012903737758032,0.0140568420252443,1.0977299679457522,11998451.0,1.6060724005122322,0.0055320533680442,-0.0029848651345208,0.0368002894735135,0.0031939889551877,-0.0063800365117453,0.0248509953673128,0.0021587742470932,0,11,0,0,0,xg_INFY.NS,0,0.0
2025-11-25,1530.5999755859375,1550.5999755859375,1525.9000244140625,1549.0,8107952,55.65197077635459,1510.945007324219,1513.5442480334973,16.49840185525568,14.329459707988043,1454.7316888120015,1510.945007324219,1567.1583258364362,-0.0112403258488775,0.0297362422267846,0.0001959921245786,-0.011303975724501,0.0170219259316357,0.0140639647177425,1.210235949626174,-0.6603051610527388,0.0297362422267846,0.0001959921245786,0.0295402501022059,1540.239990234375,1529.15,1510.9450073242188,1.0072523887351632,1.012048746041407,0.0191395422562591,-0.5792531553994703,11439947.3,0.7087403278509238,0.0019417475728156,0.0055320533680442,-0.0029848651345208,-0.0140620532735386,-0.0252951088110566,0.0111001313697556,-0.0118478462375883,1,11,0,0,1,xg_INFY.NS,1,2.5036043149021387
2025-11-26,1557.9000244140625,1560.300048828125,1532.0999755859375,1532.0999755859375,7575038,60.713096926449374,1513.8300109863285,1517.7686076887892,17.980179971969847,15.059603760784404,1454.1244984632192,1513.8300109863285,1573.535523509437,0.0178361748749369,0.0109013361198306,0.0039956650365975,0.0176789767643468,0.0174089872518822,0.01452255043728,1.198672964098066,1.0244794908168926,0.0109013361198306,0.0039956650365975,0.0069056710832331,1543.6,1529.7700073242188,1513.830010986328,1.0090405698958445,1.010529581407562,0.0191090497125247,-0.0657273254701064,10733909.4,0.705711005907996,-0.0112403258488775,0.0019417475728156,0.0055320533680442,0.0368002894735135,0.0031939889551877,0.0139841218459986,-0.0008175442620259,2,11,0,0,1,xg_INFY.NS,1,2.5036043149021387
2025-11-27,1566.4000244140625,1574.300048828125,1552.199951171875,1564.0,7552252,62.16104233198008,1516.6300109863282,1522.4001711864344,19.61427758509967,15.97053852564746,1452.5123632379482,1516.6300109863282,1580.7476587347082,0.0054560625629342,0.0194598271487553,0.0159553604921955,0.0054412321728243,0.0172886108786216,0.0145022249881604,1.1920528636034462,0.3155688465887125,0.0194598271487553,0.0159553604921955,0.0035044666565597,1549.5800048828123,1532.2300048828124,1516.6300109863282,1.011323365255027,1.0102859588584423,0.0210354911790874,-0.0030080377154543,9523565.7,0.7930067621625383,0.0178361748749369,-0.0112403258488775,0.0019417475728156,-0.0029848651345208,-0.0140620532735386,-0.0063800365117453,0.0068862739432016,3,11,0,0,0,xg_INFY.NS,1,2.5036043149021387
2025-11-28,1560.0999755859375,1568.4000244140625,1557.0,1565.0,4453221,60.38464313206978,1519.9450073242183,1525.9906287482918,20.168460964252972,16.810123013368564,1453.968548665451,1519.9450073242183,1585.921465982986,-0.0040219922943895,0.0097734469811894,0.0381287762151023,-0.0040301022581763,0.0147122706677177,0.0142573323693674,1.0318367033809306,-0.2733581394118043,0.0097734469811894,0.0381287762151023,-0.0283553292339129,1552.6,1537.9599975585938,1519.9450073242188,1.0095191048301946,1.0118523960719406,0.0209313461872959,-0.4103452850884742,8994932.9,0.4950810694762942,0.0054560625629342,0.0178361748749369,-0.0112403258488775,0.0055320533680442,0.0368002894735135,-0.0252951088110566,0.0248509953673128,4,11,0,0,1,xg_INFY.NS,1,2.5036043149021387
2025-12-01,1564.0,1574.0,1556.0,1562.5,5341800,61.125267150085854,1524.0300048828126,1529.610568867502,20.683923269107257,17.5848830645163,1457.7511718881494,1524.0300048828126,1590.3088378774758,0.0024998554420192,0.0103359173126615,0.037410470501064,0.0024967360010901,0.0147173206352925,0.0140631070000705,1.0464454398148944,0.1698465133328413,0.0103359173126615,0.037410470501064,-0.0270745531884024,1555.8,1543.6,1524.0300048828126,1.007903601969422,1.012840951329362,0.0203132961107336,0.1995362457870382,8738077.5,0.611324401734751,-0.0040219922943895,0.0054560625629342,0.0178361748749369,0.0019417475728156,-0.0029848651345208,0.0031939889551877,0.0111001313697556,0,12,1,0,0,xg_INFY.NS,1,2.5036043149021387
2025-12-02,1561.0,1579.9000244140625,1556.0999755859375,1567.0,6335969,60.193045575881456,1527.8050048828125,1532.6000384991685,20.61274503765003,18.19045545914305,1462.169000077067,1527.8050048828125,1593.441009688558,-0.0019181585677748,0.0198615084927236,0.0501883573470369,-0.0019200005898243,0.0135354802696363,0.0141020724530168,0.9597540050034188,-0.1417029042680695,0.0198615084927236,0.0501883573470369,-0.0303268488543133,1561.8800048828125,1551.0599975585938,1527.8050048828125,1.006975879296255,1.0152211784890477,0.0218289557975656,0.1861112359129881,8619162.5,0.735102627430364,0.0024998554420192,-0.0040219922943895,0.0054560625629342,-0.0112403258488775,0.0055320533680442,-0.0140620532735386,0.0139841218459986,1,12,0,0,1,xg_INFY.NS,1,2.5036043149021387
2025-12-03,1578.699951171875,1586.0,1554.0999755859375,1555.0999755859375,12895312,63.70966118232999,1533.345001220703,1536.9905063727597,21.73403745648534,18.899171858611503,1470.3474874236233,1533.345001220703,1596.3425150177825,0.0113388540498879,0.01335125902295,0.0243981417050127,0.011275051092924,0.0082493924492836,0.01380384019575,0.5975724696779372,1.3743411746277026,0.01335125902295,0.0243981417050127,-0.0110468826820626,1566.039990234375,1554.8199951171875,1533.3450012207031,1.0072162662896176,1.0140053242286555,0.0207100715936566,1.0352549073393509,8810581.1,1.463616514465605,-0.0019181585677748,0.0024998554420192,-0.0040219922943895,0.0178361748749369,0.0019417475728156,0.0368002894735135,-0.0063800365117453,2,12,0,0,1,xg_INFY.NS,0,0.0
2025-12-04,1597.5999755859375,1599.0,1568.0,1568.0,12609619,67.05633118577546,1539.8900024414058,1542.7628367740144,23.87255582955504,19.893848652800212,1478.8780790993692,1539.8900024414058,1600.9019257834425,0.0119718914287878,0.0199182524805856,0.0397656853797185,0.0119007952115373,0.0085075896871812,0.0138778803992622,0.6129881836602239,1.407035932973038,0.0199182524805856,0.0397656853797185,-0.0198474328991329,1572.27998046875,1560.9299926757812,1539.8900024414063,1.007271298422239,1.0136633072498795,0.0202741477981459,-0.0221547954791633,9332784.6,1.3511100427624407,0.0113388540498879,-0.0019181585677748,0.0024998554420192,0.0054560625629342,-0.0112403258488775,-0.0029848651345208,-0.0252951088110566,3,12,0,0,1,xg_INFY.NS,0,0.0
2025-12-05,1616.199951171875,1631.800048828125,1600.0,1610.0,10344725,69.9894552889613,1546.8599975585937,1549.7568476690487,26.759740005287995,21.26702692329777,1484.362991918074,1546.8599975585937,1609.357003199113,0.0116424485917481,0.0359592182961656,0.0460841107908576,0.0115751967677679,0.0088473211111364,0.0139636723780059,0.6335502095323657,1.3157805244087422,0.0359592182961656,0.0460841107908576,-0.0101248924946919,1583.4999755859376,1568.0499877929688,1546.8599975585937,1.0098529944282677,1.013698712403074,0.0226704486661919,-0.1796163706452986,9448626.9,1.0948389760208337,0.0119718914287878,0.0113388540498879,-0.0019181585677748,-0.0040219922943895,0.0178361748749369,0.0055320533680442,0.0031939889551877,4,12,0,0,0,xg_INFY.NS,1,2.5036043149021387
2025-12-08,1610.800048828125,1630.0,1600.199951171875,1617.0999755859375,7550413,68.09394907693681,1551.725,1555.5704858746751,28.286063146827473,22.67083416800371,1485.1470118787608,1551.725,1618.302988121239,-0.003341110324768,0.0299233048773177,0.0405685069949128,-0.0033467042973978,0.0091721712506852,0.0132160412770604,0.6939655448155782,-0.3642263109956054,0.0299233048773177,0.0405685069949128,-0.0106452021175951,1592.8599853515625,1574.329992675781,1551.725,1.0117700817249164,1.0145676538534736,0.0255369903803322,-0.2701195053517614,8276630.1,0.9122569099710144,0.0116424485917481,0.0119718914287878,0.0113388540498879,0.0024998554420192,0.0054560625629342,0.0019417475728156,-0.0140620532735386,0,12,0,0,0,xg_INFY.NS,0,0.0
2025-12-09,1599.0,1606.9000244140625,1582.4000244140625,1601.199951171875,6957599,64.01404059403936,1555.1599975585937,1559.706630077087,28.218237631581133,23.7803148607192,1486.1902890077822,1555.1599975585937,1624.129706109405,-0.0073255826113921,0.0243433696348494,0.044688374170317,-0.0073525464563095,0.0085078535716355,0.0132786157765359,0.6406701605530081,-0.8609364998138133,0.0243433696348494,0.044688374170317,-0.0203450045354676,1600.4599853515624,1581.1699951171877,1555.1599975585937,1.0121998205720728,1.016724965662328,0.0283301987448209,-0.0785141157179084,8161594.8,0.8524803265164729,-0.003341110324768,0.0116424485917481,0.0119718914287878,-0.0019181585677748,-0.0040219922943895,-0.0112403258488775,0.0368002894735135,1,12,0,0,0,xg_INFY.NS,1,2.5036043149021387
2025-12-10,1584.800048828125,1608.0,1582.800048828125,1608.0,5116140,59.40162969268261,1556.8150024414062,1562.096479481948,26.71076298761659,24.366404486098677,1486.6172693717813,1556.8150024414062,1627.0127355110312,-0.0088805198073014,0.0038640006618875,0.0172668489585394,-0.0089201866393375,0.0080045482477837,0.013202086852031,0.6062633941207767,-1.109295645024679,0.0038640006618875,0.0172668489585394,-0.0134028482966519,1601.6800048828125,1583.8599975585937,1556.8150024414062,1.011250999047698,1.0173720031440956,0.0283095665441085,-0.2646687456405578,7915705.0,0.6463277749738467,-0.0073255826113921,-0.003341110324768,0.0116424485917481,0.0113388540498879,0.0024998554420192,0.0178361748749369,-0.0029848651345208,2,12,0,0,1,xg_INFY.NS,1,2.5036043149021387
2025-12-11,1598.0,1607.4000244140625,1580.5,1598.0,5159319,62.13301889954941,1559.625,1565.515862388429,26.278284508333854,24.748780490545716,1487.4854981925926,1559.625,1631.7645018074074,0.0083290956367876,0.0002503908488831,0.0201736306776156,0.0082946001316033,0.0082017902211112,0.0131708901272802,0.6226737500736171,1.015397860029546,0.0002503908488831,0.0201736306776156,-0.0199232398287325,1601.760009765625,1587.0199951171876,1559.625,1.009287856922905,1.017565116689709,0.0263673402788642,0.008439761226237,7676411.7,0.6721003512616875,-0.0088805198073014,-0.0073255826113921,-0.003341110324768,0.0119718914287878,-0.0019181585677748,0.0054560625629342,0.0055320533680442,3,12,0,0,0,xg_INFY.NS,1,2.5036043149021387
2025-12-12,1598.199951171875,1601.800048828125,1582.5999755859375,1601.4000244140625,4633912,62.1745329969088,1564.3949951171874,1568.6286327487571,25.6559309840502,24.930210589246613,1495.5344856357324,1564.3949951171874,1633.2555045986423,0.000125125889784,-0.0111372358271317,0.0244214961747102,0.0001251180621926,0.0079631838238524,0.0115361712618403,0.6902197811859714,0.0157110750519513,-0.0111372358271317,0.0244214961747102,-0.035558732001842,1598.160009765625,1590.829992675781,1564.3949951171876,1.0046076684017722,1.016897904711472,0.0211269025654014,-0.1018365020654857,7694480.8,0.6022384252358389,0.0083290956367876,-0.0088805198073014,-0.0073255826113921,0.0116424485917481,0.0113388540498879,-0.0040219922943895,0.0019417475728156,4,12,0,0,1,xg_INFY.NS,1,2.5036043149021387
2025-12-15,1606.800048828125,1610.800048828125,1585.0,1585.0,4190558,64.00251208668462,1569.3549987792971,1572.264005708697,25.562004463425865,25.056569364082463,1503.4940799325952,1569.3549987792971,1635.215917625999,0.0053811149536977,-0.0024832380672635,0.0273657601202845,0.0053666884851413,0.008017362641819,0.0115470248384946,0.6942626772929718,0.671098975448311,-0.0024832380672635,0.0273657601202845,-0.0298489981875481,1597.360009765625,1595.1099975585937,1569.354998779297,1.0014105686820816,1.016411200014866,0.0174290578387476,-0.0956759644982468,7579356.6,0.5528909934122175,0.000125125889784,0.0083290956367876,-0.0088805198073014,-0.003341110324768,0.0119718914287878,0.0024998554420192,-0.0112403258488775,0,12,0,0,0,xg_INFY.NS,0,0.0
2025-12-16,1592.9000244140625,1603.0,1585.5999755859375,1600.0,5499258,59.03653566541767,1574.679998779297,1574.2293408234937,24.088276558527923,24.862910802971555,1520.9563081135998,1574.679998779297,1628.403689444994,-0.0086507493102206,-0.0038148690343574,0.0204356338334801,-0.0086883842461595,0.0087045161770615,0.0111774092118247,0.7786900633279447,-0.9937089466348772,-0.0038148690343574,0.0204356338334801,-0.0242505028678375,1596.1400146484375,1598.3,1574.679998779297,0.9986485732643668,1.0149998737769028,0.0134722930128866,0.3122973121956551,7495685.5,0.7336564480992788,0.0053811149536977,0.000125125889784,0.0083290956367876,-0.0073255826113921,0.0116424485917481,-0.0019181585677748,0.0178361748749369,1,12,0,0,1,xg_INFY.NS,1,2.5036043149021387
2025-12-17,1602.0,1606.9000244140625,1586.0,1587.199951171875,4817628,61.16116500626472,1577.725,1576.8741655069705,23.38506013780193,24.567340669937632,1525.1233393910666,1577.725,1630.3266606089337,0.0057128353609541,0.0108530733480185,0.0147590102925063,0.0056965790009098,0.0082056056015547,0.0080228246654935,1.0226551480920336,0.696126466693098,0.0108530733480185,0.0147590102925063,-0.0039059369444878,1599.5800048828123,1600.6300048828125,1577.725,0.9993440082987344,1.014517742244569,0.0136423251453262,-0.1239494491802348,6687917.1,0.7203480437876958,-0.0086507493102206,0.0053811149536977,0.000125125889784,-0.0088805198073014,-0.003341110324768,0.0113388540498879,0.0054560625629342,2,12,0,0,1,xg_INFY.NS,1,2.5036043149021387
2025-12-18,1626.800048828125,1630.0,1606.699951171875,1610.5,6577293,66.2922914679753,1582.2400024414064,1581.6290115375566,24.5459621632624,24.56306496860259,1529.0391028230772,1582.2400024414064,1635.4409020597357,0.0154806796679931,0.018022558715973,0.0182774622486321,0.0153620764195947,0.0087596314066902,0.0084724949762762,1.0337684073944826,1.7670735075294943,0.018022558715973,0.0182774622486321,-0.0002549035326591,1605.3400146484375,1603.5500122070312,1582.2400024414062,1.0011162747826885,1.0134682536990238,0.0141996628434278,0.3652554742707408,6084684.5,1.080958758009379,0.0057128353609541,-0.0086507493102206,0.0053811149536977,0.0083290956367876,-0.0073255826113921,0.0119718914287878,-0.0040219922943895,3,12,0,0,1,xg_INFY.NS,1,2.5036043149021387
2025-12-19,1638.699951171875,1654.9000244140625,1629.800048828125,1650.0,13149023,68.44641580381295,1586.9250000000002,1587.0643391217775,26.125054681705706,24.875462911223213,1531.0943940617956,1586.9250000000002,1642.7556059382048,0.0073149139332286,0.0253410094089312,0.0139215447839147,0.0072882897074126,0.0083177032391979,0.0085110094276406,0.9771727005127858,0.8793334397073627,0.0253410094089312,0.0139215447839147,0.0114194646250165,1613.4400146484377,1605.8000122070312,1586.925,1.0047577546290498,1.0118940795608056,0.016180518361202,0.999154211314594,6365114.3,2.065795267808142,0.0154806796679931,0.0057128353609541,-0.0086507493102206,0.000125125889784,-0.0088805198073014,0.0116424485917481,0.0024998554420192,4,12,0,0,1,xg_INFY.NS,0,0.0
2025-12-22,1689.5999755859375,1693.199951171875,1664.0,1664.0,23098923,75.62253131828355,1594.004998779297,1596.82963783265,31.12491481685925,26.12535329235042,1524.6766632802803,1594.004998779297,1663.3333342783135,0.0310612228783326,0.0515309461299806,0.048919744455645,0.0305885853070195,0.0122954935365703,0.0105661719232889,1.1635557390215656,2.526022787386919,0.0515309461299806,0.048919744455645,0.0026112016743355,1630.0,1613.6800048828125,1594.0049987792968,1.0101135262677885,1.01234312697801,0.0213038599318282,0.7567026082470159,7919965.3,2.9165434601079734,0.0073149139332286,0.0154806796679931,0.0057128353609541,0.0053811149536977,0.0083290956367876,-0.003341110324768,-0.0019181585677748,0,12,0,0,0,xg_INFY.NS,0,0.0
2025-12-23,1668.300048828125,1679.0,1656.4000244140625,1679.0,6593060,68.59242808958888,1600.8900024414063,1603.6363436417428,32.98834481310132,27.4979515965006,1530.7293177291838,1600.8900024414063,1671.0506871536288,-0.0126064909242353,0.0473350638824918,0.0433396177786897,-0.0126866269325116,0.0129715875707744,0.0106767057291039,1.214829093427637,-0.9717792117770078,0.0473350638824918,0.0433396177786897,0.003995446103802,1645.0800048828123,1620.610009765625,1600.8900024414063,1.0150992496465738,1.0123181525864644,0.0264880424072677,-0.7145728396081497,7883511.4,0.8363100737063897,0.0310612228783326,0.0073149139332286,0.0154806796679931,-0.0086507493102206,0.000125125889784,-0.0073255826113921,0.0113388540498879,1,12,0,0,0,xg_INFY.NS,0,0.0
2025-12-24,1663.4000244140625,1667.5999755859375,1652.5,1661.0,4271167,67.0482313363212,1606.1650024414064,1609.328122762916,33.68147639748986,28.734656556698457,1533.7846763665336,1606.1650024414064,1678.5453285162791,-0.0029371361689429,0.0383271063758192,0.0495961466205518,-0.0029414580180278,0.0124238067414946,0.0103016107360236,1.2058891731252288,-0.2363929057450802,0.0383271063758192,0.0495961466205518,-0.0112690402447326,1657.360009765625,1628.4700073242188,1606.1650024414062,1.0177405799993062,1.0138871192243066,0.0307773275056024,-0.3521722841897389,7799014.1,0.5476547349747005,-0.0126064909242353,0.0310612228783326,0.0073149139332286,0.0057128353609541,0.0053811149536977,-0.0088805198073014,0.0119718914287878,2,12,0,0,0,xg_INFY.NS,1,2.5036043149021387
2025-12-26,1656.0999755859375,1668.800048828125,1651.699951171875,1663.4000244140625,2006491,64.71092170545383,1610.6500000000003,1613.7825849365372,33.258353642303064,29.639395973819376,1537.531820078701,1610.6500000000003,1683.7681799212996,-0.0043886309492489,0.0180107732225105,0.0363579321564064,-0.0043982892582477,0.0126843752422666,0.0104291685377211,1.216123708489763,-0.3459598841527626,0.0180107732225105,0.0363579321564064,-0.0183471589338959,1663.2199951171874,1634.2800048828126,1610.65,1.0177080978460908,1.0146710985520209,0.0317432497386444,-0.530224175266385,7483731.3,0.2681137148790646,-0.0029371361689429,-0.0126064909242353,0.0310612228783326,0.0154806796679931,-0.0086507493102206,0.0083290956367876,0.0116424485917481,4,12,0,0,0,xg_INFY.NS,1,2.5036043149021387
2025-12-29,1644.699951171875,1673.0999755859375,1637.0999755859375,1658.0,4062817,61.12724795295825,1614.879998779297,1616.7270960065694,31.638430976094018,30.039202974274303,1544.3317539514833,1614.879998779297,1685.4282436071107,-0.0068836571355114,0.003661439054605,0.0290952330250693,-0.0069074587944859,0.0130879558532599,0.0105472200268631,1.2407738765335663,-0.5259133893248596,0.003661439054605,0.0290952330250693,-0.0254337939704643,1664.4199951171877,1638.9300048828125,1614.8799987792968,1.015552824195319,1.0148927512395318,0.0301209933779061,1.0248368918674444,7426621.8,0.5470612493017286,-0.0043886309492489,-0.0029371361689429,-0.0126064909242353,0.0073149139332286,0.0057128353609541,0.000125125889784,-0.003341110324768,0,12,0,0,0,xg_INFY.NS,1,2.5036043149021387
2025-12-30,1621.5999755859375,1647.9000244140625,1616.800048828125,1647.0,9395937,54.53658310151561,1617.7599975585938,1617.191179776033,28.1659757808859,29.664557535596625,1551.3775228858308,1617.7599975585938,1684.1424722313568,-0.014045100183458,-0.0402462127027541,0.0092108080085051,-0.0141446659768069,0.0140900865710593,0.0111925310405434,1.258770491637047,-0.9967364910172516,-0.0402462127027541,0.0092108080085051,-0.0494570207112593,1650.8199951171875,1640.4099975585937,1617.7599975585938,1.0063459730031437,1.0140008406897076,0.0203872706316784,1.312665571695698,7947159.7,1.1823012692193435,-0.0068836571355114,-0.0043886309492489,-0.0029371361689429,0.0310612228783326,0.0154806796679931,0.0053811149536977,-0.0073255826113921,1,12,0,0,0,xg_INFY.NS,1,2.5036043149021387
2025-12-31,1615.4000244140625,1628.5999755859375,1609.199951171875,1621.0,6538656,52.88836029838556,1620.479998779297,1617.0205935510835,24.62982844579119,28.65761171763554,1559.6655086429917,1620.479998779297,1681.2944889156022,-0.0038233542582749,-0.0317089389592846,0.0141251802719235,-0.0038306819607321,0.0138022396617615,0.0112344894447307,1.2284502361607892,-0.2769896308376507,-0.0317089389592846,0.0141251802719235,-0.0458341192312081,1640.239990234375,1642.6599975585937,1620.479998779297,0.9985267752743628,1.0136873017846595,0.0122322589800909,-0.3040975051237572,8051099.5,0.8121444779063018,-0.014045100183458,-0.0068836571355114,-0.0043886309492489,-0.0126064909242353,0.0073149139332286,-0.0086507493102206,-0.0088805198073014,2,12,0,1,0,xg_INFY.NS,1,2.5036043149021387
