Date,Close,High,Low,Open,Volume,RSI,SMA_20,EMA_20,MACD,MACD_SIGNAL,BB_LOWER,BB_MIDDLE,BB_UPPER,ret_1,ret_5,ret_10,log_ret,vol_10,vol_20,vol_ratio,scaled_ret_1,mom_5,mom_10,mom_diff,ma_5,ma_10,ma_20,ma_ratio_5_10,ma_ratio_10_20,trend_strength,volume_chg,volume_ma_10,volume_ratio,ret_lag_1,ret_lag_2,ret_lag_3,ret_lag_5,ret_lag_7,ret_lag_10,ret_lag_14,day_of_week,month,is_month_start,is_month_end,target,stock,pred,position
2022-10-25,243.56304931640625,243.93228026742983,238.86979966752605,240.25930485991768,34775500,57.91152639804457,231.417928314209,233.74730522849464,-1.5093143074898308,-4.144364920252275,216.3957334524511,231.417928314209,246.44012317596687,0.0137916816502612,0.0509852846305394,0.1120182547090351,0.0136974419033544,0.0203695046224788,0.0244752484418994,0.8322151440336517,0.6770417280209219,0.0509852846305394,0.1120182547090351,-0.0610329700784957,235.66517944335936,230.99330444335936,231.41792831420895,1.020225153327531,0.9981651211125134,0.0174379945606317,0.3959785156877227,27690930.0,1.2558444227044288,0.0211878507881244,0.0252805116588517,-0.0013953635389176,0.0040837568473881,-0.0242487605181237,-0.0167503405086517,0.0012855865337917,1,10,0,0,0,xg_MSFT,0.5313544360468266,9.57731605701206
2022-10-26,224.7705993652344,231.55296912820415,223.5462644989959,224.62483744809148,82543200,42.6127094066206,230.9442291259766,232.89238086056508,-2.095546853968557,-3.7346013069955313,215.7014617712278,230.9442291259766,246.18699648072536,-0.0771564077716857,-0.0218200778556142,0.0246732962035125,-0.0802955147125361,0.0346004969049164,0.0300000605121557,1.153309126885602,-2.229857511185386,-0.0218200778556142,0.0246732962035125,-0.0464933740591267,234.6623962402344,231.53453369140624,230.94422912597656,1.013509270081486,1.0025560481318962,0.016542052762942,1.3736021049301952,33754860.0,2.4453723108316123,0.0137916816502612,0.0211878507881244,0.0252805116588517,-0.0084696961257179,0.0392457942420125,0.0015084072175597,-0.0096708259258895,2,10,0,0,0,xg_MSFT,0.45879079781067816,8.269403954490283
2022-10-27,220.3300018310547,227.0735112053549,219.3874643636516,224.49853205636384,40424600,39.92848764494928,230.42194747924808,231.6959638101355,-2.8852006825235605,-3.5647211821011373,214.45618062350349,230.42194747924808,246.3877143349927,-0.019756131570233,-0.0398053084339855,-0.0319758334973014,-0.0199538929378872,0.0329392922726714,0.0301345529524102,1.093037593326686,-0.5997558068609947,-0.0398053084339855,-0.0319758334973014,-0.007829474936684,232.8356201171875,230.80673828125,230.42194747924805,1.008790392564125,1.001669939891627,0.0109548069617418,-0.5102612934802624,33542140.0,1.2051884584584882,-0.0771564077716857,0.0137916816502612,0.0211878507881244,-0.0013953635389176,0.0040837568473881,0.0376080995746623,-0.050852892113519,3,10,0,0,1,xg_MSFT,0.5436550683595112,9.79902690643328
2022-10-28,229.1917724609375,229.9011145363862,219.64981530818488,219.83443818188343,40647700,47.09110442110424,230.5662422180176,231.45746939592615,-2.7640736810586475,-3.4045916818926396,214.7052871181287,230.5662422180176,246.42719731790652,0.0402204445887395,-0.0258137772105736,0.0319828334389571,0.0394326566423837,0.0345330630489346,0.0312395082828688,1.1053937642836404,1.1646600787097443,-0.0258137772105736,0.0319828334389571,-0.0577966106495307,231.62100524902343,231.517041015625,230.5662422180176,1.0004490565054838,1.0041237554485898,0.0046020981454978,0.0055189166992375,34587050.0,1.1752288790168235,-0.019756131570233,-0.0771564077716857,0.0137916816502612,0.0252805116588517,-0.0084696961257179,-0.0242487605181237,-0.0213030322431211,4,10,0,0,0,xg_MSFT,0.4443707989606291,8.009492909884832
2022-10-31,225.5576934814453,228.2686935125121,224.6054296076982,227.14153310691304,28357300,44.735440100964105,230.1479309082031,230.89558597549944,-2.927572231767158,-3.3091877918675436,214.21868680073285,230.1479309082031,246.07717501567345,-0.0158560621110932,-0.0611526911594401,-0.0227339334337915,-0.0159831142851318,0.0325720809570159,0.0304762426627772,1.0687345084795743,-0.4867842293462261,-0.0611526911594401,-0.0227339334337915,-0.0384187577256485,228.68262329101563,230.9923309326172,230.1479309082031,0.9900009336575104,1.0036689446699865,-0.0064963761358379,-0.3023639713932153,34608550.0,0.8193726694703818,0.0402204445887395,-0.019756131570233,-0.0771564077716857,0.0211878507881244,-0.0013953635389176,0.0392457942420125,-0.0167503405086517,0,10,0,1,0,xg_MSFT,0.5350775035998118,9.644421913738931
2022-11-01,221.7097930908203,229.0654698713663,220.8935796720303,227.95774742393272,30592300,42.32137782714193,229.14174804687505,230.02074855791096,-3.3292617572807615,-3.3132025849501874,213.78856142977745,229.14174804687505,244.49493466397263,-0.0170594952060082,-0.0897232001607803,-0.0433124784284011,-0.0172066847826082,0.0328324034980997,0.0294922015355643,1.1132193789985387,-0.5195774238572489,-0.0897232001607803,-0.0433124784284011,-0.0464107217323792,224.31197204589844,229.98857574462892,229.141748046875,0.975317888376188,1.0036956499850944,-0.0217842249259512,0.0788156841448233,35034820.0,0.873197008005154,-0.0158560621110932,0.0402204445887395,-0.019756131570233,0.0137916816502612,0.0252805116588517,0.0040837568473881,0.0015084072175597,1,11,1,0,0,xg_MSFT,0.47421195872321115,8.547360290235172
2022-11-02,213.86827087402344,224.75116008206984,213.8099572114699,222.96325992629187,38407000,37.840022501458165,227.7279441833496,228.4824173499217,-4.231570003883121,-3.4968760687367744,212.209491465905,227.7279441833496,243.24639690079425,-0.0353684070851335,-0.0485042462047963,-0.069265957631894,-0.0360090195356272,0.0343148507448329,0.0302803382737882,1.1332012619315517,-1.0306725993223134,-0.0485042462047963,-0.069265957631894,0.0207617114270977,222.13150634765623,228.3969512939453,227.7279441833496,0.9725677382697396,1.002937747113095,-0.0261676863651732,0.2554466319956328,36876950.0,1.0414906872721026,-0.0170594952060082,-0.0158560621110932,0.0402204445887395,-0.0771564077716857,0.0211878507881244,-0.0084696961257179,0.0376080995746623,2,11,0,0,0,xg_MSFT,0.5153413735758096,9.288691082942787
2022-11-03,208.18392944335935,214.1695246254523,207.92156981485337,213.85857768399836,36633900,34.95086036141839,226.1470100402832,226.54922802548717,-5.343735382397995,-3.866247931469019,209.41324256154556,226.1470100402832,242.88077751902088,-0.0265787038321938,-0.0551267293911645,-0.092737701358778,-0.0269383036961494,0.0348100562753365,0.0306296323738635,1.1364458901945231,-0.7635132821587124,-0.0551267293911645,-0.092737701358778,0.0376109719676134,219.7022918701172,226.26895599365236,226.1470100402832,0.970978501691945,1.0005392331003953,-0.0309568475693481,-0.0461660634780117,38359240.0,0.9550215280594466,-0.0353684070851335,-0.0170594952060082,-0.0158560621110932,-0.019756131570233,0.0137916816502612,-0.0013953635389176,-0.0242487605181237,3,11,0,0,1,xg_MSFT,0.5473091803721062,9.86488988466061
2022-11-04,215.12173461914065,215.31606900887368,207.3871013629504,211.39046095991677,36789100,40.88359808970753,225.5226989746094,225.46089532012084,-5.600749606443912,-4.213148266463998,208.10089064662156,225.5226989746094,242.94450730259723,0.0333253637508503,-0.0613898033542843,-0.0856188778580696,0.0327821102940726,0.0357732896911687,0.0300049343373717,1.192207157722596,0.931545085550002,-0.0613898033542843,-0.0856188778580696,0.0242290745037853,216.8882843017578,224.25464477539063,225.52269897460937,0.9671518042312532,0.9943772657697684,-0.0401373421804088,0.0042365131749555,39408180.0,0.93353968643056,-0.0265787038321938,-0.0353684070851335,-0.0170594952060082,0.0402204445887395,-0.0771564077716857,0.0252805116588517,0.0392457942420125,4,11,0,0,1,xg_MSFT,0.5029410813879245,9.065183929476195
2022-11-07,221.41830444335935,221.9430237085704,215.01489088874337,215.70479515914553,33498000,45.72202143660354,225.45565338134767,225.0758866651912,-5.2359973503434105,-4.417718083239881,207.9788326929844,225.45565338134767,242.93247406971096,0.0292697984951002,-0.0183517971575041,-0.0783822265331506,0.0288496173294579,0.0365959663943386,0.0304543068225434,1.2016285571370382,0.7997875610703106,-0.0183517971575041,-0.0783822265331506,0.0600304293756465,216.06040649414064,222.37151489257812,225.45565338134764,0.9716190789927108,0.9863204207013038,-0.0424321146836818,-0.0894585624546401,40266860.0,0.8318999792881583,0.0333253637508503,-0.0265787038321938,-0.0353684070851335,-0.0158560621110932,-0.019756131570233,0.0211878507881244,0.0040837568473881,0,11,0,0,1,xg_MSFT,0.487168317108281,8.780890173084964
2022-11-08,222.38998413085935,225.09127262477088,219.44577390313017,222.2247991310753,28192500,46.45039790046557,225.6237564086914,224.82008642382624,-4.813040395702359,-4.496782545732376,208.34368613244453,225.6237564086914,242.90382668493828,0.0043884343254401,0.0030679341248602,-0.086930530903485,0.0043788332264727,0.0361051305484103,0.030202893221999,1.1953800221394333,0.1215426371861199,0.0030679341248602,-0.086930530903485,0.0899984650283453,216.19644470214843,220.25420837402345,225.6237564086914,0.9815769074206094,0.9762013179811544,-0.0423909005766902,-0.1583825900053734,39608560.0,0.7117779591078113,0.0292697984951002,0.0333253637508503,-0.0265787038321938,-0.0170594952060082,0.0402204445887395,0.0137916816502612,-0.0084696961257179,1,11,0,0,0,xg_MSFT,0.48885337755030944,8.811262285057042
2022-11-09,218.1533966064453,222.15675627667915,217.97850010051377,220.93242142810288,27852900,43.69704398037794,225.56351089477545,224.18516358407567,-4.764775799048493,-4.5503811963956,208.18335424857105,225.56351089477545,242.9436675409798,-0.0190502622722483,0.0200362854897067,-0.0294398056395118,-0.0192340564808972,0.0274615160732209,0.0305398522154983,0.8991732083784237,-0.6936823349126606,0.0200362854897067,-0.0294398056395118,0.0494760911292185,217.0534698486328,219.59248809814457,225.5635108947754,0.9884375905956448,0.973528418790146,-0.0390094363806534,-0.0120457568502261,34139530.0,0.8158548169819323,0.0043884343254401,0.0292697984951002,0.0333253637508503,-0.0353684070851335,-0.0158560621110932,-0.0771564077716857,-0.0013953635389176,2,11,0,0,1,xg_MSFT,0.5513419733581113,9.937578339671585
2022-11-10,236.10047912597656,236.44057547213717,228.34642180511017,228.764240055821,46268000,55.681536669988816,225.9881370544434,225.3199555404472,-3.2409861186414446,-4.288502180844769,207.9935556451503,225.9881370544434,243.9827184637365,0.0822681782576517,0.1340956036196467,0.071576622175197,0.0790590039257557,0.0375116001668635,0.0347619449002959,1.0790685390564891,2.193081201828358,0.1340956036196467,0.071576622175197,0.0625189814444497,222.63677978515625,221.1695358276367,225.98813705444337,1.0066340237683684,0.97867763640334,-0.0141946229067113,0.6611555708741279,34723870.0,1.3324551670075562,-0.0190502622722483,0.0043884343254401,0.0292697984951002,-0.0265787038321938,-0.0170594952060082,-0.019756131570233,0.0252805116588517,3,11,0,0,1,xg_MSFT,0.45572052779101996,8.214064346191531
2022-11-11,240.1135406494141,240.9686298310699,235.0801950029828,236.1101955294159,34620200,57.84241741219319,226.88937683105473,226.72886840796784,-1.690069226211932,-3.7688155899182014,207.9370784452541,226.88937683105473,245.84167521685535,0.0169972612435753,0.1161751790190788,0.0476534042701644,0.0168544240869614,0.0359510745783897,0.0343180326771393,1.0475550088082048,0.4727755336208656,0.1161751790190788,0.0476534042701644,0.0685217747489144,227.63514099121093,222.26171264648437,226.88937683105468,1.0241761312857027,0.9796038745876756,0.0031058813182265,-0.251746347367511,34121120.0,1.0146267179975037,0.0822681782576517,-0.0190502622722483,0.0043884343254401,0.0333253637508503,-0.0353684070851335,0.0402204445887395,0.0211878507881244,4,11,0,0,0,xg_MSFT,0.45488858759117384,8.199069168408245
2022-11-14,234.7109375,237.00411882377543,232.43719406272425,235.13848204241353,31123300,54.023495981728,227.08468399047857,227.48906546435185,-0.8866802400598885,-3.192388519946539,207.8836199491446,227.08468399047857,246.28574803181257,-0.0225002019244817,0.0600340296619019,0.0405805001694949,-0.0227571936949972,0.0364421817132408,0.0337981884289679,1.0781969451671116,-0.6174049813083918,0.0600340296619019,0.0405805001694949,0.0194535294924069,230.29366760253907,223.17703704833983,227.0846839904785,1.0318878261326578,0.9827921158156906,0.0136720667824036,-0.1010075042894033,34397720.0,0.9048070627936704,0.0169972612435753,0.0822681782576517,-0.0190502622722483,0.0292697984951002,-0.0265787038321938,-0.0158560621110932,0.0137916816502612,0,11,0,0,1,xg_MSFT,0.4829278263088802,8.704458100879334
2022-11-15,235.11903381347656,240.0066167663425,233.23395922853584,238.70456013664037,31390100,54.269107231873186,227.2532684326173,228.21572911664944,-0.2145851149049065,-2.5968278389382125,207.82200744530277,227.2532684326173,246.68452941993175,0.0017387187739239,0.057237513336604,0.0604810483818518,0.0017372089522869,0.03567938633584,0.0337923862387835,1.0558097399215955,0.0487303796982,0.057237513336604,0.0604810483818518,-0.0032435350452477,232.8394775390625,224.51796112060543,227.2532684326172,1.03706392297936,0.9879636172853428,0.0237590679743816,0.0085723557591901,34477500.0,0.910451743890917,-0.0225002019244817,0.0169972612435753,0.0822681782576517,0.0043884343254401,0.0333253637508503,-0.0170594952060082,-0.0771564077716857,1,11,0,0,1,xg_MSFT,0.4177591552247804,7.529835442919849
2022-11-16,235.5478057861328,237.5648731414416,234.27131111867024,236.58069414702467,24093300,54.5438670361352,227.54143295288097,228.9140221327907,0.3486345862677922,-2.0077353538970115,207.783916569023,227.54143295288097,247.29894933673887,0.0018236378641993,0.0797347620998425,0.1013686360464356,0.0018219770555054,0.0326454689141245,0.0337146346994541,0.9682590645298764,0.0558601871766403,0.0797347620998425,0.1013686360464356,-0.0216338739465931,236.318359375,226.6859146118164,227.54143295288085,1.0424924714871608,0.9962401645715152,0.0372617626083437,-0.2324554557010012,33046130.0,0.7290808333683633,0.0017387187739239,-0.0225002019244817,0.0169972612435753,-0.0190502622722483,0.0292697984951002,-0.0353684070851335,-0.019756131570233,2,11,0,0,0,xg_MSFT,0.45302830996809623,8.165538881388242
2022-11-17,235.49908447265625,237.02893923380267,231.5526741520921,231.6988319904281,23123500,54.5037944345591,227.8431930541993,229.5411709270636,0.7820439386896396,-1.4497794953796814,207.78005782479755,227.8431930541993,247.90632828360103,-0.0002068425698722,-0.0025471979368556,0.1312068376379096,-0.0002068639647472,0.0303302152994196,0.0337097929790576,0.8997182391485672,-0.0068194619909016,-0.0025471979368556,0.1312068376379096,-0.1337540355747652,236.19808044433591,229.41743011474608,227.8431930541992,1.0295559510286487,1.006909300380865,0.0354773667542933,-0.0402518542499367,31695090.0,0.7295609509232904,0.0018236378641993,0.0017387187739239,-0.0225002019244817,0.0822681782576517,0.0043884343254401,-0.0265787038321938,0.0402204445887395,3,11,0,0,0,xg_MSFT,0.5388316006147797,9.712087056216193
2022-11-18,235.0508575439453,237.50641331153855,232.9168638897255,237.2822848010197,27613500,54.109934088396464,227.8324935913087,230.06590298581423,1.0769414946934717,-0.9444352973650508,207.78580166924587,227.8324935913087,247.8791855133715,-0.001903306459618,-0.0210845381388162,0.092641140887451,-0.0019051200489332,0.0297218016864932,0.0332598612312455,0.893596875915296,-0.0640352305847033,-0.0210845381388162,0.092641140887451,-0.1137256790262672,235.1855438232422,231.41034240722655,227.8324935913086,1.016313883712994,1.015703856633971,0.0312828053841873,0.1941747572815533,30777530.0,0.8971967536056046,-0.0002068425698722,0.0018236378641993,0.0017387187739239,0.0169972612435753,-0.0190502622722483,0.0333253637508503,-0.0158560621110932,4,11,0,0,1,xg_MSFT,0.618818772829557,11.153803501658768
2022-11-21,235.85964965820312,238.4126392167858,235.02164329544348,235.25549585436693,26394700,54.745413909096726,227.61299591064463,230.6176883831846,1.3602327799399063,-0.4835016819040594,208.04842611881296,227.61299591064463,247.1775657024763,0.0034409239034858,0.0048941569167526,0.0652220025401648,0.0034350174700117,0.0289028842099804,0.0329132111817486,0.8781278108225625,0.1190471107096976,0.0048941569167526,0.0652220025401648,-0.0603278456234122,235.4152862548828,232.85447692871097,227.61299591064457,1.0109974665720336,1.0230280393133795,0.0330802252761122,-0.0441378311333224,30067200.0,0.8778569338015886,-0.001903306459618,-0.0002068425698722,0.0018236378641993,-0.0225002019244817,0.0822681782576517,0.0292697984951002,-0.0170594952060082,0,11,0,0,1,xg_MSFT,0.4864838189417771,8.76855254148481
2022-11-22,238.763427734375,239.0362656262226,234.55391821119068,237.36025293713024,19665700,57.04529318121276,227.37301483154303,231.393473083298,1.7983238296716024,-0.027136579588927,208.5276889235102,227.37301483154303,246.21834073957584,0.0123114660790002,0.0155002079661044,0.0736249146628884,0.0122362963182753,0.028941058289602,0.0328812477016041,0.8801423355310996,0.4253832245035371,0.0155002079661044,0.0736249146628884,-0.058124706696784,236.1441650390625,234.4918212890625,227.37301483154295,1.007046487766254,1.0313089328687213,0.036735735831693,-0.2549375442797228,29214520.0,0.6731481468803638,0.0034409239034858,-0.001903306459618,-0.0002068425698722,0.0017387187739239,0.0169972612435753,0.0043884343254401,-0.0353684070851335,1,11,0,0,1,xg_MSFT,0.4330465904749002,7.805381461093303
2022-11-23,241.24819946289065,241.93029414801865,238.02285434078252,238.84136796293612,19508500,58.966984527725,228.19689483642583,232.332018452783,2.3192792477797752,0.4421465858848133,208.4132355357187,228.19689483642583,247.98055413713297,0.0104068355530562,0.024200580675048,0.1058649703176934,0.0103530572262888,0.0273972803376417,0.0275286357395948,0.9951922574201484,0.3798353555335565,0.024200580675048,0.1058649703176934,-0.0816643896426454,237.28424377441405,236.80130157470705,228.19689483642577,1.0020394406470552,1.0377060640743994,0.0376680487490482,-0.0079936132453968,28380080.0,0.6874011630692836,0.0123114660790002,0.0034409239034858,-0.001903306459618,0.0018236378641993,-0.0225002019244817,-0.0190502622722483,-0.0265787038321938,2,11,0,0,0,xg_MSFT,0.5515185110593119,9.940760316231254
2022-11-25,241.1605224609375,242.33956874564888,240.4199497182592,240.9851181755742,9200800,58.86690897789359,229.23842086791996,233.1728283583215,2.694010492605827,0.892519367229016,209.01030240327248,229.23842086791996,249.46653933256744,-0.000363430699787,0.0240401698416734,0.0214317368337955,-0.0003634967567291,0.0106965302011829,0.0269879326844092,0.3963302412237303,-0.033973327763718,0.0240401698416734,0.0214317368337955,0.0026084330078779,238.41653137207032,237.30730590820312,229.23842086791993,1.0046742154002468,1.035198659150301,0.0380580967833864,-0.5283696850090986,24673360.0,0.3729042173420899,0.0104068355530562,0.0123114660790002,0.0034409239034858,-0.0002068425698722,0.0017387187739239,0.0822681782576517,0.0333253637508503,4,11,0,0,0,xg_MSFT,0.5041373310425776,9.086745546823254
2022-11-28,235.5770263671875,240.3419649067529,234.6415865199682,239.78655028531924,24778200,52.729590336747385,229.55768356323247,233.40179959726112,2.511495278166336,1.2163145494164802,209.13207085362737,229.55768356323247,249.9832962728376,-0.0231526123628066,0.0022385318170721,-0.0188932047312162,-0.0234248442202771,0.011973533107817,0.0263307117016737,0.4547191327123605,-1.9334876904463627,0.0022385318170721,-0.0188932047312162,0.0211317365482883,238.52176513671876,236.8536544799805,229.5576835632324,1.0070427904538803,1.0317827345332065,0.0380515948932739,1.6930484305712548,23689160.0,1.045972081745362,-0.000363430699787,0.0104068355530562,0.0123114660790002,-0.001903306459618,0.0018236378641993,0.0169972612435753,0.0292697984951002,0,11,0,0,0,xg_MSFT,0.5458516343295846,9.838618570882312
2022-11-29,234.18362426757812,236.58070207820637,232.11784747654085,235.22625156300845,17956300,51.29239646245985,229.9889801025391,233.47625908967223,2.228723415281479,1.41879632258948,209.55471614364896,229.9889801025391,250.42324406142924,-0.0059148471355501,-0.0071060284921724,-0.0022466495939154,-0.005932409129115,0.0097328678727205,0.0260745073024988,0.3732570860390435,-0.6076564026646263,-0.0071060284921724,-0.0022466495939154,-0.004859378898257,238.18656005859376,236.8009231567383,229.98898010253907,1.005851484375077,1.029618562816193,0.0350049239424535,-0.2753186268574795,22372460.0,0.8026073127407177,-0.0231526123628066,-0.000363430699787,0.0104068355530562,0.0034409239034858,-0.0002068425698722,-0.0225002019244817,0.0043884343254401,1,11,0,0,1,xg_MSFT,0.4822048130474194,8.691426259892104
2022-11-30,248.6148681640625,248.80001134833023,233.72565090628407,234.41749940509243,47594200,62.6475305861169,231.33423385620117,234.91803138247133,3.132990290344452,1.7616351161404744,209.6883248123334,231.33423385620117,252.98014290006893,0.0616236252283604,0.0412602571640379,0.0574000076969198,0.0597994581480323,0.0218839817054251,0.0288091809555487,0.7595919560238067,2.815795144717183,0.0412602571640379,0.0574000076969198,-0.0161397505328819,240.15684814453124,238.15050659179687,231.33423385620117,1.008424678920265,1.029465041217517,0.0354870742585997,1.6505571860572612,23992870.0,1.983680985225945,-0.0059148471355501,-0.0231526123628066,-0.000363430699787,0.0123114660790002,-0.001903306459618,0.0017387187739239,-0.0190502622722483,2,11,0,1,0,xg_MSFT,0.48534525460627626,8.74803066427332
2022-12-01,248.1763916015625,249.56981269736585,244.50280391577544,247.3773556878608,26041500,62.17325972249895,233.04963989257817,236.1807323557181,3.7707797083812977,2.1634640345886393,211.7975856051244,233.04963989257817,254.3016941800319,-0.0017636779559404,0.0287181092090909,0.0536136848028883,-0.0017652350670038,0.0219856916601865,0.0271964459911436,0.8083733916539745,-0.0802157042632347,0.0287181092090909,0.0536136848028883,-0.0248955755937974,241.54248657226563,239.41336517333983,233.0496398925781,1.008893076614099,1.02730630814832,0.0342210096007941,-0.4528429934739947,24187690.0,1.0766427054422694,0.0616236252283604,-0.0059148471355501,-0.0231526123628066,0.0104068355530562,0.0034409239034858,0.0018236378641993,0.0822681782576517,3,12,1,0,1,xg_MSFT,0.46605647319225607,8.400362999482411
2022-12-02,248.4979248046875,249.51132049555537,243.304236576186,243.43091661325036,21528500,62.39806001196983,235.06533966064455,237.353798303239,4.2531497961707885,2.5814011869050693,216.2341133886594,235.06533966064455,253.8965659326297,0.0012955833592793,0.0304253874924262,0.0551969888169163,0.0012947448153495,0.0219478571262877,0.0260307542741497,0.8431186348467727,0.0590273722146413,0.0304253874924262,0.0551969888169163,-0.02477160132449,243.0099670410156,240.71324920654297,235.06533966064453,1.0095413021179485,1.024026977154744,0.0319705984933892,-0.1733003091219783,24028190.0,0.8959684437320957,-0.0017636779559404,0.0616236252283604,-0.0059148471355501,-0.000363430699787,0.0123114660790002,-0.0002068425698722,0.0169972612435753,4,12,0,0,0,xg_MSFT,0.4484236708176353,8.082543273408469
2022-12-05,243.8011932373047,247.32862273354516,241.7159238084992,245.5649005511503,23435300,57.0633613239056,236.49931259155275,237.96783591600715,4.207938089819521,2.90670856748796,219.81737257981905,236.49931259155275,253.18125260328645,-0.0189004860747803,0.0349107338561036,0.0372274144616697,-0.0190813832514837,0.0232149224130806,0.0261028444753637,0.8893296324604747,-0.8141173862698279,0.0349107338561036,0.0372274144616697,-0.0023166806055661,244.65480041503903,241.5882827758789,236.49931259155272,1.0126931554954797,1.0215179068749138,0.0334513860051052,0.0885709640708827,23610370.0,0.9925850378456166,0.0012955833592793,-0.0017636779559404,0.0616236252283604,-0.0231526123628066,0.0104068355530562,-0.001903306459618,-0.0225002019244817,0,12,0,0,0,xg_MSFT,0.5136509550673731,9.258222395329362
2022-12-06,238.85107421875,245.41870470321075,237.5453481615944,244.40530914788548,22463700,52.015831036216746,237.37095108032227,238.05195384960172,3.729680813108956,3.071303016612159,222.25899878720543,237.37095108032227,252.4829033734391,-0.020303916288615,0.0199307272904738,0.0126830704823055,-0.0205128740761075,0.024448475855077,0.0261894783224893,0.9334871839314014,-0.830443826647468,0.0199307272904738,0.0126830704823055,0.0072476568081683,245.58829040527343,241.8874252319336,237.37095108032227,1.0152999486012604,1.0190270718934056,0.0344036105000949,-0.0414588249350339,23217270.0,0.9675426955881994,-0.0189004860747803,0.0012955833592793,-0.0017636779559404,-0.0059148471355501,-0.000363430699787,0.0034409239034858,0.0017387187739239,1,12,0,0,0,xg_MSFT,0.5485896396228513,9.887969324880867
2022-12-07,238.12030029296875,239.86452986599545,236.01555299377063,238.5685424627585,20481500,51.294483864872774,238.15746688842776,238.05846303468428,3.2541789775827112,3.1078782088062695,224.79197521697512,238.15746688842776,251.5229585598804,-0.0030595379492075,-0.0422121490504273,-0.0026935760116567,-0.0030642279039447,0.024176572394505,0.0262382444690906,0.921389806897242,-0.1265444644021791,-0.0422121490504273,-0.0026935760116567,-0.0395185730387706,243.4893768310547,241.82311248779297,238.1574668884277,1.006890426337333,1.0153916887312315,0.0223916647848457,-0.0882401385346136,23298850.0,0.8790777227201825,-0.020303916288615,-0.0189004860747803,0.0012955833592793,0.0616236252283604,-0.0231526123628066,0.0123114660790002,0.0018236378641993,2,12,0,0,1,xg_MSFT,0.4908699913871559,8.847610430043115
2022-12-08,241.0727996826172,242.37854081110692,236.84379768747013,238.57827343420877,22611800,54.06610293713985,239.3034370422363,238.3455427154398,3.08007716057449,3.1023179991599137,229.78233436638587,239.3034370422363,248.8245397180868,0.012399192282287,-0.0286231573966545,-0.0007270511475897,0.012322951863827,0.0242799722049311,0.0257381926668642,0.9433074502056292,0.510654687861672,-0.0286231573966545,-0.0007270511475897,-0.0278961062490648,242.0686584472656,241.8055725097656,239.3034370422363,1.0010880060983267,1.0104559111162603,0.011470482811291,0.1040109366989723,23609180.0,0.9577545683500672,-0.0030595379492075,-0.020303916288615,-0.0189004860747803,-0.0017636779559404,-0.0059148471355501,0.0104068355530562,-0.0002068425698722,3,12,0,0,0,xg_MSFT,0.49795331207062415,8.975282650912213
2022-12-09,239.1434326171875,241.9595208718469,237.91566220853431,238.44184527837177,20609700,51.984310590209695,239.45558471679684,238.42153222989197,2.7546623852138055,3.032786876370692,230.05348175511705,239.45558471679684,248.85768767847665,-0.008003254900469,-0.0376441461024367,-0.0083640963419986,-0.0080354528523134,0.0244189785444646,0.0184022334271299,1.3268852259661243,-0.3277339038564865,-0.0376441461024367,-0.0083640963419986,-0.029280049760438,240.19776000976563,241.60386352539064,239.4555847167969,0.9941801281854202,1.008971512654986,0.0031034734462343,-0.0885422655427696,24750070.0,0.832712796367815,0.012399192282287,-0.0030595379492075,-0.020303916288615,0.0012955833592793,0.0616236252283604,-0.000363430699787,-0.001903306459618,4,12,0,0,1,xg_MSFT,0.435842692647041,7.8557793733221395
2022-12-12,246.0520782470703,246.08130981077647,240.84865174771184,241.12148958800088,30665100,58.19205591524772,239.75251159667965,239.14825089819468,3.0194326555034934,3.0301160321972525,229.89868172483617,239.75251159667965,249.6063414685231,0.028889129650246,0.0092324610059422,0.0444655068510613,0.0284797053231598,0.0246180652363651,0.0191308792545842,1.2867562516351516,1.1734454323462102,0.0092324610059422,0.0444655068510613,-0.0352330458451191,240.6479370117187,242.6513687133789,239.75251159667968,0.9917435796373908,1.0120910396199552,0.0036391702984923,0.4878964759312363,25338760.0,1.2102052349838268,-0.008003254900469,0.012399192282287,-0.0030595379492075,-0.0189004860747803,-0.0017636779559404,-0.0231526123628066,0.0034409239034858,0,12,0,0,1,xg_MSFT,0.5179366505324924,9.335469252058216
2022-12-13,250.3493499755859,257.1703267708484,246.59780679077176,254.9973477435735,42196900,61.52419429293948,240.53443222045897,240.2150222388986,3.535266564637624,3.131146138685327,229.91307496801815,240.53443222045897,251.1557894728997,0.017464886942351,0.0481399373833475,0.0690301286375891,0.0173141285915923,0.0246159391054602,0.0185832300055201,1.3245606139263466,0.7094662284181863,0.0481399373833475,0.0690301286375891,-0.0208901912542416,242.94759216308591,244.2679412841797,240.534432220459,0.9945946688126476,1.0155217239762946,0.0096391699952976,0.3760561680868479,27762820.0,1.5199068394348445,0.028889129650246,-0.008003254900469,0.012399192282287,-0.020303916288615,0.0012955833592793,-0.0059148471355501,0.0123114660790002,1,12,0,0,1,xg_MSFT,0.49328744339568864,8.891183420814826
2022-12-14,250.6416931152344,255.874352557754,247.80611173983112,250.55399840099744,35410900,61.74755572334394,241.3105651855468,241.20803851283537,3.922442822938166,3.289405475535895,230.10299840659016,241.3105651855468,252.51813196450345,0.001167740757773,0.0525843147638402,0.0081524687808871,0.0011670594788544,0.0153982300177136,0.0185863404542059,0.8284256726049978,0.0758311134017605,0.0525843147638402,0.0081524687808871,0.0444318459829531,245.45187072753907,244.4706237792969,241.3105651855469,1.004013762197981,1.0130954009051374,0.0165228118694849,-0.160817500811671,26544490.0,1.334020732739588,0.017464886942351,0.028889129650246,-0.008003254900469,-0.0030595379492075,-0.0189004860747803,0.0616236252283604,0.0104068355530562,2,12,0,0,0,xg_MSFT,0.5095935594195745,9.185090493436501
2022-12-15,242.64163208007812,247.69890163014767,241.0143436570325,247.23118166191023,35560400,52.72690591713963,241.6652565002441,241.34457123352513,3.542904335065032,3.3401052474417225,230.78125953845205,241.6652565002441,252.54925346203615,-0.0319183170833361,0.0065077121911985,-0.0223017164757968,-0.0324388120872489,0.0186013309557765,0.0201951462408026,0.9210336830595904,-1.7158235255149328,0.0065077121911985,-0.0223017164757968,0.0288094286669953,245.7656372070313,243.91714782714843,241.66525650024417,1.0075783494368866,1.009318225381322,0.0168989166106247,0.0042218638893674,27496380.0,1.2932756966552943,0.001167740757773,0.017464886942351,0.028889129650246,0.012399192282287,-0.020303916288615,-0.0017636779559404,-0.000363430699787,3,12,0,0,0,xg_MSFT,0.5402042680864866,9.73682848928961
2022-12-16,238.43211364746097,243.4503976711588,237.28228413602537,242.19339565744824,86102000,48.695721590480304,241.8119079589843,241.06719432056664,2.869368102533258,3.2459578184600297,231.2021507408572,241.8119079589843,252.4216651771114,-0.0173487063886378,-0.0029744449259669,-0.040506620589037,-0.0175009586852068,0.0191497995285728,0.0206381331937546,0.9278393306927984,-0.905899848345951,-0.0029744449259669,-0.040506620589037,0.0375321756630701,245.62337341308591,242.9105667114258,241.81190795898436,1.01116792380993,1.0045434435455003,0.0159855373330167,1.42128884939427,33953730.0,2.535862775606611,-0.0319183170833361,0.001167740757773,0.017464886942351,-0.008003254900469,-0.0030595379492075,0.0012955833592793,-0.0231526123628066,4,12,0,0,0,xg_MSFT,0.5597485590319908,10.089101546211634
2022-12-19,234.3005523681641,238.93882615281237,232.60506192023936,238.59777136210013,29696400,45.054826558462054,241.77439270019528,240.42275222986163,1.979386187499955,2.992643492268015,231.05919428333448,241.77439270019528,252.48959111705608,-0.017328040321807,-0.0477603195332739,-0.0389688038150539,-0.01747992798016,0.0190195124664818,0.0210296866456289,0.9043695428002048,-0.9110185833500912,-0.0477603195332739,-0.0389688038150539,-0.00879151571822,243.2730682373047,241.96050262451172,241.7743927001953,1.00542471022566,1.0007697668981312,0.0063963807253619,-0.6551020882209473,34579840.0,0.8587778312450012,-0.0173487063886378,-0.0319183170833361,0.001167740757773,0.028889129650246,0.012399192282287,-0.0189004860747803,-0.0059148471355501,0,12,0,0,1,xg_MSFT,0.5407852295514508,9.747299939586144
2022-12-20,235.6160125732422,236.69762512272143,232.3224506918724,233.27738320943791,25150800,46.42824053288885,241.7622108459473,239.96496750065975,1.364486798206599,2.667012153455732,231.01818426694356,241.7622108459473,252.50623742495097,0.0056144135887954,-0.0588511110725094,-0.0135442624911328,0.0055987115133699,0.0182725180789438,0.0210537498896661,0.8678572851588292,0.3072431682033253,-0.0588511110725094,-0.0135442624911328,-0.0453068485813765,240.3264007568359,241.63699645996093,241.7622108459473,0.9945761794662012,0.999482076270116,-0.0060938561578661,-0.1530690588758233,34848550.0,0.7217172593981466,-0.017328040321807,-0.0173487063886378,-0.0319183170833361,0.017464886942351,-0.008003254900469,-0.020303916288615,0.0616236252283604,1,12,0,0,1,xg_MSFT,0.4849953309959591,8.741723520144156
2022-12-21,238.1787567138672,239.33832514030232,233.9692473656318,235.5088410448142,23690600,49.097689526896815,241.73297729492188,239.7948521876319,1.0716137403404955,2.3479324708326845,230.9514789103796,241.73297729492188,252.51447567946417,0.0108767825778748,-0.0497241151161442,0.0002454911270752,0.0108180558331847,0.0186436595331484,0.02101255720344,0.8872205382768972,0.5833725501147888,-0.0497241151161442,0.0002454911270752,-0.0499696062432195,237.8338134765625,241.6428421020508,241.73297729492188,0.984236948248276,0.999627129099721,-0.0163707455364861,-0.0580577953782782,35169460.0,0.6736128447806514,0.0056144135887954,-0.017328040321807,-0.0173487063886378,0.001167740757773,0.028889129650246,-0.0030595379492075,-0.0017636779559404,2,12,0,0,0,xg_MSFT,0.4383029755472487,7.900124362893045
2022-12-22,232.0983428955078,235.80116166317555,227.88881885599957,235.08982055529697,28651700,43.55255681863371,241.2754844665527,239.0618513026677,0.3448954133074551,1.9473250593276388,229.66289114877705,241.2754844665527,252.88807778432837,-0.0255287830965714,-0.0434521029807891,-0.0372271645698919,-0.0258602967422199,0.0197094421550037,0.0216112955739036,0.9119550529746774,-1.2951907874928472,-0.0434521029807891,-0.0372271645698919,-0.0062249384108972,235.72515563964845,240.74539642333983,241.2754844665527,0.97914709540338,0.9978029759451738,-0.0239136943317302,0.2094121719162875,35773450.0,0.800920794611624,0.0108767825778748,0.0056144135887954,-0.017328040321807,-0.0319183170833361,0.017464886942351,0.012399192282287,0.0012955833592793,3,12,0,0,1,xg_MSFT,0.5378293566583853,9.694022264646872
2022-12-23,232.62454223632812,232.76096118037864,227.9570517012324,230.07155276829016,21207000,44.14051931964696,240.84868545532228,238.4487742487306,-0.1864252135995343,1.5205750047422042,228.60784807239588,240.84868545532228,253.08952283824868,0.002267139585125,-0.0243573372826773,-0.0272593326503537,0.0022645735018897,0.0197227450000053,0.021627938192917,0.9118683878094432,0.1149446814042881,-0.0243573372826773,-0.0272593326503537,0.0029019953676764,234.5636413574219,240.0935073852539,240.84868545532223,0.9769678651952932,0.9968645123861036,-0.0270179751348645,-0.2598344949863359,35833180.0,0.5918257882777752,-0.0255287830965714,0.0108767825778748,0.0056144135887954,-0.0173487063886378,0.001167740757773,-0.008003254900469,-0.0189004860747803,4,12,0,0,0,xg_MSFT,0.527006999204595,9.49895635235669
2022-12-27,230.89984130859375,232.81944560087155,229.79873588689108,232.59533192984796,16688600,42.57517467222153,240.61482620239255,237.72982825443185,-0.7381605341738293,1.0688278969589975,227.7853676542887,240.61482620239255,253.4442847504964,-0.00741409703015,-0.0145143108934148,-0.061581422300614,-0.0074417180555297,0.0163361640359699,0.0210811687199848,0.7748806231914904,-0.4538178727854012,-0.0145143108934148,-0.061581422300614,0.0470671114071992,233.8834991455078,238.57828369140623,240.61482620239255,0.9803218278157664,0.9915360888473544,-0.0291525841626216,-0.2130617249021549,34435530.0,0.4846331681260464,0.002267139585125,-0.0255287830965714,0.0108767825778748,-0.017328040321807,-0.0319183170833361,0.028889129650246,-0.020303916288615,1,12,0,0,0,xg_MSFT,0.5394113321176153,9.722536337250093
2022-12-28,228.5319671630859,233.58923690976744,228.1811734561326,230.8316114934356,17457100,40.454059989454215,240.332243347168,236.85384148382747,-1.3509099560982063,0.5848803263475567,226.6835353353277,240.332243347168,253.98095135900832,-0.0102549838583181,-0.0300660610150771,-0.0871477509912753,-0.0103079284804801,0.0140656964086689,0.0211588489318441,0.664735199857738,-0.7290257470828924,-0.0300660610150771,-0.0871477509912753,0.0570816899761982,232.46669006347656,236.39654541015625,240.33224334716795,0.983376003486594,0.9836239287654528,-0.0344177376203932,0.0460493989909278,31961550.0,0.5461906572115387,-0.00741409703015,0.002267139585125,-0.0255287830965714,0.0056144135887954,-0.0173487063886378,0.017464886942351,-0.0030595379492075,2,12,0,0,1,xg_MSFT,0.524170169895044,9.447824360122844
2022-12-29,234.84622192382812,235.73295246137508,229.62330203859167,229.62330203859167,19770700,47.90711445049049,239.6438110351563,236.6626396209704,-1.3118880697849136,0.2055266471210626,226.3703303858575,239.6438110351563,252.91729168445508,0.0276296346595406,-0.0139917381214755,-0.0630201264405926,0.0272548245488781,0.0180991518092166,0.0167734642252947,1.078970485502866,1.5264863494388734,-0.0139917381214755,-0.0630201264405926,0.049028388319117,231.80018310546876,234.81699829101564,239.64381103515623,0.987152483817172,0.9798583876491912,-0.0333989955871274,0.132530603593953,30397530.0,0.6504048190757391,-0.0102549838583181,-0.00741409703015,0.002267139585125,0.0108767825778748,-0.017328040321807,0.001167740757773,0.012399192282287,3,12,0,0,0,xg_MSFT,0.548278662176659,9.882364159878492
2022-12-30,233.6867218017578,233.82314077191057,230.6075337685361,232.11789621072512,21938500,46.74994586977219,238.91932754516608,236.3792188762835,-1.358860811672855,-0.1073508446377208,226.03061706239075,238.91932754516608,251.80803802794136,-0.0049372739002222,0.00684355987395,-0.0369059101752371,-0.0049495025042549,0.0157167995168555,0.0167790415227502,0.9366365092450404,-0.314119918308385,0.00684355987395,-0.0369059101752371,0.0437494700491871,232.11785888671875,233.9215072631836,238.91932754516603,0.9922895145573956,0.9790815572212858,-0.0291050711225994,0.1096471040479092,29035340.0,0.7555792355109066,0.0276296346595406,-0.0102549838583181,-0.00741409703015,-0.0255287830965714,0.0056144135887954,-0.0319183170833361,-0.008003254900469,4,12,0,0,0,xg_MSFT,0.5440896906016529,9.806860687984758
2023-01-03,233.4528350830078,239.46503791291255,231.3285800160604,236.86332392408693,25740000,46.50592646331768,238.16707305908207,236.1005156578763,-1.3988348541158755,-0.3656476465333518,225.89060988583992,238.16707305908207,250.44353623232425,-0.0010008558335993,0.0035606425646963,-0.0208834224898721,-0.0010013570242399,0.0149649572219157,0.0167568807855032,0.8930101254128463,-0.0668754974211537,0.0035606425646963,-0.0208834224898721,0.0244440650545685,232.28351745605468,233.42357940673827,238.16707305908204,0.995115909225704,0.9800833356541816,-0.0252023309159444,0.1732798504911457,22999140.0,1.1191722820939776,-0.0049372739002222,0.0276296346595406,-0.0102549838583181,0.002267139585125,0.0108767825778748,-0.0173487063886378,0.028889129650246,1,1,0,0,0,xg_MSFT,0.5464849563321464,9.850033785610773
2023-01-04,223.24082946777344,226.9144019342719,220.18113479471137,226.3394946084548,50623400,37.34116298774473,237.1390548706055,234.87578363977124,-2.22884533697038,-0.7382871846207576,223.4831877077413,237.1390548706055,250.79492203346967,-0.0437433351863272,-0.0331702776295292,-0.0472031448010081,-0.0447289241258914,0.0195872069511869,0.0187955416784702,1.0420644013266716,-2.233146468961349,-0.0331702776295292,-0.0472031448010081,0.0140328671714788,230.75171508789063,232.3176071166992,237.13905487060543,0.9932596928478952,0.9796682678163786,-0.0286118798158152,0.9667210567210568,25091840.0,2.0175244222822233,-0.0010008558335993,-0.0049372739002222,0.0276296346595406,-0.00741409703015,-0.0255287830965714,-0.017328040321807,0.017464886942351,2,1,0,0,0,xg_MSFT,0.6058751569750913,10.920503294585979
2023-01-05,216.62445068359375,221.7304437743296,216.08851388241624,221.3893890276127,39585600,32.82735709789993,236.0277236938477,233.13756145346863,-3.3815407996317504,-1.266937907622956,219.6184214676284,236.0277236938477,252.43702592006693,-0.0296378525377895,-0.0521043800887368,-0.0806038676329132,-0.0300859292625075,0.0206767485443459,0.0193242017895618,1.0699370060660447,-1.4333210636654885,-0.0521043800887368,-0.0806038676329132,0.0284994875441764,228.37021179199215,230.41845092773437,236.0277236938477,0.991110785063022,0.9762346868481048,-0.0353492501778583,-0.2180375083459428,26535320.0,1.4918078998104605,-0.0437433351863272,-0.0010008558335993,-0.0049372739002222,-0.0102549838583181,0.002267139585125,0.0056144135887954,0.001167740757773,3,1,0,0,1,xg_MSFT,0.5999763183950189,10.814180588651759
2023-01-06,219.17745971679688,219.98623444144232,213.74018002094996,217.2968261609176,43613600,36.04012477120799,235.08058166503903,231.808027954738,-4.042454862605126,-1.8220412986193903,217.07110663433392,235.08058166503903,253.0900566957442,0.0117854149203688,-0.0667192432506467,-0.0797774631928961,0.011716507788968,0.0207715494469534,0.0196722234477782,1.055828471734215,0.5673552469072277,-0.0667192432506467,-0.0797774631928961,0.0130582199422494,225.23645935058593,228.51832122802733,235.08058166503903,0.9856385174728874,0.9720850595547608,-0.044913935617161,0.1017541732347115,28527620.0,1.5288201399204866,-0.0296378525377895,-0.0437433351863272,-0.0010008558335993,0.0276296346595406,-0.00741409703015,0.0108767825778748,-0.0319183170833361,4,1,0,0,1,xg_MSFT,0.5141355811765556,9.26695746386789
2023-01-09,221.3114471435547,225.3260890868295,220.6196135764492,220.65858404237193,27369800,38.6801737798199,234.0925140380859,230.80835359176817,-4.343964548981319,-2.326425948691776,215.3152742169371,234.0925140380859,252.8697538592348,0.0097363452862131,-0.052956687323901,-0.0464755397103781,0.0096892525041054,0.0204720986252586,0.0195644561138027,1.0463389407424182,0.4755677420613283,-0.052956687323901,-0.0464755397103781,-0.0064811476135229,222.76140441894532,227.439631652832,234.0925140380859,0.979430905687415,0.9715801147568028,-0.051199835188781,-0.3724480437294789,28399430.0,0.9637446948758844,0.0117854149203688,-0.0296378525377895,-0.0437433351863272,-0.0049372739002222,-0.0102549838583181,-0.0255287830965714,-0.0173487063886378,0,1,0,0,1,xg_MSFT,0.5471365729465825,9.86177874874853
2023-01-10,222.99720764160156,225.3942852499652,221.51607720978163,221.93507289887148,27033900,40.76037516206723,233.28520278930665,230.06443492984752,-4.396209596309575,-2.740382678215336,214.0397712922064,233.28520278930665,252.5306342864069,0.0076171410010861,-0.0447868942679089,-0.0413857218252834,0.0075882770636948,0.0207384233569548,0.0197110087969327,1.052070520594622,0.3672783408672622,-0.0447868942679089,-0.0413857218252834,-0.0034011724426254,220.67027893066407,226.47689819335935,233.28520278930665,0.9743610968314402,0.97081553174165,-0.056569873641275,-0.012272650877975,28982120.0,0.932778554501847,0.0097363452862131,0.0117854149203688,-0.0296378525377895,-0.0010008558335993,0.0276296346595406,0.002267139585125,-0.017328040321807,1,1,0,0,1,xg_MSFT,0.44457828611661093,8.01323273011743
2023-01-11,229.740234375,229.91562377471337,225.199409358582,225.37479875829536,28669300,48.313479042750835,232.46961059570316,230.03355868652872,-3.849137804557074,-2.962133703483684,214.14156829780384,232.46961059570316,250.79765289360247,0.030238166678014,0.0291138718787318,-0.0050221209638856,0.0297900052965376,0.0233124244334912,0.0198289257499841,1.1756183420661508,1.2970281034550626,0.0291138718787318,-0.0050221209638856,0.0341359928426174,221.97015991210935,226.3609375,232.46961059570313,0.9806027593082812,0.9737227025930416,-0.0457014014639496,0.0604944162699425,30180190.0,0.9499376909157646,0.0076171410010861,0.0097363452862131,0.0117854149203688,-0.0437433351863272,-0.0049372739002222,-0.00741409703015,0.0056144135887954,2,1,0,0,1,xg_MSFT,0.5157776213590762,9.296554163809487
2023-01-12,232.41017150878903,233.76462207264603,227.58676927741644,229.2432893034318,27269500,50.978674392204255,231.57265167236332,230.25990276483924,-3.1636690475876605,-3.0024407723044795,215.2868222798556,231.57265167236332,247.85848106487103,0.0116215478801633,0.0728713715159155,0.0169700737881257,0.0115545363778029,0.0232963841853729,0.0195489339827076,1.1916349285874424,0.4988348815340307,0.0728713715159155,0.0169700737881257,0.0559012977277897,225.12730407714844,226.7487579345703,231.5726516723633,0.9928491169160462,0.9791689834574336,-0.0277326398985558,-0.0488257474022735,31161430.0,0.875104255485038,0.030238166678014,0.0076171410010861,0.0097363452862131,-0.0296378525377895,-0.0010008558335993,-0.0102549838583181,0.0108767825778748,3,1,0,0,1,xg_MSFT,0.48084766556984115,8.666964564558487
2023-01-13,233.1117401123047,233.24815904771603,228.91196981298216,230.9387760451997,21333300,51.68369090676669,230.69615402221683,230.53150632174072,-2.534602081048149,-2.9088730340532134,217.06021370707785,230.69615402221683,244.3320943373558,0.003018665658913,0.0635753348611327,-0.007385606620855,0.0030141186360621,0.0215114481318863,0.019576694987279,1.09877327978926,0.1403218099774856,0.0635753348611327,-0.007385606620855,0.0709609414819878,227.91416015625,226.57530975341797,230.6961540222168,1.0059090745778485,0.9821373516768642,-0.0119341645539882,-0.2176864262271035,31317690.0,0.6811900877746513,0.0116215478801633,0.030238166678014,0.0076171410010861,0.0117854149203688,-0.0437433351863272,0.0276296346595406,-0.0255287830965714,4,1,0,0,1,xg_MSFT,0.43846684679217307,7.9030780348656995
2023-01-17,234.20309448242188,234.74877019615067,231.0264589269251,231.8839578305264,29831300,52.82039869490284,230.274227142334,230.8811813846627,-1.925799384507286,-2.712258304144028,217.71486608046064,230.274227142334,242.8335882042074,0.0046816791363293,0.0582511546748187,0.0022096791665471,0.0046707541614434,0.0215075455335913,0.0184523874987638,1.1655066331334598,0.2176660029855404,0.0582511546748187,0.0022096791665471,0.0560414755082716,230.49248962402345,226.62694702148437,230.274227142334,1.0170568533589812,0.9841611448831604,0.000931936796872,0.3983443724130819,32106970.0,0.9291222435502032,0.003018665658913,0.0116215478801633,0.030238166678014,0.0097363452862131,-0.0296378525377895,-0.0049372739002222,0.002267139585125,1,1,0,0,0,xg_MSFT,0.5038629864411855,9.081800664880394
2023-01-18,229.7792205810547,236.1812017430098,229.49664379486572,235.39191965313583,30028700,47.90090473406104,229.84158248901372,230.77623273670008,-1.7797724048819532,-2.525761124291613,217.88372970529545,229.84158248901372,241.799435272732,-0.0188890497418223,0.0304129949032954,-0.0157360029517179,-0.0190697266701267,0.022366668512726,0.0185246292066363,1.2073365100448876,-0.8444800463255926,0.0304129949032954,-0.0157360029517179,0.0461489978550133,231.8488922119141,226.25958557128905,229.8415824890137,1.0247030711495049,0.9844153661015808,0.0087358191825371,0.0066172107819639,32535840.0,0.9229422077315071,0.0046816791363293,0.003018665658913,0.0116215478801633,0.0076171410010861,0.0117854149203688,-0.0010008558335993,-0.00741409703015,2,1,0,0,0,xg_MSFT,0.5329443715005622,9.605973603308206
2023-01-19,225.99842834472656,229.49662609495516,224.7803968509481,227.80112090293807,28623000,44.11901131933079,229.42647628784184,230.32120374698832,-1.9466831558810895,-2.4099455306095083,217.54420454496747,229.42647628784184,241.3087480307162,-0.01645402150276,-0.0162871167971638,0.0123525740498613,-0.0165908923756683,0.0178240340115064,0.0184867695866986,0.9640986668467684,-0.923084999004136,-0.0162871167971638,0.0123525740498613,-0.0286396908470252,231.10053100585935,226.5353454589844,229.4264762878418,1.0201521998151126,0.9873984429537672,0.0074073732736939,-0.0468118832983113,30335800.0,0.9435386572959692,-0.0188890497418223,0.0046816791363293,0.003018665658913,0.030238166678014,0.0097363452862131,-0.0437433351863272,-0.0102549838583181,3,1,0,0,1,xg_MSFT,0.5833832267376746,10.515100967998416
2023-01-20,234.07644653320312,234.583151851916,228.51247153332469,228.85352633542087,35389800,52.70997377522682,229.34949798583983,230.678845917104,-1.4108689525303646,-2.2101302149936797,217.61705835001277,229.34949798583983,241.08193762166695,0.0357436918815858,0.0071695443172592,0.0805633703607175,0.0351197115697514,0.0171646244124973,0.0202522217068347,0.8475009389101249,2.082283232036862,0.0071695443172592,0.0805633703607175,-0.0733938260434583,231.43378601074215,228.28054504394532,229.34949798583983,1.013813007876733,0.9953391965045396,0.0089043047934628,0.2364112776438529,29916220.0,1.1829636230780098,-0.01645402150276,-0.0188890497418223,0.0046816791363293,0.0116215478801633,0.0076171410010861,-0.0296378525377895,0.0276296346595406,4,1,0,0,1,xg_MSFT,0.5156826157993746,9.294841750755772
2023-01-23,236.3760528564453,238.89981040711768,233.5209794572203,234.9339078087108,31934000,54.838502075786046,229.2593627929688,231.22143705418415,-0.7915488420393331,-1.9264139404028104,217.78772875442465,229.2593627929688,240.73099683151295,0.0098241679472692,0.0140032104027365,0.0784688040543541,0.0097762245562291,0.0171265854606888,0.020223453500233,0.8468256242618087,0.5735874428895809,0.0140032104027365,0.0784688040543541,-0.0644655936516176,232.0866485595703,230.00040435791016,229.25936279296872,1.0090706110168992,1.0032323284681317,0.0119609653026849,-0.097649605253491,28748260.0,1.1108150545458713,0.0357436918815858,-0.01645402150276,-0.0188890497418223,0.003018665658913,0.030238166678014,0.0117854149203688,-0.0049372739002222,0,1,0,0,0,xg_MSFT,0.5615348708117521,10.121298647299973
2023-01-24,235.84988403320312,237.7110398533446,234.29081253406932,236.29812619619068,40234400,54.23696615934944,229.44693984985355,231.66224152837643,-0.3392796149669266,-1.6089870753156337,217.6614554698132,229.44693984985355,241.2324242298939,-0.0022259819338033,0.0070314594024496,0.0656922047065102,-0.0022284631143136,0.0173854313649457,0.0193383622134584,0.8989661175510242,-0.1280298347072703,0.0070314594024496,0.0656922047065102,-0.0586607453040606,232.41600646972657,231.454248046875,229.44693984985352,1.0041552852495357,1.008748463580883,0.0125887983029707,0.2599235924093444,30034720.0,1.3395963072070811,0.0098241679472692,0.0357436918815858,-0.01645402150276,0.0046816791363293,0.0116215478801633,0.0097363452862131,-0.0010008558335993,1,1,0,0,0,xg_MSFT,0.5261562605441511,9.48362234462052
2023-01-25,234.4564514160156,237.07765762154605,224.9947760426561,228.4832200942032,66526600,52.5916905657353,229.5385353088379,231.92835675577064,-0.0922282114810855,-1.3056353025487242,217.62132922081733,229.5385353088379,241.45574139685849,-0.0059081335693654,0.0203553255300168,0.0513873868449115,-0.0059256556397437,0.0178112810437005,0.019396046439579,0.9182470691701392,-0.3316887688258744,0.0203553255300168,0.0513873868449115,-0.0310320613148946,233.35145263671876,232.6001724243164,229.53853530883788,1.0032299211327833,1.0133382271144982,0.0162627955206713,0.6534756327918398,33983990.0,1.9575864988189453,-0.0022259819338033,0.0098241679472692,0.0357436918815858,-0.0188890497418223,0.003018665658913,0.0076171410010861,-0.0437433351863272,2,1,0,0,1,xg_MSFT,0.5582276954156247,10.06168897459199
2023-01-26,241.657470703125,241.95954016253592,235.81091899256552,237.41871476554945,33454500,59.43933253753728,230.0764167785645,232.85493903647105,0.6768218991844037,-0.9091438622020986,216.98706259850763,230.0764167785645,243.1657709586213,0.0307136751563812,0.0692882798924288,0.0518726567879823,0.0302514508064737,0.017886133754811,0.0204167333692225,0.8760097622673629,1.717081986269616,0.0692882798924288,0.0518726567879823,0.0174156231044464,236.48326110839844,233.7918960571289,230.0764167785645,1.0115117978709232,1.0161488923140714,0.0265120888304949,-0.497125961645417,34462510.0,0.9707505344212894,-0.0059081335693654,-0.0022259819338033,0.0098241679472692,-0.01645402150276,0.0046816791363293,0.030238166678014,-0.0296378525377895,3,1,0,0,0,xg_MSFT,0.46354408494394866,8.355078845103312
2023-01-27,241.8133544921875,243.44064274681827,240.5173672279143,242.62212916997672,26498900,59.57545299539642,230.74048614501953,233.708121460825,1.2840761411502797,-0.470499861531623,216.67018307080232,230.74048614501953,244.8107892192367,0.000645060914562,0.0330529110193362,0.0404594296469631,0.000644852952198,0.0177856497363155,0.0202033201374534,0.8802894438078935,0.0362665776931013,0.0330529110193362,0.0404594296469631,-0.0074065186276268,238.0306427001953,234.73221435546876,230.74048614501953,1.014051877599261,1.0172996437562345,0.030147865780553,-0.2079122390111942,34385450.0,0.7706428154931586,0.0307136751563812,-0.0059081335693654,-0.0022259819338033,0.0357436918815858,-0.0188890497418223,0.0116215478801633,0.0117854149203688,4,1,0,0,0,xg_MSFT,0.5236406745285774,9.438280552578671
2023-01-30,236.50274658203125,239.31883481228712,236.00578021468996,238.25670004532253,25867400,53.04436506026946,230.82331237792968,233.9742762342732,1.321573549958373,-0.1120851792336238,216.6322613711716,230.82331237792968,245.01436338468775,-0.0219615989419137,0.0005359837600082,0.0145466996561087,-0.0222063448325968,0.0196167403029798,0.0200670998451575,0.9775086059138488,-1.1194764841788565,0.0005359837600082,0.0145466996561087,-0.0140107158961004,238.0559814453125,235.0713150024414,230.82331237792968,1.0126968551770772,1.0184036983992173,0.0305817550616655,-0.0238311778979505,34838860.0,0.7424869814913364,0.000645060914562,0.0307136751563812,-0.0059081335693654,0.0098241679472692,-0.01645402150276,0.003018665658913,0.0097363452862131,0,1,0,0,1,xg_MSFT,0.5606261837355739,10.10492015728448
2023-01-31,241.47230529785156,241.6087242304683,236.73659825337256,237.2238108510821,26541100,57.715841293496126,231.21259155273432,234.6883742403283,1.7323232287770909,0.256796502368519,216.2829013710559,231.21259155273432,246.1422817344127,0.0210126892293684,0.0238389825277882,0.0310380647680779,0.0207949673417031,0.0205574546693361,0.0205277307077633,1.0013992078702645,1.0220947813120342,0.0238389825277882,0.0310380647680779,-0.0071990822402896,239.1804656982422,235.79823608398436,231.2125915527344,1.014343744340196,1.0198330225030332,0.0329970517143967,0.0260443647216186,34509840.0,0.7690878891353664,-0.0219615989419137,0.000645060914562,0.0307136751563812,-0.0022259819338033,0.0357436918815858,0.0046816791363293,0.0076171410010861,1,1,0,1,1,xg_MSFT,0.4527130681223692,8.159856853374352
2023-02-01,246.2859649658203,248.65381102324727,239.1921508241423,241.65744534727375,31259900,61.691456188103174,231.854248046875,235.79290669037516,2.418389722974098,0.6891151464896349,215.48542166564056,231.854248046875,248.22307442810944,0.0199346242296034,0.0504550566996966,0.0718374113334712,0.0197385313495326,0.0195533117412917,0.020905502446043,0.935274170883262,1.0194490347368563,0.0504550566996966,0.0718374113334712,-0.0213823546337745,241.5463684082031,237.44891052246095,231.854248046875,1.017256166291631,1.0241300839760972,0.0393531168642647,0.1777921789225014,34632960.0,0.9026054948811508,0.0210126892293684,-0.0219615989419137,0.000645060914562,-0.0059081335693654,0.0098241679472692,-0.0188890497418223,0.030238166678014,2,2,1,0,1,xg_MSFT,0.4701528373366911,8.47419728303097
2023-02-02,257.83294677734375,257.9206414880855,250.67091469575905,252.20076959193375,39940400,69.17777592220945,233.5838539123535,237.89195812722932,3.849472964384205,1.321186710068549,214.04399534834496,233.5838539123535,253.12371247636207,0.0468844491935458,0.066935551494248,0.1408616806133644,0.0458185620858868,0.0212490934512986,0.020071400641605,1.0586224254240189,2.206317318133051,0.066935551494248,0.1408616806133644,-0.0739261291191164,244.78146362304688,240.63236236572263,233.5838539123535,1.0172424906464503,1.0301754951607824,0.0434297084629888,0.2776880284325926,35764700.0,1.1167547889399012,0.0199346242296034,0.0210126892293684,-0.0219615989419137,0.0307136751563812,-0.0022259819338033,-0.01645402150276,0.0116215478801633,3,2,0,0,0,xg_MSFT,0.474706446833599,8.556273114892955
2023-02-03,251.7427978515625,257.4431921583374,250.52476615084572,252.90236640961305,29077300,62.266312856388744,235.33977127075195,239.21108572002296,4.440999544465001,1.9451492769478391,215.90545643683484,235.33977127075195,254.77408610466907,-0.0236205225201125,0.0410624275910114,0.0754725713757511,-0.0239039592423084,0.0225842884115356,0.0195243332201412,1.1566659660506522,-1.0458366565754469,0.0410624275910114,0.0754725713757511,-0.0344101437847397,246.76735229492184,242.39899749755855,235.33977127075195,1.018021340197198,1.0299958914240857,0.0453938747074228,-0.2719827543039128,35133450.0,0.827624386446511,0.0468844491935458,0.0199346242296034,0.0210126892293684,0.000645060914562,-0.0059081335693654,0.0357436918815858,0.003018665658913,4,2,0,0,0,xg_MSFT,0.5698205178533329,10.270642014120144
2023-02-06,250.20314025878903,251.6940095797821,248.26404368586972,250.85601820717645,22518000,60.617459451130216,236.89105529785155,240.2579480570483,4.731014925509754,2.5023224066602223,217.94176231114707,236.89105529785155,255.84034828455603,-0.0061159946020831,0.0579291102313088,0.0584961430536328,-0.0061347739056349,0.0229637076595242,0.0197373180207308,1.1634075221305995,-0.2663214656489047,0.0579291102313088,0.0584961430536328,-0.0005670328223239,249.50743103027344,243.78170623779295,236.89105529785155,1.0234870978665451,1.0290878477082115,0.0504245299214573,-0.2255814673301853,34191850.0,0.6585779944635737,-0.0236205225201125,0.0468844491935458,0.0199346242296034,-0.0219615989419137,0.0307136751563812,0.0098241679472692,0.0046816791363293,0,2,0,0,1,xg_MSFT,0.5245325286607715,9.45435563979225
2023-02-07,260.7171936035156,261.8962397215106,253.4284826965279,253.86698591365703,50841400,67.03678215050164,238.8613426208496,242.20644763290235,5.743048155531454,3.150467556434469,218.5846791824521,238.8613426208496,259.13800605924706,0.0420220678839271,0.0796981181006486,0.1054370226733358,0.0411631214984007,0.0253548143909794,0.0212502915956856,1.1930952185572965,1.6572951369638078,0.0796981181006486,0.1054370226733358,-0.0257389045726872,253.35640869140624,246.26843719482423,238.8613426208496,1.028781485671973,1.031010018166615,0.0555968935926793,1.2578115285549338,35252550.0,1.442204890142658,-0.0061159946020831,-0.0236205225201125,0.0468844491935458,0.0210126892293684,0.000645060914562,-0.0022259819338033,-0.0188890497418223,1,2,0,0,0,xg_MSFT,0.42697803514775406,7.695999721834763
2023-02-08,259.9084777832031,269.681962608756,259.4017575821844,266.2130108288476,54686000,66.14371420029133,240.70690612792967,243.89235526626433,6.405990898167005,3.8015722247809767,219.80050490397323,240.70690612792967,261.6133073518861,-0.0031018890972812,0.0553117706860533,0.1085575859118752,-0.0031067099269677,0.0251695997347055,0.0214067097755044,1.1757259416654489,-0.1232346122052998,0.0553117706860533,0.1085575859118752,-0.0532458152258219,256.08091125488284,248.81363983154296,240.7069061279297,1.029207689048961,1.0336788579688891,0.0591516108211638,0.075619475466844,34068490.0,1.6051782747048196,0.0420220678839271,-0.0061159946020831,-0.0236205225201125,0.0199346242296034,-0.0219615989419137,-0.0059081335693654,-0.01645402150276,2,2,0,0,0,xg_MSFT,0.5335914329921657,9.617636463337218
2023-02-09,256.87799072265625,266.9730522112078,256.0789548463012,266.79763305844943,42375100,62.769142068248705,242.0637939453125,245.12908245258737,6.610639482032525,4.363385676231286,220.63812387998135,242.0637939453125,263.4894640106437,-0.0116598238210401,-0.0037037782278157,0.062983858828141,-0.0117283326211818,0.0249810229715322,0.0211545483108227,1.1808260700457676,-0.4667285685521485,-0.0037037782278157,0.062983858828141,-0.0666876370559568,255.88992004394532,250.3356918334961,242.0637939453125,1.0221871207008846,1.0341723880030254,0.0538237085230103,-0.2251197747138207,34960550.0,1.2120833339292083,-0.0031018890972812,0.0420220678839271,-0.0061159946020831,0.0468844491935458,0.0210126892293684,0.0307136751563812,0.0357436918815858,3,2,0,0,0,xg_MSFT,0.5485738394302409,9.887684536746757
2023-02-10,256.37127685546875,257.3359482905629,253.99367698119255,254.8414221498629,25818500,62.197742642732905,243.2618492126465,246.19976763381416,6.655220149706707,4.82175257092637,221.43315362796756,243.2618492126465,265.09054479732544,-0.0019725857624547,0.018385745464843,0.0602031363977111,-0.0019745338720467,0.0250616566131216,0.0211763158819727,1.1834198796862383,-0.0787061720113894,0.018385745464843,0.0602031363977111,-0.041817390932868,256.81561584472655,251.7914840698242,243.2618492126465,1.0199535412941492,1.0350635945783735,0.0528677268308847,-0.3907153021467796,34892510.0,0.7399439020007234,-0.0116598238210401,-0.0031018890972812,0.0420220678839271,-0.0236205225201125,0.0199346242296034,0.000645060914562,0.0098241679472692,4,2,0,0,1,xg_MSFT,0.46767092156661394,8.429462375134545
2023-02-13,264.38104248046875,267.5771558270563,260.3176764646167,260.7951650159258,44630900,67.26979809492127,244.82531433105473,247.93131761920984,7.253260720964761,5.308054200934048,221.62166709997456,244.82531433105473,268.0289615621349,0.0312428354815876,0.0566655646568436,0.117877260629478,0.0307647112308266,0.0240599554553519,0.0219544556794371,1.0958531586245253,1.2984869008864823,0.0566655646568436,0.117877260629478,-0.0612116959726343,259.6511962890625,254.57931365966795,244.8253143310547,1.019922603123107,1.0398406486488725,0.0560777044333769,0.7286403160524431,36768860.0,1.2138233276745265,-0.0019725857624547,-0.0116598238210401,-0.0031018890972812,-0.0061159946020831,0.0468844491935458,-0.0219615989419137,-0.0022259819338033,0,2,0,0,1,xg_MSFT,0.4820984347517174,8.689508860712897
2023-02-14,265.2093811035156,267.93776039967133,262.39327735042633,265.69659381619374,37047900,67.75168603621877,246.37562866210945,249.576847474858,7.705231078963095,5.7874895765398575,222.0443490492933,246.37562866210945,270.7069082749256,0.0031331241274914,0.0172301160422563,0.0983014419661287,0.003128226122131,0.0239354238924522,0.0219640821430904,1.089703363571604,0.130893576315692,0.0172301160422563,0.0983014419661287,-0.0810713259238724,260.5496337890625,256.95302124023436,246.37562866210936,1.0139971599923925,1.0429319760057572,0.0534445843053372,-0.1699047072767969,37819540.0,0.9795967904421636,0.0312428354815876,-0.0019725857624547,-0.0116598238210401,0.0420220678839271,-0.0236205225201125,0.0210126892293684,-0.0059081335693654,1,2,0,0,0,xg_MSFT,0.5633387440962254,10.153812283020667
2023-02-15,263.0895690917969,264.46695378581865,260.0221954161202,262.1127030516327,28922400,65.10977792208496,248.04114608764652,250.8637733431379,7.802428195218255,6.190477300275537,223.9339769260406,248.04114608764652,272.14831524925245,-0.0079929752216847,0.0122392749006332,0.0682280215533539,-0.008025090292584,0.0242327195718204,0.0214308240312757,1.1306886215777645,-0.3298286586999701,0.0122392749006332,0.0682280215533539,-0.0559887466527206,261.18585205078125,258.63338165283204,248.0411460876465,1.0098690678737496,1.0427035422640836,0.0499628548882085,-0.2193241722202877,37585790.0,0.7695035810075891,0.0031331241274914,0.0312428354815876,-0.0019725857624547,-0.0031018890972812,-0.0061159946020831,0.0199346242296034,0.0307136751563812,2,2,0,0,0,xg_MSFT,0.4422299811179896,7.970906068958106
2023-02-16,256.08538818359375,260.569199060256,255.8411717100615,257.91212263576193,29603600,57.176384680945304,249.54549407958987,251.3610699946099,7.230925143251341,6.398566868870699,227.56916091736264,249.54549407958987,271.5218272418171,-0.026622799727036,-0.0030855214058344,-0.0067778715466457,-0.0269836046298923,0.0217742127216324,0.0221260750664259,0.9840529150945496,-1.222619501695515,-0.0030855214058344,-0.0067778715466457,0.0036923501408113,261.02733154296874,258.45862579345703,249.54549407958984,1.0099385568642791,1.0357174620473188,0.0448359726606005,0.0235526788924846,36552110.0,0.8099012615140191,-0.0079929752216847,0.0031331241274914,0.0312428354815876,-0.0116598238210401,0.0420220678839271,0.0468844491935458,0.000645060914562,3,2,0,0,0,xg_MSFT,0.5245345925103895,9.454392839331286
2023-02-17,252.0900421142578,254.0730789375014,250.0777005029499,253.3892906121397,30000100,53.19473412577914,250.4461738586426,251.43049591076684,6.382045571156453,6.39526260932785,229.69696916675792,250.4461738586426,271.19537855052727,-0.0156016167016588,-0.0166993541309408,0.0013793612594235,-0.0157246027884649,0.0209592662106258,0.0215248187065667,0.9736803276259104,-0.744342488061985,-0.0166993541309408,0.0013793612594235,-0.0180787153903643,260.17108459472655,258.49335021972655,250.44617385864257,1.006490435338371,1.032131360751496,0.0385771316253588,0.0133936413138942,36644390.0,0.8186819319409924,-0.026622799727036,-0.0079929752216847,0.0031331241274914,-0.0019725857624547,-0.0031018890972812,-0.0236205225201125,-0.0219615989419137,4,2,0,0,0,xg_MSFT,0.4111566557452013,7.4108297096608275
2023-02-21,246.82467651367188,249.5794451866865,245.76965967544004,248.592801202507,28397400,48.41017510106773,250.9686050415039,250.99184644437685,5.2242099545549365,6.161052078373268,231.20844653969527,250.9686050415039,270.72876354331254,-0.0208868448607718,-0.0664055402841293,-0.0135028830638287,-0.0211080607617777,0.0219608061367211,0.0221681412069685,0.9906024744800712,-0.9510531479397828,-0.0664055402841293,-0.0135028830638287,-0.0529026572203006,256.65981140136716,258.15550384521487,250.9686050415039,0.9942062345308568,1.0286366448206636,0.0230576879113139,-0.0534231552561491,37232330.0,0.7627081087860802,-0.0156016167016588,-0.026622799727036,-0.0079929752216847,0.0312428354815876,-0.0116598238210401,-0.0061159946020831,0.0210126892293684,1,2,0,0,0,xg_MSFT,0.44254676215378214,7.976615839865873
2023-02-22,245.69151306152344,248.45604507625345,244.54858185924243,248.21182862519024,22491100,47.4216255987355,251.46068649291993,250.487052788867,4.167143826225043,5.762270427943623,232.82776460537096,251.46068649291993,270.09360838046894,-0.0045909650046099,-0.0735941841905435,-0.0576321044819254,-0.004601535850444,0.0158877415714511,0.0222003769322175,0.7156196491757044,-0.2889445324517723,-0.0735941841905435,-0.0576321044819254,-0.015962079708618,252.75623779296876,256.65293579101564,251.46068649291993,0.984817247517403,1.0206483541046163,0.0052730812062051,-0.2079873509546649,34397300.0,0.6538623671043758,-0.0208868448607718,-0.0156016167016588,-0.026622799727036,0.0031331241274914,-0.0019725857624547,0.0420220678839271,0.0199346242296034,2,2,0,0,1,xg_MSFT,0.4386511710601593,7.90640035919711
2023-02-23,248.87611389160156,250.898218426638,244.68535109646456,249.64783134560344,29219100,50.48198295537047,252.1816696166992,250.33363003674648,3.5455115260728007,5.3189186475694585,235.28400788181628,252.1816696166992,269.07933135158214,0.0129617860641391,-0.0540251567147307,-0.0424471105586788,0.0128785010250247,0.0169668816286183,0.0222351291785141,0.7630321578187601,0.7639012546078554,-0.0540251567147307,-0.0424471105586788,-0.0115780461560518,249.91354675292968,255.54969940185543,252.1816696166992,0.977944984235482,1.0133555693808969,-0.0091134614258619,0.2991405489282428,31850610.0,0.9173796043466385,-0.0045909650046099,-0.0208868448607718,-0.0156016167016588,-0.0079929752216847,0.0312428354815876,-0.0031018890972812,0.0468844491935458,3,2,0,0,0,xg_MSFT,0.46658792016259015,8.409941983409407
2023-02-24,243.45452880859375,245.19334897539824,242.36044373441328,244.17741496448653,24990900,45.614303290536235,252.27152252197263,249.67847753882717,2.5855818651885443,4.7722512910932755,235.59178460577905,252.27152252197263,268.95126043816623,-0.0217842724969949,-0.0493228429180997,-0.0522561776363138,-0.0220250530026486,0.0177457456338104,0.0219152041858882,0.8097089022941675,-1.2275080145112605,-0.0493228429180997,-0.0522561776363138,0.0029333347182141,247.3873748779297,254.2073532104492,252.27152252197263,0.9731715930070932,1.0076735997354118,-0.0200618475570973,-0.144706715812602,30112190.0,0.8299263520852908,0.0129617860641391,-0.0045909650046099,-0.0208868448607718,-0.026622799727036,0.0031331241274914,-0.0116598238210401,-0.0236205225201125,4,2,0,0,1,xg_MSFT,0.4757113733178025,8.574386257270918
2023-02-27,244.372802734375,246.971269878113,243.6206117389156,246.6195975210222,21190000,46.55430569834141,252.399494934082,249.1731751764984,1.8772875225046448,4.1932585373755495,236.0210506438131,252.399494934082,268.7779392243509,0.0037718498410157,-0.030613027453044,-0.0468011637975263,0.0037647542521375,0.0179539929318348,0.0219267207879601,0.8187806250110984,0.2100724770728326,-0.030613027453044,-0.0468011637975263,0.0161881363444822,245.84392700195312,253.00750579833985,252.39949493408204,0.971686299290676,1.0024089226660955,-0.0268260946340031,-0.152091361255497,29649340.0,0.7146870722923103,-0.0217842724969949,0.0129617860641391,-0.0045909650046099,-0.0156016167016588,-0.0079929752216847,-0.0019725857624547,-0.0061159946020831,0,2,0,0,0,xg_MSFT,0.47327614137348806,8.530492794789735
2023-02-28,243.64987182617188,245.67199123491113,242.9758320232588,243.30797773153637,22491000,45.88195569042193,252.7568511962891,248.64714628599108,1.2432927653599677,3.6032653829724337,237.57029859968935,252.7568511962891,267.9434037928888,-0.0029583116456249,-0.0128625902901736,-0.0784139833166305,-0.0029626960987085,0.0129082107581396,0.0212932176875654,0.6061838451889788,-0.2291628590663215,-0.0128625902901736,-0.0784139833166305,0.0655513930264568,245.2089660644531,250.93438873291015,252.75685119628903,0.9771835869233888,0.9927896614681134,-0.0309784079723253,0.0613968853232655,27435350.0,0.8197817778887159,0.0037718498410157,-0.0217842724969949,0.0129617860641391,-0.0208868448607718,-0.026622799727036,0.0312428354815876,0.0420220678839271,1,2,0,1,0,xg_MSFT,0.5080151943788644,9.156641496264891
2023-03-01,240.57275390625,245.12493737930367,240.10384757221487,244.95887197567075,27565300,43.0331014008347,252.711873626709,247.87815653553957,0.4869365515877746,2.9799996166955016,237.37996781659825,252.711873626709,268.04377943681976,-0.0126292613940597,-0.0208340902438565,-0.0928950065595513,-0.0127096883889379,0.0123397970812654,0.0210144867771902,0.5871763624651687,-1.0233748526043145,-0.0208340902438565,-0.0928950065595513,0.0720609163156947,244.18521423339843,248.4707260131836,252.71187362670895,0.9827524479501148,0.9832174580772166,-0.0354431632629244,0.2256146903205727,26487090.0,1.0407070010332944,-0.0029583116456249,0.0037718498410157,-0.0217842724969949,-0.0045909650046099,-0.0156016167016588,0.0031331241274914,-0.0031018890972812,2,3,1,0,1,xg_MSFT,0.518977632069112,9.354232263166006
2023-03-02,245.30081176757812,245.58409633737872,239.9280489885474,240.8463053757084,24808200,48.3407231486295,252.6626159667969,247.63269512906703,0.2659676488056846,2.4371932231175384,237.23773617145469,252.6626159667969,268.0874957621391,0.0196533388946058,-0.0143657905458162,-0.0676148331749781,0.0194627057005618,0.0154525161034473,0.0210005470851836,0.7357798947273217,1.27177134077737,-0.0143657905458162,-0.0676148331749781,0.0532490426291619,243.47015380859375,246.6918502807617,252.6626159667969,0.986940401685336,0.9763686223892348,-0.037474242714341,-0.1000206781714692,26075670.0,0.951392620017014,-0.0126292613940597,-0.0029583116456249,0.0037718498410157,0.0129617860641391,-0.0208868448607718,-0.0079929752216847,-0.0116598238210401,3,3,0,0,1,xg_MSFT,0.46876542603029503,8.449190101983824
2023-03-03,249.3840789794922,249.70644650216624,245.57430808569023,246.35580375528275,30760100,52.460220725701845,252.2401725769043,247.7994935910123,0.4155436119774833,2.0328633008895274,236.94930726069984,252.2401725769043,267.53103789310876,0.0166459588229286,0.0243558836219486,-0.0261682607181681,0.016508933372882,0.0153641693629306,0.0183719645366403,0.8362379044650416,1.0833566770235492,0.0243558836219486,-0.0261682607181681,0.0505241443401167,244.65606384277345,246.02171936035157,252.24017257690429,0.994449044900878,0.9753470941879536,-0.030411358917401,0.2399166404656525,26191320.0,1.174438707174699,0.0196533388946058,-0.0126292613940597,-0.0029583116456249,-0.0217842724969949,-0.0045909650046099,-0.026622799727036,-0.0019725857624547,4,3,0,0,1,xg_MSFT,0.5177945388645068,9.332907782223103
2023-03-06,250.9275360107422,254.10235014838744,250.05812596620328,250.49771263487295,24109800,53.954909209722295,252.1994094848633,248.09740239289133,0.6511219945966502,1.756515039630952,236.89861782590924,252.1994094848633,267.5002011438174,0.0061890760531546,0.0268226791321453,-0.0046114717335352,0.0061700023804434,0.0148425317261044,0.0176795227567227,0.8394848913876586,0.4169544126934638,0.0268226791321453,-0.0046114717335352,0.0314341508656805,245.96701049804688,245.90546875,252.19940948486328,1.000250265878021,0.975043792736394,-0.0248374454469978,-0.2161989070256599,25602290.0,0.9417048240606236,0.0166459588229286,0.0196533388946058,-0.0126292613940597,0.0037718498410157,0.0129617860641391,-0.0156016167016588,0.0312428354815876,0,3,0,0,0,xg_MSFT,0.4836629284606076,8.717707836204141
2023-03-07,248.2704620361328,251.72857566259853,247.5280493196724,250.37071775470056,21473200,50.98314766882707,252.1027755737305,248.11388426367623,0.6163114417556983,1.5284743200559014,236.7246821624953,252.1027755737305,267.4808689849657,-0.0105890091492215,0.0189640576263361,0.0058575404326757,-0.0106454716482691,0.0135623678561736,0.0177887210286948,0.7623710250597806,-0.7807064780302173,0.0189640576263361,0.0058575404326757,0.0131065171936604,246.89112854003903,246.0500473022461,252.10277557373047,1.0034183339812968,0.9759910288265978,-0.0209918126826255,-0.1093580203900488,24909870.0,0.8620358115076128,0.0061890760531546,0.0166459588229286,0.0196533388946058,-0.0029583116456249,-0.0217842724969949,-0.0208868448607718,0.0031331241274914,1,3,0,0,0,xg_MSFT,0.49585489907646385,8.937460129634829
2023-03-08,247.83087158203125,248.65143534651415,245.00772977586783,248.1630024049233,17340200,50.48769990976677,251.45845947265627,248.08693067494812,0.5469476796100423,1.3321689919667297,236.52671690475012,251.45845947265627,266.39020204056243,-0.0017706111733807,0.0301701566695691,0.0087074986589874,-0.0017721805581318,0.0134698865882379,0.014748476744485,0.9132450473725732,-0.1314398396707414,0.0301701566695691,0.0087074986589874,0.0214626580105816,248.3427520751953,246.26398315429688,251.45845947265624,1.0084412218720429,0.9793426066108378,-0.012571909938305,-0.192472477320567,24394780.0,0.7108160024398371,-0.0105890091492215,0.0061890760531546,0.0166459588229286,-0.0126292613940597,0.0037718498410157,-0.0045909650046099,-0.0079929752216847,2,3,0,0,0,xg_MSFT,0.4457468017700684,8.034294460238645
2023-03-09,246.4828186035156,253.55531839675493,245.7599324492568,249.90184935839267,26653400,48.917766492972554,250.78717651367188,247.9341580967165,0.3788328399891441,1.1415017615712126,236.25309878737144,250.78717651367188,265.32125423997235,-0.0054394070032935,0.0048186014038038,-0.0096164121605031,-0.0054542544428883,0.0128909396608673,0.0147633513257717,0.8731124975579321,-0.4219230888742504,0.0048186014038038,-0.0096164121605031,0.0144350135643069,248.5791534423828,246.02465362548827,250.78717651367188,1.010383105023219,0.9810097033094356,-0.0089581216402787,0.5370872308277874,24138210.0,1.1041995243225946,-0.0017706111733807,-0.0105890091492215,0.0061890760531546,0.0196533388946058,-0.0029583116456249,0.0129617860641391,-0.026622799727036,3,3,0,0,0,xg_MSFT,0.4852162507060794,8.745705453376495
2023-03-10,242.8390960693359,246.94192996221227,241.87200834587696,245.27149758216976,28333900,44.85750689192218,250.0852317810059,247.4489140941088,-0.0478655737223618,0.9036282945124978,235.4341555870222,250.0852317810059,264.7363079749896,-0.0147828662250121,-0.0262445900192951,-0.0025279165775622,-0.0148932217227599,0.0117716277539416,0.0148808811125289,0.7910040179014205,-1.2556980934067643,-0.0262445900192951,-0.0025279165775622,-0.0237166734417328,247.27015686035156,245.9631103515625,250.08523178100583,1.005313994065699,0.9835171337384168,-0.0115923463981702,0.063050117433423,24472510.0,1.157784796083395,-0.0054394070032935,-0.0017706111733807,-0.0105890091492215,0.0166459588229286,-0.0126292613940597,-0.0217842724969949,-0.0156016167016588,4,3,0,0,1,xg_MSFT,0.507491692968984,9.147205725866478
2023-03-13,248.04576110839844,251.94346100015755,240.0452278549813,241.67659194545388,33339700,51.10302151695562,249.66895599365233,247.5057566668983,0.0337185277533649,0.7296463411606713,235.2994998846718,249.66895599365233,264.0384121026329,0.0214408022568817,-0.011484490495377,0.0150301438332145,0.0212141818164184,0.0136143298962417,0.015831791552264,0.8598818377227317,1.574754517171126,-0.011484490495377,0.0150301438332145,-0.0265146343285915,246.6938018798828,246.33040618896484,249.66895599365233,1.0014752368436368,0.9866280940239428,-0.0119943759589963,0.1766717606824335,25687480.0,1.2978968742748882,-0.0147828662250121,-0.0054394070032935,-0.0017706111733807,0.0061890760531546,0.0196533388946058,0.0037718498410157,-0.0208868448607718,0,3,0,0,1,xg_MSFT,0.5287892965040114,9.531081095063394
2023-03-14,254.7569122314453,255.0304335401804,249.9409547271864,250.81036493833585,33620300,57.74611733797914,249.1877494812011,248.19634291114087,0.6326159215998644,0.7102402572485099,236.3273930741547,249.1877494812011,262.04810588824756,0.0270561008301772,0.0261265482092205,0.0455860712013735,0.0266965553845448,0.0156586526010331,0.015397355500273,1.0169042142685627,1.7277586878518798,0.0261265482092205,0.0455860712013735,-0.019459522992153,247.9910919189453,247.44111022949215,249.18774948120117,1.002222677100596,0.9929906696643578,-0.0046972525760899,0.0084163924690383,26800410.0,1.254469614457344,0.0214408022568817,-0.0147828662250121,-0.0054394070032935,-0.0105890091492215,0.0166459588229286,-0.0029583116456249,-0.0045909650046099,1,3,0,0,1,xg_MSFT,0.465700231178809,8.393941970270813
2023-03-15,259.2992858886719,260.3152347680269,253.21340062279128,253.96560644232497,46028000,61.55341462223997,248.89224472045896,249.25376605185812,1.45698282195238,0.8595887701892839,237.3811455433648,248.89224472045896,260.40334389755316,0.0178302273231347,0.0462751643224748,0.0778414499495629,0.0176731334181132,0.014882988272499,0.0159817893695309,0.9311884132610452,1.197946880681132,0.0462751643224748,0.0778414499495629,-0.0315662856270881,250.28477478027344,249.3137634277344,248.892244720459,1.003894736251978,1.0016935791139203,0.005370358252403,0.3690538157006333,28646680.0,1.6067481467310836,0.0270561008301772,0.0214408022568817,-0.0147828662250121,-0.0017706111733807,0.0061890760531546,-0.0126292613940597,0.0129617860641391,2,3,0,0,1,xg_MSFT,0.5605989851683447,10.104429920905558
2023-03-16,269.8103942871094,270.16205172863715,257.1892727698562,259.0746169472976,54768800,68.60333255860938,249.2282859802246,251.2115401695011,2.9247435098879464,1.2726197181290164,235.7481082703173,249.2282859802246,262.7084636901319,0.0405365882995543,0.0946417921369107,0.099916434613164,0.0397365303847294,0.0179148579217221,0.0183705271727367,0.97514255365268,2.2626093864255123,0.0946417921369107,0.099916434613164,-0.0052746424762533,254.95028991699215,251.7647216796875,249.2282859802246,1.0126529571579832,1.0101771582205727,0.0212074999997172,0.1899017989050142,31642740.0,1.7308488455803217,0.0178302273231347,0.0270561008301772,0.0214408022568817,-0.0054394070032935,-0.0105890091492215,0.0196533388946058,-0.0217842724969949,3,3,0,0,1,xg_MSFT,0.5329795310860551,9.606607331832626
2023-03-17,272.96563720703125,276.7754083374073,269.9275985016487,271.8227207737094,69527400,70.36032042100628,250.0722984313965,253.28335893498016,4.293068344362382,1.8767094433756897,233.11823039006228,250.0722984313965,267.02636647273073,0.0116942971313562,0.1240596824207151,0.0945591968983643,0.0116264472971021,0.0177697430769852,0.0172561013309258,1.029706132926314,0.6580646110685985,0.1240596824207151,0.0945591968983643,0.0295004855223508,260.97559814453126,254.1228775024414,250.0722984313965,1.0269661697106511,1.0161976320306272,0.0399438545624156,0.269470939659076,35519470.0,1.9574447479086272,0.0405365882995543,0.0178302273231347,0.0270561008301772,-0.0147828662250121,-0.0017706111733807,0.0166459588229286,0.0037718498410157,4,3,0,0,0,xg_MSFT,0.553667783121776,9.97949953893892
2023-03-20,265.9322204589844,271.0607665452562,263.607274796688,270.57233358465885,43466600,62.027572783303874,250.7644073486328,254.48801241345672,4.755123578429988,2.4523922703865493,232.39264668437028,250.7644073486328,269.1361680128953,-0.0257666745895651,0.0721095142713177,0.0597968827446655,-0.0261044502185532,0.0209613808852184,0.0179778823979266,1.1658889813771591,-1.229186452180842,0.0721095142713177,0.0597968827446655,0.0123126315266521,264.5528900146484,255.6233459472656,250.7644073486328,1.0349324277651266,1.0193765082134545,0.0518496128156921,-0.3748277657441526,37455150.0,1.160497288089858,0.0116942971313562,0.0405365882995543,0.0178302273231347,0.0214408022568817,-0.0054394070032935,0.0061890760531546,-0.0029583116456249,0,3,0,0,1,xg_MSFT,0.597292273699177,10.765802439116637
2023-03-21,267.4463195800781,268.6380970576698,263.2848617004978,268.5208779306245,34558700,63.04227427351909,251.7954895019531,255.72213690551592,5.183726058331672,2.998659027975574,232.088532885964,251.7954895019531,271.5024461179422,0.0056935527349055,0.0498098647745601,0.0772377728171083,0.0056774057237811,0.0201442570578914,0.0170931111903288,1.1784325510464853,0.2826249731410225,0.0498098647745601,0.0772377728171083,-0.0274279080425481,267.090771484375,257.54093170166016,251.7954895019531,1.037080862135645,1.0228178916591055,0.0571901008263537,-0.2049366640132883,38763700.0,0.891522223110774,-0.0257666745895651,0.0116942971313562,0.0405365882995543,0.0270561008301772,-0.0147828662250121,-0.0105890091492215,-0.0126292613940597,1,3,0,0,0,xg_MSFT,0.49978606724956953,9.008316863884021
2023-03-22,265.9907531738281,274.53832751454075,265.88328245152667,267.0750597234947,34873300,61.345154079352994,252.81045150756833,256.7001003596409,5.344338361364834,3.467794894653426,232.35061313074027,252.81045150756833,273.2702898843964,-0.0054424619061328,0.0258059611009848,0.073275300513907,-0.0054573260581847,0.0203672677459322,0.0171170935928129,1.189809346204506,-0.2672029832885399,0.0258059611009848,0.073275300513907,-0.0474693394129221,268.42906494140624,259.35691986083987,252.81045150756836,1.034979383181425,1.0258947694378668,0.0587186330632739,0.0091033516885763,40517010.0,0.8607076385942384,0.0056935527349055,-0.0257666745895651,0.0116942971313562,0.0178302273231347,0.0214408022568817,-0.0017706111733807,0.0196533388946058,2,3,0,0,1,xg_MSFT,0.47022833824329285,8.475558137473996
2023-03-23,271.2365417480469,274.55787926257466,268.8334604032194,271.51006295955915,36610900,65.00185314451393,253.9284729003906,258.0845233490129,5.827737535059384,3.939783422734618,231.98396855153337,253.9284729003906,275.87297724924787,0.0197216952530321,0.0052857395086858,0.1004277835054674,0.0195297422753037,0.0201743326330531,0.0173658985670415,1.1616543135306552,0.9775152465502448,0.0052857395086858,0.1004277835054674,-0.0951420439967816,268.71429443359375,261.832292175293,253.92847290039063,1.0262840087489795,1.0311261639335847,0.0545126458179729,0.049826084712373,41512760.0,0.8819191978562524,-0.0054424619061328,0.0056935527349055,-0.0257666745895651,0.0405365882995543,0.0270561008301772,-0.0054394070032935,0.0166459588229286,3,3,0,0,1,xg_MSFT,0.5413943267007795,9.758278517184829
2023-03-24,274.079345703125,274.13795528780577,268.91171536877965,270.8263646953941,28172000,66.83295645065081,255.45971374511717,259.60783976369027,6.366832501919589,4.425193238571612,232.34955996308523,255.45971374511717,278.5698675271491,0.0104809032616217,0.0040800318585487,0.1286458817359017,0.0104263593768001,0.0182435634623923,0.016263891325237,1.1216529577474117,0.5744671985836296,0.0040800318585487,0.1286458817359017,-0.1245658498773529,268.9370361328125,264.95631713867186,255.4597137451172,1.0150240576904503,1.037174563669283,0.0491730683066267,-0.2305023913643205,41496570.0,0.6788994849453659,0.0197216952530321,-0.0054424619061328,0.0056935527349055,0.0116942971313562,0.0178302273231347,-0.0147828662250121,0.0061890760531546,4,3,0,0,0,xg_MSFT,0.6082142105592031,10.962663205051753
2023-03-27,269.9862060546875,274.9486717802247,269.1460858667074,274.0108888501196,26840200,61.81789408499727,256.74038391113277,260.5962556009281,6.390125595146458,4.818179709886582,233.3797183710193,256.74038391113277,280.10104945124624,-0.0149341411989178,0.0152444317905748,0.0884532146336534,-0.0150467783182071,0.0197851279581022,0.0169271592612006,1.1687701924833451,-0.7547783593910544,0.0152444317905748,0.0884532146336534,-0.0732087828430785,269.7478332519531,267.1503616333008,256.7403839111328,1.0097228826596825,1.0405467093395453,0.0481781996602654,-0.0472738889677694,40846620.0,0.6570972090224195,0.0104809032616217,0.0197216952530321,-0.0054424619061328,-0.0257666745895651,0.0405365882995543,0.0214408022568817,-0.0105890091492215,0,3,0,0,0,xg_MSFT,0.602307300172523,10.856195010084623
2023-03-28,268.86279296875,269.7517444509293,265.7563369743328,269.4098354483097,21878600,60.47654977558,258.0010299682617,261.383544874054,6.245936227199309,5.103731013349128,234.89495865924465,258.0010299682617,281.1071012772788,-0.004161001787291,0.0052962904514666,0.0553699627372212,-0.0041696828448607,0.0190124481851783,0.0169595166294506,1.1209828450723405,-0.2188451956092164,0.0052962904514666,0.0553699627372212,-0.0500736722857546,270.0311279296875,268.5609497070312,258.0010299682617,1.0054742814406192,1.0409297580713863,0.0447443762247312,-0.1848570427940179,39672450.0,0.5514809395436745,-0.0149341411989178,0.0104809032616217,0.0197216952530321,0.0056935527349055,0.0116942971313562,0.0270561008301772,-0.0017706111733807,1,3,0,0,1,xg_MSFT,0.5233420963713111,9.432898876646624
2023-03-29,274.0206298828125,274.63606009495277,271.96920577953756,272.5064700346815,25087000,64.30598141725172,259.67342376708984,262.58707677965003,6.473239966514086,5.377632803982119,237.0417050919116,259.67342376708984,282.3051424422681,0.0191838999257216,0.0301885558545591,0.0567735616536217,0.0190022089348156,0.0191140241035532,0.0167019177959811,1.1443524021983915,1.003603229679193,0.0301885558545591,0.0567735616536217,-0.0265850057990626,271.63710327148436,270.0330841064453,259.67342376708984,1.0059400838617492,1.0398949580171415,0.0436597766726939,0.1466455806130191,37578350.0,0.6675918447723046,-0.004161001787291,-0.0149341411989178,0.0104809032616217,-0.0054424619061328,-0.0257666745895651,0.0178302273231347,-0.0054394070032935,2,3,0,0,1,xg_MSFT,0.491534462397982,8.859587085265472
2023-03-30,277.4787292480469,277.8792478188559,274.9682067021936,277.65458775561683,25053400,66.6397777478888,261.2823196411133,264.00532939568785,6.853417603756441,5.672789763936984,238.37927094804212,261.2823196411133,284.1853683341845,0.0126198504350321,0.0230138146570177,0.0284211991950817,0.012540883793318,0.0150720950630648,0.0164866371552225,0.9141452423515218,0.8372434713793991,0.0230138146570177,0.0284211991950817,-0.0054073845380639,272.8855407714844,270.79991760253904,261.2823196411133,1.0077017127161998,1.036426490604105,0.0418166147791407,-0.0013393390999322,34606810.0,0.7239442179154704,0.0191838999257216,-0.004161001787291,-0.0149341411989178,0.0197216952530321,0.0056935527349055,0.0405365882995543,-0.0147828662250121,3,3,0,0,1,xg_MSFT,0.4629711012144068,8.344751188268122
2023-03-31,281.6304016113281,282.57796264121714,276.45302473352956,277.1661475082968,32766000,69.24007539042795,262.8946357727051,265.6839077019393,7.404363489792104,6.019104509108008,238.99970862911707,262.8946357727051,286.7895629162931,0.0149621283567646,0.027550620017833,0.0317430592837775,0.0148512998338636,0.0153171693224967,0.0164352982562249,0.9319111325261872,0.9767569506357928,0.027550620017833,0.0317430592837775,-0.0041924392659444,274.395751953125,271.66639404296876,262.8946357727051,1.010046726315823,1.0333660603019972,0.0408376230499871,0.3078464400041512,30930670.0,1.0593368976488042,0.0126198504350321,0.0191838999257216,-0.004161001787291,0.0104809032616217,-0.0054424619061328,0.0116942971313562,0.0214408022568817,4,3,0,1,0,xg_MSFT,0.4690744894702906,8.454760768276792
2023-04-03,280.5852355957031,281.6011547846993,277.3811162661027,279.8916392622568,24883300,67.80717284437009,264.37752075195317,267.10308178705964,7.6682609720232335,6.348935801691053,239.93483712661987,264.37752075195317,288.8202043772865,-0.0037111263899251,0.0392576705895437,0.0551005632616778,-0.0037180297041397,0.0118790839453852,0.0165848835470913,0.7162165290536168,-0.3123821689295941,0.0392576705895437,0.0551005632616778,-0.0158428926721341,276.51555786132815,273.13169555664064,264.3775207519531,1.012389123487815,1.033112402218572,0.0432597142312391,-0.2405755966550692,29072340.0,0.855909775408486,0.0149621283567646,0.0126198504350321,0.0191838999257216,-0.0149341411989178,0.0197216952530321,-0.0257666745895651,0.0270561008301772,0,4,0,0,0,xg_MSFT,0.3857612449832028,6.9530940462968145
2023-04-04,280.53631591796875,283.73068619331156,279.0612688180202,280.58517709537364,25824300,67.73651425594325,265.9908134460449,268.3824374185748,7.783728244812153,6.635894290315274,241.76608587603883,265.9908134460449,290.215541016051,-0.0001743487237684,0.0434181420951598,0.0489443876380255,-0.0001743639242732,0.0120094533197709,0.016204634181557,0.741066544216976,-0.0145164149201114,0.0434181420951598,0.0489443876380255,-0.0055262455428657,278.8502624511719,274.44069519042966,265.9908134460449,1.0160674686299074,1.0317675698454103,0.045838803304479,0.0378165275506061,28198900.0,0.915791041494494,-0.0037111263899251,0.0149621283567646,0.0126198504350321,-0.004161001787291,0.0104809032616217,0.0056935527349055,0.0178302273231347,1,4,0,0,0,xg_MSFT,0.3658802904734836,6.594752848900882
2023-04-05,277.7620544433594,280.5070453166388,276.3749215198196,279.2371315346284,22064800,63.68361757518291,267.4873725891114,269.27573427807806,7.564181993383727,6.821551830928964,244.31087535826904,267.4873725891114,290.6638698199537,-0.0098891349076551,0.0136538061464457,0.0442545506904841,-0.0099383571815847,0.0125051683996853,0.0165148888639815,0.7571598781435892,-0.7907405842947068,0.0136538061464457,0.0442545506904841,-0.0306007445440383,279.5985473632812,275.6178253173828,267.4873725891113,1.0144429049221126,1.03039565064165,0.0436026972742585,-0.1455799382751904,26918050.0,0.8197027645018559,-0.0001743487237684,-0.0037111263899251,0.0149621283567646,0.0191838999257216,-0.0149341411989178,-0.0054424619061328,0.0405365882995543,2,4,0,0,1,xg_MSFT,0.42867433825929574,7.726574475569003
2023-04-06,284.8541259765625,285.3230025679542,275.5055113851009,276.6582060877172,29770300,68.819714144657,269.4059379577637,270.75939063031467,7.871720613934542,7.03158558753008,247.21889770500024,269.4059379577637,291.5929782105271,0.0255329027840602,0.0265800436253351,0.0502055664799216,0.0252123826416923,0.0133988664956147,0.0168497111021526,0.7951513983230692,1.9054594903923967,0.0265800436253351,0.0502055664799216,-0.0236255228545865,281.07362670898436,276.9795837402344,269.4059379577637,1.0147810279496614,1.0281123936609669,0.0409602238030446,0.3492213842862841,26233990.0,1.1347987858499171,-0.0098891349076551,-0.0001743487237684,-0.0037111263899251,0.0126198504350321,-0.004161001787291,0.0197216952530321,0.0116942971313562,3,4,0,0,0,xg_MSFT,0.48161839474702445,8.68085645370721
2023-04-10,282.6952209472656,282.9003544272942,278.12346613985693,282.51936243851856,23103000,65.77037296504419,271.3987442016601,271.8961363747862,7.8507431135797106,7.195417092740007,252.3164293965275,271.3987442016601,290.48105900679275,-0.0075789845834092,0.0037809104764443,0.0314356969221354,-0.0076078510318042,0.0137881425850714,0.0164222514856889,0.8395501096166225,-0.5496342166781594,0.0037809104764443,0.0314356969221354,-0.027654786445691,281.2865905761719,277.84117126464844,271.3987442016602,1.0124006794811615,1.0237378661494516,0.034977055294317,-0.2239581058974884,25727090.0,0.8980028444724648,0.0255329027840602,-0.0098891349076551,-0.0001743487237684,0.0149621283567646,0.0191838999257216,0.0104809032616217,-0.0257666745895651,0,4,0,0,0,xg_MSFT,0.4282762160806958,7.719398583781733
2023-04-11,276.2869567871094,279.364108081122,275.1245138457469,279.1394182021938,27276600,57.61045141038392,272.8108039855957,272.3143097473884,7.233640032279709,7.203061680647948,257.12779572631223,272.8108039855957,288.4938122448792,-0.0226684559388135,-0.0153189771353015,0.0233373060960959,-0.0229293354149708,0.0150743781710126,0.0174191349145464,0.8653422172078026,-1.5036741156119726,-0.0153189771353015,0.0233373060960959,-0.0386562832313974,280.42693481445315,278.47124633789065,272.8108039855957,1.0070229458239632,1.0207486003838535,0.0275660165699605,0.1806518633943643,25770730.0,1.058433346668835,-0.0075789845834092,0.0255329027840602,-0.0098891349076551,-0.0037111263899251,0.0126198504350321,-0.0149341411989178,0.0056935527349055,1,4,0,0,1,xg_MSFT,0.48580782786881715,8.756368244679795
2023-04-12,276.9317626953125,280.37035046592507,275.4371587464321,278.20170651935473,27403400,58.172777190663446,273.9195465087891,272.7540671710002,6.719157576277098,7.106280859773778,260.66298787898785,273.9195465087891,287.17610513859034,0.0023338268143435,-0.0128487936075636,0.0300114777409916,0.002331107670396,0.0148986238049765,0.0166738619154928,0.8934780917816175,0.1566366268632947,-0.0128487936075636,0.0300114777409916,-0.0428602713485553,279.7060241699219,279.27814331054685,273.91954650878904,1.001532095760531,1.0195626667393956,0.0208949583999119,0.0046486732217358,26323210.0,1.041035648767721,-0.0226684559388135,-0.0075789845834092,0.0255329027840602,-0.0001743487237684,0.0149621283567646,-0.004161001787291,-0.0054424619061328,2,4,0,0,1,xg_MSFT,0.3850619775294129,6.940490207956528
2023-04-13,283.13482666015625,283.1934362329106,276.61914739244156,277.02941440172174,24222700,63.22665025583287,275.11132354736327,273.7427109318722,6.73433274809986,7.0318912374389955,263.168385847177,275.11132354736327,287.05426124754956,0.0223992506474186,0.0193430748759546,0.0332609876170328,0.0221520717060235,0.015314142885706,0.016898594403005,0.906184049185398,1.462555773366268,0.0193430748759546,0.0332609876170328,-0.0139179127410782,280.78057861328125,280.18956298828124,275.11132354736327,1.0021093420422114,1.0184588528579548,0.0200231639914885,-0.1160695388163512,26236780.0,0.9232344822801836,0.0023338268143435,-0.0226684559388135,-0.0075789845834092,-0.0098891349076551,-0.0037111263899251,0.0191838999257216,0.0197216952530321,3,4,0,0,0,xg_MSFT,0.448392154697646,8.081975215965919
2023-04-14,279.52044677734375,281.80630960092736,277.12711319357106,280.36053721344047,20987900,58.77071859959164,275.59682617187497,274.29297148858376,6.381150994652899,6.901743188881777,263.77234999572323,275.59682617187497,287.4213023480267,-0.0127655785953552,-0.0187242476510858,0.0073581046548318,-0.0128477587275277,0.0157116416921873,0.0150219726374371,1.0458410643066745,-0.8124399986606023,-0.0187242476510858,0.0073581046548318,-0.0260823523059177,279.7138427734375,280.39373474121095,275.596826171875,0.9975752241097648,1.0174055290692805,0.0147288566866162,-0.1335441548630004,25830230.0,0.812532447446236,0.0223992506474186,0.0023338268143435,-0.0226684559388135,0.0255329027840602,-0.0001743487237684,0.0126198504350321,0.0104809032616217,4,4,0,0,1,xg_MSFT,0.4632636590147127,8.350024351204937
2023-04-17,282.11883544921875,284.85407761818396,279.5399251996228,283.2226985900286,23836200,60.903895329893786,276.05448608398433,275.0382918657871,6.239000842618623,6.769194719629146,263.9534985406924,276.05448608398433,288.15547362727625,0.0092958805047445,-0.0020388936753705,0.0017343079266161,0.0092529397173857,0.0152410403721204,0.0149488674426751,1.019476622823701,0.6098842594425747,-0.0020388936753705,0.0017343079266161,-0.0037732016019866,279.59856567382815,280.442578125,276.0544860839844,0.9969904268573808,1.015895746174111,0.0125623643107717,0.1357115290238661,24937250.0,0.9558471764127578,-0.0127655785953552,0.0223992506474186,0.0023338268143435,-0.0075789845834092,-0.0098891349076551,0.0149621283567646,-0.0149341411989178,0,4,0,0,0,xg_MSFT,0.45168334923667575,8.141296844180617
2023-04-18,281.6988220214844,285.0104118167831,280.3702986730481,284.82480490610715,20161800,60.36024977112772,276.8428161621093,275.6726280710916,6.023024571517567,6.619960690006831,265.48703856204975,276.8428161621093,288.1985937621688,-0.0014887819420691,0.0195878419209816,0.0039687990831627,-0.0014898912790819,0.0151925452336267,0.0135130253308799,1.1242057685737252,-0.0979877914717448,0.0195878419209816,0.0039687990831627,0.0156190428378188,280.6809387207031,280.55393676757814,276.8428161621094,1.000452682840912,1.0134051540759348,0.0136249151879698,-0.1541520880006041,24465100.0,0.8241045407539384,0.0092958805047445,-0.0127655785953552,0.0223992506474186,-0.0226684559388135,0.0255329027840602,-0.0037111263899251,-0.004161001787291,1,4,0,0,0,xg_MSFT,0.4126486649634936,7.437722199633945
2023-04-19,281.7769775390625,282.363073223057,277.9574283365994,279.3738659883608,17150300,60.43102913921911,277.55934906005854,276.25399468708883,5.791408564831897,6.4542502649718445,266.9137330522177,277.55934906005854,288.20496506789937,0.0002774435370984,0.0174960603890022,0.0044224635125547,0.0002774050567575,0.0151909898697928,0.013509852107571,1.1243546853185014,0.0182624882899719,0.0174960603890022,0.0044224635125547,0.0130735968764474,281.6499816894531,280.6780029296875,277.5593490600586,1.0034629673491338,1.011235989276492,0.0145172705915175,-0.1493666240117449,23597700.0,0.7267784572224951,-0.0014887819420691,0.0092958805047445,-0.0127655785953552,0.0023338268143435,-0.0075789845834092,-0.0001743487237684,0.0191838999257216,2,4,0,0,0,xg_MSFT,0.4168358057294691,7.5131926723927585
2023-04-20,279.4910888671875,282.34355041766946,278.48491818075087,278.6509985011603,23244400,57.21327613878085,278.2343658447265,276.56228937090776,5.361593981041608,6.235719008185797,269.0680697943236,278.2343658447265,287.40066189512936,-0.0081124039722446,-0.0128692673944427,0.0062248762787024,-0.0081454885732714,0.0150652651774953,0.0136073824295022,1.1070577458812936,-0.5384482402687459,-0.0128692673944427,0.0062248762787024,-0.0190941436731452,280.9212341308594,280.8509063720703,278.23436584472654,1.000250409584564,1.009404088238345,0.0096134309577562,0.3553348921010129,23715660.0,0.9801287419367212,0.0002774435370984,-0.0014887819420691,0.0092958805047445,0.0223992506474186,-0.0226684559388135,-0.0098891349076551,0.0126198504350321,3,4,0,0,0,xg_MSFT,0.45602712639553167,8.219590585437587
2023-04-21,279.149169921875,279.64735118903843,276.51162043764214,278.4165205997633,21676400,56.72671977413273,278.6299972534179,276.80865894719034,4.936468291767426,5.975868864902123,270.07261803363735,278.6299972534179,287.18737647319847,-0.0012233626005693,-0.0013282636735497,-0.020027640586666,-0.0012241115194573,0.0122895664247576,0.0130104631987059,0.9445184017413124,-0.0995367144434473,-0.0013282636735497,-0.020027640586666,0.0186993769131162,280.84697875976565,280.28041076660156,278.62999725341797,1.0020214327202337,1.0059233159726249,0.0079419240507437,-0.0674571079485811,22906270.0,0.946308587124794,-0.0081124039722446,0.0002774435370984,-0.0014887819420691,-0.0127655785953552,0.0023338268143435,0.0255329027840602,0.0149621283567646,4,4,0,0,0,xg_MSFT,0.418138457138385,7.5366721117442355
2023-04-24,275.25146484375,278.3579207345042,272.27203608801597,275.5640690535179,26611000,51.36421726543525,278.6886032104492,276.6603547468627,4.236208519958382,5.627936795913375,270.24717817080244,278.6886032104492,287.1300282500959,-0.0139628037554825,-0.0243421202080811,-0.0263313828885144,-0.0140612007051279,0.012770660238287,0.0132697988716815,0.9623128465565296,-1.0932645791519462,-0.0243421202080811,-0.0263313828885144,0.0019892626804333,279.4735046386719,279.53603515625,278.68860321044923,0.999776306058204,1.003040784359455,0.0028515794772181,0.2276485025188683,23257070.0,1.1442112011529766,-0.0012233626005693,-0.0081124039722446,0.0002774435370984,0.0092958805047445,0.0223992506474186,-0.0075789845834092,-0.0037111263899251,0,4,0,0,0,xg_MSFT,0.43515194746707453,7.843329143391597
2023-04-25,269.04840087890625,275.08542457289633,268.9995397003019,273.04377855903545,45772200,44.2026211019963,278.64171295166017,275.9354067594383,3.1444647525995606,5.131242387250612,269.9889776964576,278.64171295166017,287.29444820686274,-0.0225359889305766,-0.044907611085478,-0.0261994123514875,-0.0227938051206733,0.0127475687881976,0.0138262302969634,0.9219177314922592,-1.7677269742969115,-0.044907611085478,-0.0261994123514875,-0.0187081987339904,276.94342041015625,278.8121795654297,278.64171295166017,0.9932974263958404,1.0006117770809106,-0.006312219422067,0.7200481004096051,25106630.0,1.8231120624312456,-0.0139628037554825,-0.0012233626005693,-0.0081124039722446,-0.0014887819420691,-0.0127655785953552,-0.0226684559388135,-0.0001743487237684,1,4,0,0,1,xg_MSFT,0.50475410091534,9.09786242024175
2023-04-26,288.536865234375,292.63971378431694,285.95795485763057,289.8361135268747,64599200,62.08754521693116,279.6254165649414,277.13554566181324,3.807910926158115,4.866576095032113,271.18285538177986,279.6254165649414,288.067977748103,0.0724347897694444,0.0239902058512759,0.0419060003305966,0.0699315678917411,0.0270265671406129,0.0212516676897849,1.2716788092255902,2.6800336631335324,0.0239902058512759,0.0419060003305966,-0.0179157944793206,278.29539794921874,279.9726898193359,279.6254165649414,0.9940090875606492,1.001241923065008,-0.0046095275022909,0.4113195345646483,28826210.0,2.2409883227797813,-0.0225359889305766,-0.0139628037554825,-0.0012233626005693,0.0002774435370984,0.0092958805047445,0.0023338268143435,-0.0098891349076551,2,4,0,0,1,xg_MSFT,0.4496224248705762,8.104150030896097
2023-04-27,297.77801513671875,298.13948055653924,288.419653058881,289.1229976897944,46462600,67.42031951985462,280.8132858276367,279.1014951356138,5.0214956876669135,4.897560013559073,269.4954143495384,280.8132858276367,292.13115730573503,0.0320276228648885,0.0654293714466907,0.0517180759756501,0.0315254330431056,0.0278953335963135,0.0219260671908245,1.2721871718433215,1.1480943455996313,0.0654293714466907,0.0517180759756501,0.0137112954710405,281.952783203125,281.4370086669922,280.8132858276367,1.0018326464546214,1.0022211300918944,0.0038266672405789,-0.280755798833422,31050200.0,1.4963703937494286,0.0724347897694444,-0.0225359889305766,-0.0139628037554825,-0.0081124039722446,-0.0014887819420691,0.0223992506474186,0.0255329027840602,3,4,0,0,1,xg_MSFT,0.49828224294540857,8.981211414718453
2023-04-28,300.15179443359375,301.7831436206851,296.2931626094283,296.9769805922049,36469600,68.64054154173802,281.9469390869141,281.1062855449452,6.104446248854231,5.138937260618105,267.83757098923667,281.9469390869141,296.0563071845915,0.0079716405382885,0.0752379973674888,0.0738097977951652,0.0079400348667793,0.0271563153401116,0.0218587580506931,1.242297159791785,0.2935356620657703,0.0752379973674888,0.0738097977951652,0.0014281995723235,286.15330810546874,283.50014343261716,281.9469390869141,1.009358600813132,1.0055088533705423,0.014014139167458,-0.2150762118348951,32598370.0,1.1187553242692467,0.0320276228648885,0.0724347897694444,-0.0225359889305766,-0.0012233626005693,0.0002774435370984,-0.0127655785953552,-0.0075789845834092,4,4,0,0,0,xg_MSFT,0.4615469653705737,8.319082071461676
2023-05-01,298.4911193847656,301.4607998428203,298.0906008187468,299.8685037767096,21294100,66.75682008265635,282.78997497558595,282.7619840058805,6.7508699467571205,5.461323797845909,266.86251911033673,282.78997497558595,298.71743084083516,-0.0055327840100437,0.0844306298395465,0.0580332890906671,-0.0055481465507787,0.0274487227875488,0.0218058515506989,1.2587201193961033,-0.201560651554318,0.0844306298395465,0.0580332890906671,0.0263973407488793,290.8012390136719,285.1373718261719,282.78997497558595,1.019863643798165,1.0083008488924992,0.0268392039756436,-0.4161136946936626,32344160.0,0.6583599635915524,0.0079716405382885,0.0320276228648885,0.0724347897694444,-0.0139628037554825,-0.0081124039722446,0.0092958805047445,-0.0226684559388135,0,5,1,0,0,xg_MSFT,0.47219630159525217,8.511029389300846
2023-05-02,298.3446350097656,302.0274089293755,296.87933607669675,300.6402759672235,26404400,66.58324305243862,283.6779449462891,284.2460460062505,7.168708905834819,5.802800819443691,266.34944667393756,283.6779449462891,301.0064432186406,-0.0004907495248164,0.1088883414105295,0.0590908150372446,-0.0004908699817756,0.027420326362316,0.0217645158062564,1.2598059520571607,-0.0178966370310533,0.1088883414105295,0.0590908150372446,0.0497975263732848,296.6604858398438,286.801953125,283.6779449462891,1.0343740082918718,1.0110125169558122,0.0435152483741822,0.2399866629723726,32968420.0,0.8008997701436465,-0.0055327840100437,0.0079716405382885,0.0320276228648885,-0.0225359889305766,-0.0012233626005693,-0.0014887819420691,0.0023338268143435,1,5,0,0,0,xg_MSFT,0.4930804519558379,8.887452535541156
2023-05-03,297.3580017089844,301.47059918400157,297.05517563669,299.5266454015473,22360800,65.3507169666391,284.51902923583987,285.49480369222516,7.335675132903589,6.109375682135671,266.22643244043127,284.51902923583987,302.81162603124847,-0.0033070254497754,0.0305719564376776,0.0552955898171698,-0.0033125057440885,0.0275279024280158,0.0218020192497671,1.2625729543540067,-0.1201292154099807,0.0305719564376776,0.0552955898171698,-0.0247236333794922,298.4247131347656,288.3600555419922,284.51902923583987,1.0349030921562845,1.0135000682255544,0.0467641153727379,-0.1531411431428095,33489470.0,0.6676964430908979,-0.0004907495248164,-0.0055327840100437,0.0079716405382885,0.0724347897694444,-0.0139628037554825,0.0002774435370984,0.0223992506474186,2,5,0,0,1,xg_MSFT,0.4898370601795897,8.828992520849372
2023-05-04,298.3446350097656,300.6402759672235,296.38112489974674,299.15542063563385,22519900,66.02794920456357,285.5481582641601,286.7185971510385,7.461597481434069,6.379820041995351,266.55370340159686,285.5481582641601,304.5426131267234,0.0033179981541133,0.001902826415129,0.0674566985981339,0.0033125057440885,0.0271237491712099,0.0215856847682749,1.256503694864376,0.1223236437384304,0.001902826415129,0.0674566985981339,-0.0655538721830049,298.538037109375,290.24541015625,285.5481582641602,1.0285710873038811,1.0164499463790777,0.0435398439284475,0.0071151300490144,33417020.0,0.6739050938713065,-0.0033070254497754,-0.0004907495248164,-0.0055327840100437,0.0320276228648885,-0.0225359889305766,-0.0081124039722446,-0.0127655785953552,3,5,0,0,1,xg_MSFT,0.5045727804074396,9.094594236720596
2023-05-05,303.4634094238281,304.7528796666807,297.2309997282912,298.6474673178527,28197100,69.37258350632828,286.4786224365234,288.31334117701846,7.883557423069078,6.680567518210097,265.87249907208326,286.4786224365234,307.0847458009635,0.0171572531005792,0.0110331340729901,0.0871012423528176,0.0170117295976348,0.0271371469756574,0.021219926377028,1.27879181584805,0.6322190352926115,0.0110331340729901,0.0871012423528176,-0.0760681082798275,299.2003601074219,292.6768341064453,286.47862243652344,1.0222891778260934,1.0216358610538043,0.0419218175102317,0.2520970341786597,34069090.0,0.8276446479785393,0.0033179981541133,-0.0033070254497754,-0.0004907495248164,0.0079716405382885,0.0724347897694444,-0.0012233626005693,0.0092958805047445,4,5,0,0,0,xg_MSFT,0.5276822512406875,9.511127328505703
2023-05-08,301.5096435546875,303.02380353381574,299.00886932285215,302.95541576842186,21318600,66.67436585001579,287.4193435668945,289.5701318796536,7.968455741933496,6.938145162954777,265.8453491601374,287.4193435668945,308.9933379736516,-0.006438225527256,0.010112609635233,0.0953970534756039,-0.0064590402894122,0.0265363559039603,0.0211904387805575,1.2522205867544287,-0.2426099099908905,0.010112609635233,0.0953970534756039,-0.0852844438403708,299.80406494140624,295.3026519775391,287.41934356689455,1.015243388211121,1.0274278979028069,0.0410757056673225,-0.2439435261072947,33539850.0,0.6356200161896778,0.0171572531005792,0.0033179981541133,-0.0033070254497754,-0.0055327840100437,0.0320276228648885,-0.0139628037554825,-0.0014887819420691,0,5,0,0,0,xg_MSFT,0.5197433060138125,9.368033035056747
2023-05-09,299.89776611328125,302.8674461510251,299.2237264038661,300.87463180094664,21340800,64.44727540179272,288.59988403320307,290.55371609238006,7.815580090539186,7.113632148471659,267.00683279893195,288.59988403320307,310.1929352674742,-0.0053460228416006,0.0052058288343772,0.1146610243123493,-0.0053603639564991,0.0247285565822774,0.0204069002052226,1.2117148914687974,-0.2161794864300938,0.0052058288343772,0.1146610243123493,-0.1094551954779721,300.11469116210935,298.38758850097656,288.5998840332031,1.005788118298785,1.033914443522948,0.0383957749273687,0.0010413441783232,31096710.0,0.6862719561008002,-0.006438225527256,0.0171572531005792,0.0033179981541133,-0.0004907495248164,0.0079716405382885,-0.0225359889305766,0.0002774435370984,1,5,0,0,1,xg_MSFT,0.47641624517956027,8.587091111397992
2023-05-10,305.0849304199219,305.7589701511876,300.55228898423684,301.4802935306575,30078000,68.1358910987323,290.0075424194336,291.9376412664317,8.02053016487065,7.295011751751457,267.95155624645315,290.0075424194336,312.06352859241406,0.0172964419637633,0.0259852725217719,0.0573516495790065,0.0171485612824637,0.0128438950653945,0.0206043169907606,0.6233291665036592,1.346561562060693,0.0259852725217719,0.0573516495790065,-0.0313663770572345,301.6600769042969,300.0423950195312,290.0075424194336,1.0053915110384997,1.034602040058615,0.0381943954715318,0.409412955465587,27644590.0,1.0880248178757186,-0.0053460228416006,-0.006438225527256,0.0171572531005792,-0.0033070254497754,-0.0055327840100437,0.0724347897694444,-0.0081124039722446,2,5,0,0,0,xg_MSFT,0.4323949630383295,7.793636302893649
2023-05-11,302.9358825683594,303.9225267081971,299.1749725458381,302.92613418082834,31680200,65.12139330928902,290.9975952148437,292.98509281899624,7.918267515121158,7.419662904425398,268.4679905268251,290.9975952148437,313.5271999028624,-0.0070440970276851,0.0153890736411046,0.0173211827920622,-0.0070690238058892,0.009419908881139,0.0203496670595522,0.4628796124261439,-0.7477088587267489,0.0153890736411046,0.0173211827920622,-0.0019321091509576,302.5783264160156,300.5581817626953,290.9975952148437,1.006721309802557,1.0328545208107065,0.0382283244328397,0.0532681694261587,26166350.0,1.2107229323156952,0.0172964419637633,-0.0053460228416006,-0.006438225527256,0.0033179981541133,-0.0004907495248164,0.0320276228648885,-0.0012233626005693,3,5,0,0,0,xg_MSFT,0.4075086542796386,7.3450768700457685
2023-05-12,301.8222351074219,303.463362538451,299.50706787229524,303.3656699936466,19774700,63.55227228435509,292.1126846313477,293.8267254178939,7.659072564557505,7.46754483645182,269.7680205111838,292.1126846313477,314.4573487515116,-0.0036761820735653,-0.0054081456460344,0.0055653196309566,-0.0036829558370383,0.0092854503713348,0.0200649942810513,0.4627455904392095,-0.3958651504683494,-0.0054081456460344,0.0055653196309566,-0.010973465276991,302.2500915527344,300.7252258300781,292.11268463134763,1.0050706279077428,1.0294836261889817,0.033587342952976,-0.3758025517515672,24496860.0,0.8072340699991425,-0.0070440970276851,0.0172964419637633,-0.0053460228416006,0.0171572531005792,-0.0033070254497754,0.0079716405382885,-0.0139628037554825,4,5,0,0,1,xg_MSFT,0.43881548039168855,7.909361927394187
2023-05-15,302.3009033203125,302.73072668738115,300.47416891606105,301.94924591720934,16336500,63.95430161815171,293.1217880249024,294.633789980029,7.406901078226156,7.455416084806688,270.8547197994037,293.1217880249024,315.3888562504011,0.0015859275998013,0.0026243265598284,0.0127634749851164,0.0015846713446698,0.0090330255854092,0.0200325572554637,0.4508947397719747,0.175550487964388,0.0026243265598284,0.0127634749851164,-0.0101391484252879,302.40834350585936,301.1062042236328,293.12178802490234,1.0043245182728266,1.0272392449995975,0.0307195756908379,-0.1738686301182824,24001100.0,0.6806563032527393,-0.0036761820735653,-0.0070440970276851,0.0172964419637633,-0.006438225527256,0.0033179981541133,-0.0055327840100437,-0.0225359889305766,0,5,0,0,1,xg_MSFT,0.3931156477412309,7.085652344197218
2023-05-16,304.5281677246094,306.452594750173,302.66235026842685,302.66235026842685,26730300,65.84228417268926,294.2632553100586,295.576111669989,7.30259521003893,7.424851909853136,272.1215183495612,294.2632553100586,316.40499227055597,0.0073677067446169,0.0154399336525203,0.0207261401387068,0.007340697774925,0.009199684568386,0.0200109642907749,0.4597092236781023,0.8007781040481171,0.0154399336525203,0.0207261401387068,-0.0052862064861864,303.334423828125,301.7245574951172,294.2632553100586,1.005335549570021,1.0253558745457254,0.029787617302678,0.6362317509870534,24033690.0,1.1122012474987772,0.0015859275998013,-0.0036761820735653,-0.0070440970276851,-0.0053460228416006,0.0171572531005792,-0.0004907495248164,0.0724347897694444,1,5,0,0,1,xg_MSFT,0.4215611960815044,7.5983647417762334
2023-05-17,307.40643310546875,307.8273965281547,304.2148790483357,305.73234911232737,24315000,68.16299226557004,295.5447280883789,296.7028089495585,7.367258845572906,7.413333296997091,273.4792227888439,295.5447280883789,317.6102333879139,0.0094515571494266,0.0076093653080522,0.0337923692610715,0.0094071706450264,0.0092523817558316,0.0200241535021882,0.4620379941067897,1.0214165370914454,0.0076093653080522,0.0337923692610715,-0.0261830039530193,303.79872436523436,302.7294006347656,295.5447280883789,1.0035322757823542,1.0243099330272547,0.026850434434544,-0.0903581329053545,24229110.0,1.0035449094085171,0.0073677067446169,0.0015859275998013,-0.0036761820735653,0.0172964419637633,-0.006438225527256,-0.0033070254497754,0.0320276228648885,2,5,0,0,1,xg_MSFT,0.42006408257782807,7.571380250398683
2023-05-18,311.83148193359375,312.34058172844885,307.1322876651915,307.925276324525,27276000,71.38213906015817,297.1617477416992,298.1436349480381,7.686959220436279,7.468058481684928,275.3107934955291,297.1617477416992,319.01270198786926,0.0143947827747858,0.0293646275568792,0.0452055956139001,0.014292161523941,0.0098871070213332,0.0199073571188277,0.4966309857875143,1.4557672913257895,0.0293646275568792,0.0452055956139001,-0.0158409680570208,305.5778442382813,304.0780853271484,297.16174774169923,1.0049321506004594,1.0232746564388262,0.0269892457438736,0.1217766810610734,24704720.0,1.1040805157880316,0.0094515571494266,0.0073677067446169,0.0015859275998013,-0.0070440970276851,-0.0053460228416006,0.0033179981541133,0.0079716405382885,3,5,0,0,0,xg_MSFT,0.4365511943076514,7.868549652198639
2023-05-19,311.6553039550781,312.05669811668946,309.7266699904712,310.0888957303577,27546700,71.07400651258325,298.7870544433594,299.4304605677562,7.835781963476904,7.541603178043324,277.7570871961944,298.7870544433594,319.8170216905244,-0.0005649781652038,0.0325790074550225,0.026994669791668,-0.0005651378255064,0.0089003433999638,0.0198958950026489,0.4473232330360575,-0.0634711121476491,0.0325790074550225,0.026994669791668,0.0055843376633544,307.5444580078125,304.89727478027345,298.78705444335935,1.0086822134748392,1.0204500839177837,0.0280996455164307,0.0099244757295791,24639680.0,1.1179812400160587,0.0143947827747858,0.0094515571494266,0.0073677067446169,-0.0036761820735653,0.0172964419637633,0.0171572531005792,-0.0055327840100437,4,5,0,0,1,xg_MSFT,0.4089681671112118,7.371383633909897
2023-05-22,314.4356384277344,315.8160338813464,311.33222095812204,311.90982815472574,24115700,73.0510658970031,300.7462631225586,300.85952512584936,8.084877381473007,7.650258018729261,281.74533815104735,300.7462631225586,319.7471880940699,0.0089211845181913,0.0401412465994655,0.0428709168988896,0.0088816258509512,0.0084621193226996,0.0193559563896559,0.4371616669664906,1.0541248655520048,0.0401412465994655,0.0428709168988896,-0.0027296702994241,309.9714050292969,306.18987426757815,300.7462631225586,1.0123502802656827,1.018100345083261,0.0293387287550054,-0.1245521242108854,24919390.0,0.9677484079666088,-0.0005649781652038,0.0143947827747858,0.0094515571494266,0.0015859275998013,-0.0070440970276851,-0.006438225527256,-0.0004907495248164,0,5,0,0,0,xg_MSFT,0.3985582468107173,7.1837516314599235
2023-05-23,308.63995361328125,315.9432948088947,308.63015403990534,313.30977897111853,30797200,63.33350342998956,302.7258407592774,301.60051831512857,7.725568423120706,7.66532009960755,290.63758384108064,302.7258407592774,314.81409767747414,-0.0184320226658567,0.0135021529187087,0.0291505589164602,-0.0186040090453012,0.0107983322167616,0.0190473286696753,0.5668913217542487,-1.7067742982523015,0.0135021529187087,0.0291505589164602,-0.0156484059977515,310.79376220703125,307.0640930175781,302.72584075927733,1.0121462237827972,1.0143306308025104,0.0261402367169314,0.2770601724187977,25865030.0,1.1906887407437303,0.0089211845181913,-0.0005649781652038,0.0143947827747858,0.0073677067446169,-0.0036761820735653,-0.0053460228416006,-0.0033070254497754,1,5,0,0,0,xg_MSFT,0.4448499919201634,8.018130049455735
2023-05-24,307.2596130371094,309.8539609209706,306.04563091509715,308.1211390989395,23384900,61.243918942122235,303.6619781494141,302.139479717222,7.245905251120178,7.581437129910076,293.4453839272336,303.6619781494141,313.8785723715946,-0.0044723327618867,-0.000477608965031,0.0071281220419319,-0.0044823635606059,0.0097208202960336,0.0113689355632039,0.8549582574146478,-0.4600303879008508,-0.000477608965031,0.0071281220419319,-0.0076057310069629,310.7643981933594,307.28156127929685,303.66197814941404,1.0113343504880754,1.011919777220518,0.0231153713100835,-0.2406809709973634,25195720.0,0.9281298569756716,-0.0184320226658567,0.0089211845181913,-0.0005649781652038,0.0094515571494266,0.0015859275998013,0.0172964419637633,0.0033179981541133,2,5,0,0,1,xg_MSFT,0.3400649141024447,6.129447580207554
2023-05-25,319.076171875,320.03557419335544,313.2804700336066,316.4524252321356,43301700,70.28294505103453,304.72688598632817,303.75249801796275,7.730157827064147,7.61118126934089,292.79642906137747,304.72688598632817,316.6573429112789,0.0384578979355267,0.0232327085658048,0.0532795559568566,0.0377368222849865,0.0149229744826797,0.0122811379393104,1.2150144019240314,2.5769206440388706,0.0232327085658048,0.0532795559568566,-0.0300468473910517,312.2133361816406,308.8955902099609,304.7268859863281,1.0107406712068132,1.0136801326543263,0.0234628933627966,0.8516948971344758,26357870.0,1.6428376041007244,-0.0044723327618867,-0.0184320226658567,0.0089211845181913,0.0143947827747858,0.0073677067446169,-0.0070440970276851,0.0171572531005792,3,5,0,0,1,xg_MSFT,0.436309049192141,7.864185144921428
2023-05-26,325.8998107910156,326.39908122008313,317.07899806419516,317.2160427328644,36630600,74.04717482457966,306.01428680419923,305.86176590111063,8.565800894656093,7.802105194403931,291.0033551641687,306.01428680419923,321.0252184442298,0.0213856110781247,0.0457059663518215,0.079774028825359,0.0211601476817415,0.0153458430072801,0.0128877225809335,1.1906411136493358,1.3934860132458529,0.0457059663518215,0.079774028825359,-0.0340680624735374,315.06223754882814,311.3033477783203,306.01428680419923,1.012074684700097,1.017283706030056,0.0277629825027144,-0.1540609260144521,28043460.0,1.3062082924146556,0.0384578979355267,-0.0044723327618867,-0.0184320226658567,-0.0005649781652038,0.0094515571494266,-0.0036761820735653,-0.006438225527256,4,5,0,0,0,xg_MSFT,0.44451059440138285,8.012012631239545
2023-05-30,324.25506591796875,328.6899413465032,323.5795525189351,328.19067091699185,29503100,71.68997723698975,307.3024841308594,307.61350875985903,8.991686317914912,8.040021419106127,290.6750036815287,307.3024841308594,323.9299645801901,-0.0050467806932897,0.0312287358371152,0.0726235428228079,-0.0050595587009709,0.015781868427939,0.0128688464690582,1.2262670316916326,-0.3197632113789851,0.0312287358371152,0.0726235428228079,-0.0413948069856926,317.026123046875,313.49876403808594,307.3024841308594,1.0112515882466462,1.0201634553158638,0.0299876237507281,-0.1945777573940913,29360120.0,1.004869871104035,0.0213856110781247,0.0384578979355267,-0.0044723327618867,0.0089211845181913,0.0143947827747858,0.0015859275998013,-0.0053460228416006,1,5,0,0,0,xg_MSFT,0.44935629606144667,8.09935323323337
2023-05-31,321.4942321777344,328.8856796035957,320.45646337468304,325.3123310459061,45950600,67.78900253175586,308.45996398925786,308.9354824187043,9.002650424461763,8.232547220177254,291.24543699519734,308.45996398925786,325.6744909833184,-0.0085143889191628,0.0416481353563162,0.0557126277673851,-0.0085508434010774,0.0165381350945401,0.0131457140789921,1.2579671996493351,-0.5148025498608826,0.0416481353563162,0.0557126277673851,-0.0140644924110688,319.59697875976565,315.19537048339845,308.4599639892578,1.0139646983698292,1.021835593854816,0.0346414139223215,0.5574837898390339,31282150.0,1.4689079874624518,-0.0050467806932897,0.0213856110781247,0.0384578979355267,-0.0184320226658567,-0.0005649781652038,0.0073677067446169,0.0172964419637633,2,5,0,1,1,xg_MSFT,0.38794758477660596,6.992501390602111
2023-06-01,325.59625244140625,326.5263156649062,317.9013162515011,319.08589950715634,26773900,70.36891229851047,309.871876525879,310.5222224208664,9.235872917297511,8.433212359601306,291.8768854774312,309.871876525879,327.86686757432676,0.0127592343908804,0.059678000707767,0.0591718889945829,0.0126785211937567,0.0166573066299278,0.0131778199739742,1.2639452289979607,0.7659382597723101,0.059678000707767,0.0591718889945829,0.0005061117131841,323.264306640625,317.0143524169922,309.8718765258789,1.0197150513091338,1.0230497713157805,0.0411320155386499,-0.4173329619199749,31528040.0,0.8492091484278488,-0.0085143889191628,-0.0050467806932897,0.0213856110781247,-0.0044723327618867,0.0089211845181913,0.0094515571494266,-0.0070440970276851,3,6,1,0,1,xg_MSFT,0.4468649797249977,8.054448886278664
2023-06-02,328.3570556640625,330.41296452982044,325.56689576601605,327.2312100565703,25873800,71.99469672185127,311.37249755859375,312.2207779678375,9.533579994491332,8.653285886579312,292.44365090324254,311.37249755859375,330.30134421394496,0.0084792229700281,0.0290867341629581,0.0529952063467022,0.0084434762862013,0.0164250898403619,0.0132013305869234,1.2441053291477602,0.516204589919695,0.0290867341629581,0.0529952063467022,-0.0239084721837441,325.1204833984375,318.6669097900391,311.37249755859375,1.0202517845754695,1.023426642650328,0.0418690130231558,-0.0336185613601305,31387820.0,0.8243261239550621,0.0127592343908804,-0.0085143889191628,-0.0050467806932897,0.0384578979355267,-0.0184320226658567,0.0143947827747858,-0.0036761820735653,4,6,0,0,1,xg_MSFT,0.45624160580355577,8.22345643643838
2023-06-05,328.8857116699219,331.4506903935802,327.6325911531441,328.18082951193753,21307100,72.30801936686609,312.64361267089845,313.8079145108931,9.700353482851426,8.862699405833736,292.5712426044839,312.64361267089845,332.71598273731297,0.0016100034908348,0.0091620209034761,0.0552867462744266,0.0016087088246399,0.0163530803600838,0.0128949049306635,1.268083197573818,0.0984465928615867,0.0091620209034761,0.0552867462744266,-0.0461247253709504,325.71766357421876,320.38995056152345,312.64361267089845,1.016628839335809,1.024776894766691,0.0397525658288304,-0.1764990067172197,30763860.0,0.6926016436168708,0.0084792229700281,0.0127592343908804,-0.0085143889191628,0.0213856110781247,-0.0044723327618867,-0.0005649781652038,0.0015859275998013,0,6,0,0,0,xg_MSFT,0.46137354007748826,8.315956194021908
2023-06-06,326.67315673828125,328.32767137670015,325.19488504565373,328.2885029579965,20396200,68.83683278146574,313.90178833007815,315.03317567540626,9.543971024964437,8.998953729659876,293.6144943595808,313.90178833007815,334.1890823005755,-0.0067274279578956,0.0074573725269853,0.0389189926807846,-0.006750159106831,0.0167351551397467,0.0129075105737165,1.296443539645988,-0.4019697416593971,0.0074573725269853,0.0389189926807846,-0.0314616201537993,326.20128173828124,321.61370239257815,313.90178833007815,1.014264253393356,1.0245679201240825,0.0376507624042614,-0.0427510078800024,30391910.0,0.6711062253079628,0.0016100034908348,0.0084792229700281,0.0127592343908804,-0.0050467806932897,0.0384578979355267,0.0089211845181913,0.0073677067446169,1,6,0,0,0,xg_MSFT,0.4293090019905297,7.738013874078916
2023-06-07,316.5894470214844,327.4661371871072,315.72792109217784,324.6857770640945,40717100,55.71059550784758,314.7363723754884,315.18139199408034,8.508287457759081,8.900820475279717,295.53024303870234,314.7363723754884,333.9425017122744,-0.0308678858632868,-0.0152562150898509,0.0257565273553781,-0.0313543356865571,0.0189045893333668,0.0149844437484936,1.261530165582657,-1.632738621313832,-0.0152562150898509,0.0257565273553781,-0.0410127424452291,325.22032470703124,322.4086517333984,314.73637237548826,1.0087208359903377,1.024376843705744,0.0331152931033469,0.9963081358292232,31383900.0,1.2973881512494847,-0.0067274279578956,0.0016100034908348,0.0084792229700281,-0.0085143889191628,0.0213856110781247,-0.0184320226658567,0.0094515571494266,2,6,0,0,1,xg_MSFT,0.5022149555759685,9.052095986802758
2023-06-08,318.4300231933594,319.78104998315,316.5601268268705,317.1377341007984,23277700,57.31072913191936,315.40362701416024,315.49078544163075,7.746720511890089,8.670000482601791,296.6883289149972,315.40362701416024,334.11892511332326,0.0058137635009358,-0.0220095569107832,0.0363549574440844,0.0057969287950649,0.0187497980673078,0.0146159578367872,1.2827428440765765,0.3100541896972482,-0.0220095569107832,0.0363549574440844,-0.0583645143548676,323.7870788574219,323.52569274902345,315.4036270141602,1.0008079299859538,1.0257513390437285,0.0263274541740401,-0.4283065346009416,31373180.0,0.741961764793982,-0.0308678858632868,-0.0067274279578956,0.0016100034908348,0.0127592343908804,-0.0050467806932897,-0.0044723327618867,0.0143947827747858,3,6,0,0,1,xg_MSFT,0.43098305230921263,7.768187535781357
2023-06-09,319.9278259277344,323.06061199262587,317.59779817919343,318.16560575678255,22529000,58.62088543589435,316.253224182129,315.91336072602155,7.181252376280327,8.372250861337498,298.39805399617285,316.253224182129,334.1083943680851,0.0047037107850396,-0.0256709261790675,0.0026691245784031,0.0046926829052491,0.0143190375569884,0.0144582487700255,0.9903030084572702,0.3284705620582768,-0.0256709261790675,0.0026691245784031,-0.0283400507574707,322.1012329101562,323.61085815429686,316.2532241821289,0.9953350599768168,1.0232650085740491,0.0182791500272572,-0.0321638306190044,29295910.0,0.7690151970018761,0.0058137635009358,-0.0308678858632868,-0.0067274279578956,0.0084792229700281,-0.0085143889191628,0.0384578979355267,-0.0005649781652038,4,6,0,0,1,xg_MSFT,0.42226025670765927,7.61096485218372
2023-06-12,324.8816223144531,325.1263726657708,318.33210052305157,321.6802685980965,24260300,62.698438338533414,317.40619354248054,316.7674808773007,7.051558792321089,8.108112447534216,300.52304854990035,317.40619354248054,334.2893385350607,0.0154841060553378,-0.012174713626621,-0.0031242377038857,0.0153654505670619,0.0134515062693697,0.0146380246536768,0.9188799518819828,1.1510201701666545,-0.012174713626621,-0.0031242377038857,-0.0090504759227353,321.3004150390625,323.5090393066406,317.4061935424805,0.9931729132752776,1.01922724221619,0.0119865859719599,0.0768476186248834,28058880.0,0.8646211110350498,0.0047037107850396,0.0058137635009358,-0.0308678858632868,0.0016100034908348,0.0127592343908804,0.0213856110781247,0.0089211845181913,0,6,0,0,1,xg_MSFT,0.3978074773403708,7.1702195029677664
2023-06-13,327.2703857421875,329.90390189326365,323.4522862648796,327.44659882342825,22951300,64.51433460931636,318.6546676635743,317.76775753109945,7.060143992373753,7.898518756502124,302.8140036661389,318.6546676635743,334.4953316610097,0.007352719463529,0.0018282157305773,0.0092992219433252,0.0073258199974501,0.0135294931421365,0.0146491282220466,0.9235068073859104,0.5434184390982189,0.0018282157305773,0.0092992219433252,-0.0074710062127478,321.41986083984375,323.8105712890625,318.65466766357423,0.992616947495872,1.0161802231340034,0.0084492618236709,-0.0539564638524667,27403700.0,0.8375255896101316,0.0154841060553378,0.0047037107850396,0.0058137635009358,-0.0067274279578956,0.0084792229700281,-0.0050467806932897,-0.0184320226658567,1,6,0,0,1,xg_MSFT,0.3677669741693675,6.628759088106344
2023-06-14,330.25634765625,331.9206620825264,325.82147225464075,327.3193432875882,26003800,66.69679258872581,319.94107666015634,318.9571470668281,7.224609199321719,7.763736845066044,304.7659894832598,319.94107666015634,335.1161638370529,0.0091238377933002,0.0431691604484787,0.0272543473615776,0.0090824670349185,0.0132976974893066,0.014675125862254,0.906076822597128,0.6860700305903394,0.0431691604484787,0.0272543473615776,0.0159148130869011,324.1532409667969,324.68678283691406,319.9410766601562,0.9983567490322351,1.0148330630949234,0.012754226637984,0.1329990022351674,25409020.0,1.0234082227492038,0.007352719463529,0.0154841060553378,0.0047037107850396,-0.0308678858632868,0.0016100034908348,-0.0085143889191628,-0.0044723327618867,2,6,0,0,1,xg_MSFT,0.4166259852682823,7.509410795860468
2023-06-15,340.7903747558594,342.49382753852854,330.11926605235976,330.3933852343611,38899100,73.00458975827253,321.6102737426758,321.03650208483106,8.1114532275339,7.833280121559615,304.967291340031,321.6102737426758,338.2532561453206,0.0318965166736895,0.0702206134279059,0.046665531929571,0.0313983874905448,0.0159975161218145,0.0159071335604083,1.0056186705415096,1.9937171941963665,0.0702206134279059,0.046665531929571,0.0235550814983349,328.62531127929685,326.20619506835936,321.61027374267576,1.0074159113085837,1.0142903436267738,0.0205846117034456,0.4959005991432021,26621540.0,1.4611889469954984,0.0091238377933002,0.007352719463529,0.0154841060553378,0.0058137635009358,-0.0067274279578956,0.0127592343908804,0.0384578979355267,3,6,0,0,0,xg_MSFT,0.402774429388012,7.2597455638663915
2023-06-16,335.1415100097656,344.08959644957883,334.76951460321436,343.9427522263679,46552000,65.80658035900692,322.77577514648436,322.3798361729201,8.263214144792016,7.919266926206096,305.7556705288031,322.77577514648436,339.79587976416565,-0.0165757755046355,0.0475534881591317,0.0206618198959738,-0.016714690897726,0.0172505294271511,0.016471384256237,1.0472393770573596,-0.960829332531404,0.0475534881591317,0.0206618198959738,0.0268916682631579,331.6680480957031,326.8846405029297,322.77577514648436,1.0146333201383029,1.012729782322049,0.0265328903869879,0.1967371995753115,28689360.0,1.62262246351952,0.0318965166736895,0.0091238377933002,0.007352719463529,0.0047037107850396,-0.0308678858632868,0.0084792229700281,0.0213856110781247,4,6,0,0,0,xg_MSFT,0.41333286449889417,7.450054448603848
2023-06-20,330.951416015625,334.8967905185413,328.8074005290605,332.18496735769014,26375400,61.00201918345382,323.7405807495117,323.19617711032055,7.953694953426975,7.926152531650272,307.1936265520931,323.7405807495117,340.2875349469303,-0.0125024620018526,0.0186830934231696,0.0062809184844623,-0.0125812753764007,0.0178686529140329,0.016847562046648,1.060544684143407,-0.6996477246647907,0.0186830934231696,0.0062809184844623,0.0124021749387073,332.8820068359375,327.0912109375,323.7405807495117,1.0177039177599423,1.0103497379915458,0.0276216557598719,-0.4334206908403506,29196190.0,0.903384996466974,-0.0165757755046355,0.0318965166736895,0.0091238377933002,0.0154841060553378,0.0058137635009358,0.0016100034908348,-0.0050467806932897,1,6,0,0,0,xg_MSFT,0.395856068881291,7.135046642253591
2023-06-21,326.5556640625,330.63811253956635,325.09696171811146,329.306655264913,25117800,56.35365062275249,324.34658203124997,323.5161282486234,7.269895488678856,7.79490112305599,308.35608462854844,324.34658203124997,340.3370794339515,-0.0132821669296543,-0.0021838874240535,-0.0003596643108186,-0.0133711638351456,0.0182895105568983,0.0171750903236181,1.0648238459569077,-0.7261780303144643,-0.0021838874240535,-0.0003596643108186,-0.0018242231132348,332.7390625,327.0794616699219,324.34658203125,1.017303443026299,1.008425800640651,0.0256999997009505,-0.0476807934666393,29668350.0,0.8466193772150846,-0.0125024620018526,-0.0165757755046355,0.0318965166736895,0.007352719463529,0.0047037107850396,-0.0067274279578956,-0.0085143889191628,2,6,0,0,1,xg_MSFT,0.31391176432090734,5.658054166787203
2023-06-22,332.5765075683594,332.9779016676336,326.3402743618307,327.10389414473735,23556800,60.763789312428294,325.54340972900394,324.37902151716963,7.1316025639027885,7.66224141122535,310.9836121490304,325.54340972900394,340.10320730897746,0.0184374186959654,0.0070253302580707,0.0504977683156637,0.0182695102176104,0.0154317930385883,0.016838340866533,0.9164131280968288,1.1946909836647426,0.0070253302580707,0.0504977683156637,-0.043472438057593,333.2030944824219,328.67816772460935,325.5434097290039,1.0137670438810644,1.0096293087248025,0.0230313464093478,-0.0621471625699703,27952320.0,0.8427493674943317,-0.0132821669296543,-0.0125024620018526,-0.0165757755046355,0.0091238377933002,0.0154841060553378,-0.0308678858632868,0.0127592343908804,3,6,0,0,0,xg_MSFT,0.38575171086058185,6.952922199974524
2023-06-23,327.9850158691406,330.86328217867896,326.44800648245837,327.33887140406574,23146900,56.1078323130148,326.5796798706055,324.72244955069067,6.5757087401217404,7.444934877004628,314.8177546397056,326.5796798706055,338.3416051015054,-0.0138058209005487,-0.0375754711261796,0.0300065696694034,-0.0139020075625504,0.0165312442119206,0.0172071838384218,0.960661762283722,-0.8350845005419155,-0.0375754711261796,0.0300065696694034,-0.067582040795583,330.64202270507815,329.6336669921875,326.57967987060545,1.0030590191896709,1.009351430324116,0.0123857573911043,-0.0174004958228621,27939240.0,0.8284727859454721,0.0184374186959654,-0.0132821669296543,-0.0125024620018526,0.0318965166736895,0.007352719463529,0.0058137635009358,0.0084792229700281,4,6,0,0,0,xg_MSFT,0.4434038666580744,7.992064587772387
2023-06-26,321.6998596191406,329.0521396707675,321.59215393137123,326.7123419071995,21520600,50.413321969006766,326.71086425781255,324.434583842924,5.563862553511228,7.068720412305948,315.2465532198714,326.71086425781255,338.1751752957537,-0.0191629371645064,-0.0401073874442867,0.0055388545409191,-0.0193489261419124,0.0179345773838363,0.0157959406732428,1.135319664409088,-1.0684315734254672,-0.0401073874442867,0.0055388545409191,-0.0456462419852059,327.9536926269531,329.8108703613281,326.7108642578125,0.9943689614222224,1.0094885308162551,0.0038633164795657,-0.0702599484164185,27838400.0,0.773054485889966,-0.0138058209005487,0.0184374186959654,-0.0132821669296543,-0.0165757755046355,0.0091238377933002,0.0047037107850396,0.0016100034908348,0,6,0,0,1,xg_MSFT,0.38978467052454435,7.025613659246629
2023-06-27,327.5444641113281,329.0912729817788,322.3851082652234,324.89134914186997,24354100,54.98823335714095,326.79309692382816,324.73076291610533,5.17393598442095,6.6897635267289495,315.3296872377906,326.79309692382816,338.2565066098657,0.018167880144887,-0.01029441706373,0.008196344803701,0.0180048162655666,0.0181985864111968,0.0155873278420815,1.167449555562255,0.9982578578659184,-0.01029441706373,0.008196344803701,-0.018490761867431,327.2723022460938,330.0771545410156,326.7930969238281,0.9915024343359294,1.0100493481903412,0.0014630237258499,0.1316645446688289,27847780.0,0.8745436799629674,-0.0191629371645064,-0.0138058209005487,0.0184374186959654,-0.0125024620018526,0.0318965166736895,0.0154841060553378,-0.0067274279578956,1,6,0,0,1,xg_MSFT,0.3640824652351697,6.562348225255117
2023-06-28,328.797607421875,330.8828850652817,326.80043631423547,327.63259343214776,20259500,55.92713320549241,327.0202239990235,325.1180814404643,4.909441574899063,6.333699136362973,315.58858650959087,327.0202239990235,338.4518614884561,0.0038258723558244,0.0068654248145145,0.004666544075548,0.0038185723195969,0.0180949168272945,0.0155513531614146,1.1634841775705016,0.2114218578886132,0.0068654248145145,0.004666544075548,0.0021988807389665,327.72069091796874,330.22987670898436,327.0202239990234,0.9924016996401968,1.009814844692818,0.0021303893432733,-0.1681277485105177,27578600.0,0.7346094435540335,0.018167880144887,-0.0191629371645064,-0.0138058209005487,-0.0132821669296543,-0.0165757755046355,0.007352719463529,-0.0308678858632868,2,6,0,0,0,xg_MSFT,0.3831174245711278,6.905440913158785
2023-06-29,328.0143737792969,329.052112767679,325.6354077895199,327.6815169223393,16997000,55.152785635809,327.3462310791015,325.3939188060674,4.58378838142238,5.983716985374855,316.2100668488206,327.3462310791015,338.48239530938247,-0.0023821147870251,-0.0137175467456154,-0.0067885867837631,-0.0023849565362663,0.0178578156534946,0.0154176979475532,1.1581921971776148,-0.1333859329332942,-0.0137175467456154,-0.0067885867837631,-0.0069289599618522,326.8082641601562,330.00567932128905,327.3462310791016,0.9903110298958828,1.0081242671816335,-0.0016400711735496,-0.161035563562773,26677920.0,0.6371186359356114,0.0038258723558244,0.018167880144887,-0.0191629371645064,0.0184374186959654,-0.0125024620018526,0.0091238377933002,0.0058137635009358,3,6,0,0,1,xg_MSFT,0.34558906237832476,6.229016738559775
2023-06-30,333.38909912109375,335.5331142814067,330.11923848147313,330.6576772264797,26832800,59.315633722860646,327.73587341308587,326.1553645503556,4.705163104609085,5.728006209221701,316.31581132135796,327.73587341308587,339.1559355048138,0.0163856396897206,0.0164766162796572,-0.0217179714657957,0.0162528437628424,0.0152040055476417,0.0155822642011175,0.97566243833249,1.077647728465446,0.0164766162796572,-0.0217179714657957,0.038194587745453,327.8890808105469,329.2655517578125,327.7358734130859,0.995819571953649,1.0046674119887953,0.0004595453116639,0.5786785903394718,25471290.0,1.0534527305055594,-0.0023821147870251,0.0038258723558244,0.018167880144887,-0.0138058209005487,-0.0132821669296543,0.0318965166736895,0.0047037107850396,4,6,0,1,0,xg_MSFT,0.38391852526426923,6.919880229011284
2023-07-03,330.8926696777344,333.7415673029559,329.5025044373006,332.067483294419,12508700,56.68378087002528,327.8626541137695,326.6065364672488,4.547491799890736,5.491903327355509,316.3575736369483,327.8626541137695,339.3677345905907,-0.0074880356014658,0.0285757353748212,-0.0126777501596487,-0.0075162116838436,0.0144970816963029,0.0156040337237963,0.9290003439208278,-0.516484577637283,0.0285757353748212,-0.0126777501596487,0.04125348553447,329.72764282226564,328.8406677246094,327.8626541137695,1.0026972792136497,1.0029829979064968,0.0056362345842006,-0.5338280015503414,22066960.0,0.5668519814237862,0.0163856396897206,-0.0023821147870251,0.0038258723558244,-0.0191629371645064,0.0184374186959654,-0.0165757755046355,0.0154841060553378,0,7,0,0,0,xg_MSFT,0.3923741270330689,7.072286918592187
2023-07-05,331.0493469238281,334.475852129054,327.7011785685613,328.05360476311387,18172400,56.81329400804694,327.9708358764648,327.0296612726373,4.3846353522939125,5.27044973234319,316.3848464870704,327.9708358764648,339.5568252658592,0.0004734986914225,0.0107004794662282,0.0002959072040908,0.0004733866262904,0.0139411629217131,0.0156018492335387,0.893501097975509,0.0339616380959895,0.0107004794662282,0.0002959072040908,0.0104045722621373,330.4286193847656,328.8504608154297,327.97083587646483,1.004799015836629,1.002682021822502,0.0074242209843909,0.4527808645182953,21246660.0,0.8553061987154285,-0.0074880356014658,0.0163856396897206,-0.0023821147870251,0.018167880144887,-0.0138058209005487,-0.0125024620018526,0.007352719463529,2,7,0,0,1,xg_MSFT,0.35798031518013895,6.452360963006698
2023-07-06,334.1038513183594,335.7877351950813,328.45502307798586,330.2172139336629,28161200,59.36418426333592,328.3423706054687,327.70339365794416,4.450738083201486,5.10650740251485,316.4588472107961,328.3423706054687,340.22589400014135,0.0092267343914562,0.0161383287977396,0.0231145500952472,0.0091844281111201,0.0133416315110138,0.0156237538223443,0.853877869866627,0.6915228366937942,0.0161383287977396,0.0231145500952472,-0.0069762212975075,331.4898681640625,329.60527954101565,328.3423706054688,1.0057177137018898,1.0038463172852716,0.0094207161820309,0.549668728401312,21551000.0,1.3067235859124262,0.0004734986914225,-0.0074880356014658,0.0163856396897206,0.0038258723558244,-0.0191629371645064,-0.0132821669296543,0.0091238377933002,3,7,0,0,0,xg_MSFT,0.37729517202771146,6.800498620426845
2023-07-07,330.13885498046875,334.61289857162126,329.92347347630437,332.19476390626494,21214800,54.83628805209862,329.019841003418,327.93534235532746,4.135511306010187,4.912308183213917,318.4896545220641,329.019841003418,339.5500274847719,-0.011867556516469,0.0064767930035936,-0.0073295994528103,-0.0119385381096135,0.0127129268489285,0.0140688654279153,0.9035571032332352,-0.933429667913275,0.0064767930035936,-0.0073295994528103,0.0138063924564039,331.9147644042969,329.36151428222655,329.019841003418,1.0077521204249822,1.0010384579779947,0.0087688054805005,-0.2466656250443872,21316800.0,0.9952150416572376,0.0092267343914562,0.0004734986914225,-0.0074880356014658,-0.0023821147870251,0.018167880144887,0.0184374186959654,0.0318965166736895,4,7,0,0,0,xg_MSFT,0.3416440445701076,6.157910373699188
2023-07-10,324.86199951171875,328.1906279486803,320.7110434161663,327.5738523279874,32791400,49.43246276984271,329.34143981933596,327.64264303688856,3.4204646904071865,4.613939484652572,319.82936640012394,329.34143981933596,338.853513238548,-0.0159837455941446,-0.0255770198601418,-0.0095218263222972,-0.0161128633611786,0.0129789792738356,0.0146074556156401,0.8884566319207675,-1.2314153402666634,-0.0255770198601418,-0.0095218263222972,-0.0160551935378445,330.2093444824219,329.04921264648436,329.34143981933596,1.0035257091989578,0.9991126923687104,0.002671610297266,0.5456850877689161,22281250.0,1.4717037868162033,-0.011867556516469,0.0092267343914562,0.0004734986914225,0.0163856396897206,0.0038258723558244,-0.0138058209005487,-0.0165757755046355,0,7,0,0,1,xg_MSFT,0.35691405156461486,6.433142258968125
2023-07-11,325.4886169433594,325.8704119772488,320.13347775646093,324.10822129809816,26698200,50.06179236693818,329.6194793701172,327.4374976946477,2.8712499041777733,4.265401568557612,320.98101195905645,329.6194793701172,338.2579467811779,0.0019288726677249,-0.0163317390489132,0.0117773048726357,0.0019270147815415,0.011280478491334,0.0145845995283215,0.7733983419351502,0.1709769396986916,-0.0163317390489132,0.0117773048726357,-0.028109043921549,329.1285339355469,329.42808837890624,329.6194793701172,0.9990906833572284,0.9994193577649698,-0.0015083336528961,-0.1858170129973102,22799010.0,1.1710245313282828,-0.0159837455941446,-0.011867556516469,0.0092267343914562,-0.0074880356014658,-0.0023821147870251,-0.0191629371645064,-0.0125024620018526,1,7,0,0,1,xg_MSFT,0.33316261653555745,6.005038182575652
2023-07-12,330.1192321777344,334.475769797387,328.62136146608015,329.53182545465006,29995300,54.56213121276201,329.88135986328126,327.6929009787512,2.777626430481803,3.9678465409424506,321.53503193712913,329.88135986328126,338.2276877894334,0.0142266579945584,-0.0028095954719034,0.0078608199756693,0.0141264087844366,0.0106755200529265,0.014521277352066,0.735113356818504,1.332518266629278,-0.0028095954719034,0.0078608199756693,-0.0106704154475727,328.9425109863281,329.68556518554686,329.88135986328126,0.9977461730882862,0.9994064694112588,-0.0028439690434263,0.1234952169060086,23363130.0,1.2838733508737366,0.0019288726677249,-0.0159837455941446,-0.011867556516469,0.0004734986914225,0.0163856396897206,0.018167880144887,-0.0132821669296543,2,7,0,0,1,xg_MSFT,0.4066303164922399,7.3292454061036985
2023-07-13,335.4646301269531,336.52193851467035,331.90105061768867,332.42971974992344,20567200,59.13974706403394,330.2910720825196,328.4330656595323,3.099034355239042,3.7940841038017687,321.68398698738235,330.2910720825196,338.8981571776568,0.0161923251606885,0.0040729216476378,0.0202769805940947,0.0160626276599842,0.011725186987195,0.0148586276581966,0.7890633101245524,1.3808687494383802,0.0040729216476378,0.0202769805940947,-0.0162040589464569,329.21466674804685,330.3522674560547,330.2910720825195,0.9965564010903628,1.0001852771046742,-0.0032086999278144,-0.3143192433481245,23393900.0,0.8791693561141631,0.0142266579945584,0.0019288726677249,-0.0159837455941446,0.0092267343914562,-0.0074880356014658,0.0038258723558244,0.0184374186959654,3,7,0,0,1,xg_MSFT,0.3948919730141671,7.117669445033973
2023-07-14,337.99041748046875,344.0504382444472,337.07995339278386,340.29107663490123,28352700,61.13230781313613,330.67777557373046,329.3432896424786,3.517020360326626,3.738671355106741,321.4078239735073,330.67777557373046,339.94772717395364,0.007529221046522,0.023782606565545,0.0304134345889495,0.0075010179382282,0.0117258217670642,0.0148188965632428,0.7912215660227605,0.6420512902880904,0.023782606565545,0.0304134345889495,-0.0066308280234044,330.78497924804685,331.34987182617186,330.67777557373046,0.9982951779187004,1.0020324808683478,0.0003171796263205,0.3785396164767203,24529470.0,1.1558627234913288,0.0161923251606885,0.0142266579945584,0.0019288726677249,-0.011867556516469,0.0004734986914225,-0.0023821147870251,-0.0138058209005487,4,7,0,0,1,xg_MSFT,0.39275099770071675,7.079079765798911
2023-07-17,338.4701232910156,339.70364458763055,335.0142499676755,338.4211553009667,20363900,61.51614930562921,330.56176300048827,330.21251189472025,3.842689399224298,3.759474963930252,321.7794379867796,330.56176300048827,339.3440880141969,0.00141928819794,0.0418889368401058,0.0152405228104843,0.0014182819604275,0.0107509422650866,0.012952346536579,0.8299741101441974,0.1320029593675072,0.0418889368401058,0.0152405228104843,0.0266484140296214,333.50660400390626,331.85797424316405,330.56176300048827,1.004967877491876,1.0039212376861442,0.0087004459205577,-0.2817650523583291,23882580.0,0.8526675091216757,0.007529221046522,0.0161923251606885,0.0142266579945584,-0.0159837455941446,0.0092267343914562,0.0163856396897206,-0.0191629371645064,0,7,0,0,1,xg_MSFT,0.3720275757238116,6.705553643513635
2023-07-18,351.9412536621094,359.0781832462532,334.98496971452676,338.5680890553913,64738600,70.36649022556401,331.4017501831055,332.28191587256686,5.128671959026576,4.033314362949517,318.5187885751473,331.4017501831055,344.28471179106367,0.039800057506143,0.0812705432440767,0.0636115148905378,0.0390284422724809,0.0156223556473495,0.0151612456728242,1.0303457670092988,2.5474717726786813,0.0812705432440767,0.0636115148905378,0.0176590283535389,338.79713134765626,333.96283264160155,331.4017501831055,1.0144755590549286,1.0077280293694315,0.0210131125226112,2.1790865207548653,29105570.0,2.2242684132280446,0.00141928819794,0.007529221046522,0.0161923251606885,0.0019288726677249,-0.011867556516469,-0.0074880356014658,0.018167880144887,1,7,0,0,0,xg_MSFT,0.43889866227852165,7.910861226480398
2023-07-19,347.6237487792969,354.84878274456844,345.0392010295171,354.1537002264066,39732900,65.19176051703204,332.23536682128906,333.74304281606493,5.73334540458427,4.3733205712764684,317.45691217936707,332.23536682128906,347.01382146321106,-0.0122676862626557,0.0530248313195462,0.050066257521669,-0.0123435554572779,0.0166365053350914,0.0151490580564133,1.0981149559389842,-0.7373513045120436,0.0530248313195462,0.050066257521669,0.0029585737978772,342.29803466796875,335.6202728271484,332.23536682128906,1.019896777344733,1.0101882771790522,0.0289470091787899,-0.386256421980086,31261620.0,1.2709801987228664,0.039800057506143,0.00141928819794,0.007529221046522,0.0142266579945584,-0.0159837455941446,0.0004734986914225,0.0038258723558244,2,7,0,0,0,xg_MSFT,0.46854673275512077,8.445248298784682
2023-07-20,339.586181640625,350.4531022216543,338.11767966688456,346.1455024073654,33778400,56.81524959392125,332.8868927001953,334.2995322279278,5.500581689562125,4.5987727949336,318.0141082068706,332.8868927001953,347.75967719351996,-0.0231214557891867,0.012286098573528,0.0164090605380111,-0.0233929497021003,0.018739711654543,0.0158351344768646,1.183351384261122,-1.2337554846046517,0.012286098573528,0.0164090605380111,-0.0041229619644831,343.1223449707031,336.168505859375,332.8868927001953,1.0206855758053583,1.0098580425698382,0.0301409563282517,-0.1498632115954284,31823340.0,1.0614347834010804,-0.0122676862626557,0.039800057506143,0.00141928819794,0.0161923251606885,0.0019288726677249,0.0092267343914562,-0.0023821147870251,3,7,0,0,0,xg_MSFT,0.4180649002650878,7.535346297229588
2023-07-21,336.55133056640625,342.9442090840303,332.6940623159266,341.81836334887606,69405400,53.99417349515284,333.0856338500977,334.5139892125448,5.013435881962494,4.681705412339379,318.1243471876539,333.0856338500977,348.0469205125415,-0.0089369097987339,-0.0042577743025677,0.0194235712918944,-0.0089770835087685,0.0185241458439007,0.0155266109385381,1.192981065614251,-0.4824204826261255,-0.0042577743025677,0.0194235712918944,-0.0236813455944622,342.83452758789065,336.80975341796875,333.0856338500977,1.0178877663392525,1.0111806670399572,0.0289670337103878,1.054727281339554,36642400.0,1.894128113878952,-0.0231214557891867,-0.0122676862626557,0.039800057506143,0.007529221046522,0.0142266579945584,-0.011867556516469,0.0163856396897206,4,7,0,0,1,xg_MSFT,0.3618836842139485,6.522716635958402
2023-07-24,337.8631286621094,339.63514852458513,335.1219369374352,338.5876099496475,26678100,55.03350294770999,333.5795394897461,334.8329548744081,4.679280628577715,4.681220455587046,318.675144054674,333.5795394897461,348.4839349248182,0.003897765293322,-0.0017933477348143,0.0400204676752955,0.0038901886876869,0.0174031507811372,0.0151558403449089,1.148204400462843,0.223956074751232,-0.0017933477348143,0.0400204676752955,-0.0418138154101098,342.7131286621094,338.1098663330078,333.5795394897461,1.0136146938834605,1.013580949389736,0.027033400207152,-0.6156192457647387,36031070.0,0.7404193103340884,-0.0089369097987339,-0.0231214557891867,-0.0122676862626557,0.00141928819794,0.0161923251606885,-0.0159837455941446,-0.0074880356014658,0,7,0,0,1,xg_MSFT,0.3895470408690538,7.021330540181916
2023-07-25,343.60992431640625,344.5008191812914,337.82402242034016,339.8211637778006,41637700,59.36451404881572,334.67504272460934,335.66885672602695,4.822586785629483,4.709493721595534,320.23351601719446,334.67504272460934,349.1165694320242,0.0170092418105916,-0.023672500052244,0.0556741662526412,0.0168662043511824,0.0178450765608321,0.0146999973077985,1.2138684326787637,0.9531081945441596,-0.023672500052244,0.0556741662526412,-0.0793466663048853,341.04686279296874,339.9219970703125,334.6750427246094,1.003309187791173,1.0156777580514738,0.0185437602858408,0.5607445807609988,37525020.0,1.1095983426524194,0.003897765293322,-0.0089369097987339,-0.0231214557891867,0.039800057506143,0.007529221046522,0.0019288726677249,0.0004734986914225,1,7,0,0,0,xg_MSFT,0.44524741051153627,8.025293259543577
2023-07-26,330.6772766113281,337.43240985586726,326.11512671611416,334.2702247265649,58383700,48.1298283136839,334.83168334960936,335.1934681436747,3.848241230941596,4.537243223464746,320.65018835290067,334.83168334960936,349.01317834631806,-0.0376375849178598,-0.0487494661324992,0.0016904329684532,-0.0383641684070665,0.0220844129329586,0.0168837939788622,1.3079468402519872,-1.7041829841312257,-0.0487494661324992,0.0016904329684532,-0.0504398991009524,337.657568359375,339.97780151367186,334.83168334960936,0.9931753392604852,1.0153692688594504,0.0085457490116174,0.4021835980373556,40363860.0,1.4464350039862035,0.0170092418105916,0.003897765293322,-0.0089369097987339,-0.0122676862626557,0.00141928819794,0.0142266579945584,0.0092267343914562,2,7,0,0,0,xg_MSFT,0.4153032037582346,7.485568524606743
2023-07-27,323.77532958984375,334.1625196341891,322.1403841798644,333.33039238314757,39635300,43.40836816058278,334.5805694580078,334.1060263766432,2.490427814803411,4.127880141732479,319.7846452393428,334.5805694580078,349.3764936766728,-0.0208721539387685,-0.0465591737991077,-0.0348451058243776,-0.0210930565595415,0.0222470051356634,0.0175272768869013,1.2692066241998012,-0.9381584466335178,-0.0465591737991077,-0.0348451058243776,-0.0117140679747301,334.4953979492187,338.8088714599609,334.5805694580078,0.98726871143558,1.0126376197183315,-0.0002630574383075,-0.3211238753282166,42270670.0,0.937654879849292,-0.0376375849178598,0.0170092418105916,0.003897765293322,-0.0231214557891867,0.039800057506143,0.0161923251606885,-0.011867556516469,3,7,0,0,1,xg_MSFT,0.40310846474568013,7.2657663326368676
2023-07-28,331.2646789550781,332.8702554950669,326.1738899082172,326.66339057868936,28484900,49.22857623129575,334.7430847167969,333.83542186030365,1.9956739160266463,3.701438896591313,320.18128173414993,334.7430847167969,349.30488769944384,0.0231313157019152,-0.0157083069688978,-0.0198991988457166,0.022867842076601,0.0235983176781058,0.0183037956932029,1.2891877119867807,0.9801688344309748,-0.0157083069688978,-0.0198991988457166,0.0041908918768188,333.4380676269531,338.13629760742185,334.7430847167969,0.9861055142150892,1.010136767704987,-0.0039394996591856,-0.281324980509798,42283890.0,0.6736584547921047,-0.0208721539387685,-0.0376375849178598,0.0170092418105916,-0.0089369097987339,-0.0122676862626557,0.007529221046522,-0.0159837455941446,4,7,0,0,0,xg_MSFT,0.4426805885856276,7.979027973740394
2023-07-31,328.8661193847656,330.6087404482853,326.3598486498491,329.8451206536362,25446000,47.54219175663844,334.5169357299805,333.36215495787144,1.3939654094839966,3.23994419916985,319.72788158965136,334.5169357299805,349.30598987030965,-0.0072406136925867,-0.0266291539801062,-0.0283747463819502,-0.0072669541603609,0.0236276512444933,0.0179947341852285,1.3129584490021888,-0.3064336435315659,-0.0266291539801062,-0.0283747463819502,0.001745592401844,331.6386657714844,337.1758972167969,334.51693572998045,0.9835776178219756,1.0079486603003047,-0.0087521024174841,-0.1066845942938188,42792100.0,0.5946424690538535,0.0231313157019152,-0.0208721539387685,-0.0376375849178598,0.003897765293322,-0.0231214557891867,0.00141928819794,0.0019288726677249,0,7,0,1,1,xg_MSFT,0.4548644052474327,8.19863329748425
2023-08-01,329.27734375,331.431158888361,326.69279546072005,328.151498059074,18311900,47.87189579294849,334.4361694335938,332.97312531902656,0.9394599430720518,2.7798473479502905,319.54647580949256,334.4361694335938,349.3258630576951,0.0012504309230871,-0.0417117770824581,-0.0643968550895385,0.0012496497854455,0.018532288798029,0.0179228162949438,1.0339477091860614,0.0674694565392068,-0.0417117770824581,-0.0643968550895385,0.0226850780070804,328.77214965820315,334.9095062255859,334.43616943359376,0.9816745823773398,1.0014153277523594,-0.0172013649979239,-0.2803623359270613,38149430.0,0.4800045505266925,-0.0072406136925867,0.0231313157019152,-0.0208721539387685,0.0170092418105916,-0.0089369097987339,0.039800057506143,0.0142266579945584,1,8,1,0,0,xg_MSFT,0.3905958042174513,7.040233813355546
2023-08-02,320.62298583984375,326.6242697138595,319.506909807834,326.6242697138595,27761300,41.902928550676066,333.9148513793946,331.7969215591044,-0.1177163091215334,2.2003346165359257,317.8427299718967,333.9148513793946,349.98697278689247,-0.0262828830298357,-0.0304051456892273,-0.0776723772016959,-0.0266344518460313,0.0195222393366973,0.0188528383394289,1.0354517199752642,-1.3462357642889962,-0.0304051456892273,-0.0776723772016959,0.0472672315124685,326.76129150390625,332.2094299316406,333.9148513793945,0.983600289646036,0.9948926457127952,-0.0223114380173029,0.5160250984332593,36952270.0,0.751274549574336,0.0012504309230871,-0.0072406136925867,0.0231313157019152,-0.0376375849178598,0.003897765293322,-0.0122676862626557,0.0161923251606885,2,8,0,0,0,xg_MSFT,0.4216378967524631,7.599747221186816
2023-08-03,319.80059814453125,322.9529838203489,319.1055155220307,319.154453640907,18253700,41.374990563982045,333.19968872070314,330.6544145672403,-1.0102503820147604,1.5582176168257886,315.9343633735126,333.19968872070314,350.46501406789366,-0.0025649679892985,-0.0122762022985125,-0.0582638062612108,-0.0025682631555614,0.0188082807908677,0.0186856717773697,1.0065077941618945,-0.1363671486335537,-0.0122762022985125,-0.0582638062612108,0.0459876039626983,325.9663452148437,330.2308715820312,333.19968872070314,0.9870862274421603,0.991089976253968,-0.0226182926105421,-0.3424767572123783,35399800.0,0.5156441561816588,-0.0262828830298357,0.0012504309230871,-0.0072406136925867,-0.0208721539387685,0.0170092418105916,-0.0231214557891867,0.007529221046522,3,8,0,0,1,xg_MSFT,0.43244037317500406,7.794454790896421
2023-08-04,320.8970642089844,328.10252974603515,320.3683951097149,324.910975755622,23741500,42.41668059094531,332.737599182129,329.72514310454926,-1.6105490108263891,0.9244642912953532,314.6521309607064,332.737599182129,350.82306740355153,0.0034285929132551,-0.0312970727177939,-0.0465137556612127,0.0034227286887755,0.0189865691338466,0.0185740789084679,1.022152811700366,0.1805703978790753,-0.0312970727177939,-0.0465137556612127,0.0152166829434188,323.892822265625,328.6654449462891,332.7375991821289,0.9854787816789076,0.9877616649099796,-0.0275626607501268,0.3006404181070139,30833410.0,0.7699926800181761,-0.0025649679892985,-0.0262828830298357,0.0012504309230871,0.0231313157019152,-0.0376375849178598,-0.0089369097987339,0.00141928819794,4,8,0,0,1,xg_MSFT,0.4330633603937583,7.805683727908557
2023-08-07,323.17816162109375,324.15716309321493,320.64255139351025,321.47470862016405,17741500,44.621290387648145,332.65340728759764,329.1016210585059,-1.8805467297461291,0.3634620870870567,314.3986846135458,332.65340728759764,350.9081299616495,0.007108501966923,-0.0172956635797958,-0.0434642486712475,0.0070833556648493,0.0191722539108301,0.0183263802411026,1.0460989873409576,0.3707509429532843,-0.0172956635797958,-0.0434642486712475,0.0261685850914517,322.75523071289064,327.1969482421875,332.65340728759764,0.9864249420626956,0.9835971647189752,-0.0306276158174078,-0.2527220268306551,29939750.0,0.5925734182816961,0.0034285929132551,-0.0025649679892985,-0.0262828830298357,-0.0072406136925867,-0.0208721539387685,0.003897765293322,0.039800057506143,0,8,0,0,0,xg_MSFT,0.4592774166298893,8.278174940323295
2023-08-08,319.2033386230469,321.846653890872,316.21739682662104,320.09423332625096,22327600,41.630375783666906,332.33914337158205,328.1589274932241,-2.387732569430625,-0.1867768442164796,313.3629218810061,332.33914337158205,351.315364862158,-0.0122991695296141,-0.0305942856931016,-0.071029920750732,-0.0123754302560312,0.0177454725354281,0.0185186204621191,0.9581984993550782,-0.6930486892570202,-0.0305942856931016,-0.071029920750732,0.0404356350576303,320.7404296875,324.75628967285155,332.33914337158205,0.987634234923065,0.9771833867602762,-0.036336442263153,0.2584956176197053,28008740.0,0.79716545621114,0.007108501966923,0.0034285929132551,-0.0025649679892985,0.0012504309230871,0.0231313157019152,0.0170092418105916,-0.0122676862626557,1,8,0,0,0,xg_MSFT,0.3487980106941481,6.28685593241295
2023-08-09,315.463623046875,320.24112464866727,314.3083787208824,319.614579306117,22373300,38.982845780747034,331.6063629150391,326.9498508792861,-3.056214654240705,-0.7606644062213248,311.1918350573262,331.6063629150391,352.02089077275195,-0.0117157783884841,-0.016091680948745,-0.0460075567343412,-0.0117849489085468,0.014378829086227,0.0183173103274858,0.7849429794107283,-0.8147369706713312,-0.016091680948745,-0.0460075567343412,0.0299158757855961,319.70855712890625,323.23492431640625,331.6063629150391,0.9890903893044424,0.9747548915375376,-0.037715301914113,0.0020467941023665,24407700.0,0.9166492541287824,-0.0122991695296141,0.007108501966923,0.0034285929132551,-0.0262828830298357,-0.0072406136925867,-0.0376375849178598,-0.0231214557891867,2,8,0,0,1,xg_MSFT,0.4120671883148481,7.427241463488628
2023-08-10,316.14892578125,321.3670201533067,314.4356732724542,319.1740366258562,20113700,39.739146326566754,330.64057769775394,325.9211913461398,-3.4904574979537983,-1.3066230245678196,309.1931250628466,330.64057769775394,352.0880303326613,0.002172366904799,-0.0114185914112359,-0.02355461677162,0.0021700107275188,0.0132873997915939,0.0178421846381811,0.744676472335622,0.1634784427672972,-0.0114185914112359,-0.02355461677162,0.0121360253603841,318.97822265625,322.4722839355469,330.6405776977539,0.9891647702659766,0.9752955495690132,-0.0368888017338173,-0.1009953828894262,22455540.0,0.8957121494294551,-0.0117157783884841,-0.0122991695296141,0.007108501966923,-0.0025649679892985,0.0012504309230871,-0.0208721539387685,-0.0089369097987339,3,8,0,0,0,xg_MSFT,0.3777996213675397,6.80959098972789
2023-08-11,314.2692565917969,315.63985260966695,312.5070361030333,313.53500552400016,24355500,38.33559495066414,329.45451965332035,324.8114832742976,-3.940844077252848,-1.8334672351048251,307.11346397111197,329.45451965332035,351.7955753355287,-0.0059455181914921,-0.0206539989187035,-0.0513046619304256,-0.0059632631550705,0.0098370937702813,0.0176849493929708,0.5562095396581325,-0.604336401981876,-0.0206539989187035,-0.0513046619304256,0.030650663011722,317.6526611328125,320.7727416992187,329.4545196533203,0.9902732365914936,0.9736480229099992,-0.0375533345147952,0.2108910841864002,22042600.0,1.1049286381823786,0.002172366904799,-0.0117157783884841,-0.0122991695296141,0.0034285929132551,-0.0262828830298357,0.0231313157019152,0.003897765293322,4,8,0,0,1,xg_MSFT,0.462156908501256,8.330075897320755
2023-08-14,317.2355651855469,317.2551344544102,313.35869882486526,314.6412179157006,18836100,41.827383750554965,328.3927917480469,324.08996726584513,-4.012172545552687,-2.269208297194398,305.8384850328477,328.3927917480469,350.94709846324605,0.0094387488802409,-0.0183879888595758,-0.0353656199701474,0.0093944822199567,0.0108193319538854,0.0178916631348033,0.604679799332977,0.8723160177032874,-0.0183879888595758,-0.0353656199701474,0.0169776311105716,316.4641418457031,319.60968627929685,328.3927917480469,0.990158169265105,0.973254268396096,-0.0376018681744174,-0.2266182176510439,21381610.0,0.8809486282837972,-0.0059455181914921,0.002172366904799,-0.0117157783884841,0.007108501966923,-0.0025649679892985,-0.0072406136925867,0.0170092418105916,0,8,0,0,0,xg_MSFT,0.39155256597299,7.0574788180123775
2023-08-15,315.1013488769531,318.26353387975075,314.1615159801267,316.2174247167932,16966300,40.069329452442936,326.5507965087891,323.23390837166494,-4.192584782706149,-2.653883594296748,306.1826943311497,326.5507965087891,346.9188986864285,-0.0067275442693365,-0.0128507106591947,-0.0430518380390295,-0.0067502762060556,0.0107204553092261,0.0147759815971791,0.7254834310189989,-0.6274842430716733,-0.0128507106591947,-0.0430518380390295,0.0302011273798348,315.64374389648435,318.1920867919922,326.55079650878906,0.9919911807952227,0.9744030337510696,-0.0346144269174928,-0.0992668333678415,21247050.0,0.7985249717019164,0.0094387488802409,-0.0059455181914921,0.002172366904799,-0.0122991695296141,0.0034285929132551,0.0012504309230871,-0.0376375849178598,1,8,0,0,0,xg_MSFT,0.42033394295359977,7.576244307108659
2023-08-16,314.33612060546875,318.2800574602853,313.74747018564494,314.72854423868324,20698900,39.429404481968106,324.8864151000977,322.3865000129796,-4.347198508312829,-2.9925465770999646,306.41704520476634,324.8864151000977,343.355784995429,-0.0024285147436268,-0.0035741123826461,-0.0196082798552545,-0.0024314683684734,0.0074502431961166,0.0146991937450194,0.5068125852858785,-0.3259207463383425,-0.0035741123826461,-0.0196082798552545,0.0160341674726084,315.4182434082031,317.5634002685547,324.8864151000977,0.9932449493281108,0.977459769041784,-0.0301211698918251,0.2200008251651803,20540810.0,1.0076963858776258,-0.0067275442693365,0.0094387488802409,-0.0059455181914921,-0.0117157783884841,0.007108501966923,-0.0262828830298357,-0.0208721539387685,2,8,0,0,0,xg_MSFT,0.41346156011471724,7.452374102876539
2023-08-17,310.8827819824219,315.77833241862345,310.22544912717694,314.47351697046,21257200,36.58948442518911,323.4512451171875,321.29090781959314,-4.694273898494828,-3.332892041378938,305.3338904704944,323.4512451171875,341.5685997638806,-0.0109861336215357,-0.0166571617658187,-0.0278855518527799,-0.0110469268525923,0.0079838794515379,0.0141483192454255,0.5642589097789393,-1.375867185999872,-0.0166571617658187,-0.0278855518527799,0.0112283900869611,314.3650146484375,316.67161865234374,323.4512451171875,0.992716101260598,0.9790397267990496,-0.0292271910679947,0.0269724478112363,20841160.0,1.019962420517811,-0.0024285147436268,-0.0067275442693365,0.0094387488802409,0.002172366904799,-0.0122991695296141,-0.0025649679892985,0.0231313157019152,3,8,0,0,0,xg_MSFT,0.4314701449465475,7.776967061876042
2023-08-18,310.4903259277344,312.3543606335649,305.65360810986385,308.53796821025577,24755000,36.26976633807732,322.14819488525393,320.26228097274947,-4.944010098601154,-3.655115652823381,304.250547574759,322.14819488525393,340.04584219574883,-0.0012623923788409,-0.0120244999623712,-0.032430144871854,-0.0012631898673323,0.0077106855853502,0.0141202712417448,0.5460333884499134,-0.1636986317542698,-0.0120244999623712,-0.032430144871854,0.0204056449094828,313.609228515625,315.6309448242188,322.14819488525393,0.9935946828352976,0.9797694037573096,-0.0275015536929043,0.1645466006811808,20942510.0,1.1820455141240864,-0.0109861336215357,-0.0024285147436268,-0.0067275442693365,-0.0059455181914921,-0.0117157783884841,0.0034285929132551,-0.0072406136925867,4,8,0,0,1,xg_MSFT,0.4514419946107883,8.136946584961661
2023-08-21,315.78814697265625,316.6612873829202,311.03975175794454,311.91289216820854,24040000,43.452874160412534,321.04444580078126,319.8361729727406,-4.660712165202369,-3.856234955299179,304.56049330815046,321.04444580078126,337.52839829341207,0.0170627572021517,-0.0045625975512677,-0.0228666894179001,0.0169188233259269,0.0096077654262351,0.0147949461409657,0.6493512030051222,1.7757491670641463,-0.0045625975512677,-0.0228666894179001,0.0183040918666324,313.3197448730469,314.891943359375,321.04444580078126,0.9950071809727636,0.980835979186433,-0.0244616557074361,-0.0288830539284993,21572360.0,1.1143889681054315,-0.0012623923788409,-0.0109861336215357,-0.0024285147436268,0.0094387488802409,0.002172366904799,0.007108501966923,0.0012504309230871,0,8,0,0,1,xg_MSFT,0.4269553280067397,7.695590440474728
2023-08-22,316.3571472167969,319.9086306831472,315.37607311272194,319.3396208763862,16084600,44.1805736918376,319.6818069458008,319.50483718646024,-4.340251233061565,-3.953038210851656,306.9803148590132,319.6818069458008,332.3832990325884,0.0018018416764384,0.0039853791306179,-0.0089165464826517,0.0018002203070661,0.0089868380943688,0.0140710410505768,0.6386307474565263,0.2004755378901855,0.0039853791306179,-0.0089165464826517,0.0129019256132696,313.57090454101564,314.60732421875,319.68180694580076,0.996705672125377,0.9841264575687566,-0.0193164670327406,-0.3309234608985024,20948060.0,0.76783243889884,0.0170627572021517,-0.0012623923788409,-0.0109861336215357,-0.0067275442693365,-0.0059455181914921,-0.0122991695296141,-0.0262828830298357,1,8,0,0,1,xg_MSFT,0.45126101164699406,8.133684485452173
2023-08-23,320.8112487792969,322.96962389693414,317.33823788637403,317.69144015108157,21166400,49.64354653525532,319.18850555419925,319.62925733815894,-3.684403355508948,-3.899311239783115,307.5644298917824,319.18850555419925,330.8125812166161,0.0140793454539771,0.0205993767479086,0.0169516398777531,0.0139811520622359,0.009223254897419,0.0121967951603042,0.7561411530695846,1.52633959171234,0.0205993767479086,0.0169516398777531,0.0036477368701555,314.8659301757813,315.1420867919922,319.1885055541992,0.9991237075979852,0.9873227929834714,-0.013473889693287,0.3159419569028761,20827370.0,1.016278099443136,0.0018018416764384,0.0170627572021517,-0.0012623923788409,-0.0024285147436268,0.0094387488802409,-0.0117157783884841,-0.0025649679892985,2,8,0,0,0,xg_MSFT,0.42251580071117495,7.615570865650649
2023-08-24,313.914306640625,326.6780913060097,313.9044863180203,326.55054687218063,23281400,42.678362841207786,318.6954544067383,319.0849763193462,-3.6787583416452208,-3.855200660155536,307.0540390284906,318.6954544067383,330.336869784986,-0.0214984423548584,0.0097513430588591,-0.007068248405725,-0.0217329002769188,0.0117780400813494,0.0122499926539846,0.9613947550216372,-1.8251438322973697,0.0097513430588591,-0.007068248405725,0.0168195914645842,315.47223510742185,314.9186248779297,318.6954544067383,1.00175794692901,0.9881490950793782,-0.0102678317971867,0.099922518708897,21144140.0,1.1010804884946326,0.0140793454539771,0.0018018416764384,0.0170627572021517,-0.0109861336215357,-0.0067275442693365,0.002172366904799,0.0034285929132551,3,8,0,0,1,xg_MSFT,0.4976407394534588,8.969648733996733
2023-08-25,316.8673400878906,319.20227141780845,312.76642738205277,315.38590853898717,21684100,46.16141425112052,317.9755874633789,318.8737728687314,-3.396842818276127,-3.7635290917796542,307.9364582294301,317.9755874633789,328.01471669732763,0.0094071324077826,0.0205385277016343,0.0082670622136875,0.0093631608865614,0.0120089235956357,0.0111325661886872,1.078623272374121,0.7832799545203705,0.0205385277016343,0.0082670622136875,0.0122714654879467,316.7476379394531,315.1784332275391,317.97558746337893,1.004978782005624,0.9912032421792066,-0.0038752795525888,-0.068608417019595,20877000.0,1.0386597691238666,-0.0214984423548584,0.0140793454539771,0.0018018416764384,-0.0012623923788409,-0.0024285147436268,-0.0059455181914921,0.007108501966923,4,8,0,0,1,xg_MSFT,0.39795053656979074,7.172798051977765
2023-08-28,317.5736999511719,319.97731354583135,315.63116244372804,319.49659681490056,14808500,46.991135347853216,317.4109664916991,318.7499564003924,-3.080910577901534,-3.627005389004031,308.77924481011996,317.4109664916991,326.0426881732783,0.0022291974398034,0.0056542748536734,0.0010658791218041,0.0022267164655609,0.0116496244897267,0.0111064638424719,1.048810480497064,0.1913371632369647,0.0056542748536734,0.0010658791218041,0.0045883957318693,317.10474853515626,315.2122467041016,317.41096649169924,1.0060038969007166,0.9930729558215968,-0.0009642421793431,-0.3170802569624747,20474240.0,0.7232747100746733,0.0094071324077826,-0.0214984423548584,0.0140793454539771,0.0170627572021517,-0.0109861336215357,0.0094387488802409,-0.0122991695296141,0,8,0,0,1,xg_MSFT,0.4520009138287543,8.147020738177776
2023-08-29,322.1945495605469,322.7537689845137,315.7881368695037,315.7881368695037,19284600,52.18276229045989,317.0568267822265,319.0780128918357,-2.429660442639033,-3.3875363997310313,310.0460095731912,317.0568267822265,324.0676439912618,0.0145504794952651,0.0184519376126175,0.0225108547103161,0.0144456370500476,0.012181348353453,0.0116751870222838,1.0432642377348902,1.1943903649037306,0.0184519376126175,0.0225108547103161,-0.0040589170976985,318.27222900390626,315.92156677246095,317.05682678222655,1.0074406513472958,0.9964193800168656,0.0037722618937453,0.3022655907080394,20706070.0,0.9313500823671064,0.0022291974398034,0.0094071324077826,-0.0214984423548584,0.0018018416764384,-0.0012623923788409,-0.0067275442693365,-0.0117157783884841,1,8,0,0,1,xg_MSFT,0.44176813572119394,7.962581607855464
2023-08-30,322.5673522949219,323.5680370692741,320.2716425608164,322.44962819676334,15222100,52.58622320093588,317.15404510498047,319.41033093022486,-1.861994045117001,-3.0824279288082255,309.8858117981183,317.15404510498047,324.4222784118426,0.001157073373474,0.0054739461982928,0.0261860828262379,0.0011564044800014,0.0120791882132026,0.0100495025491761,1.2018491766058834,0.0957827273096168,0.0054739461982928,0.0261860828262379,-0.020712136627945,318.6234497070312,316.74468994140625,317.15404510498047,1.005931464126431,0.998709286008196,0.0045553419823692,-0.2106603196332824,20158390.0,0.7551247892316423,0.0145504794952651,0.0022291974398034,0.0094071324077826,0.0140793454539771,0.0170627572021517,-0.0024285147436268,0.002172366904799,2,8,0,0,0,xg_MSFT,0.37033886394027693,6.675115718499894
2023-08-31,321.556884765625,324.6472624633452,320.5954212849975,322.9696339885842,26411000,51.32221376001915,317.2418594360352,319.6147646288344,-1.476628960562266,-2.7612681351590336,309.7986597828643,317.2418594360352,324.6850590892061,-0.0031325784277542,0.0243460650353517,0.0343348149265039,-0.0031374952224059,0.0113256010584632,0.0100589660536837,1.125809073114725,-0.2765682671778749,0.0243460650353517,0.0343348149265039,-0.0099887498911521,320.15196533203124,317.8121002197266,317.24185943603516,1.0073624166942887,1.0017974954021047,0.0090500500342799,0.7350431280835101,20673770.0,1.277512519487192,0.001157073373474,0.0145504794952651,0.0022291974398034,-0.0214984423548584,0.0018018416764384,-0.0109861336215357,-0.0059455181914921,3,8,0,1,1,xg_MSFT,0.45144967920595597,8.137085094761707
2023-09-01,322.4398498535156,325.7068137627579,320.5954255688949,325.039690493004,14942000,52.39892913209924,317.3189987182617,319.88382036451833,-1.0874411071271195,-2.426502729552651,309.68672137051567,317.3189987182617,324.9512760660077,0.0027459063379537,0.0175862547527911,0.0384859782348339,0.002742143224343,0.0112110573306869,0.0100490226294541,1.1155255807912416,0.2449065552348147,0.0175862547527911,0.0384859782348339,-0.0208997234820427,321.26646728515624,319.0070526123047,317.3189987182617,1.0070826480303476,1.0053197378690262,0.012242495983942,-0.4342508803150202,19692470.0,0.7587671835985654,-0.0031325784277542,0.001157073373474,0.0145504794952651,0.0094071324077826,0.0140793454539771,-0.0012623923788409,0.0094387488802409,4,9,1,0,1,xg_MSFT,0.41973772828394157,7.565497927777331
2023-09-05,327.23724365234375,328.512657905709,322.4398070250058,322.77336861557694,18553900,57.85369506991773,317.5219528198242,320.5841463919303,-0.3874312766702701,-2.018688438976175,309.0625966356612,317.5219528198242,325.98130900398723,0.0148784146903913,0.030429294688627,0.0362556251380734,0.014768816836165,0.010942879972983,0.0104680434780803,1.0452607247161405,1.3595191766650754,0.030429294688627,0.0362556251380734,-0.0058263304494463,323.1991760253906,320.15196228027344,317.5219528198242,1.0095180230144882,1.0082829216597242,0.0173489519169703,0.2417280149912997,19143860.0,0.9691828084826692,0.0027459063379537,-0.0031325784277542,0.001157073373474,0.0022291974398034,-0.0214984423548584,0.0170627572021517,-0.0067275442693365,1,9,0,0,0,xg_MSFT,0.464324806143976,8.369150833926254
2023-09-06,326.5799560546875,328.13003998213503,323.9310439692956,327.0704931119819,17535800,56.89176488032841,317.8907836914062,321.15517588362144,0.1129914462583769,-1.5923524619292646,308.52777699217336,317.8907836914062,327.2537903906391,-0.0020085965470194,0.0136110511494438,0.0323141390287131,-0.002010616482341,0.0110787938272611,0.0100408863879733,1.1032582324900202,-0.1812846500877515,0.0136110511494438,0.0323141390287131,-0.0187030878792693,324.0762573242188,321.1742431640625,317.8907836914062,1.009035637887917,1.01032889168578,0.0189401508516853,-0.0548725604859355,19288980.0,0.9091097611174408,0.0148784146903913,0.0027459063379537,-0.0031325784277542,0.0145504794952651,0.0094071324077826,0.0018018416764384,-0.0024285147436268,2,9,0,0,0,xg_MSFT,0.3612718104163785,6.511688011091863
2023-09-07,323.6661376953125,326.7761256123241,322.8027877562041,325.0200246507322,18381000,52.70788003587014,318.3009094238281,321.3943151037825,0.2713315287593332,-1.2196156637915452,308.6707753439274,318.3009094238281,327.9310435037288,-0.0089222204405192,0.0034063751107273,0.0088989676231074,-0.008962261799132,0.0109656764289377,0.009869867260488,1.110913168980814,-0.8135756077362019,0.0034063751107273,0.0088989676231074,-0.0054925925123801,324.2960144042969,321.45973205566406,318.3009094238281,1.008823134177632,1.0099240138444905,0.0185224967404911,0.0481985424103832,19010440.0,0.9668897721462016,-0.0020085965470194,0.0148784146903913,0.0027459063379537,0.001157073373474,0.0022291974398034,0.0140793454539771,-0.0109861336215357,3,9,0,0,1,xg_MSFT,0.3622664638704021,6.529615988822237
2023-09-08,327.9436340332031,329.79787848396427,323.2246699296337,323.8427514132207,19530100,57.63353918934809,318.8906448364258,322.0180597637273,0.7335198308495592,-0.8289885648633244,308.4085007353265,318.8906448364258,329.37278893752506,0.0132157672357968,0.0198619577753194,0.0446915833263985,0.0131292008440748,0.0082251205266918,0.0102220681216087,0.8045647773104603,1.6065613423623983,0.0198619577753194,0.0446915833263985,-0.0248296255510791,325.5733642578125,322.8626647949219,318.8906448364258,1.0083958281909504,1.012455743129541,0.0203776464241721,0.0625156411511886,18635310.0,1.0480158366026084,-0.0089222204405192,-0.0020085965470194,0.0148784146903913,-0.0031325784277542,0.0145504794952651,-0.0214984423548584,-0.0012623923788409,4,9,0,0,1,xg_MSFT,0.3310024821723475,5.966103174003989
2023-09-11,331.5442199707031,332.01514636855427,329.0817141298704,330.8574560496714,16583300,61.28850820185058,319.75439300537107,322.9253131167726,1.3745002012239524,-0.3882908116458691,308.0948145628149,319.75439300537107,331.4139714479272,0.010979282912793,0.02823587134569,0.0463186893251337,0.0109194481496368,0.0083453511975682,0.0102404410085841,0.8148610327954242,1.3154590135138182,0.02823587134569,0.0463186893251337,-0.0180828179794436,327.39423828125,324.3303527832031,319.75439300537107,1.0094468046908176,1.0143108582022051,0.0230432166078903,-0.1508850441113972,18125230.0,0.9149290795205955,0.0132157672357968,-0.0089222204405192,-0.0020085965470194,0.0027459063379537,0.001157073373474,0.0094071324077826,0.0170627572021517,0,9,0,0,0,xg_MSFT,0.3451211992611198,6.220583811984008
2023-09-12,325.490966796875,330.41597829482106,325.2064768442106,329.46433515175244,17565500,53.008885810255954,320.1671630859375,323.1696610863062,1.3781483840754731,-0.0350029725016006,308.3003707874149,320.1671630859375,332.03395538446006,-0.0182577551023601,-0.0053364245340117,0.0249304865198862,-0.0184264848191446,0.0110575750772783,0.0111202353121235,0.9942757946344464,-1.6510043088529285,-0.0053364245340117,0.0249304865198862,-0.030266911053898,327.04498291015625,325.12207946777346,320.1671630859375,1.005914404353991,1.0154760292532123,0.0211306012326631,0.059228259755296,18400930.0,0.9545984904023356,0.010979282912793,0.0132157672357968,-0.0089222204405192,0.0148784146903913,-0.0031325784277542,0.0022291974398034,0.0018018416764384,1,9,0,0,1,xg_MSFT,0.4341330103022434,7.824963467662179
2023-09-13,329.6997985839844,330.4748555977099,324.90236123727334,325.0396960586879,16544400,57.32562728195132,320.8970855712891,323.79157894322793,1.7010485173715324,0.312207325473026,308.55587061221763,320.8970855712891,333.23830053036056,0.0129307176433437,0.0095530741291864,0.0232941526592369,0.0128478296831442,0.0108720835771287,0.011237406829689,0.9674043431500806,1.1892410788180805,0.0095530741291864,0.0232941526592369,-0.0137410785300504,327.6689514160156,325.8726043701172,320.89708557128904,1.005512421178732,1.0155050295641368,0.0205394903903818,-0.0581309954171529,18126910.0,0.912698303240822,-0.0182577551023601,0.010979282912793,0.0132157672357968,-0.0020085965470194,0.0027459063379537,0.0145504794952651,0.0140793454539771,2,9,0,0,1,xg_MSFT,0.35459895818063136,6.391414215433069
2023-09-14,332.2897644042969,334.40885782457457,330.20007206541044,332.73122972518746,20267000,59.77446110694255,321.7947677612305,324.6009299395202,2.1412547440259004,0.678016809183601,308.8651466075823,321.7947677612305,334.7243889148787,0.0078555274569049,0.0266435864140424,0.030140719574391,0.0078248334414228,0.0109954809538168,0.0112436350025824,0.9778424067381069,0.714367395341906,0.0266435864140424,0.030140719574391,-0.0034971331603486,329.3936767578125,326.8448455810547,321.79476776123045,1.0077982908747622,1.0156934739957344,0.0228683209975028,0.2250066487754165,18631400.0,1.0877872838326113,0.0129307176433437,-0.0182577551023601,0.010979282912793,-0.0089222204405192,0.0148784146903913,0.001157073373474,-0.0214984423548584,3,9,0,0,0,xg_MSFT,0.39302424991097457,7.084004958106302
2023-09-15,323.97027587890625,331.01438041340634,323.41105648154235,330.5434840282613,37679800,49.87403374275488,322.44914245605474,324.54086764803316,1.7980809965698086,0.9020296466608424,310.5621392287459,322.44914245605474,334.3361456833636,-0.0250368486080369,-0.012115978912079,0.007505331801682,-0.0253556021426204,0.0141021206920048,0.0125196443615104,1.1263095001209344,-1.7752701089930047,-0.012115978912079,0.007505331801682,-0.019621310713761,328.5990051269531,327.0861846923828,322.4491424560547,1.004625143174399,1.014380693342858,0.0189827991293778,0.859170079439483,19758280.0,1.907038466910991,0.0078555274569049,0.0129307176433437,-0.0182577551023601,0.0132157672357968,-0.0020085965470194,-0.0031325784277542,0.0094071324077826,4,9,0,0,0,xg_MSFT,0.4133286556406508,7.449978586687768
2023-09-18,322.8322448730469,324.14688059021836,320.1833327948617,321.59608191122635,16834200,48.68611817922745,323.0662384033203,324.37814166946305,1.4179386242029182,1.0052114421692575,312.5962678736278,323.0662384033203,333.5362089330128,-0.0035127636409605,-0.0262769626881931,0.0012169557196777,-0.0035189478819246,0.014146850688383,0.0125618615456777,1.126085059279372,-0.2482895613144198,-0.0262769626881931,0.0012169557196777,-0.0274939184078708,326.8566101074219,327.12542419433595,323.0662384033203,0.9991782537613024,1.0125645620262804,0.011740994786912,-0.553230112686373,19947500.0,0.8439253039227551,-0.0250368486080369,0.0078555274569049,0.0129307176433437,0.010979282912793,-0.0089222204405192,0.0027459063379537,0.0022291974398034,0,9,0,0,0,xg_MSFT,0.38141064750587517,6.8746773732617665
2023-09-19,322.4299621582031,323.1559772730054,318.36833139161627,319.99691781454794,16505900,48.248638284038606,323.3983291625977,324.1926007636288,1.0718565076407458,1.0185404552635553,313.4943173132825,323.3983291625977,333.30234101191286,-0.001246104505459,-0.0094042690916891,-0.0146905084533955,-0.001246881539255,0.0131750088191308,0.0120657335238871,1.0918455100586877,-0.09457374555258,-0.0094042690916891,-0.0146905084533955,0.0052862393617064,326.2444091796875,326.6446960449219,323.39832916259763,0.9987745496250784,1.0100382920676505,0.0088269712840565,-0.0195019662354017,19742700.0,0.8360507934577928,-0.0035127636409605,-0.0250368486080369,0.0078555274569049,-0.0182577551023601,0.0132157672357968,0.0148784146903913,0.0145504794952651,1,9,0,0,0,xg_MSFT,0.36088658290563214,6.504744537255975
2023-09-20,314.69915771484375,323.35223927183466,314.44409878418986,323.27376651009695,21436500,40.683024294123854,323.3154296875,323.28846333041116,0.171792312486275,0.8491908267080993,313.1392471222812,323.3154296875,333.4916122527188,-0.0239766937030689,-0.0454978769582703,-0.0363794474203867,-0.0242688134515596,0.0149936710473213,0.01330162857858,1.1271209264208308,-1.5990143183135843,-0.0454978769582703,-0.0363794474203867,-0.0091184295378835,323.24428100585936,325.4566162109375,323.3154296875,0.993202365246604,1.006622593068036,-0.0002260847539512,0.2987174283135121,20132770.0,1.0647566132230657,-0.001246104505459,-0.0035127636409605,-0.0250368486080369,0.0129307176433437,0.010979282912793,-0.0020085965470194,0.001157073373474,2,9,0,0,0,xg_MSFT,0.38753814912067863,6.985121580788158
2023-09-21,313.48260498046875,319.1924634099481,309.0383405191742,313.21772575271143,35560400,39.62991559406693,322.94899749755854,322.3545720589881,-0.632390876915224,0.5528744859834347,311.90256102710543,322.94899749755854,333.99543396801164,-0.003865764189548,-0.0565986721184269,-0.0314630773158919,-0.0038732555687692,0.0148789565524704,0.0128880887944028,1.1543838970937697,-0.2597967390507125,-0.0565986721184269,-0.0314630773158919,-0.025135594802535,319.48284912109375,324.4382629394531,322.9489974975586,0.984726173252616,1.004611457082804,-0.0110569081709678,0.6588715508595153,21850710.0,1.6274253788548918,-0.0239766937030689,-0.001246104505459,-0.0035127636409605,0.0078555274569049,-0.0182577551023601,-0.0089222204405192,-0.0031325784277542,3,9,0,0,0,xg_MSFT,0.448316155505683,8.080605380255273
2023-09-22,311.0103454589844,315.3663173545135,310.166606068044,315.23877291658,21447900,37.505207161235774,322.8037994384766,321.2741695256544,-1.452459481414735,0.1518076925038008,311.19530003052995,322.8037994384766,334.4122988464232,-0.0078864328744442,-0.0400034552082365,-0.0516347531006023,-0.0079176952604695,0.0137638245936484,0.0120873560686525,1.1386018508621436,-0.5729410368282711,-0.0400034552082365,-0.0516347531006023,0.0116312978923658,316.8908630371094,322.74493408203125,322.8037994384766,0.9818616175600948,0.9998176435452504,-0.0190120248014288,-0.396859990326318,22042490.0,0.9730252798118102,-0.003865764189548,-0.0239766937030689,-0.001246104505459,-0.0250368486080369,0.0129307176433437,0.0132157672357968,0.0027459063379537,4,9,0,0,1,xg_MSFT,0.44232898635688617,7.972690573612414
2023-09-25,311.5302734375,311.65781785899316,309.0383368775715,310.59824108043864,17836000,38.25494970709095,322.53694610595704,320.3461794220206,-2.036935392848534,-0.2859409245666661,310.1355573658334,322.53694610595704,334.9383348460807,0.0016717385325184,-0.0350088060131396,-0.0603658436119671,0.0016703427330488,0.012831138452448,0.0118791724950032,1.0800464772582037,0.130277470018999,-0.0350088060131396,-0.0603658436119671,0.0253570375988275,314.63046875,320.74353942871096,322.53694610595704,0.9809409390143938,0.994439686061091,-0.0253794832480166,-0.1684034334363737,22167760.0,0.8045918938133215,-0.0078864328744442,-0.003865764189548,-0.0239766937030689,-0.0035127636409605,0.0078555274569049,0.010979282912793,0.0148784146903913,0,9,0,0,0,xg_MSFT,0.42222078079997705,7.610253324775908
2023-09-26,306.2325134277344,309.9017213341856,304.1526109858872,309.1659156883459,26297600,33.804747037705056,321.96988677978516,319.0020207558981,-2.894258510644306,-0.8076044417821943,307.7143749022865,321.96988677978516,336.2253986572838,-0.0170056025416369,-0.0502355569626662,-0.0591673973587076,-0.0171518582831931,0.0127051548127065,0.0123902236343728,1.0253349618727583,-1.338375204167262,-0.0502355569626662,-0.0591673973587076,0.0089318403960414,311.39097900390624,318.81769409179685,321.96988677978516,0.9767054488332374,0.990209666128981,-0.0345453448344418,0.4744113029827315,23040970.0,1.1413408376469767,0.0016717385325184,-0.0078864328744442,-0.003865764189548,-0.001246104505459,-0.0250368486080369,-0.0182577551023601,-0.0020085965470194,1,9,0,0,1,xg_MSFT,0.48296542863677916,8.705135858237393
2023-09-27,306.87017822265625,308.3515797645924,303.82884250383796,306.3894315511619,19410100,34.78808755594292,321.2036682128906,317.8466071813036,-3.4820995621926727,-1.34250346586429,305.43226105993614,321.2036682128906,336.97507536584504,0.0020822896556094,-0.0248776626827883,-0.0692436588053078,0.0020801246953663,0.0112931366437636,0.0118281771649808,0.9546848852002892,0.1843690864816313,-0.0248776626827883,-0.0692436588053078,0.0443659961225194,309.82518310546874,316.53473205566405,321.20366821289065,0.9788031193081984,0.985464250196134,-0.0370791491481,-0.2619060294475541,23327540.0,0.8320680191738679,-0.0170056025416369,0.0016717385325184,-0.0078864328744442,-0.0239766937030689,-0.0035127636409605,0.0129307176433437,-0.0089222204405192,2,9,0,0,1,xg_MSFT,0.47246692386593064,8.515907178668028
2023-09-28,307.7041320800781,309.50930504825243,303.59342871178666,305.1042614505791,19683600,36.12451553738748,320.4605072021484,316.8806571716631,-3.836450510680436,-1.8412928748275192,303.5967549020036,320.4605072021484,337.32425950229316,0.0027176112786586,-0.0184331532550288,-0.0739885333762655,0.002713925249747,0.010635234014671,0.0118577562993542,0.8968254129018701,0.255505028839167,-0.0184331532550288,-0.0739885333762655,0.0555553801212367,308.66948852539065,314.0761688232422,320.46050720214845,0.9827854487715229,0.9800776125749592,-0.0383193381156456,0.0140906023152893,23269200.0,0.8459078954153626,0.0020822896556094,-0.0170056025416369,0.0016717385325184,-0.003865764189548,-0.001246104505459,0.0078555274569049,0.0132157672357968,3,9,0,0,1,xg_MSFT,0.47387076909245157,8.541210570373096
2023-09-29,309.774169921875,313.42376704064515,309.0187535875625,311.73631826659,24147300,39.44201590150098,319.87137145996087,316.2038488621595,-3.9052244400853056,-2.2540791878790767,302.3581384779246,319.87137145996087,337.3846044419971,0.0067273644582002,-0.0039747087360874,-0.043819161861434,0.0067048367203526,0.0095375228117892,0.0120246189825598,0.7931003656128667,0.7052836787144261,-0.0039747087360874,-0.043819161861434,0.0398444531253466,308.42225341796876,312.65655822753905,319.8713714599609,0.9864570094624764,0.977444642202608,-0.0369595633001926,0.2267725416082424,21915950.0,1.1018139756660743,0.0027176112786586,0.0020822896556094,-0.0170056025416369,-0.0078864328744442,-0.0239766937030689,-0.0250368486080369,0.010979282912793,4,9,0,0,1,xg_MSFT,0.4586290839022787,8.266489167096996
2023-10-02,315.7095947265625,315.7979177319469,309.21488977062666,310.294077136417,20570000,47.81168441849746,319.5348587036132,316.15677703972165,-3.4411219850845782,-2.491487747320177,301.97085962258956,319.5348587036132,337.0988577846369,0.0191604897405888,0.013415457968007,-0.0220630072107119,0.0189792391312311,0.0121239694985268,0.0128806297054616,0.941182891896548,1.5802505517986445,0.013415457968007,-0.0220630072107119,0.035478465178719,309.25811767578125,311.9442932128906,319.5348587036133,0.9913889255371756,0.9762449533001863,-0.0325512470938134,-0.1481449271761232,22289530.0,0.9228548112050402,0.0067273644582002,0.0027176112786586,0.0020822896556094,0.0016717385325184,-0.003865764189548,-0.0035127636409605,-0.0182577551023601,0,10,0,0,0,xg_MSFT,0.4295877794064626,7.743038654603589
2023-10-03,307.4588623046875,315.30745601689233,305.3200977637049,314.75802691222975,21033500,39.61525531871147,318.5459396362304,315.3284042078136,-3.696471970118637,-2.732484591879869,300.58521910588695,318.5459396362304,336.50666016657385,-0.02613392991436,0.004004633156768,-0.0464320987829596,-0.0264814898398313,0.0142781278166725,0.0134748184552536,1.0595369672040986,-1.830218921623887,0.004004633156768,-0.0464320987829596,0.0504367319397276,309.5033874511719,310.4471832275391,318.54593963623046,0.9969598829451274,0.9745758604930268,-0.0294106083567613,0.0225328147788039,22742290.0,0.92486288759835,0.0191604897405888,0.0067273644582002,0.0027176112786586,-0.0170056025416369,-0.0078864328744442,-0.001246104505459,0.0129307176433437,1,10,0,0,1,xg_MSFT,0.5030838883407208,9.067757931365112
2023-10-04,312.9234313964844,313.9830083427308,308.0573115463436,308.086742575961,20720100,46.194356613875584,317.86311340332026,315.0993591781632,-3.4184874214963656,-2.8696851578031684,300.1517867558702,317.86311340332026,335.5744400507703,0.0177733341326864,0.0197257785324322,-0.0056426154148413,0.0176172353134518,0.0141021562933673,0.0142567415070578,0.9890876676636684,1.2602380462198477,0.0197257785324322,-0.0056426154148413,0.0253683939472736,310.7140380859375,310.2696105957031,317.8631134033203,1.001432391297946,0.9761107769746716,-0.02284608501664,-0.0149000404117241,22670650.0,0.9139614435403964,-0.02613392991436,0.0191604897405888,0.0067273644582002,0.0020822896556094,0.0016717385325184,-0.0239766937030689,0.0078555274569049,2,10,0,0,1,xg_MSFT,0.43993722681838704,7.929580672803078
2023-10-05,313.3157653808594,313.92405638543994,308.94018390404534,313.0508861901558,16965600,46.64383481892495,317.34559478759763,314.9294931022295,-3.1304388399589698,-2.921835894234329,299.74368425785093,317.34559478759763,334.94750531734434,0.0012537699162511,0.0182371073889928,-0.0005322132614655,0.0012529846030826,0.0140582787958824,0.0141794404036876,0.9913852035389918,0.0891773991008942,0.0182371073889928,-0.0005322132614655,0.0187693206504584,311.83636474609375,310.2529266357422,317.34559478759763,1.005103700801542,0.9776500185653983,-0.017583634946703,-0.1812008629301982,20811170.0,0.8152160594526491,0.0177733341326864,-0.02613392991436,0.0191604897405888,0.0027176112786586,-0.0170056025416369,-0.003865764189548,-0.0250368486080369,3,10,0,0,1,xg_MSFT,0.4932446092344092,8.890411363083151
2023-10-06,321.0663757324219,322.95984189117127,310.31378015794706,310.55904872586825,25673600,54.69551735310095,317.0017318725586,315.5139581146288,-2.2508029279180732,-2.787629300971078,300.01356014345663,317.0017318725586,333.98990360166056,0.0247373774573425,0.036453025807138,0.0323334269109181,0.0244363626463712,0.0157044738981278,0.0150191477228828,1.045560548928718,1.5750799764336512,0.036453025807138,0.0323334269109181,0.0041195988962199,314.0948059082031,311.25852966308594,317.0017318725586,1.0091122844028957,0.9818827418527116,-0.0090539719636606,0.513273918989013,21233740.0,1.209094582489886,0.0012537699162511,0.0177733341326864,-0.02613392991436,0.0067273644582002,0.0020822896556094,-0.0078864328744442,-0.0035127636409605,4,10,0,0,1,xg_MSFT,0.43319381341000307,7.808035058174022
2023-10-09,323.5778503417969,324.0487467241728,317.06350427889305,318.6037977229235,19891200,56.96189732226186,316.6034133911133,316.28194785054956,-1.3356337638570608,-2.497230193548275,300.71280960942426,316.6034133911133,332.49401717280233,0.0078222909628757,0.0249224469153339,0.0386722509223935,0.0077918554588025,0.0157540491851662,0.0149032986635313,1.0570137878217691,0.496494226767675,0.0249224469153339,0.0386722509223935,-0.0137498040070596,315.66845703125,312.4632873535156,316.6034133911133,1.0102577480537998,0.986923305743128,-0.0028894325086704,-0.2252274710208152,21439260.0,0.9277932167434452,0.0247373774573425,0.0012537699162511,0.0177733341326864,0.0191604897405888,0.0027176112786586,0.0016717385325184,-0.001246104505459,0,10,0,0,0,xg_MSFT,0.41338754542018114,7.451040036433603
2023-10-10,322.1748962402344,324.833598322837,321.4685217823471,324.6962335954693,20557100,55.29772547621033,316.4376098632812,316.84318103051953,-0.7153165549440814,-2.140847465827436,300.8715765315787,316.4376098632812,332.0036431949837,-0.0043357544407954,0.0478634241512396,0.0520597327633602,-0.0043451810816819,0.0143298423905758,0.014375988774713,0.9967207052272212,-0.3025470745283434,0.0478634241512396,0.0520597327633602,-0.0041963086121206,318.6116638183594,314.0575256347656,316.43760986328124,1.0145009681725952,0.992478503963091,0.0067480551105913,0.0334771155083655,20865210.0,0.9852333142105456,0.0078222909628757,0.0247373774573425,0.0012537699162511,-0.02613392991436,0.0067273644582002,-0.0170056025416369,-0.0239766937030689,1,10,0,0,1,xg_MSFT,0.3989992591729459,7.19170059074506
2023-10-11,326.128662109375,326.5210857572993,322.91074029238723,324.9415409038971,20063200,58.93855327962155,316.2590530395507,317.7275125618391,0.0942388382376293,-1.6938302050144232,301.2620371034989,316.2590530395507,331.25606897560243,0.0122721103204528,0.0421995587034169,0.0627577563849992,0.0121974184383883,0.0144468702915447,0.014344533271227,1.0070640120797012,0.8494061804828625,0.0421995587034169,0.0627577563849992,-0.0205581976815822,321.2527099609375,315.9833740234375,316.2590530395508,1.016675991114359,0.9991283126491912,0.0153119228745126,-0.0240257623886637,20930520.0,0.9585619468603284,-0.0043357544407954,0.0078222909628757,0.0247373774573425,0.0177733341326864,0.0191604897405888,0.0020822896556094,-0.003865764189548,2,10,0,0,0,xg_MSFT,0.392057485727993,7.066579666239165
2023-10-12,324.89251708984375,327.3157714229003,322.4986937835042,324.313686937738,19313100,57.36542586857936,315.88919067382807,318.4098939454586,0.6288220781953555,-1.2292997483724677,302.2537735980789,315.88919067382807,329.5246077495772,-0.0037903599503826,0.0369491515848618,0.0558601046192399,-0.003797561568235,0.0147642454649541,0.0142256775526846,1.0377859068133637,-0.2567082246874416,0.0369491515848618,0.0558601046192399,-0.018910953034378,323.56806030273435,317.70221252441405,315.8891906738281,1.0184633519915116,1.005739423519743,0.0236351076894232,-0.0373868575302045,20893470.0,0.9243605777307012,0.0122721103204528,-0.0043357544407954,0.0078222909628757,0.0012537699162511,-0.02613392991436,0.0027176112786586,-0.0078864328744442,3,10,0,0,0,xg_MSFT,0.41677459139573886,7.512089324078372
2023-10-13,321.5274658203125,327.5119946274533,320.1833689854534,326.08945496838265,21072400,53.20245789959149,315.7670501708984,318.7068055525875,0.7720518990748815,-0.8290294188829977,302.39520475302714,315.7670501708984,329.1388955887697,-0.0103574292805294,0.0014361207611317,0.0379414975154372,-0.0104114407213193,0.0155787323986159,0.0132682540447819,1.174047338760701,-0.6648014879542802,0.0014361207611317,0.0379414975154372,-0.0365053767543055,323.6602783203125,318.87754211425784,315.7670501708984,1.0149986611610953,1.0098505906226631,0.0245491567237533,0.0910936100367107,20585980.0,1.0236287026412625,-0.0037903599503826,0.0122721103204528,-0.0043357544407954,0.0247373774573425,0.0177733341326864,0.0067273644582002,0.0016717385325184,4,10,0,0,1,xg_MSFT,0.4536084041698592,8.175994699833003
2023-10-16,326.3445129394531,329.7782723940854,324.34311333126567,324.78457872571454,22158000,57.91108667843206,315.9426635742187,319.43420625609855,1.2597365500193405,-0.4112762251025301,302.0962988373931,315.9426635742187,329.7890283110444,0.0149817593556149,0.0085502224417828,0.0336857618220363,0.0148706412540571,0.0151728885854862,0.0136705480573382,1.1098149618354431,0.9873381678803782,0.0085502224417828,0.0336857618220363,-0.0251355393802534,324.21361083984374,319.9410339355469,315.9426635742187,1.0133542636020785,1.0126553670089855,0.0253442204102862,0.0515176249501718,20744780.0,1.0681241256836145,-0.0103574292805294,-0.0037903599503826,0.0122721103204528,0.0078222909628757,0.0012537699162511,0.0191604897405888,-0.0170056025416369,0,10,0,0,0,xg_MSFT,0.4195138280859106,7.561462273200465
2023-10-17,325.77545166015625,327.148949363288,321.21346324546664,323.3521975217721,18338500,57.17915263260989,316.1099380493164,320.0381343898183,1.582074490159869,-0.0126060820500503,301.8586763017078,316.1099380493164,330.36119979692495,-0.0017437439783228,0.0111757789385211,0.0595741141373158,-0.0017452660695358,0.0113801839305892,0.0136745949856545,0.832152746738033,-0.1532128809232416,0.0111757789385211,0.0595741141373158,-0.0483983351987946,324.9337219238281,321.77269287109374,316.1099380493164,1.0098237952528828,1.0179138778638903,0.0270854781400673,-0.1723756656737972,20475280.0,0.8956409875713106,0.0149817593556149,-0.0103574292805294,-0.0037903599503826,-0.0043357544407954,0.0247373774573425,-0.02613392991436,0.0020822896556094,1,10,0,0,0,xg_MSFT,0.3611249260002503,6.509040515594177
2023-10-18,323.8623352050781,329.23863169332765,322.086593597573,326.197296197931,23153600,54.67717536312251,316.56809692382814,320.4023439912716,1.6639758429685116,0.322710302953662,301.92404757683045,316.56809692382814,331.2121462708258,-0.0058725003536296,-0.0069491803929113,0.0349571259645744,-0.0058898112894194,0.0110827790228225,0.0125114655965456,0.8857390206037591,-0.529828350198753,-0.0069491803929113,0.0349571259645744,-0.0419063063574858,324.48045654296874,322.8665832519531,316.56809692382814,1.004998576423613,1.0198961499573993,0.0244312436459469,0.2625678217956757,20718630.0,1.1175256279010188,-0.0017437439783228,0.0149817593556149,-0.0103574292805294,0.0122721103204528,0.0078222909628757,0.0177733341326864,0.0027176112786586,2,10,0,0,1,xg_MSFT,0.41838956432834984,7.541198154549813
2023-10-19,325.0494689941406,330.50423844384994,324.6472250314816,325.86374730098373,25052100,55.964797934006874,317.1464401245118,320.8449273248782,1.803881013180046,0.6189444449989389,302.10717463590925,317.1464401245118,332.18570561311435,0.0036655506368494,0.0004830887017734,0.0374500900043062,0.0036588488782109,0.0110547514849273,0.0124543454436586,0.8875507736764964,0.3315514681970606,0.0004830887017734,0.0374500900043062,-0.0369670013025327,324.5118469238281,324.0399536132812,317.14644012451174,1.001456281255706,1.021736058226172,0.0226593411215482,0.0819958883283809,21527280.0,1.1637373602238108,-0.0058725003536296,-0.0017437439783228,0.0149817593556149,-0.0037903599503826,-0.0043357544407954,0.0012537699162511,0.0067273644582002,3,10,0,0,0,xg_MSFT,0.3490191966591842,6.2908426647159414
2023-10-20,320.4874572753906,325.63809578377646,319.2905457958418,325.441869007456,25027700,50.077019014280104,317.62029571533213,320.81088255826035,1.529015114691333,0.8009585789374177,302.79945256143986,317.62029571533213,332.4411388692244,-0.0140348228620925,-0.0032345869497292,-0.0018031114460697,-0.0141342423075254,0.0095709826397901,0.0127799142678407,0.7488496080341162,-1.4662398993235315,-0.0032345869497292,-0.0018031114460697,-0.0014314755036595,324.30384521484376,323.9820617675781,317.620295715332,1.0009932137770532,1.0200294695838577,0.0208543247100265,-0.0009739702460073,21462690.0,1.1661026646705903,0.0036655506368494,-0.0058725003536296,-0.0017437439783228,-0.0103574292805294,0.0122721103204528,0.0247373774573425,0.0191604897405888,4,10,0,0,1,xg_MSFT,0.4047453814293958,7.29527068486469
2023-10-23,323.08734130859375,326.4328077015871,318.25065300887303,319.31019990102027,24374700,53.104949010741656,318.1981491088868,321.0276881535302,1.5036378223452402,0.9414944276189824,303.4762031827406,318.1981491088868,332.920095035033,0.0081122801350976,-0.0099807764546777,-0.0015158918717241,0.0080795524687946,0.0095981862122817,0.0128632312606966,0.7461142463760372,0.8451008195588898,-0.0099807764546777,-0.0015158918717241,-0.0084648845829535,323.65241088867185,323.9330108642578,318.1981491088867,0.999133771594203,1.0180229261905878,0.0168816944597515,-0.0260910910710931,21911040.0,1.1124392087276045,-0.0140348228620925,0.0036655506368494,-0.0058725003536296,0.0149817593556149,-0.0037903599503826,0.0078222909628757,-0.02613392991436,0,10,0,0,1,xg_MSFT,0.3898497418398991,7.026786527131264
2023-10-24,324.2744445800781,325.5596493490343,321.3999044443215,325.02986091343166,31153600,54.46303907465086,319.1002456665039,321.3369030512967,1.5613175514534987,1.0654590523858856,305.2821499662417,319.1002456665039,332.9183413667661,0.0036742487857193,-0.0046074898290493,0.006516796821681,0.0036675152224665,0.009540433211054,0.0120701210887852,0.7903518770860203,0.3850835303717878,-0.0046074898290493,0.006516796821681,-0.0111242866507303,323.3522094726562,324.14296569824216,319.1002456665039,0.9975604708129866,1.0158029337182288,0.0131122383438462,0.2781121408673748,22970690.0,1.3562326599679264,0.0081122801350976,-0.0140348228620925,0.0036655506368494,-0.0017437439783228,-0.0103574292805294,-0.0043357544407954,0.0177733341326864,1,10,0,0,1,xg_MSFT,0.42661840986266647,7.68951771136544
2023-10-25,334.2225341796875,339.64787287454516,331.2302401447983,338.4901826566504,55053800,63.898492347261666,320.46786346435545,322.56410601590534,2.382295226917961,1.328826287292301,306.33566511718783,320.46786346435545,334.60006181152306,0.0306779944145514,0.031989514829037,0.0248180335268968,0.0302168326964276,0.0131250801284812,0.0135648450715527,0.9675092159208192,2.33717866371893,0.031989514829037,0.0248180335268968,0.0071714813021401,325.42424926757815,324.9523529052734,320.46786346435545,1.001452201709222,1.0139935698776137,0.0148295979365592,0.7671729751938781,26469750.0,2.0798760849648343,0.0036742487857193,0.0081122801350976,-0.0140348228620925,-0.0058725003536296,0.0149817593556149,0.0122721103204528,0.0012537699162511,2,10,0,0,0,xg_MSFT,0.44861703316281953,8.086028503167972
2023-10-26,321.6844177246094,335.1643669777935,320.75238530520863,334.0949997460641,37828500,49.87241023664296,321.16687774658203,322.4803261786391,1.998171064817825,1.4626952427974056,308.3732926832488,321.16687774658203,333.96046280991527,-0.0375142761868273,-0.0103524281394593,-0.0098743405787558,-0.0382360453320975,0.018258525967646,0.0164897987616761,1.1071947594241471,-2.0545043860009695,-0.0103524281394593,-0.0098743405787558,-0.0004780875607035,324.75123901367186,324.63154296875,321.16687774658203,1.0003687135385158,1.01078774139624,0.0111424771284954,-0.3128812180085661,28321290.0,1.3356912767744218,0.0306779944145514,0.0036742487857193,0.0081122801350976,0.0036655506368494,-0.0017437439783228,-0.0037903599503826,0.0247373774573425,3,10,0,0,1,xg_MSFT,0.405228423941244,7.303977210097378
2023-10-27,323.5680847167969,330.347311140755,322.1847664797221,324.17634594018955,29856500,51.59159690107341,321.8565734863281,322.5839222298922,1.8247119393034268,1.5350985820986098,310.21347263116417,321.8565734863281,333.49967434149204,0.0058556364200397,0.0096123182716605,0.0063466394426932,0.0058385588154967,0.0180381174912276,0.0164787783401046,1.0945606863734716,0.3246076989568527,0.0096123182716605,0.0063466394426932,0.0032656788289673,325.36736450195315,324.8356048583984,321.8565734863281,1.001637011570165,1.009255772966827,0.0108502388877378,-0.2107405791929365,29199700.0,1.022493381781285,-0.0375142761868273,0.0306779944145514,0.0036742487857193,-0.0140348228620925,-0.0058725003536296,-0.0103574292805294,0.0078222909628757,4,10,0,0,1,xg_MSFT,0.400669861230404,7.22181209979504
2023-10-30,330.9261474609375,333.02566069281073,325.54984988044805,327.09996393650596,22828100,57.69512157133572,322.6174011230468,323.37841987094413,2.2549844451788204,1.679075754714652,310.6806098007815,322.6174011230468,334.55419244531214,0.0227403847650202,0.024262189043354,0.0140392571035334,0.0224856764290057,0.0188647488645933,0.0166895365420411,1.1302661731140655,1.205379385055779,0.024262189043354,0.0140392571035334,0.0102229319398206,326.93512573242185,325.29376831054685,322.6174011230469,1.00504576964508,1.0082957930297107,0.0130473963526398,-0.235406025488587,29266710.0,0.780002261955622,0.0058556364200397,-0.0375142761868273,0.0306779944145514,0.0081122801350976,0.0036655506368494,0.0149817593556149,-0.0043357544407954,0,10,0,0,1,xg_MSFT,0.36915715769092977,6.6538162365180655
2023-10-31,331.7109680175781,332.5841383863149,328.355711175483,332.4369832511366,20265300,58.29906643501347,323.83000640869136,324.1719958849093,2.6290014734436227,1.8690608984604464,313.56697498240106,323.83000640869136,334.09303783498166,0.002371588230976,0.0229328075702357,0.0182196550635549,0.0023687804539918,0.018829620302646,0.0152735999187094,1.232740654606751,0.125943181523489,0.0229328075702357,0.0182196550635549,0.0047131525066808,328.42243041992185,325.88731994628904,323.8300064086914,1.0077791012981132,1.0063530664141147,0.0138446552993902,-0.1122651469022827,29459390.0,0.6879063008432732,0.0227403847650202,0.0058556364200397,-0.0375142761868273,0.0036742487857193,-0.0140348228620925,-0.0017437439783228,0.0122721103204528,1,10,0,1,1,xg_MSFT,0.42675054850607136,7.691899423957601
2023-11-01,339.5203552246094,340.84481138122624,333.22184569359115,333.3592104526516,28158800,63.83207899819032,325.1598526000977,325.63374439345216,3.515045686195606,2.198257856007478,313.9942996863302,325.1598526000977,336.3254055138652,0.0235427464268151,0.0158511784907764,0.0483477648292018,0.0232698901975547,0.019744155275964,0.0156001198163182,1.2655601334022442,1.1923302753396898,0.0158511784907764,0.0483477648292018,-0.0324965863384254,329.48199462890625,327.4531219482422,325.1598526000977,1.006195917964052,1.0070527444572468,0.0127301411014054,0.3895081740709489,29959910.0,0.93988266319889,0.002371588230976,0.0227403847650202,0.0058556364200397,0.0306779944145514,0.0081122801350976,-0.0058725003536296,-0.0037903599503826,2,11,1,0,1,xg_MSFT,0.4002695084227392,7.2145960023783235
2023-11-02,341.727783203125,342.22811070154637,338.2449517203371,340.6682062676254,24348100,65.23617779828238,326.58045349121096,327.16650999437337,4.34527349007152,2.6276609828202866,314.5626399501962,326.58045349121096,338.5982670322257,0.0065016071777355,0.0623075423431747,0.0513100798490613,0.0064805628949793,0.019744676252545,0.0155920362222366,1.266249623943534,0.3292673846456637,0.0623075423431747,0.0513100798490613,0.0109974624941133,333.49066772460935,329.12095336914064,326.58045349121096,1.0132769254304137,1.007779093484534,0.0202214001115938,-0.1353289202664886,29889510.0,0.8146035180904333,0.0235427464268151,0.002371588230976,0.0227403847650202,-0.0375142761868273,0.0036742487857193,0.0036655506368494,-0.0103574292805294,3,11,0,0,1,xg_MSFT,0.3978953217775935,7.171802841474152
2023-11-03,346.1229248046875,347.68285894520625,340.7564483684525,343.0129367253001,23637700,67.90762726017336,327.8332809448243,328.97188283345093,5.29682766941437,3.1614943201391035,313.2792520224814,327.8332809448243,342.38730986716723,0.0128615284375341,0.0697066279192268,0.0799889884840912,0.0127795213894668,0.0186352115997284,0.0149940494033619,1.2427575994214688,0.6901364243858216,0.0697066279192268,0.0799889884840912,-0.0102823605648643,338.0016357421875,331.6845001220703,327.8332809448242,1.0190456159928858,1.0117474930127497,0.029377871468933,-0.0291768146179783,29750510.0,0.7945309172850887,0.0065016071777355,0.0235427464268151,0.002371588230976,0.0058556364200397,0.0306779944145514,-0.0140348228620925,0.0149817593556149,4,11,0,0,1,xg_MSFT,0.37588154182322386,6.775018860896009
2023-11-06,349.7823486328125,350.7732430573265,346.66254017187435,346.76065357014403,23828300,69.97637302300782,329.14350585937507,330.95383195719967,6.273904466648332,3.7839763494409495,311.75952687015155,329.14350585937507,346.5274848485986,0.0105726132708197,0.0569800885078166,0.0826247392302543,0.0105171140337256,0.0186548153139401,0.0150447167823095,1.2398754797693692,0.5667194433962668,0.0569800885078166,0.0826247392302543,-0.0256446507224377,341.7728759765625,334.3540008544922,329.143505859375,1.0221886835602692,1.0158304657462796,0.0361063677642729,0.0080633902621658,29695870.0,0.80241124439187,0.0128615284375341,0.0065016071777355,0.0235427464268151,0.0227403847650202,-0.0375142761868273,0.0081122801350976,-0.0017437439783228,0,11,0,0,1,xg_MSFT,0.4090113701060947,7.372162339625955
2023-11-07,353.7066955566406,355.6001616596292,350.86158624054224,352.5980768718827,25833900,72.05665876816137,330.7200958251954,333.1207713476226,7.280976304938747,4.483376340540509,310.50785880330693,330.7200958251954,350.9323328470839,0.0112193966881608,0.0663099193569531,0.0907633995477998,0.0111569260779118,0.0186071699833786,0.0149925973120621,1.2410077179016532,0.6029285361312977,0.0663099193569531,0.0907633995477998,-0.0244534801908467,346.172021484375,337.29722595214844,330.7200958251953,1.026311498729864,1.0198873011044045,0.0436857030225636,0.0841688244650269,29163900.0,0.8858177404256329,0.0105726132708197,0.0128615284375341,0.0065016071777355,0.002371588230976,0.0058556364200397,0.0036742487857193,-0.0058725003536296,1,11,0,0,1,xg_MSFT,0.3140815104661197,5.661113729993738
2023-11-08,356.32611083984375,356.9834136941428,353.72624062685685,354.8348591059033,26767800,73.38237561992443,332.22996826171885,335.3308036802151,8.195974818442437,5.225896036120895,309.1532931310529,332.22996826171885,355.3066433923848,0.0074056140754725,0.0494985215367029,0.0661343099273872,0.0073783271503673,0.0169608629888656,0.0149039483260576,1.1379350412918667,0.4366038141172286,0.0494985215367029,0.0661343099273872,-0.0166357883906842,349.5331726074219,339.50758361816406,332.22996826171874,1.029529793951623,1.0219053548797028,0.0485600235832291,0.0361501747703598,26335300.0,1.0164228241181603,0.0112193966881608,0.0105726132708197,0.0128615284375341,0.0235427464268151,0.0227403847650202,0.0306779944145514,0.0036655506368494,2,11,0,0,0,xg_MSFT,0.3726228362610595,6.716282825232535
2023-11-09,353.8636779785156,357.8860884409739,353.53990670562916,355.4431931692312,24847300,70.01931256761522,333.6785263061524,337.0958393276723,8.623019182609255,5.905320665418567,308.9622659864485,333.6785263061524,358.3947866258563,-0.006910615827519,0.0355133394821953,0.1000336307289044,-0.0069346047156182,0.0090342515008794,0.0150117191570334,0.601773163567567,-0.7648504113965658,0.0355133394821953,0.1000336307289044,-0.0645202912467091,351.9603515625,342.7255096435547,333.6785263061523,1.026945300711785,1.0271128724930343,0.0516634692794259,-0.0717466508267395,25037180.0,0.9924160788075578,0.0074056140754725,0.0112193966881608,0.0105726132708197,0.0065016071777355,0.002371588230976,-0.0375142761868273,-0.0140348228620925,3,11,0,0,1,xg_MSFT,0.37449075502892626,6.74995083888794
2023-11-10,362.6737060546875,363.09556076737016,354.236462100994,354.64849649105355,28042100,74.51877933963532,335.7358383178711,339.53182663500706,9.562124338017384,6.636681399938331,308.5516100601127,335.7358383178711,362.9200665756296,0.0248966724318813,0.0478176395260134,0.1208574738516556,0.0245918001254352,0.0100976339873301,0.0152570168652957,0.6617920321150711,2.465350508110012,0.0478176395260134,0.1208574738516556,-0.0730398343256422,355.2705078125,346.6360717773438,335.73583831787107,1.024909225375432,1.032466696180205,0.053862932902236,0.1285773504565888,24855740.0,1.1281941314158772,-0.006910615827519,0.0074056140754725,0.0112193966881608,0.0128615284375341,0.0235427464268151,0.0058556364200397,0.0081122801350976,4,11,0,0,0,xg_MSFT,0.41202567458473155,7.426493205664737
2023-11-13,359.740234375,361.49636535118015,358.9749977946541,361.2510968326077,19986500,70.7132959283566,337.40562438964844,341.45643689595875,9.954911270649632,7.300327374080592,308.59621039260765,337.40562438964844,366.2150383866892,-0.0080884597662151,0.0284688057619537,0.0870710493417983,-0.0081213488248526,0.0109606481586663,0.0154253468271648,0.7105148277468629,-0.7378871907889494,0.0284688057619537,0.0870710493417983,-0.0586022435798445,357.2620849609375,349.51748046875,337.40562438964844,1.0221579890133132,1.0358970189101364,0.0551966632417054,-0.2872680719346981,24571580.0,0.8133990569592671,0.0248966724318813,-0.006910615827519,0.0074056140754725,0.0105726132708197,0.0065016071777355,0.0227403847650202,0.0036742487857193,0,11,0,0,1,xg_MSFT,0.39634549921454965,7.143868303787802
2023-11-14,363.2622985839844,364.9105258370756,360.3975789598127,363.9883137818955,27683900,72.52732836663753,339.2799667358398,343.53318562815167,10.430166425187622,7.926295184301998,308.82565379744534,339.2799667358398,369.7342796742343,0.0097905762893146,0.0270156125043259,0.0951169349478195,0.0097429591445417,0.0107535890126112,0.015375615435231,0.6993469439297122,0.9103626626581292,0.0270156125043259,0.0951169349478195,-0.0681013224434936,359.17320556640624,352.6726135253906,339.2799667358398,1.0184323698288742,1.039473732912672,0.0547627400589362,0.3851299627248392,25313440.0,1.0936443249119403,-0.0080884597662151,0.0248966724318813,-0.006910615827519,0.0112193966881608,0.0128615284375341,0.002371588230976,0.0306779944145514,1,11,0,0,0,xg_MSFT,0.3910566384153848,7.048540048260301
2023-11-15,363.4097595214844,366.81115702997374,360.8930847744488,364.9924802404826,26860100,72.60384020649988,341.2573379516602,345.42619266561195,10.695418299965922,8.480119807434784,309.89593630478964,341.2573379516602,372.61873959853074,0.0004059351550513,0.0198796789405772,0.070362215193463,0.0004058527856667,0.00976321390579,0.0151926310380476,0.6425859546899019,0.0415737671222741,0.0198796789405772,0.070362215193463,-0.0504825362528857,360.5899353027344,355.0615539550781,341.25733795166013,1.0155702054645874,1.0404510452032345,0.0531977935224695,-0.0297573680008957,25183570.0,1.066572372384016,0.0097905762893146,-0.0080884597662151,0.0248966724318813,0.0074056140754725,0.0105726132708197,0.0235427464268151,-0.0375142761868273,2,11,0,0,1,xg_MSFT,0.39518263933788905,7.1229085153429095
2023-11-16,369.79974365234375,369.97668823321743,363.9111612043172,364.6779510555463,27182300,75.75491642480199,343.49485168457034,347.7474832357769,11.291093935373963,9.04231463302262,310.65185117767186,343.49485168457034,376.3378521914688,0.0175834136630599,0.0450344770191295,0.0821471411721084,0.0174306140045503,0.0103298059379785,0.0154028056258161,0.6706009014205055,1.7020369725869122,0.0450344770191295,0.0821471411721084,-0.0371126641529788,363.7771484375,357.86875,343.49485168457034,1.0165099591330622,1.0418460371238083,0.0548467031172348,0.0119954877308721,25466990.0,1.067354249559879,0.0004059351550513,0.0097905762893146,-0.0080884597662151,-0.006910615827519,0.0112193966881608,0.0065016071777355,0.0058556364200397,3,11,0,0,0,xg_MSFT,0.3381405157268658,6.094761558576419
2023-11-17,363.5867309570313,368.03017560302834,360.7849886688486,367.2830363259732,40157000,67.6119971964107,345.64981536865236,349.2559830187535,11.133492991006392,9.460550304619376,313.5148572388754,345.64981536865236,377.7847734984294,-0.0168010194759719,0.0025174830353047,0.0504555026576132,-0.0169437576266711,0.0127464647313675,0.0156087328465667,0.8165716131503806,-1.3179890927354256,0.0025174830353047,0.0504555026576132,-0.0479380196223084,363.9597534179687,359.61513061523436,345.64981536865236,1.0120813125835433,1.0404030745154234,0.0503592031566197,0.4773216394492003,27118920.0,1.4807743081213605,0.0175834136630599,0.0004059351550513,0.0097905762893146,0.0248966724318813,0.0074056140754725,0.0128615284375341,0.0227403847650202,4,11,0,0,1,xg_MSFT,0.4589313308813017,8.271936971140784
2023-11-20,371.0481567382813,372.4539328697612,364.7172140193924,364.9334895781409,52465100,71.564997439079,348.04785614013673,351.331428134899,11.478352507273884,9.864110745150278,315.84418748905773,348.04785614013673,380.2515247912158,0.0205217219055549,0.0314335770168363,0.0607972591772856,0.0203139885929726,0.0135895185336524,0.0159220064426194,0.8534518014938909,1.5100028637420757,0.0314335770168363,0.0607972591772856,-0.0293636821604492,366.221337890625,361.74171142578126,348.04785614013673,1.0123834944197825,1.039344748269706,0.0489787684440835,0.3064994895036979,29982600.0,1.7498515805833468,-0.0168010194759719,0.0175834136630599,0.0004059351550513,-0.0080884597662151,-0.006910615827519,0.0105726132708197,0.002371588230976,0,11,0,0,0,xg_MSFT,0.3948460160902878,7.116841101549585
2023-11-21,366.752197265625,369.8488471174716,364.8352078331243,369.30817317536815,28423100,66.53017268137641,350.17174377441415,352.8000728140158,11.27503652923997,10.146295901968216,318.9827726792902,350.17174377441415,381.3607148695381,-0.011577902745617,0.009607103999629,0.0368822583028976,-0.0116454485267505,0.0144988503087132,0.0164495014502152,0.8813622096926139,-0.7984842946040409,0.009607103999629,0.0368822583028976,-0.0272751543032685,366.9193176269531,363.0462615966797,350.17174377441404,1.010668216257729,1.0367662955425656,0.045664549462561,-0.4582474826122508,30241520.0,0.9398700858951224,0.0205217219055549,-0.0168010194759719,0.0175834136630599,0.0097905762893146,0.0248966724318813,0.0112193966881608,0.0235427464268151,1,11,0,0,1,xg_MSFT,0.4196248457821464,7.563463294538844
2023-11-22,371.45123291015625,373.358382009187,368.6200000208417,371.5986867063138,23345300,69.09166227093822,352.03317871093753,354.57637377555295,11.36210478556643,10.38945767868786,320.4113601903996,352.03317871093753,383.6549972314755,0.0128125630318389,0.0221278410333845,0.0424474143493533,0.0127311765881872,0.014750101082654,0.0155146833376899,0.9506575225613062,0.868583501668589,0.0221278410333845,0.0424474143493533,-0.0203195733159688,368.5276123046875,364.55877380371095,352.0331787109375,1.010886690394437,1.035580723210918,0.0444053811977509,-0.1786504638832499,29899270.0,0.7807983271832128,-0.011577902745617,0.0205217219055549,-0.0168010194759719,0.0004059351550513,-0.0080884597662151,0.0074056140754725,0.0065016071777355,2,11,0,0,0,xg_MSFT,0.44642640175076137,8.046543805244324
2023-11-24,371.0383911132813,371.5692548643965,368.7871927998492,370.9400785666633,10176600,68.59496591733169,354.50087738037115,356.1441849505747,11.267904731535111,10.56514708925731,325.2359450634796,354.50087738037115,383.7658096972627,-0.0011114293352603,0.0033495087062636,0.0485348290982508,-0.0011120474308654,0.0143711042466791,0.0119367128981823,1.203840666068233,-0.0773324014482518,0.0033495087062636,0.0485348290982508,-0.0451853203919871,368.775341796875,366.2762451171875,354.5008773803711,1.0068229832346565,1.0332167520256423,0.0384716642762333,-0.5640835628584768,28432200.0,0.3579251693502311,0.0128125630318389,-0.011577902745617,0.0205217219055549,0.0175834136630599,0.0097905762893146,-0.006910615827519,0.0128615284375341,4,11,0,0,1,xg_MSFT,0.47295514313201464,8.52470701150879
2023-11-27,372.1983947753906,374.19404643508545,369.82923344697656,370.3993982063347,22179200,69.26358523847013,356.93239288330085,357.67315731484285,11.158228004339437,10.683763272273737,330.54981745799114,356.93239288330085,383.31496830861056,0.0031263709898827,0.023685308305096,0.0262624187022448,0.003121494054195,0.0125262798770057,0.0119688050785355,1.0464898797281226,0.2495650309227419,0.023685308305096,0.0262624187022448,-0.0025771103971488,370.4976745605469,367.2287139892578,356.9323928833008,1.0089017019823363,1.0288466984539657,0.0364463734063987,1.179431244226952,27845910.0,0.7964975825892996,-0.0011114293352603,0.0128125630318389,-0.011577902745617,-0.0168010194759719,0.0004059351550513,0.0248966724318813,0.0105726132708197,0,11,0,0,1,xg_MSFT,0.3927705150566024,7.079431553369001
2023-11-28,376.2191467285156,376.51405435302496,371.75602133936184,371.9428061684763,20453100,71.52642719592488,359.1970428466797,359.43944202090694,11.265883396622428,10.800187297143474,334.4913109627293,359.1970428466797,383.90277473063014,0.0108027116977529,0.0139361694602937,0.0458078101331798,0.0107447792526338,0.0121427735166486,0.0114330855530392,1.061980292199323,0.8895679487881459,0.0139361694602937,0.0458078101331798,-0.031871640672886,371.53187255859376,368.87660522460936,359.19704284667966,1.0071982535524788,1.0269477785819672,0.0327862891061604,-0.0778251695282066,27892570.0,0.7332813003606075,0.0031263709898827,-0.0011114293352603,0.0128125630318389,0.0205217219055549,0.0175834136630599,-0.0080884597662151,0.0112193966881608,1,11,0,0,0,xg_MSFT,0.3461723849006125,6.23953074536978
2023-11-29,372.4342651367187,377.7919525930189,371.0481395744182,377.261118974004,28963400,66.55893622702033,361.2332077026367,360.6770442224128,10.919914777593933,10.824132793233565,339.536285579611,361.2332077026367,382.9301298256625,-0.0100603109243883,0.0154929347757346,0.0252488810110136,-0.0101112578348523,0.0127968073149206,0.0119933611354875,1.066901952539918,-0.7860964520585696,0.0154929347757346,0.0252488810110136,-0.0097559462352789,372.6682861328125,369.7938018798829,361.2332077026367,1.0077732083077569,1.0236982480976475,0.0307036153775432,0.4160885146994832,28020520.0,1.0336496253459595,0.0108027116977529,0.0031263709898827,-0.0011114293352603,-0.011577902745617,-0.0168010194759719,0.0097905762893146,0.0074056140754725,2,11,0,0,0,xg_MSFT,0.42421787313987785,7.646249607551991
2023-11-30,372.4933471679687,373.6533572420955,369.11159949363696,372.0804464632099,30554400,66.59793327181391,362.88185729980466,361.8024064077038,10.529126366003595,10.765131507787572,343.2158304417064,362.88185729980466,382.54788415790296,0.0001586374745308,0.0028055210630153,0.0249954422204978,0.0001586248929372,0.0128016924907376,0.0113000828360048,1.1327845903360576,0.0123909462517818,0.0028055210630153,0.0249954422204978,-0.0221899211574825,372.876708984375,370.70216064453126,362.88185729980466,1.0058660255339835,1.0215505492694434,0.0268322958263825,0.0549313961758632,28389950.0,1.0762400074673937,-0.0100603109243883,0.0108027116977529,0.0031263709898827,0.0128125630318389,0.0205217219055549,0.0004059351550513,-0.006910615827519,3,11,0,1,0,xg_MSFT,0.3469557726256092,6.253650796560651
2023-12-01,368.1677856445313,371.7559678971917,365.0219647650427,370.3796825127047,33040500,60.990246341217045,364.203857421875,362.4086330016874,9.7579040260959,10.56368601144924,347.1431768039713,364.203857421875,381.2645380397787,-0.0116124530983552,-0.007736680455456,-0.0044130858277356,-0.0116804041967037,0.0123108690799542,0.0118605682888412,1.0378787003684595,-0.9431917301055612,-0.007736680455456,-0.0044130858277356,-0.0033235946277203,372.302587890625,370.53896484375,364.203857421875,1.0047596156253598,1.017394399572591,0.0219973902783807,0.0813663498546855,28975770.0,1.140280310065923,0.0001586374745308,-0.0100603109243883,0.0108027116977529,-0.0011114293352603,-0.011577902745617,0.0175834136630599,0.0248966724318813,4,12,1,0,0,xg_MSFT,0.3710484317510667,6.687905214035821
2023-12-04,362.8887634277344,363.26230306598103,356.75441514637487,362.849432412897,32063300,54.91316356997935,365.0421493530273,362.45435970893,8.621350232223222,10.175218855604037,350.22166501820783,365.0421493530273,379.8626336878468,-0.0143386315224598,-0.0250125510435753,-0.0019196727214432,-0.0144424230463657,0.0119655786583908,0.012317472991822,0.9713524286926286,-1.1982231456278172,-0.0250125510435753,-0.0019196727214432,-0.0230928783221321,370.44066162109374,370.4691680908203,365.04214935302736,0.9999230530576312,1.0148668277003392,0.0148764933283514,-0.0295758236104175,28166400.0,1.1383527891387917,-0.0116124530983552,0.0001586374745308,-0.0100603109243883,0.0031263709898827,0.0128125630318389,-0.0168010194759719,-0.0080884597662151,0,12,0,0,1,xg_MSFT,0.42375988368459216,7.637994647272214
2023-12-05,366.21148681640625,366.76200100247496,359.4283420231669,360.24430304947185,23065000,57.76566460489,365.863606262207,362.81218133821346,7.897699407832704,9.71971496604977,352.89942813758176,365.863606262207,378.8277843868322,0.0091563137896208,-0.0266006129648979,-0.0130351541546306,0.009114648886678,0.0101950356932292,0.0122722434000761,0.8306716782921452,0.8980268474051354,-0.0266006129648979,-0.0130351541546306,-0.0135654588102672,368.4391296386719,369.9855010986328,365.86360626220704,0.9958204538951684,1.0112662062196798,0.0070328852840054,-0.2806417305767029,25226390.0,0.9143202812609766,-0.0143386315224598,-0.0116124530983552,0.0001586374745308,0.0108027116977529,-0.0011114293352603,0.0205217219055549,0.0097905762893146,1,12,0,0,0,xg_MSFT,0.3629641095567113,6.542190595864767
2023-12-06,362.5544738769531,367.84337003830143,361.79752438947224,367.2142238410853,21182100,53.736090856612705,366.30599517822264,362.7876377704744,6.949006710842923,9.1655733150084,354.540051336573,366.30599517822264,378.0719390198723,-0.0099860683542307,-0.02652761086883,-0.0114456666380423,-0.0100362635830526,0.0100271552573364,0.0123828912309284,0.8096934211028871,-0.9958031260959076,-0.02652761086883,-0.0114456666380423,-0.0150819442307876,366.4631713867187,369.5657287597657,366.30599517822264,0.9916048563716694,1.0088989359291185,0.0004335243937699,-0.0816345111641014,24502290.0,0.8644947064131204,0.0091563137896208,-0.0143386315224598,-0.0116124530983552,-0.0100603109243883,0.0031263709898827,-0.011577902745617,0.0004059351550513,2,12,0,0,1,xg_MSFT,0.3755436955759636,6.76892940333401
2023-12-07,364.6681823730469,365.15971515424746,360.1165840190044,361.9942428432843,23118900,55.66129003131475,366.7230987548827,362.9667372564337,6.295152919888665,8.591489235984453,355.8925119961539,366.7230987548827,377.5536855136116,0.0058300438924141,-0.0210075290053253,-0.0182609450074163,0.0058131149522955,0.0091555210541716,0.0123470216331418,0.7414565123208398,0.6367094945692298,-0.0210075290053253,-0.0182609450074163,-0.0027465839979089,364.8981384277343,368.8874237060547,366.7230987548828,0.9891856294848936,1.0059017960922567,-0.0050044407912768,0.0914356933448525,24479650.0,0.9444130124409074,-0.0099860683542307,0.0091563137896208,-0.0143386315224598,0.0001586374745308,0.0108027116977529,0.0128125630318389,0.0175834136630599,3,12,0,0,1,xg_MSFT,0.35665784114255294,6.428524233742923
2023-12-08,367.8926086425781,368.11869450448506,361.9942157102804,362.9477904343663,20154400,58.498485924669325,367.4245452880859,363.4358678646379,5.968353863919731,8.066862161571509,358.4409912943521,367.4245452880859,376.40809928181966,0.0088420828177238,-0.0007474228128662,-0.008478320696854,0.0088032205178896,0.009760202387268,0.0123027591373425,0.7932699493153543,0.9058395130969652,-0.0007474228128662,-0.008478320696854,0.0077308978839878,364.8431030273438,368.5728454589844,367.42454528808594,0.9898805826918802,1.0031252679920937,-0.0070168364356842,-0.1282284191721924,25477430.0,0.7910688008955067,0.0058300438924141,-0.0099860683542307,0.0091563137896208,-0.0116124530983552,-0.0100603109243883,-0.0011114293352603,-0.0168010194759719,4,12,0,0,0,xg_MSFT,0.3288911440781501,5.9280476862550255
2023-12-11,365.01220703125,365.3071446808132,359.90028444738044,362.2399851303358,27708800,55.10620323074786,367.541470336914,363.5859954043152,5.41452366174218,7.536394461605643,358.75966349363676,367.541470336914,376.32327718019127,-0.0078294631195663,0.0058515000118997,-0.0193074119744047,-0.0078602742946136,0.0098835988682886,0.0112290938675396,0.8800993994232723,-0.7920870865771306,0.0058515000118997,-0.0193074119744047,0.0251589119863044,365.2677917480469,367.85422668457034,367.5414703369141,0.9929688589965794,1.0008509416566505,-0.0062290480840618,0.3748263406501806,26030390.0,1.064478864895952,0.0088420828177238,0.0058300438924141,-0.0099860683542307,-0.0143386315224598,0.0001586374745308,0.0031263709898827,0.0205217219055549,0,12,0,0,1,xg_MSFT,0.33074535131644706,5.961468558561066
2023-12-12,368.0400695800781,368.07940060060486,364.1864395894759,364.56984953786014,24838300,57.871795517542985,367.9564620971679,364.01019294486406,5.160446029609375,7.06120477520639,359.97931606015436,367.9564620971679,375.93360813418144,0.0082952364071728,0.0049932425101362,-0.0217401937662136,0.0082610200254036,0.0095516510079309,0.0111761799265711,0.8545671690606087,0.8683700891287514,0.0049932425101362,-0.0217401937662136,0.0267334362763498,365.6335083007813,367.03631896972655,367.956462097168,0.9961780058363624,0.997499315211922,-0.0063116872003559,-0.1035952477191362,26468910.0,0.9383952720379896,-0.0078294631195663,0.0088420828177238,0.0058300438924141,0.0091563137896208,-0.0116124530983552,0.0108027116977529,-0.011577902745617,1,12,0,0,0,xg_MSFT,0.3815164516417875,6.876584423586424
2023-12-13,368.0301818847656,371.2448248811306,364.4911405130115,369.6522337632604,30955500,57.85926069178186,368.194856262207,364.3930490343785,4.901785093929277,6.629320838950967,360.5294973051803,368.194856262207,375.8602152192337,-2.6865811985632423e-05,0.0151031318114995,-0.0118251290609265,-2.686617287750437e-05,0.0091473343674127,0.010993129969577,0.8320198499313032,-0.0029366888994931,0.0151031318114995,-0.0118251290609265,0.0269282608724261,366.72864990234376,366.5959106445313,368.19485626220705,1.0003620860297626,0.995657338524748,-0.0039839296667314,0.2462809451532512,26668120.0,1.1607679881446027,0.0082952364071728,-0.0078294631195663,0.0088420828177238,-0.0099860683542307,-0.0143386315224598,-0.0100603109243883,0.0128125630318389,2,12,0,0,0,xg_MSFT,0.345649128374803,6.230099388846524
2023-12-14,359.7331237792969,367.430542857679,357.9636180145618,366.98815141610726,43277500,48.38809181773183,368.0110244750977,363.94924662913263,3.981396134838519,6.099735898128478,359.7122979908009,368.0110244750977,376.30975095939453,-0.0225445045375833,-0.0135330111929029,-0.0342562450730639,-0.0228025170977943,0.0113405949938368,0.0121621754021881,0.9323712450777252,-1.987771962394552,-0.0135330111929029,-0.0342562450730639,0.0207232338801609,365.74163818359375,365.3198883056641,368.01102447509766,1.0011544673351505,0.9926873490453934,-0.0063085274652,0.3980552728917317,27940430.0,1.54892032799776,-2.6865811985632423e-05,0.0082952364071728,-0.0078294631195663,0.0058300438924141,0.0091563137896208,0.0001586374745308,-0.0011114293352603,3,12,0,0,1,xg_MSFT,0.36184665857232495,6.522049272993146
2023-12-15,364.4518432617187,366.09354566450713,360.0771902707865,360.6375447439286,78502300,53.09105007007045,367.74362945556646,363.9971129750932,3.591343705261579,5.598057459555099,359.34356249247776,367.74362945556646,376.1436964186552,0.0131172782557462,-0.009352635252866,-0.0100930676927839,0.0130319917694388,0.0120312645986528,0.0118508911483304,1.015134584690112,1.0901753488046588,-0.009352635252866,-0.0100930676927839,0.0007404324399179,365.05348510742186,364.9482940673828,367.7436294555664,1.0002882354617053,0.992398684397818,-0.0073813437848706,0.8139287158454163,32486610.0,2.416450962411824,-0.0225445045375833,-2.6865811985632423e-05,0.0082952364071728,0.0088420828177238,-0.0099860683542307,-0.0116124530983552,0.0031263709898827,4,12,0,0,1,xg_MSFT,0.3671095052080706,6.616908640245472
2023-12-18,366.3393249511719,366.6834038503824,362.4365540104277,363.1935335888459,21802900,54.862786922605935,367.8812591552735,364.2201807823388,3.3953884185094125,5.1575236513459615,359.6801196836752,367.8812591552735,376.0823986268718,0.0051789604699508,0.0036358179106275,0.0095085929110743,0.0051655957777914,0.0111699836562057,0.0112808413192617,0.9900851589833164,0.4636082756305672,0.0036358179106275,0.0095085929110743,-0.0058727750004468,365.31890869140625,365.29335021972656,367.8812591552734,1.0000699669776751,0.9929653689304826,-0.0069944728543917,-0.7222641884377909,31460570.0,0.6930230444012714,0.0131172782557462,-0.0225445045375833,-2.6865811985632423e-05,-0.0078294631195663,0.0058300438924141,-0.0143386315224598,0.0108027116977529,0,12,0,0,1,xg_MSFT,0.3633223117164199,6.548646955430251
2023-12-19,366.93902587890625,366.93902587890625,363.5769287808174,365.1989808015048,20603700,55.43867522603746,367.6758026123047,364.4791184105833,3.251007701830474,4.776220461442865,359.60384874422743,367.6758026123047,375.747756480382,0.0016370094251123,-0.0029916408352713,0.0019866636866712,0.0016356709856761,0.0108073678296874,0.0102549848611268,1.0537620692724,0.1514575975676892,-0.0029916408352713,0.0019866636866712,-0.0049783045219425,365.09869995117185,365.36610412597656,367.67580261230466,0.9992681199164756,0.9937181112547578,-0.0070232449518282,-0.0550018575510596,31214440.0,0.6600695062925793,0.0051789604699508,0.0131172782557462,-0.0225445045375833,0.0082952364071728,0.0088420828177238,0.0091563137896208,-0.0100603109243883,1,12,0,0,0,xg_MSFT,0.31989188305603816,5.765841894336653
2023-12-20,364.3436584472656,369.6620453460696,364.2551861699306,368.64948928220537,26316700,52.32710884657033,367.5553756713868,364.46621746169586,2.8938025280983197,4.399736874773956,359.3545647824954,367.5553756713868,375.7561865602782,-0.0070730209887708,-0.0100169051859292,0.0049349399862039,-0.0070981533797924,0.0105366332592385,0.0100463617568477,1.0486965149888583,-0.6712153303086116,-0.0100169051859292,0.0049349399862039,-0.0149518451721332,364.36139526367185,365.54502258300784,367.55537567138674,0.9967620204182448,0.9945304756196076,-0.0087663949506539,0.2772802943160695,31727900.0,0.8294497902476738,0.0016370094251123,0.0051789604699508,0.0131172782557462,-2.6865811985632423e-05,-0.0078294631195663,-0.0099860683542307,0.0001586374745308,2,12,0,0,1,xg_MSFT,0.3500589211797994,6.309583018932688
2023-12-21,367.2142333984375,368.06949543921024,363.77350472816454,366.2508185704827,17708000,55.314470865776286,367.3435256958008,364.7279332651951,2.8099548521554993,4.081780470250265,359.3501832350517,367.3435256958008,375.3368681565499,0.007878756455939,0.0207962768080551,0.0069818293683381,0.0078478811210906,0.0106699362706297,0.0097645402607483,1.0926109550248446,0.7383378792753361,0.0207962768080551,0.0069818293683381,0.013814447439717,365.8576171875,365.79962768554685,367.3435256958008,1.0001585280507803,0.995797127478075,-0.0040464349503809,-0.3271192816728541,31186810.0,0.5678041454063251,-0.0070730209887708,0.0016370094251123,0.0051789604699508,-0.0225445045375833,0.0082952364071728,0.0058300438924141,-0.0116124530983552,3,12,0,0,1,xg_MSFT,0.38519063478961757,6.942809170894293
2023-12-22,368.2366333007813,368.8264785553031,366.3983057581292,367.3518804193864,17107500,56.36330026762328,367.20343780517584,365.06209517334617,2.7937989176048745,3.8241841597211863,359.38648785550805,367.20343780517584,375.0203877548436,0.0027842055382272,0.0103848837892821,0.0009351225061915,0.0027803368172003,0.0103257205269092,0.0097911075283124,1.054494193109496,0.2696117834284529,0.0103848837892821,0.0009351225061915,0.0094497612830906,366.6145751953125,365.8340301513672,367.2034378051758,1.0021336042566142,0.996270711238452,-0.0015991418468739,-0.0339112265642647,30882120.0,0.5539613213082343,0.007878756455939,-0.0070730209887708,0.0016370094251123,0.0131172782557462,-2.6865811985632423e-05,0.0088420828177238,-0.0143386315224598,4,12,0,0,0,xg_MSFT,0.3601774983142994,6.491963751434603
2023-12-26,368.3153076171875,370.5566956584925,367.1749480872917,368.6495462723812,12673100,56.44801185033602,367.0092834472657,365.3719249299025,2.7555789836662825,3.610463124510206,359.52906255269727,367.0092834472657,374.48950434183416,0.0002136515199506,0.0053938590029312,0.0090492880027288,0.0002136286997149,0.0099419434349527,0.0097585488797737,1.018688830541847,0.0214877537369487,0.0053938590029312,0.0090492880027288,-0.0036554289997976,367.0097717285156,366.1643402099609,367.0092834472656,1.0023088854531,0.9976977605869578,1.3257153311355182e-06,-0.2592079497296508,29378550.0,0.4313725490195932,0.0027842055382272,0.007878756455939,-0.0070730209887708,0.0051789604699508,-0.0225445045375833,-0.0078294631195663,0.0091563137896208,1,12,0,0,0,xg_MSFT,0.4202600999905655,7.574913336013684
2023-12-27,367.7352600097656,368.7084850989653,366.49658807749455,367.36169037934906,14905400,55.59114787289838,366.58508911132816,365.597004461318,2.647960377467996,3.417962575101764,360.46546166107544,366.58508911132816,372.7047165615809,-0.0015748669561808,0.0021699358059616,-0.0008281966978765,-0.0015761083626832,0.0096158616005198,0.0093909933039561,1.0238360792345709,-0.1637610086949448,0.0021699358059616,-0.0008281966978765,0.0029981325038382,367.1690185546875,366.1338592529297,366.5850891113281,1.002827270069668,0.9987690992574404,0.0015879071355406,0.1761447475361197,28385260.0,0.525110567949685,0.0002136515199506,0.0027842055382272,0.007878756455939,0.0016370094251123,0.0131172782557462,0.0082952364071728,-0.0099860683542307,2,12,0,0,1,xg_MSFT,0.38828951899672737,6.9986645312002675
2023-12-28,368.92474365234375,370.08475350322914,367.8237153192477,369.0132159290277,14327000,57.03157787605822,366.40961303710947,365.9139320033205,2.6283552030457145,3.2600411006905543,360.817663433395,366.40961303710947,372.0015626408239,0.0032346194992194,0.0125735280383401,0.0024306750141982,0.0032293993712899,0.0096715419314795,0.0091916071577269,1.0520999935638529,0.3344125589874461,0.0125735280383401,0.0024306750141982,0.0101428530241418,368.0852355957031,366.2233154296875,366.40961303710935,1.005084111490365,0.9994915591709572,0.0045419088511254,-0.0388047284876621,26722410.0,0.5361417626628535,-0.0015748669561808,0.0002136515199506,0.0027842055382272,-0.0070730209887708,0.0051789604699508,-2.6865811985632423e-05,0.0058300438924141,3,12,0,0,1,xg_MSFT,0.36108039844502104,6.5082379355445035
2023-12-29,369.67193603515625,370.7729645265731,367.1552909116957,369.6326050173838,18730800,57.95415844953811,366.26854248046885,366.2718371492096,2.642647348175217,3.136562350187487,361.2054679186225,366.26854248046885,371.33161704231526,0.002025324664904,0.0066928305419253,0.0276282933065596,0.0020232764599583,0.005408974518592,0.009207394419561,0.5873960510533675,0.3743686144812211,0.0066928305419253,0.0276282933065596,-0.0209354627646343,368.5767761230469,367.2171966552734,366.26854248046874,1.0037023850738935,1.002590050918324,0.0062440056103113,0.3073776785091087,24267740.0,0.7718394873193478,0.0032346194992194,-0.0015748669561808,0.0002136515199506,0.007878756455939,0.0016370094251123,-0.0225445045375833,0.0088420828177238,4,12,0,0,0,xg_MSFT,0.38261330820135797,6.896354545425188
2024-01-02,364.58941650390625,369.5342336746233,360.5588428456871,367.52877209819934,25258600,50.07770640718772,366.0896240234375,366.1116066115617,2.2182861049926146,2.952907101148513,361.0563235000711,366.0896240234375,371.122924546804,-0.0137487297135984,-0.0099045463352799,0.0003774798913247,-0.0138441188265314,0.0062843976326278,0.0093562402567319,0.6716080233278799,-2.1874081032245343,-0.0099045463352799,0.0003774798913247,-0.0102820262266046,367.8473327636719,367.2309539794922,366.0896240234375,1.0016784499713336,1.00311762443172,0.0048210635324778,0.3485062036859077,18943370.0,1.3333741567629556,0.002025324664904,0.0032346194992194,-0.0015748669561808,0.0027842055382272,-0.0070730209887708,0.0131172782557462,-0.0078294631195663,1,1,0,0,0,xg_MSFT,0.42341500366330576,7.631778410535427
2024-01-03,364.3240356445313,366.93899315410624,362.26943260145976,362.760965291212,23083500,49.69790260066573,366.1613876342774,365.9413617575588,1.8393597506972128,2.730197631058253,361.2816586576195,366.1613876342774,371.04111661093526,-0.0007278896406804,-0.010836562831118,-0.0055011547201742,-0.0007281546809663,0.0060214313701593,0.0087691709914562,0.6865808404448727,-0.1208630860099341,-0.010836562831118,-0.0055011547201742,-0.0053354081109437,367.0490783691406,367.0294250488281,366.16138763427733,1.0000535469882554,1.0023706415910183,0.0024365417815292,-0.0861132445978795,19071430.0,1.210370695852319,-0.0137487297135984,0.002025324664904,0.0032346194992194,0.0002136515199506,0.007878756455939,0.0051789604699508,0.0082952364071728,2,1,0,0,0,xg_MSFT,0.38667478577675435,6.969560021392288
2024-01-04,361.7091064453125,366.7817278006742,360.95215684412767,364.3928859416935,20901500,45.99611847141296,365.93626861572267,365.5382898230592,1.3129204230272649,2.446742189452056,360.6664426500749,365.93626861572267,371.2060945813705,-0.0071774819758808,-0.0163872062861012,-0.0142528296658194,-0.0072033640192641,0.006306544045949,0.0086543416611828,0.7286302832194826,-1.1379202306943097,-0.0163872062861012,-0.0142528296658194,-0.0021343766202818,365.84384765625,366.5064331054688,365.93626861572267,0.9981921587471068,1.0015580977854504,-0.0002555118403873,-0.0945263933112395,19101210.0,1.0942500501276573,-0.0007278896406804,-0.0137487297135984,0.002025324664904,-0.0015748669561808,0.0027842055382272,0.0016370094251123,-2.6865811985632423e-05,3,1,0,0,0,xg_MSFT,0.3798809126321593,6.847104903032649
2024-01-05,361.5223083496094,365.7593179114421,360.29347657411785,362.72164936252017,21004600,45.7340529348485,365.8846603393555,365.15581539701634,0.8706046296339878,2.1315146774884424,360.4575198999889,365.8846603393555,371.3118007787221,-0.0005164318298173,-0.0200648924478485,-0.0077436508972876,-0.0005165652266629,0.0059857984992886,0.0083670725541817,0.7153138862661248,-0.0862617691039168,-0.0200648924478485,-0.0077436508972876,-0.0123212415505609,364.3633605957031,366.22429809570315,365.8846603393555,0.994918585386943,1.0009282645411608,-0.0042080383658681,0.0049326603353825,18570000.0,1.13110393107156,-0.0071774819758808,-0.0007278896406804,-0.0137487297135984,0.0032346194992194,0.0002136515199506,-0.0070730209887708,-0.0225445045375833,4,1,0,0,1,xg_MSFT,0.3699510775578334,6.668126122675875
2024-01-08,368.3448181152344,368.84619112527486,362.76101322205824,363.0460806192222,23134000,55.66875899228646,366.0684921264649,365.45952994160854,1.05838528984998,1.91688879996075,360.5662920205445,366.0684921264649,371.57069223238534,0.018871614857657,-0.0035899882857097,0.0030788150729716,0.018695754995516,0.0083077967999992,0.009309418684872,0.8923118370066466,2.271281307259662,-0.0035899882857097,0.0030788150729716,-0.0066688033586814,364.0979370117187,366.3373565673828,366.0684921264648,0.993887001924544,1.0007344648520722,-0.0053497565808829,0.1013777934357236,19112600.0,1.2104057009511415,-0.0005164318298173,-0.0071774819758808,-0.0007278896406804,0.002025324664904,-0.0015748669561808,0.007878756455939,0.0131172782557462,0,1,0,0,1,xg_MSFT,0.4389705805102232,7.912157505552408
2024-01-09,369.4261474609375,369.6227425364251,364.9040407138779,365.71016152546855,20830000,57.012058306208665,366.1451690673829,365.8373030386875,1.2797054097351293,1.789452121915626,360.4951790395958,366.1451690673829,371.79515909516994,0.0029356442456178,0.0132662407027919,0.0032302982717762,0.0029313436566598,0.0083128869709061,0.0091241311477133,0.9109882188366404,0.3531012937619859,0.0132662407027919,0.0032302982717762,0.0100359424310156,365.065283203125,366.45630798339846,366.1451690673828,0.996204118335612,1.0008497692781475,-0.0029231441024948,-0.0995936716521137,19484850.0,1.0690356867001252,0.018871614857657,-0.0005164318298173,-0.0071774819758808,-0.0137487297135984,0.0032346194992194,0.0027842055382272,0.0051789604699508,1,1,0,0,1,xg_MSFT,0.3963396300276147,7.14376251553337
2024-01-10,376.2879638671875,377.66427954305703,369.9472095066928,369.9963507804977,25514200,64.38669979763148,366.7089569091797,366.8326040699732,1.9859021923689968,1.8287421360063,359.49979769831015,366.7089569091797,373.9181161200492,0.0185742575435203,0.0328387014090096,0.0216462799267806,0.0184038627589897,0.0101116017030984,0.0097805189179949,1.0337455550483368,1.8367437073912736,0.0328387014090096,0.0216462799267806,0.0111924214822289,367.45806884765625,367.2535736083984,366.7089569091797,1.0005568230071895,1.0014851469781625,0.0019907943128921,0.2248775804128659,20768960.0,1.2284774971880523,0.0029356442456178,0.018871614857657,-0.0005164318298173,-0.0007278896406804,0.002025324664904,0.0002136515199506,0.0016370094251123,2,1,0,0,1,xg_MSFT,0.39818623948528026,7.17704644281458
2024-01-11,378.1164245605469,384.0639578363486,373.9383968872458,379.4632192692285,27850800,66.05766422658363,367.2127746582031,367.907253640504,2.662419018206265,1.9954775124462931,358.38520183453954,367.2127746582031,376.04034748186666,0.0048592058979721,0.0453605337075333,0.0282299949983191,0.0048474380631509,0.0100499650510895,0.0096858479409809,1.03748557965614,0.4834566505079469,0.0453605337075333,0.0282299949983191,0.0171305387092142,370.7395324707031,368.29169006347655,367.2127746582031,1.0066464774342443,1.00293812056587,0.0093271743394878,0.0915803748500834,22063500.0,1.2623019919776437,0.0185742575435203,0.0029356442456178,0.018871614857657,-0.0071774819758808,-0.0137487297135984,-0.0015748669561808,-0.0070730209887708,3,1,0,0,1,xg_MSFT,0.44054260625044406,7.940492240980356
2024-01-12,381.8913879394531,382.0978232574525,378.1360711983904,378.9618424711607,21661200,69.26403428839399,367.90583496093745,369.2390759546896,3.4632492906901007,2.2890318680950545,356.9002327423726,367.90583496093745,378.9114371795023,0.0099836006417695,0.0563425247056839,0.0351471255593756,0.0099340937329994,0.0103033485072622,0.0098654326989752,1.0442830576782227,0.9688725720731658,0.0563425247056839,0.0351471255593756,0.0211953991463083,374.8133483886719,369.5883544921875,367.9058349609375,1.0141373336929502,1.0045732341576714,0.0180876386477443,-0.2222413718815976,22796920.0,0.9501809893616792,0.0048592058979721,0.0185742575435203,0.0029356442456178,-0.0005164318298173,-0.0007278896406804,0.0032346194992194,0.007878756455939,4,1,0,0,1,xg_MSFT,0.36734528302988007,6.621158381219695
2024-01-16,383.660888671875,387.3572238467636,381.0557715941573,386.9934944812975,27202300,70.66300995370861,369.1022232055664,370.6125819277549,4.1923699410550626,2.669699482687056,356.7211069081657,369.1022232055664,381.483339502967,0.0046335182942183,0.0415807955030036,0.0378415326485275,0.0046228165932786,0.010294656509572,0.008021030036153,1.283298175546202,0.450045928582645,0.0415807955030036,0.0378415326485275,0.0037392628544761,377.8765625,370.98724975585935,369.1022232055664,1.018570214336677,1.005107058239644,0.0228700384988624,0.2558076191531402,23644070.0,1.150491434004334,0.0099836006417695,0.0048592058979721,0.0185742575435203,0.018871614857657,-0.0071774819758808,0.002025324664904,0.0027842055382272,1,1,0,0,0,xg_MSFT,0.4092396352394079,7.376276669305408
2024-01-17,382.87445068359375,383.5035968868469,378.2933627006387,381.4096929597069,22234100,69.15642287421566,370.02335357666016,371.7803789521205,4.653106224286546,3.0663808310069545,356.41827877634955,370.02335357666016,383.6284283769707,-0.0020498258006013,0.0364032251509167,0.0501523998009185,-0.0020519295689052,0.0086096026227339,0.007752045976337,1.110480016371786,-0.2380583439292972,0.0364032251509167,0.0501523998009185,-0.0137491746500018,380.5662231445313,372.8157531738281,370.02335357666016,1.020789008792473,1.007546549616873,0.0275361010614513,-0.1826389680284388,23341620.0,0.9525517080647808,0.0046335182942183,0.0099836006417695,0.0048592058979721,0.0029356442456178,-0.0005164318298173,-0.0137487297135984,0.0002136515199506,2,1,0,0,1,xg_MSFT,0.3504186472135093,6.316066845330011
2024-01-18,387.1999206542969,387.3178836888765,383.5134258198234,385.0863362826864,23392100,72.61479415994371,371.0663833618163,373.24890673328014,5.30610682876295,3.514326030558154,355.58179031592994,371.0663833618163,386.5509764077027,0.0112973586066669,0.0289989524909726,0.0627899418420074,0.011234020043477,0.0085699141191639,0.0079808009128692,1.0736817684022175,1.3181042826466836,0.0289989524909726,0.0627899418420074,-0.0337909893510348,382.7486145019531,375.1033416748047,371.0663833618164,1.0203817774403523,1.0108793426028355,0.030171057680993,0.0520821620843658,23372480.0,1.0008394487875911,-0.0020498258006013,0.0046335182942183,0.0099836006417695,0.0185742575435203,0.018871614857657,-0.0007278896406804,-0.0015748669561808,3,1,0,0,1,xg_MSFT,0.3140493959156086,5.660534886232572
2024-01-19,391.918701171875,391.918701171875,386.83623978929575,389.0579772216247,29331100,75.8023722147642,372.3153671264648,375.0269823940987,6.133675470951346,4.038195918636792,354.39446005997587,372.3153671264648,390.2362741929538,0.0121869356522703,0.0365027163984461,0.0835190328035877,0.0121132728307982,0.0073231634373944,0.0082439885570429,0.8881957066076059,1.6639355137882996,0.0365027163984461,0.0835190328035877,-0.0470163164051415,385.5090698242187,378.1243011474609,372.3153671264648,1.0195300028439005,1.0156021871077456,0.0336643866656616,0.2538891335108861,24215440.0,1.211256124191788,0.0112973586066669,-0.0020498258006013,0.0046335182942183,0.0048592058979721,0.0029356442456178,-0.0071774819758808,0.0032346194992194,4,1,0,0,0,xg_MSFT,0.31181783000268914,5.620312370713381
2024-01-22,389.7952880859375,393.8356726529961,386.9247237943795,393.2458273875224,27016900,71.75488322767401,373.5879486083984,376.43348769808335,6.542766947623022,4.539110124434038,354.4754558748489,373.5879486083984,392.7004413419479,-0.0054179937818437,0.0206967226706287,0.0782053529847093,-0.0054327243409648,0.0080865424733647,0.0081417360882379,0.9930989271586044,-0.6699184331565646,0.0206967226706287,0.0782053529847093,-0.0575086303140806,387.0898498535156,380.95159912109375,373.5879486083985,1.0161129412413117,1.019710621127166,0.0346384414019402,-0.0788991889155197,24816670.0,1.0886593567952072,0.0121869356522703,0.0112973586066669,-0.0020498258006013,0.0099836006417695,0.0185742575435203,-0.0005164318298173,0.002025324664904,0,1,0,0,1,xg_MSFT,0.379354286685037,6.837612814894763
2024-01-23,392.144775390625,392.61665757487873,387.2589392356876,389.04812543344485,20525900,73.44447237069905,374.8344757080078,377.9298008116588,6.9761422548181145,5.026516550510854,354.2750879110909,374.8344757080078,395.3938635049247,0.0060274902660433,0.0221129830255015,0.0646132539536499,0.0060093976123853,0.0070485064965427,0.0080987058638472,0.8702175875303714,0.8550230103340379,0.0221129830255015,0.0646132539536499,-0.0425002709281483,388.7866271972656,383.3315948486328,374.8344757080078,1.0142305837085692,1.0226689904245738,0.0355790829429251,-0.2402570243070078,24555860.0,0.8358860166167735,-0.0054179937818437,0.0121869356522703,0.0112973586066669,0.0046335182942183,0.0048592058979721,0.018871614857657,-0.0137487297135984,1,1,0,0,1,xg_MSFT,0.33665671157164123,6.068016959496717
2024-01-24,395.7428283691406,398.7608465253621,393.6685746531507,394.7401124022686,24867000,75.8290456252899,376.2097854614258,379.62627962665704,7.523205285752056,5.5258542975590945,353.90298605199933,376.2097854614258,398.5165848708522,0.0091753179037805,0.0336099148495578,0.0712366492980463,0.0091334803947029,0.0069932549094157,0.0082018546449056,0.8525391722939843,1.3118363603575032,0.0336099148495578,0.0712366492980463,-0.0376267344484884,391.360302734375,385.9632629394531,376.2097854614258,1.0139832992233992,1.0259256347254886,0.038283744358387,0.2114937712840849,24959560.0,0.9962916012942136,0.0060274902660433,-0.0054179937818437,0.0121869356522703,-0.0020498258006013,0.0099836006417695,0.0029356442456178,-0.0007278896406804,2,1,0,0,1,xg_MSFT,0.3097213034473409,5.58252385126133
2024-01-25,398.013671875,400.11744616888006,395.7133025074248,397.4729979213706,21021200,77.21939915584927,377.6947036743164,381.3774598407849,8.04723129865198,6.030129697777672,353.7098171399645,377.6947036743164,401.67959020866823,0.0057381798053486,0.0279280822228213,0.0577369198433375,0.0057217791615951,0.0056708648963424,0.0081733569334375,0.6937383506151509,1.011691905610961,0.0279280822228213,0.0577369198433375,-0.0298088376205161,393.5230529785157,388.1358337402344,377.6947036743164,1.013879726554407,1.0276443645207196,0.0397683557693722,-0.1546547633409739,24510260.0,0.857649000867357,0.0091753179037805,0.0060274902660433,-0.0054179937818437,0.0112973586066669,0.0046335182942183,0.0185742575435203,-0.0071774819758808,3,1,0,0,0,xg_MSFT,0.3783126137766251,6.818837342262766
2024-01-26,397.089599609375,399.291686504724,395.6150015101639,397.5221507852055,17803300,75.32072964239023,379.16242065429685,382.8738541044602,8.292371483596071,6.482578054941352,354.1721369745601,379.16242065429685,404.1527043340336,-0.0023217098580352,0.0131938037711354,0.0501781298468562,-0.0023244092052445,0.0062102024693687,0.0082014240059977,0.7571179525500973,-0.3737939423944114,0.0131938037711354,0.0501781298468562,-0.0369843260757207,394.5572326660157,390.0331512451172,379.16242065429685,1.0115992228005646,1.0286703797598438,0.038769114141652,-0.1530787966433885,23505510.0,0.7574096456532636,0.0057381798053486,0.0091753179037805,0.0060274902660433,0.0121869356522703,-0.0020498258006013,0.0048592058979721,-0.0005164318298173,4,1,0,0,1,xg_MSFT,0.3643477264686104,6.567129385433689
2024-01-29,402.7815856933594,403.03719231588735,397.4828484080428,399.1835624719501,24510200,78.78155092539721,380.85526275634766,384.7698285414982,8.843994490082707,6.9548613419696235,354.2502238134913,380.85526275634766,407.460301699204,0.0143342613092452,0.0333156864753039,0.0547019346694936,0.0142324971091838,0.0067342323386573,0.0085246934917725,0.7898750225018057,2.128250457964563,0.0333156864753039,0.0547019346694936,-0.0213862481941897,397.1544921875,392.12217102050784,380.85526275634766,1.0128335542820632,1.0295831759882184,0.0404666698034231,0.3767222930580285,23790410.0,1.0302554684849472,-0.0023217098580352,0.0057381798053486,0.0091753179037805,-0.0054179937818437,0.0112973586066669,0.0099836006417695,0.018871614857657,0,1,0,0,0,xg_MSFT,0.2852565653611071,5.141562953960696
2024-01-30,401.6706848144531,406.0551480614347,399.56694047651416,405.27854800251134,33477600,76.52600303793801,382.4552001953125,386.3794339008273,9.086772621746832,7.3812435979250655,354.8519873228228,382.4552001953125,410.0584130678022,-0.0027580726586442,0.0242918177714828,0.0469419653510236,-0.0027618831490583,0.0072116106620334,0.008661830964251,0.8324773612452581,-0.3823958879636334,0.0242918177714828,0.0469419653510236,-0.0226501475795408,399.0596740722656,393.9231506347657,382.4552001953125,1.0130394048413327,1.0299850817392382,0.0413385255750575,0.3658640076376365,24417940.0,1.371024746559236,0.0143342613092452,-0.0023217098580352,0.0057381798053486,0.0060274902660433,0.0121869356522703,0.0046335182942183,0.0029356442456178,1,1,0,0,0,xg_MSFT,0.32451567321092867,5.849182686641217
2024-01-31,390.8471374511719,408.28673844568766,390.48340804499526,400.0682959137318,47871100,58.84784273624451,383.76808624267574,386.80492947705056,8.310013560632228,7.566997590466499,357.26697423927465,383.76808624267574,410.2691982460768,-0.0269463213833517,-0.0123708897976595,0.0208232404991857,-0.0273160301609554,0.0122840815481119,0.0104241966684169,1.1783069364366572,-2.193418194077265,-0.0123708897976595,0.0208232404991857,-0.0331941302968452,398.0805358886719,394.7204193115234,383.7680862426758,1.0085126494925427,1.0285389365647302,0.0366190468717047,0.4299442014959256,26981640.0,1.7742101666169376,-0.0027580726586442,0.0143342613092452,-0.0023217098580352,0.0091753179037805,-0.0054179937818437,-0.0020498258006013,0.0185742575435203,2,1,0,1,1,xg_MSFT,0.45137989099864134,8.135827207985647
2024-02-01,396.9421691894531,401.09070661971754,394.9956887835189,395.02517954720986,30657700,63.90458796732113,385.39899291992185,387.7703808782318,8.092953995455161,7.672188871464232,359.94209155493166,385.39899291992185,410.855894284912,0.0155944131458367,-0.0026921253244873,0.0251607710009176,0.0154740697952853,0.0127081695104258,0.0107079588697826,1.1866858081119591,1.2270206273544533,-0.0026921253244873,0.0251607710009176,-0.0278528963254049,397.8662353515625,395.69464416503905,385.39899291992185,1.0054880479646262,1.026714266083348,0.0314082085486117,-0.3595781170685445,27708200.0,1.1064486325347331,-0.0269463213833517,-0.0027580726586442,0.0143342613092452,0.0057381798053486,0.0060274902660433,0.0112973586066669,0.0048592058979721,3,2,1,0,1,xg_MSFT,0.35171772387685846,6.339481852231519
2024-02-02,404.2561340332031,405.661910282148,396.7258498594463,396.9716161967069,28256700,68.8509397124082,387.5263442993164,389.3404526072767,8.414115873573337,7.820574271886053,363.3248904468782,387.5263442993164,411.7277981517546,0.0184257693222289,0.0180476507843014,0.031479571718415,0.0182580716744569,0.0133691809553184,0.0107873074777992,1.2392287652933691,1.3781241543256384,0.0180476507843014,0.031479571718415,-0.0134319209341136,399.29954223632814,396.9283874511719,387.5263442993164,1.0059737596506573,1.0242616877282376,0.0291231151387915,-0.0783163772885767,27600760.0,1.0237652876224776,0.0155944131458367,-0.0269463213833517,-0.0027580726586442,-0.0023217098580352,0.0091753179037805,0.0121869356522703,0.0099836006417695,4,2,0,0,0,xg_MSFT,0.33067194688807033,5.96014549176637
2024-02-05,398.780517578125,404.1972181309597,397.1486252336955,402.9585459898289,25352300,62.00086119174278,389.3892547607422,390.23950641402416,8.133049754616138,7.8830693684320705,368.0490921140698,389.3892547607422,410.7294174074146,-0.0135449186644336,-0.0099335924415383,0.0230511495824099,-0.0136374879210006,0.0141731010831792,0.0115448810967707,1.2275460802331837,-0.9556104182513336,-0.0099335924415383,0.0230511495824099,-0.0329847420239483,398.4993286132813,397.8269104003906,389.3892547607422,1.0016902280748528,1.0216689483248145,0.0228448318084002,-0.1027862418470663,27434300.0,0.9241096000262108,0.0184257693222289,0.0155944131458367,-0.0269463213833517,0.0143342613092452,0.0057381798053486,-0.0054179937818437,0.0046335182942183,0,2,0,0,0,xg_MSFT,0.37978960556525293,6.845459152891732
2024-02-06,398.6231384277344,401.0611511691438,396.0868431570583,399.0065482946539,18382600,61.81051381706048,390.9031707763672,391.03794755818706,7.807602467030279,7.867975988151713,371.6556444374924,390.9031707763672,410.15069711524194,-0.0003946510510253,-0.007587176515325,0.0165203349468474,-0.0003947289462464,0.014134528924097,0.0111207471253953,1.2708910537825782,-0.02791908623614,-0.007587176515325,0.0165203349468474,-0.0241075114621724,397.8898193359375,398.4747467041016,390.9031707763672,0.9985320842211404,1.019369441063107,0.017526951865181,-0.2749139131360862,27219970.0,0.6753350573126762,-0.0135449186644336,0.0184257693222289,0.0155944131458367,-0.0027580726586442,-0.0023217098580352,0.0060274902660433,-0.0020498258006013,1,2,0,0,1,xg_MSFT,0.3534202076032589,6.370168007504756
2024-02-07,407.0381774902344,407.2839438164574,400.50079921285686,400.5401302252688,22340500,67.54758023220421,392.783772277832,392.5617789802868,8.134932039098032,7.9213671983409775,375.08416060022586,392.783772277832,410.4833839554382,0.0211102624290475,0.0414255049804099,0.0285421448258254,0.0208905278951689,0.015289707070883,0.0117523961128962,1.3008756723604868,1.3805942610231672,0.0414255049804099,0.0285421448258254,0.0128833601545845,401.12802734375,399.6042816162109,392.783772277832,1.003813136639518,1.0173645395246993,0.0204999322603298,0.2153068662757171,26967320.0,0.8284286313953027,-0.0003946510510253,-0.0135449186644336,0.0184257693222289,-0.0269463213833517,0.0143342613092452,0.0091753179037805,0.0112973586066669,2,2,0,0,0,xg_MSFT,0.37521147964301166,6.762941428503636
2024-02-08,407.0972595214844,408.5227165658345,405.5440291565995,407.03827798869,21225300,67.58440025800925,394.32423706054686,393.94611046040086,8.303394150315171,7.997772588735817,377.3204245386845,394.32423706054686,411.3280495824092,0.000145151080457,0.0255832993324134,0.0228223005599093,0.0001451405470582,0.0152776065566573,0.0113412002587403,1.346970271035753,0.0095002826284474,0.0255832993324134,0.0228223005599093,0.0027609987725041,403.15904541015624,400.51264038085935,394.32423706054686,1.006607544338127,1.015693692496417,0.0217019597724487,-0.0499183097961102,26987730.0,0.7864796335223161,0.0211102624290475,-0.0003946510510253,-0.0135449186644336,0.0155944131458367,-0.0027580726586442,0.0057381798053486,0.0121869356522703,3,2,0,0,1,xg_MSFT,0.3833142633723799,6.908988803764347
2024-02-09,413.4281005859375,413.69354741786265,408.06057243943894,408.217866487787,22032800,71.33713049241673,396.0898208618164,395.8015380914043,8.845778918942415,8.167373854777138,378.8406592730439,396.0898208618164,413.3389824505889,0.0155511758342332,0.0226885031062535,0.0411456280714352,0.0154314954846643,0.0157078682667024,0.0116319111740617,1.350295556431893,0.989961566308156,0.0226885031062535,0.0411456280714352,-0.0184571249651817,404.9934387207031,402.1464904785156,396.0898208618164,1.0070793810454493,1.01529115189964,0.0215360732525629,0.0380442208119555,27410680.0,0.8038034809789176,0.000145151080457,0.0211102624290475,-0.0003946510510253,0.0184257693222289,-0.0269463213833517,-0.0023217098580352,-0.0054179937818437,4,2,0,0,0,xg_MSFT,0.40905127460744745,7.37288159215426
2024-02-12,408.227783203125,413.6149628644096,407.7264102051555,413.4380182771655,21202900,64.71010678476762,397.406640625,396.9849900068063,8.7550775200192,8.28491458782555,380.70909066117866,397.406640625,414.1041905888214,-0.012578529072993,0.0236903890951722,0.0135214659835811,-0.0126583084808826,0.016070748734935,0.0121582043756926,1.3216941041851304,-0.7826484398459538,0.0236903890951722,0.0135214659835811,0.0101689231115911,406.8828918457031,402.6911102294922,397.406640625,1.0104094217868926,1.013297386264561,0.0232131462154498,-0.0376665698413274,27079950.0,0.782974119228404,0.0155511758342332,0.000145151080457,0.0211102624290475,-0.0135449186644336,0.0155944131458367,0.0143342613092452,0.0060274902660433,0,2,0,0,0,xg_MSFT,0.37327601583830267,6.7280559597522815
2024-02-13,399.4391784667969,403.1256740669391,396.5588037714058,398.08254328582007,27824900,55.3515765197958,398.1955551147461,397.21872224109114,7.883156929132781,8.204563056086997,382.7916825862528,398.1955551147461,413.5994276432395,-0.0215286785905874,0.0020471466916875,-0.0055555618869399,-0.0217638013037593,0.017637996830107,0.0133669955703937,1.3194197093519513,-1.2205160416969594,0.0020471466916875,-0.0055555618869399,0.0076027085786275,407.0460998535156,402.46795959472655,398.19555511474607,1.0113751670155289,1.0107294127850055,0.0221574277534351,0.3123157681260582,26514680.0,1.0494148901664644,-0.012578529072993,0.0155511758342332,0.000145151080457,-0.0003946510510253,0.0184257693222289,-0.0027580726586442,0.0091753179037805,1,2,0,0,1,xg_MSFT,0.3392132904196828,6.114097620523151
2024-02-14,403.2998352050781,403.64455035620506,398.4542264131706,401.9013178119368,20401200,58.21066091404611,399.2168243408203,397.79787585670897,7.418164332157232,8.047283311301044,385.47074938134574,399.2168243408203,412.9628993002949,0.0096651929665485,-0.0091842546765675,0.0318607879159968,0.0096187837851839,0.0151425409510344,0.0134319932501016,1.1272648373377214,0.6382386390211005,-0.0091842546765675,0.0318607879159968,-0.0410450425925644,406.2984313964844,403.7132293701172,399.2168243408203,1.0064035603450516,1.011263064969071,0.0175591617885562,-0.2668005994630709,23767690.0,0.8583585531450109,-0.0215286785905874,-0.012578529072993,0.0155511758342332,0.0211102624290475,-0.0135449186644336,-0.0269463213833517,0.0057381798053486,2,2,0,0,0,xg_MSFT,0.3985559333653032,7.183709933119968
2024-02-15,400.41412353515625,402.9452806494458,398.17844942358096,401.97025586986575,21825500,55.35720335228153,399.8775344848633,398.0470423022754,6.7391171861323755,7.785650086267311,387.3468896657317,399.8775344848633,412.4081793039949,-0.0071552512994568,-0.0164165585250652,0.0087467510765932,-0.0071809728797234,0.0147856894773351,0.0134432436154547,1.099778455393226,-0.4838981240814127,-0.0164165585250652,0.0087467510765932,-0.0251633096016585,404.9618041992187,404.0604248046875,399.8775344848633,1.0022308034620488,1.0104604284039431,0.0126975284224934,0.0698145207144678,22884470.0,0.953725386692331,0.0096651929665485,-0.0215286785905874,-0.012578529072993,0.000145151080457,-0.0003946510510253,0.0155944131458367,-0.0023217098580352,3,2,0,0,0,xg_MSFT,0.33852124512802617,6.101623956930026
2024-02-16,397.9519348144531,402.11800189970467,397.3413119912312,401.7929735865366,22296500,52.97124870886695,400.1791961669922,398.0379844462923,5.9338872200895025,7.41529751303175,388.17589886563377,400.1791961669922,412.18249346835063,-0.0061491055784073,-0.0374337538971117,-0.0155945666324316,-0.00616808918961,0.0135528301647871,0.0133197828629498,1.0174199447753696,-0.4536802884237625,-0.0374337538971117,-0.0155945666324316,-0.0218391872646801,401.8665710449219,403.4300048828125,400.1791961669922,0.9961246466079172,1.008123382591992,0.0042401474407115,0.0215802616205813,22288450.0,1.000361173612297,-0.0071552512994568,0.0096651929665485,-0.0215286785905874,0.0155511758342332,0.0211102624290475,0.0184257693222289,0.0143342613092452,4,2,0,0,0,xg_MSFT,0.33524398736513633,6.042553529986746
2024-02-20,396.7011413574219,398.3754248852805,391.9934005217336,397.1443207958614,24307900,51.750979746720375,400.5244888305664,397.910666056876,5.135607999750391,6.959359610375479,389.41486548435256,400.5244888305664,411.6341121767802,-0.0031430767075285,-0.0282358093201308,-0.0052143375341694,-0.0031480265476631,0.0129084884247523,0.0132730836099132,0.972457971796424,-0.2434702758245707,-0.0282358093201308,-0.0052143375341694,-0.0230214717859613,399.5612426757813,403.22206726074216,400.5244888305664,0.9909210708386312,1.0067351148441686,-0.0024281406186256,0.0902114681676495,22184010.0,1.0957396791652594,-0.0061491055784073,-0.0071552512994568,0.0096651929665485,-0.012578529072993,0.000145151080457,-0.0135449186644336,-0.0027580726586442,1,2,0,0,0,xg_MSFT,0.30079982462821325,5.421720032660681
2024-02-21,396.1003723144531,396.2087251105163,391.2153593903598,394.12077725006736,18518900,51.141588521732935,400.72226867675784,397.73825712902624,4.403725518851843,6.448232792070752,390.11111670783055,400.72226867675784,411.3334206456851,-0.0015144121867485,-0.0083587347769925,-0.0063286996415502,-0.0015155600679408,0.0129128326382565,0.0132286667111919,0.9760512430243342,-0.1172705446299618,-0.0083587347769925,-0.0063286996415502,-0.0020300351354423,398.8934814453125,402.9697906494141,400.72226867675784,0.9898843305411744,1.0056086775014472,-0.0046169793296571,-0.2381530284393139,22197640.0,0.8342733732054023,-0.0031430767075285,-0.0061491055784073,-0.0071552512994568,-0.0215286785905874,0.0155511758342332,-0.0003946510510253,-0.0269463213833517,2,2,0,0,1,xg_MSFT,0.3019895633389018,5.443164294502738
2024-02-22,405.4272155761719,406.5893706886108,402.393788153555,403.98929433440406,27009900,59.1783331729935,401.20648803710935,398.47053888589727,4.524150097215454,6.0634162530996925,390.66847738112466,401.20648803710935,411.7444986930941,0.0235466662331598,0.0052749348881135,-0.0039577661338687,0.0232737198361832,0.0133816099668664,0.0140825861617104,0.9501564312680214,1.7594973096771274,0.0052749348881135,-0.0039577661338687,0.0092327010219823,399.3189575195312,402.80869445800784,401.20648803710935,0.991336490531387,1.0039934708651828,-0.0046556581429681,0.458504554806171,22664580.0,1.1917229439062542,-0.0015144121867485,-0.0031430767075285,-0.0061491055784073,0.0096651929665485,-0.012578529072993,0.0211102624290475,0.0155944131458367,3,2,0,0,0,xg_MSFT,0.37360976577130506,6.734071583929905
2024-02-23,404.1369934082031,409.57353818458586,402.7877081506477,409.3864380168882,16295900,57.76285243822984,401.51265411376954,399.010201221355,4.464018866326569,5.743536775745068,391.0094720482003,401.51265411376954,412.0158361793388,-0.0031823768074749,0.0092975488481239,-0.0072716434317461,-0.0031874513374523,0.013410207563394,0.0140760135214029,0.9526315750855046,-0.2372923386974648,0.0092975488481239,-0.0072716434317461,0.01656919227987,400.06353149414065,402.5126678466797,401.51265411376954,0.9939153806869204,1.0024906157319435,-0.003585721285765,-0.3966693693793757,22171640.0,0.7349884807799182,0.0235466662331598,-0.0015144121867485,-0.0031430767075285,-0.0071552512994568,-0.0215286785905874,0.000145151080457,0.0184257693222289,4,2,0,0,0,xg_MSFT,0.4119286203471001,7.424743866531738
2024-02-26,401.37933349609375,405.92948936303,401.20203166596815,405.2400590562965,16193500,54.74862946283207,401.7271408081055,399.2358328665682,4.146051226728844,5.424039665941823,391.4311095693053,401.7271408081055,412.0231720469057,-0.0068235770471127,0.0086125945919541,-0.0291435610515284,-0.006846964098587,0.0122207788958878,0.0141652462241056,0.8626688187229598,-0.5583129187035656,0.0086125945919541,-0.0291435610515284,0.0377561556434826,400.74901123046874,401.3077911376953,401.72714080810545,0.9986076026442386,0.9989561330868344,-0.0024369206284663,-0.0062837891739639,21587710.0,0.750125881809569,-0.0031823768074749,0.0235466662331598,-0.0015144121867485,-0.0061491055784073,0.0096651929665485,0.0155511758342332,-0.0135449186644336,0,2,0,0,0,xg_MSFT,0.3536853815220893,6.374947593894605
2024-02-27,401.3202209472656,402.1475192363306,397.74509008849367,401.82249094576025,14835800,54.68275746820678,401.6540725708008,399.4343460171109,3.844967303186138,5.108225193390687,391.36881299118664,401.6540725708008,411.93933215041494,-0.0001472735238091,0.0116437264940512,-0.0169208528671414,-0.0001472843696195,0.0117484592359594,0.0137932468812655,0.8516926902269308,-0.0125344937883126,0.0116437264940512,-0.0169208528671414,0.0285645793611926,401.6728271484375,400.6170349121094,401.6540725708008,1.002635415232804,0.9974180825503552,4.67322020116924e-05,-0.0838422823972581,20951000.0,0.708118944203107,-0.0068235770471127,-0.0031823768074749,0.0235466662331598,-0.0031430767075285,-0.0071552512994568,-0.012578529072993,-0.0003946510510253,1,2,0,0,0,xg_MSFT,0.35055894335971816,6.318595591572951
2024-02-28,401.556640625,403.1127430930959,399.1929265964819,402.00967855020446,13183100,54.91639082949624,401.6483703613282,399.6364693131003,3.5841177384840535,4.80340370240936,391.36302310716655,401.6483703613282,411.93371761548985,0.0005891048230173,0.0137749638523825,0.0053010878059853,0.00058893136889,0.0094449720083987,0.0137794873588206,0.685387371467175,0.0623657176300687,0.0137749638523825,0.0053010878059853,0.0084738760463971,402.7640808105469,400.8287811279297,401.64837036132815,1.004828245310058,0.997959435929838,0.0027784634503421,-0.1113994526752855,19486820.0,0.6765136641072953,-0.0001472735238091,-0.0068235770471127,-0.0031823768074749,-0.0015144121867485,-0.0061491055784073,-0.0215286785905874,0.0211102624290475,2,2,0,0,1,xg_MSFT,0.34841602686618434,6.279970923836952
2024-02-29,407.38714599609375,407.9386782441384,399.7838456551883,402.4627294555139,31947300,60.34596784548452,402.4753707885743,400.3746289971949,3.8040153143917905,4.603526024805847,393.2406187139128,402.4753707885743,411.7101228632358,0.014519758313594,0.0048342349615986,0.0101346701243685,0.0144153560069364,0.0100686405698836,0.0125657376410638,0.801213557366135,1.4419341199744344,0.0048342349615986,0.0101346701243685,-0.0053004351627699,403.1560668945313,401.2375122070313,402.4753707885742,1.0047815935178814,0.9969243867541072,0.001670882630066,1.4233526257101894,20641430.0,1.5477270712348157,0.0005891048230173,-0.0001472735238091,-0.0068235770471127,0.0235466662331598,-0.0031430767075285,0.0096651929665485,0.000145151080457,3,2,0,1,1,xg_MSFT,0.3913809239190684,7.054385082291807
2024-03-01,409.2190246582031,409.58342668223145,404.66886847100426,405.0529573414313,17823400,61.898582367169325,403.08921356201176,401.2169523934814,4.079081908853652,4.498637201615408,393.7713466669828,403.08921356201176,412.4070804570408,0.0044966530734058,0.01257502117572,0.0219894868974914,0.0044865733344048,0.0096797612969865,0.0121798757152265,0.7946687515156652,0.4644937454253276,0.01257502117572,0.0219894868974914,-0.0094144657217714,404.1724731445312,402.1180023193359,403.0892135620117,1.0051091242206156,0.9975905799262316,0.0026471388602333,-0.4420999583689389,20241220.0,0.8805496901866153,0.014519758313594,0.0005891048230173,-0.0001472735238091,-0.0031823768074749,-0.0015144121867485,-0.0071552512994568,0.0155511758342332,4,3,1,0,0,xg_MSFT,0.38613227878436934,6.959781687804136
2024-03-04,408.6477661132813,411.0410251668183,406.0870636846248,407.19012810158426,17596000,61.09523327816569,403.30879516601567,401.92464893822427,4.202534178323219,4.4394165969569706,393.67356334719113,403.30879516601567,412.9440269848402,-0.0013959725978013,0.0181086369192904,0.0268771938596432,-0.0013969478752935,0.0093336986443774,0.011527176373734,0.8096422488506911,-0.1495466164451027,0.0181086369192904,0.0268771938596432,-0.0087685569403528,405.6261596679688,403.1875854492188,403.3087951660156,1.006048237363343,0.9996994617567244,0.0056708116234038,-0.0127585084776192,19771170.0,0.8899827374909584,0.0044966530734058,0.014519758313594,0.0005891048230173,-0.0068235770471127,0.0235466662331598,-0.0061491055784073,-0.012578529072993,0,3,0,0,0,xg_MSFT,0.3403525986727847,6.134632906362673
2024-03-05,396.563232421875,407.98788407033936,394.5836375385052,407.70225951365865,26919200,47.153434642726005,403.19793090820315,401.4140378414291,3.2873555288401803,4.209004383333613,393.29598491008574,403.19793090820315,413.09987690632056,-0.0295720047764957,-0.0118533487153036,-0.0003476393717319,-0.0300180726098275,0.0138293776961456,0.0130225995613561,1.0618706165675118,-2.138192132289867,-0.0118533487153036,-0.0003476393717319,-0.0115057093435716,404.6747619628906,403.1737945556641,403.19793090820315,1.0037228793822792,0.999940137707342,0.003724074583688,0.529847692657422,20032300.0,1.3437897795060307,-0.0013959725978013,0.0044966530734058,0.014519758313594,-0.0001472735238091,-0.0031823768074749,-0.0031430767075285,-0.0215286785905874,1,3,0,0,0,xg_MSFT,0.41378684252541964,7.458237105504805
2024-03-06,396.0117492675781,399.03534841652714,392.3676988449284,396.87845143918287,22344100,46.630474785601955,403.06736145019534,400.899534167729,2.488879520169178,3.8649794107007263,392.84764828318146,403.06736145019534,413.2870746172092,-0.0013906562918828,-0.0138084912474404,-0.0002237388628472,-0.001391624151755,0.013827875833729,0.0130252951262142,1.0615355862697795,-0.1005617744062024,-0.0138084912474404,-0.0002237388628472,-0.0135847523845932,403.56578369140624,403.16493225097656,403.06736145019534,1.0009942616739795,1.000242070706073,0.0012586046806255,-0.169956759487652,20414820.0,1.0945038947195669,-0.0295720047764957,-0.0013959725978013,0.0044966530734058,0.0005891048230173,-0.0068235770471127,-0.0015144121867485,0.0096651929665485,2,3,0,0,1,xg_MSFT,0.3467518280856158,6.249974829663393
2024-03-07,402.95513916015625,403.5854487981229,396.1594208279708,399.9807725694748,18718500,53.60689241249796,402.8632095336914,401.0953060717696,2.388818256713307,3.5697471799032425,392.8158091839337,402.8632095336914,412.9106098834491,0.0175332926495739,-0.0108791032792674,-0.0060974604590923,0.0173813578480457,0.0127846098592022,0.0127379836029463,1.0035816245375606,1.3713301784313845,-0.0108791032792674,-0.0060974604590923,-0.0047816428201751,402.6793823242187,402.917724609375,402.8632095336914,0.9994084591702008,1.000135319072066,-0.0004561977044288,-0.162262073657028,19585680.0,0.9557237736958352,-0.0013906562918828,-0.0295720047764957,-0.0013959725978013,0.014519758313594,-0.0001472735238091,0.0235466662331598,-0.0071552512994568,3,3,0,0,0,xg_MSFT,0.37480555542283817,6.755624910021695
2024-03-08,400.0792846679687,404.21580644025056,398.2178408535662,401.79297194630584,18002200,50.6534519681864,402.5123107910156,400.9985421285505,2.0537867858914183,3.2665551011008778,392.5982148686367,402.5123107910156,412.4264067133944,-0.0071369098261941,-0.0223345920876194,-0.0100404288803521,-0.0071624993934396,0.0129357849368658,0.012824558758033,1.0085942593934725,-0.5516756953929267,-0.0223345920876194,-0.0100404288803521,-0.0122941632072672,400.8514343261719,402.51195373535154,402.5123107910157,0.9958746084587804,0.999999112932314,-0.0041513683124636,-0.0382669551513208,19756310.0,0.9112126707871608,0.0175332926495739,-0.0013906562918828,-0.0295720047764957,0.0044966530734058,0.0005891048230173,-0.0031823768074749,-0.0061491055784073,4,3,0,0,0,xg_MSFT,0.3361541335292964,6.058958319108465
2024-03-11,398.4049987792969,399.5474670630361,395.19429952187465,397.65650787745375,16120800,48.96217144378629,401.7611557006835,400.7515380000502,1.6343314967108429,2.9401103802228707,393.13677128608487,401.7611557006835,410.38554011528225,-0.0041848852285899,-0.0250650271048955,-0.0074102836608198,-0.0041936663680477,0.0128287398842321,0.01224723580659,1.0473949135866365,-0.3261862879802588,-0.0250650271048955,-0.0074102836608198,-0.0176547434440756,398.802880859375,402.2145202636719,401.7611557006836,0.9915178611601084,1.001128442997924,-0.0074252954917048,-0.1045094488451411,19749040.0,0.8162827155142318,-0.0071369098261941,0.0175332926495739,-0.0013906562918828,-0.0013959725978013,0.014519758313594,-0.0068235770471127,-0.0031430767075285,0,3,0,0,1,xg_MSFT,0.33808239088025327,6.0937138962459505
2024-03-12,409.00238037109375,409.2880049750951,400.6407298572385,401.458169860924,22457000,58.424494619713464,401.799885559082,401.53733251157814,2.132448744741623,2.7785780531266213,393.0472246769987,401.799885559082,410.5525464411653,0.0265995196452528,0.0313673758236507,0.0191422186644254,0.0262519032355719,0.0154666093896956,0.0134980621437397,1.1457543661185632,1.719691710276394,0.0313673758236507,0.0191422186644254,0.0122251571592253,401.2907104492187,402.9827362060547,401.7998855590821,0.9958012450539052,1.002943879999684,-0.0012449196735757,0.3930450101731924,20511160.0,1.0948673795143185,-0.0041848852285899,-0.0071369098261941,0.0175332926495739,-0.0295720047764957,0.0044966530734058,-0.0001472735238091,-0.0015144121867485,1,3,0,0,0,xg_MSFT,0.395561871369606,7.129743924591994
2024-03-13,408.8250427246094,411.8584699071754,405.2302248765396,411.7796924719957,17115900,58.22994114557602,402.2691787719727,402.23140015091445,2.484263542826909,2.719715151066679,393.0551360877576,402.2691787719727,411.4832214561878,-0.0004335858542521,0.0323558416656308,0.0181005650617469,-0.0004336798797783,0.0154803926957155,0.0124996014739484,1.2383718277858098,-0.0280069024004618,0.0323558416656308,0.0181005650617469,0.0142552766038839,403.853369140625,403.7095764160157,402.26917877197263,1.0003561786318915,1.0035806810962753,0.0038749836802915,-0.2378367546867346,20904440.0,0.8187686443645074,0.0265995196452528,-0.0041848852285899,-0.0071369098261941,-0.0013906562918828,-0.0013959725978013,0.0005891048230173,0.0235466662331598,2,3,0,0,1,xg_MSFT,0.38437063992401105,6.928029299945123
2024-03-14,418.7920837402344,421.3527863664109,411.6713665638625,413.8873540190868,34157300,65.23667099244955,403.0437911987305,403.8086081118021,3.5266828127404324,2.88110868340143,391.2275497893785,403.0437911987305,414.8600326080824,0.0243797223115291,0.0393020042208314,0.0279953303785631,0.0240872804494722,0.0166435550299782,0.0134209455393813,1.240025522465752,1.4647265888225445,0.0393020042208314,0.0279953303785631,0.0113066738422682,407.0207580566406,404.8500701904297,403.0437911987305,1.005361708014994,1.0044815948816057,0.0094962799258091,0.9956473220806386,21125440.0,1.6168799324415677,-0.0004335858542521,0.0265995196452528,-0.0041848852285899,0.0175332926495739,-0.0295720047764957,0.014519758313594,-0.0031823768074749,3,3,0,0,0,xg_MSFT,0.4318232761248718,7.783332020319899
2024-03-15,410.1251220703125,416.2116937258995,406.54999083820695,412.9517323671829,45079900,56.380173435276355,403.52934112548826,404.41018086975544,3.611821391707508,3.0272512250626455,391.3748372149911,403.52934112548826,415.6838450359854,-0.020695142067914,0.0251096164868445,0.0022142113575149,-0.0209122876508374,0.0182064150315581,0.014223098462387,1.2799696992889624,-1.1366326319273754,0.0251096164868445,0.0022142113575149,0.0228954051293295,409.02992553710936,404.9406799316406,403.52934112548826,1.010098381832517,1.003497487449651,0.0134119665331744,0.3197735183987025,23851090.0,1.8900561777259703,0.0243797223115291,-0.0004335858542521,0.0265995196452528,-0.0071369098261941,-0.0013906562918828,0.0044966530734058,-0.0068235770471127,4,3,0,0,1,xg_MSFT,0.4339546490254666,7.821748622345873
2024-03-18,411.0115356445313,414.3699915467621,407.52504009505543,407.98793648172665,20106000,57.02280563455077,404.1823211669922,405.038881324496,3.708076103181156,3.163416200686348,391.887050786675,404.1823211669922,416.47759154730943,0.0021613247433958,0.0316425167953728,0.0057843691493342,0.0021589924410427,0.0182028211492094,0.0141151658958503,1.28950178706531,0.1187291792025585,0.0316425167953728,0.0057843691493342,0.0258581476460386,411.5512329101563,405.1770568847657,404.1823211669922,1.015731828634126,1.002461106450429,0.0179287224423237,-0.5539919121382257,24102090.0,0.8342015153042399,-0.020695142067914,0.0243797223115291,-0.0004335858542521,-0.0041848852285899,0.0175332926495739,-0.0013959725978013,-0.0001472735238091,0,3,0,0,1,xg_MSFT,0.3857328129858718,6.952581578147311
2024-03-19,415.0397338867187,415.295813199016,409.268301301435,411.51383434146254,19837900,59.91308798904076,405.09925079345703,405.99134347327913,4.062569812650565,3.3432469230791915,392.423745106297,405.09925079345703,417.77475648061704,0.009800693880454,0.0147611696297393,0.0465915646087631,0.0097529785888612,0.014875180663828,0.0141775251836238,1.0491345518085966,0.6588178849081008,0.0147611696297393,0.0465915646087631,-0.0318303949790237,412.7587036132812,407.02470703125,405.09925079345703,1.014087588500103,1.0047530481333196,0.0184547458820286,-0.0133343280612752,23393960.0,0.8479923877786896,0.0021613247433958,-0.020695142067914,0.0243797223115291,0.0265995196452528,-0.0071369098261941,-0.0295720047764957,0.0005891048230173,1,3,0,0,1,xg_MSFT,0.36408726219016624,6.562434687230394
2024-03-20,418.8019409179687,419.5208864985866,414.3010169757645,415.6207570050016,17860100,62.452864812888045,406.2343292236328,407.21140037277337,4.594129036948289,3.593423345853011,392.9029972892656,406.2343292236328,419.565661158,0.0090646912188818,0.0244038333045069,0.0575492815365727,0.0090238535074069,0.0147694453547218,0.014222741406071,1.0383657107558182,0.613704665038013,0.0244038333045069,0.0575492815365727,-0.0331454482320658,414.75408325195315,409.30372619628906,406.2343292236328,1.0133161676936464,1.0075557301583111,0.0203431579367706,-0.0996980527172735,22945560.0,0.7783684512384628,0.009800693880454,0.0021613247433958,-0.020695142067914,-0.0004335858542521,-0.0041848852285899,-0.0013906562918828,0.014519758313594,2,3,0,0,1,xg_MSFT,0.33761382379753674,6.085268281152426
2024-03-21,422.87933349609375,424.3074262893576,420.7027498405441,423.3323713938263,21296200,65.03816896281303,407.106935119629,408.7035844797563,5.283500155813158,3.931438707845041,391.85213869199174,407.106935119629,422.3617315472661,0.009735849287584,0.0097596156053287,0.0494451922798744,0.0096887612880038,0.0142733172082624,0.0134828818384997,1.0585465950545978,0.6820535893617842,0.0097596156053287,0.0494451922798744,-0.0396855766745456,415.571533203125,411.2961456298828,407.106935119629,1.0103949128108036,1.0102901968717946,0.0200165801755224,0.1923897402590131,23203330.0,0.9178079180875798,0.0090646912188818,0.009800693880454,0.0021613247433958,0.0243797223115291,0.0265995196452528,0.0175332926495739,0.0044966530734058,3,3,0,0,0,xg_MSFT,0.3891456916322679,7.014096482782233
2024-03-22,422.2589111328125,423.3619757627276,419.6292892126145,423.20442086381706,17648500,64.3125309305572,408.0130310058594,409.9945679705235,5.713902523028878,4.287931470881809,391.4079683982337,408.0130310058594,424.61809361348503,-0.0014671380560312,0.0295855786674286,0.0554380776881537,-0.0014682153568967,0.0138470076139052,0.0134522915210516,1.0292654100476075,-0.1059457863496599,0.0295855786674286,0.0554380776881537,-0.0258524990207251,417.998291015625,413.5141082763672,408.0130310058594,1.010844086451969,1.0134826019084395,0.0236472452007649,-0.1712840788497478,23167960.0,0.7617632281823363,0.009735849287584,0.0090646912188818,0.009800693880454,-0.020695142067914,-0.0004335858542521,-0.0071369098261941,-0.0013959725978013,4,3,0,0,0,xg_MSFT,0.3787733888336541,6.827142511191411
2024-03-25,416.4677429199219,420.9489800236463,415.2366387798196,418.8117700116772,18060500,57.8269962696052,408.7674514770508,410.6110608228471,5.524023123972654,4.535149801499978,392.0606819640237,408.7674514770508,425.474220990078,-0.0137147329759232,0.0132750708975464,0.0453376443467548,-0.0138096487550924,0.0148769377921003,0.0137819940189457,1.0793690958329425,-0.9218167979708398,0.0132750708975464,0.0453376443467548,-0.0320625734492083,419.08953247070315,415.3203826904297,408.7674514770508,1.0090752824502789,1.016030951558644,0.0247848270823632,0.0233447601779188,23361930.0,0.7730739712001203,-0.0014671380560312,0.009735849287584,0.0090646912188818,0.0021613247433958,0.0243797223115291,-0.0041848852285899,-0.0295720047764957,0,3,0,0,0,xg_MSFT,0.36640581930899313,6.604225162319763
2024-03-26,415.2760314941406,419.5504213482546,414.98057853086766,419.17616089060704,16725600,56.56292474472837,409.46524200439455,411.0553437439227,5.217240083635829,4.6715678579271485,392.9029904425428,409.46524200439455,426.02749356624633,-0.0028614735379647,0.0005693373143074,0.0153389110287198,-0.0028655753801132,0.0127952150058585,0.0138169180399931,0.9259871833676716,-0.2236187448127936,0.0005693373143074,0.0153389110287198,-0.0147695737144124,419.1367919921875,415.9477478027344,409.46524200439455,1.007666934624119,1.0158316387652515,0.0232894490755829,-0.0739126823731347,22788790.0,0.7339398011039316,-0.0137147329759232,-0.0014671380560312,0.009735849287584,0.009800693880454,-0.020695142067914,0.0265995196452528,-0.0013906562918828,1,3,0,0,0,xg_MSFT,0.3984086580041345,7.181055391093714
2024-03-27,415.0593872070313,418.0337541903471,412.6759863072437,418.0238957387452,16705000,56.32189032845736,410.1403793334961,411.4366812165997,4.9001451079485605,4.717283307931432,393.836707701183,410.1403793334961,426.44405096580925,-0.0005216874336085,-0.0089363332527402,0.0152494192647134,-0.0005218235598425,0.0127967987682602,0.0138242781349336,0.9256087757052268,-0.0407638409585265,-0.0089363332527402,0.0152494192647134,-0.0241857525174536,418.38828125,416.57118225097656,410.14037933349607,1.0043620372134352,1.0156795166765364,0.0198716187869035,-0.0012316449036208,22747700.0,0.7343599572703732,-0.0028614735379647,-0.0137147329759232,-0.0014671380560312,0.0090646912188818,0.0021613247433958,-0.0004335858542521,0.0175332926495739,2,3,0,0,0,xg_MSFT,0.35401730970287715,6.380930382180491
2024-03-28,414.3600769042969,415.4926866162291,412.7842577129666,414.5964392633085,21871200,55.49975066464415,410.4890258789063,411.71509985352327,4.5400813266882665,4.681842911682799,394.1351074248818,410.4890258789063,426.8429443329308,-0.0016848439627884,-0.0201458333784372,-0.0105828333629308,-0.0016862649086508,0.0099841332687269,0.013507445581569,0.7391030454569313,-0.168735250441306,-0.0201458333784372,-0.0105828333629308,-0.0095630000155063,416.68442993164064,416.1279815673828,410.48902587890626,1.0013372048718328,1.0137371655098522,0.0149517397984393,0.309260700389105,21519090.0,1.01636268076387,-0.0005216874336085,-0.0028614735379647,-0.0137147329759232,0.009735849287584,0.009800693880454,0.0243797223115291,-0.0071369098261941,3,3,0,0,1,xg_MSFT,0.36330685260221335,6.5483683150112135
2024-04-01,418.15191650390625,421.42173632509054,415.8374347010724,417.5412936572551,16316000,58.99493879973856,410.93567047119143,412.3281300107026,4.508724186049335,4.6472191665561065,394.2433605897365,410.93567047119143,427.6279803526464,0.0091510736940161,-0.0097262473819397,0.0195715746284317,0.0091094563222187,0.007632542988541,0.0136117210166801,0.5606919424256619,1.1987976890617027,-0.0097262473819397,0.0195715746284317,-0.0292978220103714,415.8630310058594,416.9306610107422,410.93567047119143,0.9974393104064484,1.014588635084116,0.0117836612489182,-0.2539961227550386,18642700.0,0.8751951165871428,-0.0016848439627884,-0.0005216874336085,-0.0028614735379647,-0.0014671380560312,0.0090646912188818,-0.020695142067914,-0.0041848852285899,0,4,1,0,0,xg_MSFT,0.37450363303283357,6.750182956482593
2024-04-02,415.0692138671875,415.9950065592136,411.5236280313696,413.7593022671653,17912000,55.19911056027485,411.2567428588867,412.5891856160821,4.186861552864059,4.555147643817697,394.50281060284107,411.2567428588867,428.0106751149325,-0.007372207360647,-0.0033580729276391,0.0098724193137136,-0.0073995163826294,0.0081811688718654,0.0137360066839386,0.5955568822304572,-0.9010089471504964,-0.0033580729276391,0.0098724193137136,-0.0132304922413527,415.5833251953125,417.3364288330078,411.2567428588867,0.9957993035915952,1.0147831885548129,0.0104237611267652,0.097818092669772,18423300.0,0.9722471001394446,0.0091510736940161,-0.0016848439627884,-0.0005216874336085,-0.0137147329759232,0.009735849287584,0.0021613247433958,0.0265995196452528,1,4,0,0,0,xg_MSFT,0.3627933148994117,6.539112133913876
2024-04-03,414.0942077636719,416.8617275140834,412.7547508067756,413.3850905644336,16502300,54.01533530455729,412.13329162597654,412.73252105870966,3.809198187519769,4.405957752558112,396.8459878329085,412.13329162597654,427.42059541904456,-0.0023490205270382,-0.0028458751308535,-0.0022781580794499,-0.0023517838039346,0.0076136013189731,0.0117685942019843,0.6468873257915332,-0.3084889712065701,-0.0028458751308535,-0.0022781580794499,-0.0005677170514035,415.3469604492187,417.24187622070315,412.13329162597654,0.9954584717415036,1.012395466948501,0.0077607190899812,-0.0787014292094685,18089740.0,0.9122463893897363,-0.007372207360647,0.0091510736940161,-0.0016848439627884,-0.0028614735379647,-0.0014671380560312,0.009800693880454,-0.0004335858542521,2,4,0,0,0,xg_MSFT,0.3781098981050901,6.815183524915451
2024-04-04,411.56304931640625,422.1899488258563,411.2577378896696,418.5655553413228,19370900,50.95997079548293,412.910856628418,412.6211427975379,3.267982646940822,4.178362731434654,399.6252350090652,412.910856628418,426.1964782477708,-0.0061125183588903,-0.0084237051332635,-0.01728476134971,-0.0061312762770437,0.0070532243737129,0.0118917853066788,0.5930674935964668,-0.8665046694103229,-0.0084237051332635,-0.01728476134971,0.0088610562164465,414.64769287109374,416.5179870605469,412.91085662841795,0.995509691663853,1.0087358575688288,0.0042200976145954,0.1738303145622124,18240820.0,1.061953355167089,-0.0023490205270382,-0.007372207360647,0.0091510736940161,-0.0005216874336085,-0.0137147329759232,0.0090646912188818,0.0243797223115291,3,4,0,0,1,xg_MSFT,0.43637692618283647,7.865408583268393
2024-04-05,419.0875549316406,420.0626098925823,411.9964128003869,413.6608680769513,16554800,58.47893122001044,413.71747741699227,413.2369915722144,3.4069568719539234,4.024081559538508,401.03151896887545,413.71747741699227,426.4034358651091,0.0182827530987836,0.0114091059704954,-0.0089665733558202,0.01811763309711,0.008877529789544,0.011944391931647,0.7431761000679041,2.0592095236662504,0.0114091059704954,-0.0089665733558202,0.0203756793263157,415.5931884765625,416.1388092041016,413.7174774169922,0.9986888492121592,1.0058526214609709,0.0044757021235723,-0.1453778606053409,17766680.0,0.9317891693889389,-0.0061125183588903,-0.0023490205270382,-0.007372207360647,-0.0016848439627884,-0.0028614735379647,0.009735849287584,-0.020695142067914,4,4,0,0,0,xg_MSFT,0.4289696863570859,7.731897931792344
2024-04-08,418.171630859375,420.820969557038,416.9011228829619,418.7428800514856,14272400,57.32672452855002,414.6220947265626,413.7069572186106,3.403948924282588,3.900055032487324,403.5538199578166,414.6220947265626,425.6903694953086,-0.0021855196163365,4.714639510350338e-05,-0.0096795595443383,-0.0021879113497558,0.0088858466768692,0.0117947211444786,0.7533110157515552,-0.2459274583891477,4.714639510350338e-05,-0.0096795595443383,0.0097267059394418,415.5971313476563,415.73008117675784,414.6220947265625,0.99968020156558,1.0026722802867658,0.0023316661130023,-0.1378693792736849,17429070.0,0.8188847712470707,0.0182827530987836,-0.0061125183588903,-0.0023490205270382,0.0091510736940161,-0.0005216874336085,-0.0014671380560312,0.0021613247433958,0,4,0,0,1,xg_MSFT,0.392429927009445,7.073292676657752
2024-04-09,419.83599853515625,421.2739195545585,415.24643933401694,419.993583449868,12496900,58.911001133051066,415.6936447143555,414.290675439234,3.495570900394057,3.819158206068671,407.44573512746985,415.6936447143555,423.9415543012412,0.0039801066188083,0.011484312757279,0.0080876746698772,0.0039722069485428,0.0077475066350692,0.0117001160066644,0.6621168981366045,0.5136611228794244,0.011484312757279,0.0080876746698772,0.0033966380874017,416.55048828125,416.06690673828126,415.69364471435546,1.001162268700387,1.0008979257409198,0.0020409006609346,-0.1244009416776436,16872710.0,0.7406575470092985,-0.0021855196163365,0.0182827530987836,-0.0061125183588903,-0.007372207360647,-0.0016848439627884,-0.0137147329759232,0.009800693880454,1,4,0,0,0,xg_MSFT,0.41011324105014474,7.392022842464169
2024-04-10,416.86175537109375,417.62010476496505,413.35557288951713,415.80792292497927,16216600,54.98263075012562,416.08661346435554,414.5355401946492,3.2902573711499485,3.7133780390849265,408.4551545453491,416.08661346435554,423.7180723833619,-0.0070842976172598,0.0066833767667702,0.003818481580186,-0.0071095104007641,0.0080792130765216,0.010432644707281,0.7743423610048369,-0.8767463865333451,0.0066833767667702,0.003818481580186,0.0028648951865841,417.1039978027344,416.22547912597656,416.0866134643555,1.002110679717644,1.0003337421996463,0.0024405797012326,0.2976498171546544,16821810.0,0.9640223019995492,0.0039801066188083,-0.0021855196163365,0.0182827530987836,-0.0023490205270382,0.0091510736940161,-0.0028614735379647,0.0090646912188818,2,4,0,0,1,xg_MSFT,0.4137177730269142,7.456992172984796
2024-04-11,421.4611206054687,422.87935502001585,415.9753131864395,419.38303118441615,17966400,59.4821724967572,416.71841735839854,415.19511928139394,3.458804312847292,3.6624632938374,409.5393919290806,416.71841735839854,423.8974427877165,0.0110333106242392,0.0240499512905807,0.015423656459176,0.0109728876896584,0.0087311013286666,0.0106620680195904,0.8188169964428306,1.263534424184702,0.0240499512905807,0.015423656459176,0.0086262948314046,419.0836120605469,416.8656524658203,416.7184173583984,1.0053205621082166,1.0003533203748354,0.0056118929754437,0.1079017796578813,16947950.0,1.0600928135850614,-0.0070842976172598,0.0039801066188083,-0.0021855196163365,-0.0061125183588903,-0.007372207360647,-0.0005216874336085,0.009735849287584,3,4,0,0,0,xg_MSFT,0.45211604299112346,8.149095866003172
2024-04-12,415.5222473144531,418.7526632511182,413.424441131706,417.6397403424306,19253800,52.22367915245642,416.55492553710945,415.2262743321615,3.077683912753116,3.5455074176205432,409.42598425535886,416.55492553710945,423.68386681886005,-0.0140911533725431,-0.0085073096903797,0.0028047354823343,-0.014191376292544,0.0100292522205416,0.0097641780790709,1.0270424296753684,-1.4048653077421993,-0.0085073096903797,0.0028047354823343,-0.0113120451727141,418.37055053710935,416.9818695068359,416.5549255371094,1.0033303151331634,1.0010249403945377,0.0043695013004344,0.071655980051652,16686210.0,1.1538749662145475,0.0110333106242392,-0.0070842976172598,0.0039801066188083,0.0182827530987836,-0.0023490205270382,-0.0016848439627884,-0.0014671380560312,4,4,0,0,0,xg_MSFT,0.40708128141563954,7.337373753792216
2024-04-15,407.38714599609375,420.36790078356154,407.18029886088704,420.15122525352587,20273500,44.25687725691038,416.4180267333985,414.4796906811074,2.0950580364255984,3.2554175413815543,408.6892758778971,416.4180267333985,424.14677758889985,-0.0195780162697354,-0.025789613803113,-0.0257436832953316,-0.0197722043540924,0.0112594752217858,0.0096441033948792,1.167377347946703,-1.7386492029978806,-0.025789613803113,-0.0257436832953316,-4.5930507781455354e-05,416.2136535644531,415.9053924560547,416.4180267333985,1.0007411808406186,0.998768943118613,-0.0005016681821062,0.0529609739376122,17081960.0,1.1868368735202994,-0.0140911533725431,0.0110333106242392,-0.0070842976172598,-0.0021855196163365,-0.0061125183588903,0.0091510736940161,-0.0137147329759232,0,4,0,0,1,xg_MSFT,0.43031937229218453,7.7562251377046785
2024-04-16,408.3128967285156,412.0751580691363,407.47576998606934,408.3030683339737,16765600,45.27988596076055,416.28309478759775,413.8923769713368,1.3751682141236756,2.879367675929979,408.07740477988693,416.28309478759775,424.48878479530856,0.0022724102650768,-0.0274466740509287,-0.0162775674825975,0.0022698322456768,0.0112132705301811,0.0096456217342265,1.1624038797329477,0.2026355846295194,-0.0274466740509287,-0.0162775674825975,-0.0111691065683311,413.909033203125,415.2297607421875,416.2830947875976,0.9968192849744156,0.9974696689377992,-0.0058143193700079,-0.1730288307396355,16967320.0,0.9881112632990368,-0.0195780162697354,-0.0140911533725431,0.0110333106242392,0.0039801066188083,0.0182827530987836,-0.007372207360647,-0.0028614735379647,1,4,0,0,0,xg_MSFT,0.3696047783993494,6.661884306919609
2024-04-17,405.61431884765625,412.5479054250206,404.1271355046504,410.9425408996239,15855500,42.813321166100934,415.81182403564463,413.1039904833672,0.5802093689568437,2.419536014535352,406.32312364566303,415.81182403564463,425.30052442562624,-0.006609092934563,-0.0269812147037209,-0.0204781635604407,-0.0066310296974299,0.0113259547921989,0.0094382436095854,1.199879488299002,-0.5834836507968412,-0.0269812147037209,-0.0204781635604407,-0.0065030511432802,411.6595458984375,414.3817718505859,415.8118240356445,0.9934306329644008,0.9965608188550792,-0.0102370107372036,-0.054283771532185,16902640.0,0.93804873084909,0.0022724102650768,-0.0195780162697354,-0.0140911533725431,-0.0070842976172598,-0.0021855196163365,-0.0023490205270382,-0.0005216874336085,2,4,0,0,0,xg_MSFT,0.3710287500436019,6.687550464136047
2024-04-18,398.1587829589844,405.6636193685748,397.843643128254,404.42265672373026,21029900,36.84213530376466,414.7796661376954,411.68063738580696,-0.6439773113266938,1.806833349362943,402.5619018625892,414.7796661376954,426.9974304128016,-0.0183808498424141,-0.0552894122547017,-0.0325691686357314,-0.0185518766502408,0.01243041845086,0.0098671872655889,1.25964557788701,-1.4785802533372592,-0.0552894122547017,-0.0325691686357314,-0.0227202436189702,406.99907836914065,413.0413452148438,414.7796661376953,0.98537127840662,0.9958090498045908,-0.0195414194074331,0.3263473242723345,17068540.0,1.2320854624940838,-0.006609092934563,0.0022724102650768,-0.0195780162697354,0.0110333106242392,0.0039801066188083,-0.0061125183588903,-0.0016848439627884,3,4,0,0,0,xg_MSFT,0.42264643371109833,7.617925440004163
2024-04-19,393.0866394042969,399.35051316442866,391.7570408652649,397.9224202787546,30565800,33.42651115236378,413.2900314331055,409.909780435187,-2.0003745972638285,1.0453917600375886,398.2836963153405,413.2900314331055,428.2963665508706,-0.0127389970327742,-0.0539937585897242,-0.0620417266544335,-0.0128208338106565,0.0101195678416958,0.0096810366722294,1.0451899930023307,-1.2587235451642114,-0.0539937585897242,-0.0620417266544335,0.0080479680647093,402.5119567871094,410.4412536621094,413.2900314331054,0.9806810431352798,0.9931070735940138,-0.0274190816109387,0.4534448570844369,18469640.0,1.6549212653846177,-0.0183808498424141,-0.006609092934563,0.0022724102650768,-0.0140911533725431,-0.0070842976172598,0.0182827530987836,0.0091510736940161,4,4,0,0,1,xg_MSFT,0.45908860893794373,8.274771805208415
2024-04-22,394.8988342285156,396.76027825597146,389.7676002006902,394.0321320394096,20286900,35.71950315396876,411.9220275878906,408.4801665107421,-2.89572018178103,0.2571693716738649,395.4422499574509,411.9220275878906,428.4018052183304,0.0046101664176758,-0.0306546534182938,-0.0556536955484808,0.0045995721488933,0.0106440116314789,0.0098455370180461,1.080990363614252,0.433082327880497,-0.0306546534182938,-0.0556536955484808,0.024999042130187,400.01429443359376,408.1139739990234,411.9220275878906,0.9801533883143904,0.9907554019114584,-0.0301538827724323,-0.3362876155703433,19071090.0,1.0637514688462453,-0.0127389970327742,-0.0183808498424141,-0.006609092934563,-0.0195780162697354,0.0110333106242392,-0.0021855196163365,-0.007372207360647,0,4,0,0,1,xg_MSFT,0.4517316206554017,8.142166904920296
2024-04-23,401.4088745117187,402.0293557699127,396.96704142409345,398.1291964487654,15734500,43.2777050716746,411.1690841674805,407.80671012988273,-3.044882652109834,-0.4032410330828749,394.19514767715935,411.1690841674805,428.1430206578016,0.0164853367975148,-0.0169086557689295,-0.0438912434563291,0.0163509287953189,0.0124787244683681,0.010460479320489,1.192825993923078,1.3209696126945418,-0.0169086557689295,-0.0438912434563291,0.0269825876873995,398.6334899902343,406.27126159667966,411.1690841674805,0.981200315335059,0.9880880572995469,-0.0312289911190794,-0.2244009681124272,19394850.0,0.8112720644913052,0.0046101664176758,-0.0127389970327742,-0.0183808498424141,0.0022724102650768,-0.0140911533725431,0.0039801066188083,-0.0023490205270382,1,4,0,0,1,xg_MSFT,0.4427392727988548,7.9800857182881115
2024-04-24,402.8763427734375,406.2347982871372,400.6308101493401,403.36878440202247,15065300,44.85183316692623,410.5490997314453,407.3371513340308,-3.0099853227760605,-0.924589891021512,393.30314582391026,410.5490997314453,427.7950536389804,0.0036557942658936,-0.0067501958066896,-0.0335492820280582,0.0036491280918697,0.0126833086811314,0.0105265733041623,1.2047703981426383,0.2882139151447688,-0.0067501958066896,-0.0335492820280582,0.0267990862213686,398.0858947753906,404.8727203369141,410.5490997314453,0.9832371379433126,0.9861736893388772,-0.0309355592096991,-0.0425307445422479,19279720.0,0.7814065764440158,0.0164853367975148,0.0046101664176758,-0.0127389970327742,-0.006609092934563,-0.0195780162697354,-0.0070842976172598,-0.0061125183588903,2,4,0,0,0,xg_MSFT,0.432324684768579,7.7923695830628175
2024-04-25,393.00787353515625,393.84503042188726,382.16429787123263,388.0735981687377,40586500,37.3460399999909,409.44652404785154,405.97245821032845,-3.735570598599395,-1.4867860325370887,390.66356783214854,409.44652404785154,428.22948026355454,-0.0244950328191171,-0.012936822303776,-0.0675109652568585,-0.0248000269986876,0.0131779803530092,0.0117120565416705,1.1250675949635385,-1.858644004543491,-0.012936822303776,-0.0675109652568585,0.0545741429530824,397.055712890625,402.0273956298828,409.44652404785154,0.9876334727600632,0.9818801040374648,-0.0315281499217041,1.6940386185472578,21541730.0,1.8840873040372392,0.0036557942658936,0.0164853367975148,0.0046101664176758,-0.0183808498424141,0.0022724102650768,0.0110333106242392,0.0182827530987836,3,4,0,0,1,xg_MSFT,0.40498062239576915,7.299510749370928
2024-04-26,400.1778259277344,406.7568397543272,399.6262936342629,405.93939976601416,29694700,44.600031997974185,408.73741149902344,405.42058846912903,-3.689516471718548,-1.9273321203733809,389.6668703647283,408.73741149902344,427.80795263331856,0.0182437881665917,0.0180397546306427,-0.0369280381156261,0.0180793670284815,0.0150481843953327,0.012612554589082,1.193016947685633,1.2122775352696014,0.0180397546306427,-0.0369280381156261,0.0549677927462689,398.4739501953125,400.4929534912109,408.73741149902344,0.9949587045707092,0.9798294509485286,-0.025647251393595,-0.268360169021719,22585820.0,1.3147496969336818,-0.0244950328191171,0.0036557942658936,0.0164853367975148,-0.0127389970327742,-0.006609092934563,-0.0140911533725431,-0.0021855196163365,4,4,0,0,0,xg_MSFT,0.40060953343954,7.220724730835773
2024-04-29,396.1692810058594,400.1777629830485,393.1555407133354,399.12393070882416,19582100,41.69364415408853,407.63827972412105,404.5395115678653,-3.9311583720986505,-2.3280973707184347,388.32006090342855,407.63827972412105,426.95649854481354,-0.0100169091392856,0.0032171449171931,-0.0275361289635337,-0.010067415938038,0.0142040330475107,0.0124749961664985,1.1385089301047109,-0.7051661974866713,0.0032171449171931,-0.0275361289635337,0.0307532738807269,398.72803955078126,399.3711669921875,407.6382797241211,0.9983896497930738,0.9797194887155136,-0.022490992110032,-0.3405523544605603,22516680.0,0.8696708395731134,0.0182437881665917,-0.0244950328191171,0.0036557942658936,0.0046101664176758,-0.0183808498424141,-0.0195780162697354,0.0039801066188083,0,4,0,0,0,xg_MSFT,0.4676636613138969,8.429331513829533
2024-04-30,383.4446105957031,396.0806804506466,383.2870557136592,395.4207954000411,28781400,34.09761144309659,406.0570495605469,402.5304733800403,-5.090752846743953,-2.8806284659235386,384.27932765333367,406.0570495605469,427.8347714677601,-0.0321192758253461,-0.044753031277317,-0.0609049734457621,-0.0326464181254602,0.016794391171604,0.0140932316323882,1.1915790523132062,-1.912386290808769,-0.044753031277317,-0.0609049734457621,0.0161519421684451,395.13518676757815,396.88433837890625,406.0570495605469,0.99559279255394,0.977410289535503,-0.028483547535069,0.4697810755741212,23718260.0,1.213470128078484,-0.0100169091392856,0.0182437881665917,-0.0244950328191171,0.0164853367975148,-0.0127389970327742,0.0022724102650768,-0.0070842976172598,1,4,0,1,1,xg_MSFT,0.4252844745388604,7.665474399916399
2024-05-01,388.9698181152344,395.6473257764034,384.4098035661703,386.6750231640028,23562500,39.27127155537917,404.800830078125,401.2389824024397,-5.500495463819732,-3.4046018655027774,382.0963469446769,404.800830078125,427.5053132115731,0.01440940194973,-0.0345180969487295,-0.041035288842141,0.0143065731414386,0.0180006095760617,0.0146740105603998,1.2266164649064026,0.8004507535199207,-0.0345180969487295,-0.041035288842141,0.0065171918934114,392.3538818359375,395.2198883056641,404.800830078125,0.9927483242758522,0.9763317141157744,-0.0319997790638347,-0.1813289138123927,24488960.0,0.9621682586765236,-0.0321192758253461,-0.0100169091392856,0.0182437881665917,0.0036557942658936,0.0046101664176758,-0.006609092934563,0.0110333106242392,2,5,1,0,1,xg_MSFT,0.378372117952157,6.819909866094544
2024-05-02,391.8259887695313,393.88439136644655,388.6842084752251,391.6487169798458,17709400,41.81419916162455,403.8139770507813,400.3425068183532,-5.530992499489969,-3.829879992300216,380.6362395325645,403.8139770507813,426.9917145689982,0.0073429107382587,-0.0030072801213719,-0.0159051977766001,0.0073160828191651,0.0175551896570148,0.0148324517686017,1.183486482503975,0.4182519602324306,-0.0030072801213719,-0.0159051977766001,0.0128979176552281,392.1175048828125,394.5866088867187,403.81397705078126,0.9937425549973108,0.9771494581949496,-0.0298511903324731,-0.2484074270557029,24156910.0,0.7330987282727496,0.01440940194973,-0.0321192758253461,-0.0100169091392856,-0.0244950328191171,0.0164853367975148,-0.0183808498424141,-0.0140911533725431,3,5,0,0,1,xg_MSFT,0.4085223714772027,7.363348459280499
2024-05-03,400.5126647949219,400.9952480161036,395.7852067038653,396.1988709336313,17446700,48.83187732536079,402.88523254394534,400.3587123399312,-4.79890072199828,-4.023684138239829,380.8226380629815,402.88523254394534,424.94782702490915,0.0221697291000775,0.0008367251893861,0.0188915741371387,0.0219275534329028,0.0185085801759197,0.0151393101524592,1.222470345028783,1.1977434868522598,0.0008367251893861,0.0188915741371387,-0.0180548489477525,392.18447265625,395.3292114257813,402.88523254394534,0.9920452658729936,0.9812452269087824,-0.0267176567142377,-0.014833930003275,22845000.0,0.7636988400087212,0.0073429107382587,0.01440940194973,-0.0321192758253461,0.0182437881665917,0.0036557942658936,-0.0127389970327742,-0.0195780162697354,4,5,0,0,1,xg_MSFT,0.36861169393110366,6.643984609131331
2024-05-06,407.28863525390625,407.67272409935384,400.2270089943109,402.5808944329267,16996600,53.53911839600977,402.3410827636718,401.018704998405,-3.630102959748229,-3.9449679025415088,381.355399124079,402.3410827636718,423.3267664032646,0.0169182426789273,0.0280671793123767,0.0313746204128346,0.0167767231553979,0.0190991453659,0.0157284660052126,1.214227193699439,0.8857651266430622,0.0280671793123767,0.0313746204128346,-0.0033074411004578,394.40834350585936,396.5681915283203,402.34108276367186,0.9945536528934982,0.9856517480250894,-0.0194769472339123,-0.0257985750886987,22515970.0,0.7548686554476333,0.0221697291000775,0.0073429107382587,0.01440940194973,-0.0100169091392856,-0.0244950328191171,0.0046101664176758,0.0022724102650768,0,5,0,0,0,xg_MSFT,0.4362492184828124,7.863106735531609
2024-05-07,403.152099609375,408.40154408083737,402.9058788007464,408.39168563049185,20018200,50.485706815950465,401.5068878173829,401.221885437545,-3.0029895739622248,-3.756572236825652,382.1892498122932,401.5068878173829,420.8245258224725,-0.0101562756396395,0.0513959212598011,0.0043427667108177,-0.0102082024952379,0.0189064172106318,0.0158009134036535,1.196463790660978,-0.5371582763788871,0.0513959212598011,0.0043427667108177,0.0470531545489834,398.34984130859374,396.7425140380859,401.5068878173828,1.0040513108972071,0.9881337682519064,-0.0078309067764945,0.1777767318169516,22944340.0,0.8724678940426759,0.0169182426789273,0.0221697291000775,0.0073429107382587,-0.0321192758253461,0.0182437881665917,0.0164853367975148,-0.006609092934563,1,5,0,0,1,xg_MSFT,0.36695571733521504,6.614136714457045
2024-05-08,404.3340148925781,405.9984701419799,400.56189486819255,401.9998461853561,11792300,51.33963965323836,400.88050079345703,401.5182787189767,-2.383155479042898,-3.4818888852691017,382.89257278436133,400.88050079345703,418.8684288025527,0.0029316857938934,0.0394997145325861,0.0036181626081737,0.0029273967837379,0.0188947760419129,0.0157868861107758,1.1967894820964369,0.1551503249927737,0.0394997145325861,0.0036181626081737,0.0358815519244124,401.4226806640625,396.88828125,400.88050079345703,1.011424876037613,0.9900413725896986,0.0013409207502602,-0.4109210618337313,22617040.0,0.5213900669583411,-0.0101562756396395,0.0169182426789273,0.0221697291000775,0.01440940194973,-0.0100169091392856,0.0036557942658936,-0.0183808498424141,2,5,0,0,1,xg_MSFT,0.39588300699381196,7.135532184106807
2024-05-09,406.0870971679687,406.4810444841864,402.9157716795976,404.3635513602943,14689700,52.64420809241597,400.1117996215819,401.9534042855474,-1.7305249897838737,-3.131616106172056,384.6970760659091,400.1117996215819,415.5265231772548,0.004335727915091,0.0363965352150892,0.0332798005168781,0.0043263557272199,0.0167286736901432,0.0155788024050711,1.0737410690586198,0.2591639260510858,0.0363965352150892,0.0332798005168781,0.003116734698211,404.27490234375,398.1962036132812,400.111799621582,1.0152655868521847,0.9952123481234182,0.0102517483347815,0.2457027043070478,20027360.0,0.7334815971750279,0.0029316857938934,-0.0101562756396395,0.0169182426789273,0.0073429107382587,-0.0321192758253461,-0.0244950328191171,-0.0127389970327742,3,5,0,0,1,xg_MSFT,0.404354413294546,7.288223740035293
2024-05-10,408.4705200195313,409.1008598045123,405.5749605018169,406.6977419727187,13402300,54.43286385002301,399.7592132568359,402.5740819744982,-1.009353125541395,-2.707163510045924,385.55346903972867,399.7592132568359,413.9649574739431,0.0058692405353051,0.0198691724984132,0.020722522724921,0.0058520836422975,0.0159486291748861,0.0153840862156855,1.0366291713481643,0.3679860184176999,0.0198691724984132,0.020722522724921,-0.0008533502265077,405.86647338867186,399.0254730224609,399.7592132568359,1.0171442697991009,0.9981645445307008,0.014951532197584,-0.0876396386583796,18398120.0,0.7284602992044444,0.004335727915091,0.0029316857938934,-0.0101562756396395,0.0221697291000775,0.01440940194973,0.0182437881665917,0.0046101664176758,4,5,0,0,0,xg_MSFT,0.3413859001074997,6.153257488658542
2024-05-13,407.4659423828125,412.0259571204268,404.609786667718,411.6911003868472,15440200,53.51537805387435,399.76315307617176,403.0399734419567,-0.5129670818355976,-2.268324224403859,385.5484604762638,399.76315307617176,413.9778456760797,-0.0024593638646694,0.0004353353213395,0.0285147332682416,-0.0024623930676064,0.0154792011740075,0.0147438669247247,1.049802704428035,-0.1588715700154435,0.0004353353213395,0.0285147332682416,-0.028079397946902,405.9019348144531,400.15513916015624,399.7631530761719,1.0143614190895016,1.0009805458081067,0.0150657542134254,0.1520559903897091,17983930.0,0.8585553880602929,0.0058692405353051,0.004335727915091,0.0029316857938934,0.0169182426789273,0.0073429107382587,-0.0100169091392856,0.0164853367975148,0,5,0,0,1,xg_MSFT,0.40521332393629483,7.303705042387748
2024-05-14,410.2629699707031,411.1789041925515,405.3286952009842,405.7915915372278,15109300,55.75169194614645,399.8606567382812,403.72787787326587,0.1049098492395614,-1.7936774096751749,385.374867286929,399.8606567382812,414.3464461896334,0.0068644450908803,0.0176381826318603,0.0699406345373745,0.0068409920545589,0.0093805835069346,0.0148148419153047,0.6331454911951032,0.7316936512696746,0.0176381826318603,0.0699406345373745,-0.0523024519055141,407.3241088867187,402.83697509765625,399.8606567382813,1.0111388329931104,1.0074433888636438,0.0181918737364244,-0.0214310695457312,16616720.0,0.909282939111876,-0.0024593638646694,0.0058692405353051,0.004335727915091,-0.0101562756396395,0.0221697291000775,-0.0321192758253461,0.0036557942658936,1,5,0,0,1,xg_MSFT,0.41089718925662166,7.406152995967011
2024-05-15,417.4360046386719,418.1562771146736,411.7035137509103,412.3251142272523,22239500,60.9412741282882,400.451741027832,405.0334137556855,1.1600138018088728,-1.2029391673783654,384.1291279144005,400.451741027832,416.77435414126353,0.0174839924463106,0.0324038771498722,0.0731835355796275,0.0173329059713616,0.0097017678458258,0.0151944724131154,0.6384643782086064,1.801959268131136,0.0324038771498722,0.0731835355796275,-0.0407796584297552,409.9445068359375,405.68359375,400.451741027832,1.010503045110972,1.0130648769530617,0.0227406493513234,0.471908030153614,16484420.0,1.3491223834383406,0.0068644450908803,-0.0024593638646694,0.0058692405353051,0.0029316857938934,0.0169182426789273,0.01440940194973,-0.0244950328191171,2,5,0,0,0,xg_MSFT,0.4391246112271142,7.914933808445687
2024-05-16,415.3739013671875,419.7448271840896,414.74245474989345,416.1730933998144,17530100,58.80601949382599,401.31249694824214,406.0182220996381,1.8089444005204312,-0.6005624537986061,383.73184510152424,401.31249694824214,418.89314879496,-0.004939926715879,0.022868995996141,0.0600978834293375,-0.0049521684861302,0.0104225743610554,0.014550235036686,0.7162673363998618,-0.473918690918119,0.022868995996141,0.0600978834293375,-0.0372288874331965,411.8018676757813,408.0383850097657,401.3124969482422,1.009223354479078,1.0167597274260585,0.0252528401351497,-0.2117583578767508,16466490.0,1.0645923934001074,0.0174839924463106,0.0068644450908803,-0.0024593638646694,0.004335727915091,-0.0101562756396395,0.0073429107382587,0.0182437881665917,3,5,0,0,0,xg_MSFT,0.3909256848683483,7.046179696254799
2024-05-17,414.6043090820313,417.2781788386251,412.4533979292135,416.903243294278,15352200,57.98939630441104,402.3883804321289,406.83594466938985,2.2353590816008477,-0.0333781467187153,384.30096812419146,402.3883804321289,420.4757927400663,-0.0018527699564732,0.0150164791873026,0.0351840167010071,-0.0018544884577149,0.0089159525177541,0.0141595673611881,0.6296324356459998,-0.20778062379319,0.0150164791873026,0.0351840167010071,-0.0201675375137044,413.0286254882813,409.4475494384766,402.3883804321289,1.0087461166997234,1.0175431730875697,0.0256636142535777,-0.1242377396592147,16257040.0,0.9443416513706712,-0.004939926715879,0.0174839924463106,0.0068644450908803,0.0058692405353051,0.0029316857938934,0.0221697291000775,-0.0100169091392856,4,5,0,0,1,xg_MSFT,0.3837648619478073,6.917110548270357
2024-05-20,419.6659240722656,421.0768405223179,414.3872875119725,414.6043538974014,16272100,61.75147362980498,403.6267349243164,408.0578474696637,2.9477460351543527,0.5628466896558983,384.3463463394485,403.6267349243164,422.9071235091843,0.0122083029031732,0.0299411077600966,0.0303894775032043,0.012134382592861,0.008226043478063,0.0143128077763,0.5746928844247319,1.4839234696797152,0.0299411077600966,0.0303894775032043,-0.0004483697431076,415.4686218261719,410.6852783203125,403.6267349243164,1.0116472241844732,1.0174877994573863,0.0282174134772408,0.0599197509151783,16184590.0,1.0054069951725064,-0.0018527699564732,-0.004939926715879,0.0174839924463106,-0.0024593638646694,0.004335727915091,0.0169182426789273,-0.0321192758253461,0,5,0,0,1,xg_MSFT,0.41511296986653,7.482139683174337
2024-05-21,423.3165283203125,427.1940941013643,419.1824213563369,421.1359884863951,21453300,64.23884516951429,404.7221176147461,409.5110551697255,3.763507707609904,1.2029788932466994,383.5734938281456,404.7221176147461,425.87074140134655,0.0086988340931351,0.0318175397368705,0.0500169259455063,0.008661217227023,0.0069263808478772,0.0140339917256612,0.493508010782313,1.2557176058539683,0.0318175397368705,0.0500169259455063,-0.0181993862086358,418.07933349609374,412.70172119140625,404.7221176147461,1.0130302638165964,1.019716252780274,0.0315537310445875,0.3184100392696702,16328100.0,1.31388832748444,0.0122083029031732,-0.0018527699564732,-0.004939926715879,0.0068644450908803,0.0058692405353051,-0.0101562756396395,0.01440940194973,1,5,0,0,1,xg_MSFT,0.3769227188562782,6.793785395699126
2024-05-22,424.7767639160156,426.6415653807663,421.43200286988593,424.3525074308651,18073700,65.2133443779668,405.81713867187506,410.9649321931817,4.476234276768082,1.857629969950976,382.87875025735946,405.81713867187506,428.75552708639066,0.0034495123578028,0.0175853524750406,0.0505590632261514,0.0034435764368208,0.0069118343555901,0.0140333703552153,0.4924933702509596,0.4990011593454974,0.0175853524750406,0.0505590632261514,-0.0329737107511107,419.5474853515625,414.74599609375,405.817138671875,1.0115769393870824,1.0220021693787913,0.0323236764485596,-0.1575328737303818,16956240.0,1.0659025821761745,0.0086988340931351,0.0122083029031732,-0.0018527699564732,0.0174839924463106,-0.0024593638646694,0.0029316857938934,0.0073429107382587,2,5,0,0,0,xg_MSFT,0.36990770846436455,6.667344423141478
2024-05-23,421.3036804199219,427.8156402845708,419.74477138500487,427.1940398728344,17211700,60.95852267481276,407.23192901611327,411.9495748814427,4.706571973408586,2.4274183706424983,384.13019079433775,407.23192901611327,430.3336672378888,-0.0081762558386561,0.0142757622306475,0.0374712305760829,-0.0082098647404471,0.0080734320219681,0.0127851392481922,0.6314206239471034,-1.0126106475862282,0.0142757622306475,0.0374712305760829,-0.0231954683454354,420.7334411621094,416.2676544189453,407.23192901611327,1.01072816178667,1.0221881555914898,0.0320469836212655,-0.0476936100521752,17208440.0,1.0001894419249509,0.0034495123578028,0.0086988340931351,0.0122083029031732,-0.004939926715879,0.0068644450908803,0.004335727915091,0.0221697291000775,3,5,0,0,1,xg_MSFT,0.35257064809572053,6.354855253228218
2024-05-24,424.4215698242187,425.3095575941792,418.7482761527639,421.49118910602255,11855300,63.27504419906869,408.4441162109376,413.1373839236118,5.082120355182951,2.95835876755059,384.3768228685102,408.4441162109376,432.51140955336496,0.0074005748091001,0.0236786268910798,0.0390506756862762,0.0073733249160081,0.0081331432636715,0.0123522829851575,0.6583790943220158,0.9098161378780164,0.0236786268910798,0.0390506756862762,-0.0153720487951964,422.6968933105469,417.8627593994141,408.4441162109375,1.011568711981132,1.0230598087098222,0.0335816511529147,-0.3112069115775896,17053740.0,0.6951730236299666,-0.0081762558386561,0.0034495123578028,0.0086988340931351,-0.0018527699564732,0.0174839924463106,0.0058692405353051,0.0169182426789273,4,5,0,0,0,xg_MSFT,0.3700495918062076,6.66990177754726
2024-05-28,424.5794372558594,425.0727671383065,420.9090617260336,423.8986396092449,15718000,63.393480560208225,409.8646240234376,414.2271032885878,5.331030929693384,3.4328931999791483,385.4960309968732,409.8646240234376,434.23321705000194,0.0003719590210884,0.0117081537998486,0.0419998166545385,0.0003718898614808,0.0079352855265943,0.0119883569769602,0.6618608105374953,0.0468681500737361,0.0117081537998486,0.0419998166545385,-0.0302916628546898,423.6795959472656,419.5741088867187,409.8646240234375,1.0097848913304974,1.0236894923205817,0.0325380145894888,0.3258205190927263,17081520.0,0.9201757220668348,0.0074005748091001,-0.0081762558386561,0.0034495123578028,0.0122083029031732,-0.004939926715879,-0.0024593638646694,-0.0101562756396395,1,5,0,0,0,xg_MSFT,0.39315738429922076,7.086404618347735
2024-05-29,423.4447937011719,425.1911706830153,420.0112068053538,420.0112068053538,15517100,61.84960499218931,411.864633178711,415.1049785659767,5.374780971688665,3.821270754321052,390.2114446911058,411.864633178711,433.51782166631625,-0.0026723940330717,0.0003030011168434,0.0321301816037895,-0.0026759712525867,0.0081432798409106,0.0087494135138457,0.93061657349399,-0.3281314106678476,0.0003030011168434,0.0321301816037895,-0.0318271804869461,423.7052490234375,420.8922912597656,411.86463317871096,1.0066833197520737,1.0219189931686548,0.0279625963546089,-0.0127815243669677,17122300.0,0.9062509125525832,0.0003719590210884,0.0074005748091001,-0.0081762558386561,0.0086988340931351,-0.0018527699564732,0.0068644450908803,0.0029316857938934,2,5,0,0,0,xg_MSFT,0.39770301612046427,7.168336657825474
2024-05-30,409.1382751464844,418.6397847177413,408.7139885043187,418.6397847177413,28394500,46.47919397695087,412.87305603027346,414.53672109745366,4.2065462655083365,3.8983258565585097,394.0106185371922,412.87305603027346,431.7354935233547,-0.0337860301212812,-0.0368157820718818,-0.0198778481012195,-0.0343699683876774,0.0128996152266065,0.0120418656039394,1.0711416743193438,-2.618947199634326,-0.0368157820718818,-0.0198778481012195,-0.0169379339706623,420.5775512695312,420.06251831054686,412.87305603027346,1.00122608644317,1.0174132513015,0.0188310302586559,0.8298844500583227,17737800.0,1.600790402417346,-0.0026723940330717,0.0003719590210884,0.0074005748091001,0.0034495123578028,0.0122083029031732,0.0174839924463106,0.004335727915091,3,5,0,0,1,xg_MSFT,0.4055135383791135,7.309116211296295
2024-05-31,409.5921020507813,411.1904861655314,399.1137794225584,411.1904861655314,47995300,46.92974160992724,413.761361694336,414.06580499777056,3.2795275306328335,3.774566191373374,397.591124358981,413.761361694336,429.9315990296909,0.0011092262246412,-0.0277984240666195,-0.0139195055283338,0.0011086114877789,0.0128846009874338,0.011993220925344,1.0742340888692798,0.0860826146737738,-0.0277984240666195,-0.0139195055283338,-0.0138789185382857,418.2352355957031,419.4843383789063,413.761361694336,0.997022289823667,1.0138315879982969,0.0109227543181788,0.6903026994664461,20784320.0,2.309207133069434,-0.0337860301212812,-0.0026723940330717,0.0003719590210884,-0.0081762558386561,0.0086988340931351,-0.004939926715879,0.0058692405353051,4,5,0,1,0,xg_MSFT,0.40309793166304997,7.2655764807140075
2024-06-03,408.0035400390625,410.8747236026411,403.4649291544174,409.9867358256656,17484700,45.48630619968264,414.135905456543,413.48844643027456,2.3891343723951195,3.4974798275777235,398.9401123155497,414.135905456543,429.33169859753633,-0.0038784000076297,-0.0386833067696252,-0.0159206474664564,-0.0038859405039612,0.0129097201317113,0.0111017962724955,1.1627449351378194,-0.3004015243195929,-0.0386833067696252,-0.0159206474664564,-0.0227626593031687,414.9516296386719,418.8242614746094,414.13590545654296,0.990753563744606,1.011320815114782,0.0019993066286895,-0.63569974560009,20997570.0,0.8327011173197264,0.0011092262246412,-0.0337860301212812,-0.0026723940330717,0.0074005748091001,0.0034495123578028,-0.0018527699564732,-0.0024593638646694,0,6,0,0,1,xg_MSFT,0.3609879952809579,6.506572428969486
2024-06-04,410.5195007324219,410.8845599967463,404.21473091731406,406.92804504027714,14348900,48.203579387553674,414.2974487304687,413.2056896971457,1.865009709743049,3.170985804010789,399.3413447983328,414.2974487304687,429.25355266260465,0.0061665168226689,-0.0331149728171238,-0.0217945342120956,0.0061475816606,0.0123235256432715,0.010535577566899,1.1695947346305604,0.5003451654981579,-0.0331149728171238,-0.0217945342120956,-0.0113204386050281,412.1396423339844,417.909619140625,414.2974487304688,0.9861932424084764,1.008718785069097,-0.0052562823267458,-0.1793453705239438,20805250.0,0.6896768844401924,-0.0038784000076297,0.0011092262246412,-0.0337860301212812,0.0003719590210884,-0.0081762558386561,0.0122083029031732,0.0068644450908803,1,6,0,0,1,xg_MSFT,0.3514349960207571,6.334385867607491
2024-06-05,418.3536071777344,418.422650475776,410.7464388812518,412.2363047282208,16988000,55.62133069093888,415.0575241088867,413.69596755243987,2.0580600214252627,2.9484006474936835,400.9662181992299,415.0575241088867,429.1488300185435,0.0190833966019527,-0.0120232592280503,-0.011723901172181,0.0189035925030838,0.0136984117948708,0.0110048404905814,1.244649312026071,1.393008465450881,-0.0120232592280503,-0.011723901172181,-0.0002993580558693,411.12140502929685,417.4133270263672,415.0575241088867,0.9849263988720875,1.0056758467938591,-0.0094085936204623,0.1839235063314959,20358720.0,0.834433598968853,0.0061665168226689,-0.0038784000076297,0.0011092262246412,-0.0026723940330717,0.0074005748091001,0.0086988340931351,0.0174839924463106,2,6,0,0,1,xg_MSFT,0.4003754308600683,7.216505185008618
2024-06-06,418.8568115234375,419.6362812039373,414.969369464852,418.35363549566944,14861300,56.05664736858246,415.7836639404298,414.1874765020587,2.225998247369944,2.803920167468936,402.5483154214881,415.7836639404298,429.0190124593715,0.0012028206212868,0.0237536719669495,-0.0139366201154745,0.0012020978121114,0.0136339002800817,0.0110031861720261,1.238973974717059,0.0882163122999853,0.0237536719669495,-0.0139366201154745,0.0376902920824241,413.0651123046875,416.8213317871094,415.7836639404297,0.99098841830787,1.00249569171825,-0.0064904080844584,-0.1251883682599481,20037480.0,0.7416751008609496,0.0190833966019527,0.0061665168226689,-0.0038784000076297,-0.0337860301212812,0.0003719590210884,0.0034495123578028,-0.004939926715879,3,6,0,0,0,xg_MSFT,0.40170775779998363,7.240519506390356
2024-06-07,418.1957702636719,420.5933463970912,417.3571033955117,420.51442686018504,13621700,55.28938890513598,416.3890975952149,414.5692187650695,2.2794736430162743,2.6990308625784034,403.9367252486787,416.3890975952149,428.84146994175103,-0.0015782034374977,0.0210054543772035,-0.0073768882179056,-0.001579450112386,0.0134231386820386,0.0110115947148734,1.2188897375756138,-0.1175645957538654,0.0210054543772035,-0.0073768882179056,0.0283823425951091,414.7858459472656,416.5105407714844,416.3890975952148,0.9958591808480424,1.0002916579155674,-0.0038337347289245,-0.0834112762678904,19678480.0,0.6922130164524551,0.0012028206212868,0.0190833966019527,0.0061665168226689,0.0011092262246412,-0.0026723940330717,-0.0081762558386561,-0.0018527699564732,4,6,0,0,1,xg_MSFT,0.3639478991733339,6.559922760033942
2024-06-10,422.162109375,422.36929949498546,418.2352227759558,419.0344147777948,13982900,58.922391266397725,417.0736770629883,415.2923512041105,2.6117965328962782,2.6815839966419786,404.953287072275,417.0736770629883,429.1940670537016,0.0094844075271907,0.0347020747285231,-0.0053236230433681,0.0094397129131724,0.0135774308552165,0.0111157823898601,1.2213453838586257,0.6984906892645131,0.0347020747285231,-0.0053236230433681,0.0400256977718913,417.6175598144531,416.2845947265625,417.0736770629883,1.003202052405437,0.99810805049606,0.0012883267810794,0.0265165140914864,19891240.0,0.7029677385622665,-0.0015782034374977,0.0012028206212868,0.0190833966019527,-0.0038784000076297,-0.0337860301212812,0.0074005748091001,0.0122083029031732,0,6,0,0,1,xg_MSFT,0.4074112623611383,7.343321444436045
2024-06-11,426.9078979492187,427.0460447557695,419.5770238420523,419.8039664054727,14551100,62.8156924363851,418.0457748413086,416.39859375126366,3.2209808310829544,2.789463363530174,406.0519417136649,418.0457748413086,430.03960796895234,0.0112416260692953,0.0399211174805527,0.0054841579432312,0.0111789085842595,0.0140764421906029,0.0112665333662338,1.2492922570601583,0.7985560101819774,0.0399211174805527,0.0054841579432312,0.0344369595373215,420.8952392578125,416.5174407958984,418.04577484130857,1.0105104805540646,0.9963440988107336,0.0066746584689394,0.0406353474601119,19774550.0,0.7358498676328546,0.0094844075271907,-0.0015782034374977,0.0012028206212868,0.0061665168226689,0.0011092262246412,0.0003719590210884,0.0086988340931351,1,6,0,0,1,xg_MSFT,0.3508409318241393,6.32367824914571
2024-06-12,435.1761779785156,437.48495834500466,427.47036718999846,429.51276024474697,22366200,68.4298101423967,419.29143524169933,418.18693510624,4.321133536203547,3.0957973980648488,405.6405827869399,419.29143524169933,432.9422876964588,0.0193678310216702,0.0402113678767308,0.0277046369487841,0.0191826616490198,0.0151826572740722,0.0118589694931742,1.280159892722345,1.2755708767704432,0.0402113678767308,0.0277046369487841,0.0125067309279467,424.25975341796874,417.6905792236328,419.2914352416992,1.015727369783025,0.9961819968558536,0.0114167972138281,0.5370796709527115,20459460.0,1.0931960081057324,0.0112416260692953,0.0094844075271907,-0.0015782034374977,0.0190833966019527,-0.0038784000076297,-0.0026723940330717,0.0034495123578028,2,6,0,0,1,xg_MSFT,0.400781851703718,7.223830654803788
2024-06-13,435.689208984375,437.4750908737884,433.508699318619,434.9689666213265,15960600,68.74513094168248,420.2040954589844,419.8538183327291,5.174758402093573,3.511589598870594,404.7534759308048,420.2040954589844,435.654714987164,0.0011789041584089,0.0401865195881996,0.0648947689589407,0.0011782097965724,0.0082567412485237,0.0113622952838074,0.7266150392386138,0.1427635140081059,0.0401865195881996,0.0648947689589407,-0.0247082493707411,427.62623291015626,420.3456726074219,420.2040954589844,1.01732041216833,1.000336924722932,0.0170353942629734,-0.2863964374815569,19216070.0,0.8305860667659501,0.0193678310216702,0.0112416260692953,0.0094844075271907,0.0012028206212868,0.0061665168226689,-0.0337860301212812,-0.0081762558386561,3,6,0,0,1,xg_MSFT,0.38266084282049445,6.897211325834338
2024-06-14,436.6660461425781,437.2284494695541,430.8940801420427,432.4332670607897,13582000,69.3723968408497,421.2687026977539,421.454982886048,5.862505538677851,3.9817727868320456,404.354522524336,421.2687026977539,438.1828828711719,0.002242050383759,0.044166577455484,0.0660997708604258,0.0022395407392634,0.0081844894504835,0.0112374376553968,0.7282586513751944,0.2739054759427458,0.044166577455484,0.0660997708604258,-0.0219331934049418,431.3202880859375,423.0530670166016,421.2687026977539,1.0195418062505417,1.0042356916320174,0.0230189305465293,-0.1490294851070761,15774740.0,0.8609967581081615,0.0011789041584089,0.0193678310216702,0.0112416260692953,-0.0015782034374977,0.0190833966019527,0.0011092262246412,0.0074005748091001,4,6,0,0,1,xg_MSFT,0.36396997009977045,6.560320574042471
2024-06-17,442.3886413574219,444.92436422206765,434.84070005199675,436.6857490254933,20790000,72.81452094090886,422.65791931152353,423.4486646452265,6.791032907400336,4.543624810945704,403.61799288153026,422.65791931152353,441.6978457415168,0.0131051985044314,0.0479117654883018,0.0842764778831755,0.0130200683489327,0.0075395783362075,0.0114242796025051,0.6599031794858154,1.7379566818508174,0.0479117654883018,0.0842764778831755,-0.0363647123948736,435.3655944824219,426.4915771484375,422.6579193115234,1.0208070166199223,1.009070356100647,0.0287251389002808,0.530702400235606,16105270.0,1.290881804527258,0.002242050383759,0.0011789041584089,0.0193678310216702,0.0094844075271907,0.0012028206212868,-0.0038784000076297,0.0003719590210884,0,6,0,0,0,xg_MSFT,0.4081095972621777,7.355908474123151
2024-06-18,440.3857116699219,444.1350368072149,438.95507309068336,443.7107502283828,17112500,69.85534678480562,423.6939086914063,425.0617167428165,7.281343059876349,5.091168460731833,403.1445002011664,423.6939086914063,444.2433171816462,-0.0045275341639745,0.0315707762387342,0.0727522343864657,-0.0045378144881924,0.0085436455105849,0.0113509682553605,0.7526135836884957,-0.5298679925768632,0.0315707762387342,0.0727522343864657,-0.0411814581477314,438.0611572265625,429.4781982421875,423.69390869140625,1.019984620917905,1.0136520479339584,0.0326242386036466,-0.1768879268879268,16381630.0,1.04461521838785,0.0131051985044314,0.002242050383759,0.0011789041584089,0.0112416260692953,-0.0015782034374977,0.0061665168226689,-0.0026723940330717,1,6,0,0,0,xg_MSFT,0.3990946167828416,7.193419349273185
2024-06-20,439.7542419433594,440.5731562487516,435.383316572412,440.346213677154,19877400,68.90458403384481,424.5157943725586,426.4610048571539,7.5321372688439965,5.579362222354266,402.7510069448148,424.5157943725586,446.28058180030246,-0.0014339014864219,0.0105200242947804,0.0511544167385011,-0.001434930506952,0.0077692841407831,0.011284453065173,0.6884335166621857,-0.1845365575366796,0.0105200242947804,0.0511544167385011,-0.0406343924437206,438.9767700195313,431.61826171875,424.5157943725586,1.017048649126844,1.01673074933923,0.0328842209300058,0.1615719503287072,16670570.0,1.1923647481759057,-0.0045275341639745,0.0131051985044314,0.002242050383759,0.0193678310216702,0.0094844075271907,0.0190833966019527,-0.0337860301212812,3,6,0,0,1,xg_MSFT,0.43378803555620116,7.818745523573645
2024-06-21,443.77984619140625,444.569161991758,440.5534794666223,441.4118686798834,34187100,71.56186145640488,425.46594848632816,428.1104183175589,7.96392295926006,6.0562743697354255,402.0561750145087,425.46594848632816,448.8757219581476,0.0091542135676894,0.0185697443044117,0.0595025172858485,0.0091125677183914,0.0077411029437652,0.0113954360777024,0.6792564702671386,1.1823936770385286,0.0185697443044117,0.0595025172858485,-0.0409327729814368,440.5948974609375,434.1105651855469,425.4659484863281,1.0149370524364434,1.0203179989608415,0.0340911132050015,0.7198979745842011,18603150.0,1.8377049048144083,-0.0014339014864219,-0.0045275341639745,0.0131051985044314,0.0011789041584089,0.0112416260692953,0.0012028206212868,0.0011092262246412,4,6,0,0,0,xg_MSFT,0.39367276605865126,7.095694037359285
2024-06-24,441.697998046875,446.71021649298933,440.45479708566984,443.7995580906483,15913700,68.31074731814103,426.4856643676758,429.40447352987474,8.045386278292824,6.454096751446905,402.083586611382,426.4856643676758,450.8877421239696,-0.0046911732526793,0.011523570354847,0.0561991044729721,-0.0047022113405068,0.0081248993215801,0.0112533259908239,0.7219356652903672,-0.5773112694395385,0.011523570354847,0.0561991044729721,-0.044675534118125,441.6012878417969,436.4607879638672,426.4856643676758,1.0117776900461335,1.0233891181570685,0.0342216255019497,-0.5345115555282548,18832350.0,0.8450193417177971,0.0091542135676894,-0.0014339014864219,-0.0045275341639745,0.002242050383759,0.0193678310216702,-0.0015782034374977,-0.0038784000076297,0,6,0,0,1,xg_MSFT,0.3756794002952556,6.771375392110836
2024-06-25,444.9342346191406,445.3979659147229,440.7902515475345,442.27024120018433,16413400,70.5505208260666,427.5112976074219,430.8834983955191,8.275686824287959,6.818414766015117,401.7860594095397,427.5112976074219,453.2365358053042,0.0073268083318824,0.0057542012243079,0.0539416606522413,0.0073000976616732,0.0080358542740938,0.0112516220644053,0.7141317133109077,0.9116512608048418,0.0057542012243079,0.0539416606522413,-0.0481874594279334,442.11040649414065,438.7380004882813,427.51129760742185,1.007686605678346,1.0262605992957143,0.0328118354372427,0.0314006170783665,19075400.0,0.8604485358104753,-0.0046911732526793,0.0091542135676894,-0.0014339014864219,0.0131051985044314,0.0011789041584089,0.0094844075271907,0.0061665168226689,1,6,0,0,1,xg_MSFT,0.37137266984600603,6.69374939355573
2024-06-26,446.1281127929687,447.5489053584295,442.2110720595261,443.0102641137892,16507000,71.35487489637491,428.58873138427737,432.33536643337146,8.457050048557733,7.14614182252364,401.6062217929611,428.58873138427737,455.5712409755936,0.0026832688539915,0.013039481006938,0.0450219237828115,0.0026796753149715,0.0077841207194654,0.0112413081117983,0.6923952485607776,0.3446663129169477,0.013039481006938,0.0450219237828115,-0.0319824427758734,443.25888671875,440.66002197265624,428.58873138427737,1.005897663996066,1.028165207585814,0.0328832792953365,0.0057026575846563,19270990.0,0.8565724957565307,0.0073268083318824,-0.0046911732526793,0.0091542135676894,-0.0045275341639745,0.002242050383759,0.0112416260692953,0.0190833966019527,2,6,0,0,1,xg_MSFT,0.3085876782836916,5.562090999390881
2024-06-27,446.8088989257813,450.08461670642896,445.74328947401983,446.1478236075156,14806300,71.82740755486925,429.75693664550784,433.7137980993152,8.557074829750661,7.428328423969045,401.71003794099215,429.75693664550784,457.8038353500235,0.0015259879691296,0.0160422715907093,0.0267310609723678,0.0015248248326269,0.0057655223066558,0.011177891648764,0.5157507996146753,0.2646288157713847,0.0160422715907093,0.0267310609723678,-0.0106887893816585,444.6698181152344,441.8232940673828,429.75693664550784,1.0064426753547708,1.028077167331049,0.0333764199987513,-0.1030290179923668,18515000.0,0.7996921415068432,0.0026832688539915,0.0073268083318824,-0.0046911732526793,-0.0014339014864219,0.0131051985044314,0.0193678310216702,0.0012028206212868,3,6,0,0,0,xg_MSFT,0.3587474982727956,6.46618893630195
2024-06-28,440.9876098632813,449.3051447547128,440.4548051400977,447.02596302446955,28362300,62.35528094801542,431.3494033813477,434.4065420768358,8.073548965816315,7.5573725323384995,404.64728315885,431.3494033813477,458.05152360384545,-0.0130285880081967,-0.0062919403665767,0.0121609642140489,-0.0131142045154479,0.0076217619381791,0.0081645783645256,0.9334013584746108,-1.709168948716878,-0.0062919403665767,0.0121609642140489,-0.0184529045806257,444.1113708496094,442.35313415527344,431.34940338134766,1.003974735473941,1.0255100173726162,0.0289395148136209,0.9155562159351088,19755170.0,1.4356899991242074,0.0015259879691296,0.0026832688539915,0.0073268083318824,0.0091542135676894,-0.0045275341639745,0.0011789041584089,-0.0015782034374977,4,6,0,0,1,xg_MSFT,0.3965952937789298,7.148370687376036
2024-07-01,450.63714599609375,451.2685926172397,439.7148146696088,442.67479410049566,17662800,69.5286202939511,433.4016555786134,435.9523138786699,8.37247547086912,7.720393120044624,407.4414942452836,433.4016555786134,459.3618169119431,0.0218816490916924,0.0202381445891681,0.0319949306270399,0.0216456818387085,0.0100526116750253,0.0090763694020154,1.1074366625195815,2.1764963476806782,0.0202381445891681,0.0319949306270399,-0.0117567860378717,445.8992004394531,443.750244140625,433.40165557861326,1.0048427157555482,1.0238775935181783,0.0277330552349721,-0.3772437355221544,20163250.0,0.8759897337978315,-0.0130285880081967,0.0015259879691296,0.0026832688539915,-0.0046911732526793,-0.0014339014864219,0.002242050383759,0.0094844075271907,0,7,1,0,1,xg_MSFT,0.36284847984491525,6.540106445963449
2024-07-02,453.1531066894531,453.4589688152071,447.06540254269134,447.1542284209129,13979800,71.07620588005483,435.6591339111329,437.590484622554,8.711967739872307,7.91870804401016,411.18874894121024,435.6591339111329,460.1295188810556,0.0055831187369119,0.0184721053828276,0.0243325988185447,0.0055675908985302,0.0094950104946089,0.0088423984471214,1.0736834432355122,0.5879436148561139,0.0184721053828276,0.0243325988185447,-0.0058604934357171,447.5429748535156,444.8266906738281,435.6591339111328,1.0061063875811338,1.021042957783057,0.0262247809116904,-0.2085173358697375,19482230.0,0.7175667261909588,0.0218816490916924,-0.0130285880081967,0.0015259879691296,0.0073268083318824,0.0091542135676894,0.0131051985044314,0.0112416260692953,1,7,0,0,1,xg_MSFT,0.3729292837937004,6.721806341506961
2024-07-03,454.6231994628906,454.869864398923,451.7717684597979,452.0776305716408,9932800,71.9719441019814,437.8643188476563,439.21264794068134,8.995942385663284,8.134154912340785,415.03923301029954,437.8643188476563,460.6894046850131,0.0032441414430044,0.0190418097992945,0.0323295861234482,0.0032388905694729,0.0091732851773542,0.0088514395185155,1.036243756104476,0.3536124483041211,0.0190418097992945,0.0323295861234482,-0.0132877763241536,449.2419921875,446.250439453125,437.86431884765625,1.006703753027204,1.019152326975486,0.0250266008274231,-0.2894891200160231,18764260.0,0.5293467474869498,0.0055831187369119,0.0218816490916924,-0.0130285880081967,0.0026832688539915,-0.0046911732526793,-0.0045275341639745,0.0193678310216702,2,7,0,0,1,xg_MSFT,0.3850963268870639,6.941109332654209
2024-07-05,461.3226318359375,462.1021014719612,452.8472281684966,453.478674753155,16000300,75.66979622153153,440.0127700805664,441.3183606926105,9.650339435507078,8.437391816974044,416.8339035448696,440.0127700805664,463.1916366162633,0.0147362307532079,0.0324830882846114,0.0490464623996875,0.014628707542279,0.0096724848737933,0.008539206923757,1.1325820275954388,1.5233631876688252,0.0324830882846114,0.0490464623996875,-0.0165633741150761,452.1447387695313,448.4072784423828,440.0127700805664,1.0083349680231133,1.0190778743995983,0.026298230027612,0.6108549452319587,18376550.0,0.8706911797915893,0.0032441414430044,0.0055831187369119,0.0218816490916924,0.0015259879691296,0.0073268083318824,-0.0014339014864219,0.0011789041584089,4,7,0,0,0,xg_MSFT,0.3779243305261524,6.811838790717609
2024-07-08,460.020263671875,461.4608086849496,458.26401040115894,460.3261258064599,12962300,73.63590992822111,442.0709426879883,443.09949430968334,9.94917568157905,8.739748589895045,419.499474747829,442.0709426879883,464.6424106281475,-0.0028231178662955,0.0431591577243959,0.0365956625111454,-0.0028271103795329,0.0098195692912014,0.008678137695665,1.1313991822143838,-0.2874698790450807,0.0431591577243959,0.0365956625111454,0.0065634952132505,455.95126953125,450.0313201904297,442.0709426879883,1.0131545274189255,1.018007013657217,0.0301732943946188,-0.1898714399105017,16254070.0,0.7974802618666711,0.0147362307532079,0.0032441414430044,0.0055831187369119,-0.0130285880081967,0.0026832688539915,0.0091542135676894,0.002242050383759,0,7,0,0,0,xg_MSFT,0.4211741680404771,7.5913888145600765
2024-07-09,453.4096374511719,461.0956953513629,451.89017298008986,460.77011087707854,17207200,64.20286264207753,443.8316360473633,444.0814127041109,9.542582321931718,8.90031533630238,423.7448278486755,443.8316360473633,463.9184442460511,-0.0143702935343265,0.0061523810891128,0.0265150384563299,-0.0144745461683859,0.0111229659841491,0.0095911982267863,1.1595846667438698,-1.2918318479940651,0.0061523810891128,0.0265150384563299,-0.020362657367217,456.5057678222656,451.2024841308594,443.8316360473633,1.011753666874467,1.0166073066560526,0.0279529386409816,0.3274804625722287,16383420.0,1.0502813209939652,-0.0028231178662955,0.0147362307532079,0.0032441414430044,0.0218816490916924,0.0015259879691296,-0.0046911732526793,0.0131051985044314,1,7,0,0,1,xg_MSFT,0.4141068326861145,7.464004718789281
2024-07-10,460.0300903320313,460.23728044044634,452.73866061347735,455.0671931892753,18196100,68.54832430685668,445.7250350952149,445.6003343829604,9.64340618937706,9.048933506917315,427.1570848465699,445.7250350952149,464.29298534385987,0.014601482487395,0.0151758501509975,0.0339282854370883,0.0144959073039236,0.0116846505777767,0.0098083520624699,1.1911745549924393,1.2495224284014983,0.0151758501509975,0.0339282854370883,-0.0187524352860908,457.8811645507813,452.7120697021484,445.7250350952148,1.0114180628142602,1.0156756611291555,0.0264246398464774,0.0574701287832999,16561690.0,1.0986861848035376,-0.0143702935343265,-0.0028231178662955,0.0147362307532079,0.0055831187369119,-0.0130285880081967,0.0073268083318824,-0.0045275341639745,2,7,0,0,0,xg_MSFT,0.38338203561161716,6.910210354034814
2024-07-11,448.6342468261719,458.5797648874454,445.5262442034591,456.8037891977259,23111200,55.95666632091007,446.8113525390625,445.889278425171,8.703432743866813,8.979833354307218,430.4700658615125,446.8113525390625,463.1526392166125,-0.0247719524121441,-0.0131734426307199,0.0056175209795985,-0.0250839403715481,0.0147072614340205,0.0116157986613532,1.2660339447001592,-1.6842202950544565,-0.0131734426307199,0.0056175209795985,-0.0187909636103185,456.6833740234375,452.9626831054687,446.8113525390625,1.0082141223918493,1.0137671760832632,0.0220046096663682,0.2701183220580234,17222110.0,1.341949389476589,0.014601482487395,-0.0143702935343265,-0.0028231178662955,0.0032441414430044,0.0218816490916924,0.0026832688539915,-0.0014339014864219,3,7,0,0,0,xg_MSFT,0.3871582970019715,6.978274994876785
2024-07-12,447.4995422363281,450.2720538778231,444.6382348256943,448.26913567933263,16324300,54.875761010521856,447.4275207519532,446.0426368833765,7.777284148406977,8.73932351312717,432.0314727867779,447.4275207519532,462.8235687171284,-0.0025292420225855,-0.0299640395802764,0.0015457241612852,-0.0025324459586837,0.0147365433217974,0.0109605984194883,1.3443790547551713,-0.171618971178505,-0.0299640395802764,0.0015457241612852,-0.0315097637415617,453.9187561035157,453.03174743652346,447.4275207519531,1.0019579393100182,1.012525440266061,0.0145055686965025,-0.2936628128353352,17373910.0,0.9395870014291005,-0.0247719524121441,0.014601482487395,-0.0143702935343265,0.0147362307532079,0.0055831187369119,0.0015259879691296,0.0091542135676894,4,7,0,0,0,xg_MSFT,0.41726754490477075,7.520974488550765
2024-07-15,447.904052734375,451.1600479833261,445.40780476541227,447.2528536845848,14429400,55.207937238668976,448.03826293945315,446.2199145834715,6.9953077768976755,8.39052036588127,433.66789217414544,448.03826293945315,462.40863370476086,0.0009039349985149,-0.026338428748309,0.0156839845755258,0.0009035266953087,0.0139806267119956,0.0109611345679782,1.27535623881455,0.0646516329705323,-0.026338428748309,0.0156839845755258,-0.0420224133238349,451.4955139160156,453.7233917236328,448.03826293945315,0.995089788518168,1.0126889358665063,0.007718731177931,-0.116078484222907,15980620.0,0.90293117538613,-0.0025292420225855,-0.0247719524121441,0.014601482487395,-0.0028231178662955,0.0032441414430044,-0.0130285880081967,-0.0046911732526793,0,7,0,0,0,xg_MSFT,0.3878764843015471,6.991219851058547
2024-07-16,443.5232849121094,448.23951736513413,440.7014524487549,448.1605978328616,17175700,50.84284314420748,448.38112487792966,445.9630927100085,5.953466659245009,7.903109624554019,434.85051617637646,448.38112487792966,461.91173357948287,-0.0097805942936256,-0.0218044605197152,-0.0157862287811623,-0.0098287384823816,0.0123824762866429,0.0112409705710952,1.101450693927283,-0.7898100716819874,-0.0218044605197152,-0.0157862287811623,-0.0060182317385529,449.51824340820315,453.0120056152344,448.38112487792966,0.9922877050415332,1.0103280010695488,0.0025638305111733,0.1903266941106352,15931910.0,1.0780691078470142,0.0009039349985149,-0.0025292420225855,-0.0247719524121441,-0.0143702935343265,0.0147362307532079,0.0218816490916924,0.0073268083318824,1,7,0,0,0,xg_MSFT,0.36060937889842015,6.499748116394053
2024-07-17,437.6033325195313,438.9156068819966,433.3212327097638,436.68574615539535,21778000,45.59628803802653,448.1418594360353,445.16692507282016,4.597116684932587,7.241911036629733,434.009228239459,448.1418594360353,462.2744906326115,-0.0133475571496797,-0.0487506323690983,-0.0343146145097006,-0.013437436466134,0.0126205626438456,0.0112779846709291,1.1189449238613065,-1.057520176092308,-0.0487506323690983,-0.0343146145097006,-0.0144360178593977,445.03289184570315,451.4570281982422,448.14185943603513,0.9857702152114506,1.007397587822702,-0.0071045336250797,0.2679541445181272,16711730.0,1.3031565253865816,-0.0097805942936256,0.0009039349985149,-0.0025292420225855,0.014601482487395,-0.0028231178662955,0.0055831187369119,0.0026832688539915,2,7,0,0,0,xg_MSFT,0.32763889422267795,5.905476701927818
2024-07-18,434.495361328125,438.71826397070777,428.6050012530057,438.4124018485707,20794800,43.08271817827147,447.84734191894535,444.1505856685635,3.2341312062003453,6.4403550705438555,432.81714230098635,447.84734191894535,462.87754153690435,-0.0071022566796097,-0.0315153949973087,-0.0442736713800471,-0.0071275977617784,0.0124368684981579,0.0113410986804505,1.096522684959033,-0.5710187947928204,-0.0315153949973087,-0.0442736713800471,0.0127582763827384,442.2051147460937,449.4442443847656,447.8473419189453,0.9838931530904764,1.0035657294715157,-0.0129857017474362,-0.0451464780971623,17797930.0,1.1683830647720737,-0.0133475571496797,-0.0097805942936256,0.0009039349985149,-0.0247719524121441,-0.0143702935343265,0.0032441414430044,0.0015259879691296,3,7,0,0,0,xg_MSFT,0.4128774698206328,7.441846257482232
2024-07-19,431.2788391113281,435.2551069043024,426.23702212212055,427.3223538949878,20940400,40.58890962300373,447.4235717773438,442.9247050440649,1.8728202274354544,5.526848101922176,431.0176474747763,447.4235717773438,463.8294960799113,-0.0074028919594559,-0.0362474183636901,-0.0651253388654342,-0.0074304293525413,0.0104549243102712,0.0114419597247725,0.913655606742866,-0.7080093294271339,-0.0362474183636901,-0.0651253388654342,0.028877920501744,438.9609741210937,446.4398651123047,447.42357177734374,0.9832477079766844,0.9978013973176884,-0.0196221026602826,0.0070017504376094,18291940.0,1.1447883603378788,-0.0071022566796097,-0.0133475571496797,-0.0097805942936256,-0.0025292420225855,0.014601482487395,0.0147362307532079,-0.0130285880081967,4,7,0,0,1,xg_MSFT,0.37259214502393356,6.715729635763896
2024-07-22,437.0310974121094,438.6689563053254,433.05485959349295,435.8964446559175,15808800,46.54775939356752,447.08613433837894,442.3634090791168,1.2437929691784575,4.670237075373432,430.09739082153897,447.08613433837894,464.0748778552189,0.0133376780382596,-0.0242751885272931,-0.0499742469522243,0.0132495142785851,0.012215154509324,0.0116715716891889,1.0464835714513183,1.091806593317043,-0.0242751885272931,-0.0499742469522243,0.0256990584249311,436.7863830566406,444.1409484863281,447.0861343383789,0.9834409201521442,0.9934124867092798,-0.0235675478077613,-0.2450574010047563,18576590.0,0.8510065625606826,-0.0074028919594559,-0.0071022566796097,-0.0133475571496797,0.0009039349985149,-0.0247719524121441,-0.0028231178662955,0.0218816490916924,0,7,0,0,1,xg_MSFT,0.4122630547339893,7.4307718275428485
2024-07-23,438.91558837890625,442.4083722657051,437.1889338456379,437.97824958808866,13107100,48.37459208007783,446.9470138549805,442.03504520290625,0.8871208300699323,3.913613826312732,429.7284718405576,446.9470138549805,464.1655558694035,0.0043120294595875,-0.0103888492215604,-0.0319667864885789,0.0043027592998052,0.0120583012782593,0.0116831981426081,1.0320178698687958,0.3575687645652657,-0.0103888492215604,-0.0319667864885789,0.0215779372670185,435.86484375,442.6915435791016,446.94701385498047,0.9845791049589324,0.9904788036524176,-0.025248978159813,-0.1708984869186781,18166580.0,0.721495185114605,0.0133376780382596,-0.0074028919594559,-0.0071022566796097,-0.0097805942936256,-0.0025292420225855,-0.0143702935343265,0.0055831187369119,1,7,0,0,0,xg_MSFT,0.38330961357749044,6.908904994253716
2024-07-24,423.1783447265625,435.59054077335657,421.88582291184935,434.5742824737623,26805800,37.00164169565524,445.8592193603516,440.239168967064,-0.6578254486786363,2.999325971314459,425.6211426217424,445.8592193603516,466.0972960989608,-0.0358548296506574,-0.0329636150390262,-0.0801072503298006,-0.0365134040606802,0.0141645539001063,0.0139744529401112,1.013530936049476,-2.5311279674272535,-0.0329636150390262,-0.0801072503298006,0.0471436352907743,432.97984619140624,439.00636901855466,445.8592193603516,0.9862723567299916,0.98463001314265,-0.0304348587999401,1.0451358424060242,19027550.0,1.408788835136347,0.0043120294595875,0.0133376780382596,-0.0074028919594559,-0.0133475571496797,0.0009039349985149,0.014601482487395,0.0032441414430044,2,7,0,0,0,xg_MSFT,0.41306104976836866,7.445155165928122
2024-07-25,412.8184509277344,424.066366533815,411.94033937034624,423.0797067418699,29943800,31.71550095125688,444.19373626708995,437.6276720109373,-2.6871871330898216,1.8620233504336028,419.1394910794528,444.19373626708995,469.2479814547271,-0.0244811529888708,-0.0498898545985178,-0.0798329511217958,-0.0247857987456594,0.0141270539170855,0.0147518341163551,0.9575823740486666,-1.7328043290707535,-0.0498898545985178,-0.0798329511217958,0.029943096523278,428.64446411132815,435.42478942871094,444.19373626708983,0.9844282514868326,0.9802587336956364,-0.0376661268914156,0.1170642174454781,19710810.0,1.5191562396471014,-0.0358548296506574,0.0043120294595875,0.0133376780382596,-0.0071022566796097,-0.0097805942936256,-0.0247719524121441,0.0147362307532079,3,7,0,0,1,xg_MSFT,0.4722754623783494,8.512456210623132
2024-07-26,419.5968017578125,423.19813411147953,411.7035233681291,412.6211398648851,23583800,37.96059229169085,442.8331314086915,435.9104462725445,-3.705796510407538,0.7484593782653747,415.5228580032148,442.8331314086915,470.14340481416815,0.0164196896113655,-0.0270869708738482,-0.0623525564720688,0.0162863441882477,0.0161038967209751,0.0153950611375613,1.0459751086391105,1.0195464085143982,-0.0270869708738482,-0.0623525564720688,0.0352655855982205,426.308056640625,432.6345153808594,442.83313140869143,0.985376897784808,0.9769696183404586,-0.0393832238445052,-0.212397892051109,20436760.0,1.1539891841954817,-0.0244811529888708,-0.0358548296506574,0.0043120294595875,-0.0074028919594559,-0.0133475571496797,-0.0025292420225855,-0.0028231178662955,4,7,0,0,1,xg_MSFT,0.40800575772954134,7.3540368344871485
2024-07-29,421.037353515625,426.3850328487882,419.0344352964457,425.8226295279651,15125800,39.2325629520406,441.8356185913086,434.493961248076,-4.3467051813534,-0.2705735336583802,412.8363744748024,441.8356185913086,470.8348627078148,0.003433180977018,-0.0365963520472381,-0.0599831572291734,0.0034273010652317,0.0162488145959654,0.0152715625712859,1.0639219528564847,0.211275086047472,-0.0365963520472381,-0.0599831572291734,0.0233868051819353,423.10930786132815,429.9478454589844,441.8356185913086,0.9840944950186788,0.9730945794496476,-0.0444766018350092,-0.3586360128562826,20506400.0,0.7376136230639831,0.0164196896113655,-0.0244811529888708,-0.0358548296506574,0.0133376780382596,-0.0071022566796097,0.0009039349985149,-0.0143702935343265,0,7,0,0,0,xg_MSFT,0.41940650524835005,7.559527849272249
2024-07-30,417.2781677246094,423.32636688783225,411.7923116419938,422.0141226280364,32687600,37.09520699076621,440.1676696777344,432.8543618648887,-5.099184571476314,-1.2362957412219673,409.5099594131861,440.1676696777344,470.8253799422827,-0.0089283902238762,-0.0492974531485943,-0.0591741585623871,-0.0089684871456068,0.0162292783381597,0.0142330993036993,1.1401689697318478,-0.5501070306899366,-0.0492974531485943,-0.0591741585623871,0.0098767054137928,418.7818237304688,427.3233337402344,440.1676696777343,0.980011599331578,0.9708194471736104,-0.0512508144480244,1.161049332927845,22057590.0,1.4819207356741384,0.003433180977018,0.0164196896113655,-0.0244811529888708,0.0043120294595875,-0.0074028919594559,-0.0097805942936256,0.014601482487395,1,7,0,0,0,xg_MSFT,0.3777076853318434,6.807933902836053
2024-07-31,412.76910400390625,416.1533396507724,406.7109988096176,414.8904164009859,42891400,34.65632939131597,438.1484695434571,430.9414801638427,-5.990320976540602,-2.187100788285694,405.8178790540797,438.1484695434571,470.4790600328346,-0.0108058941719638,-0.0245977632182058,-0.0567505470596859,-0.0108647018766516,0.0161202885765606,0.0141394994584285,1.1400084292603998,-0.6702872491020956,-0.0245977632182058,-0.0567505470596859,0.0321527838414801,416.6999755859375,424.83991088867185,438.14846954345705,0.9808399938562566,0.9696254589941796,-0.0519624500706732,0.3121611865049742,24168930.0,1.7746503465398853,-0.0089283902238762,0.003433180977018,0.0164196896113655,-0.0358548296506574,0.0133376780382596,-0.0133475571496797,-0.0247719524121441,2,7,0,1,0,xg_MSFT,0.44688526112144783,8.054814445180034
2024-08-01,411.5456237792969,421.75755796351626,407.57926252131097,415.1765544542287,30296400,34.003070090774926,435.9945907592774,429.094255746267,-6.717838565644854,-3.0932483437575264,402.56428796893687,435.9945907592774,469.42489354961793,-0.0029640789796074,-0.0030832612873215,-0.0528192924285255,-0.0029684805616154,0.016133609176938,0.0140268400738471,1.1501135664510966,-0.1837093757340085,-0.0030832612873215,-0.0528192924285255,0.049736031141204,416.44541015625,422.54493713378906,435.99459075927734,0.9855647850879165,0.969151787864923,-0.0475018551369924,-0.2936486102109047,25119090.0,1.2061105716806937,-0.0108058941719638,-0.0089283902238762,0.003433180977018,-0.0244811529888708,0.0043120294595875,-0.0071022566796097,-0.0025292420225855,3,8,1,0,0,xg_MSFT,0.3819778708155689,6.884901202298102
2024-08-02,403.04058837890625,409.46375229727914,398.945956878026,406.9872269552656,29437900,29.798163162673557,433.0804885864258,426.61295409223266,-7.889738776334411,-4.052546430272904,398.7963931001451,433.0804885864258,467.3645840727065,-0.0206660814961106,-0.0394574346361732,-0.0654756231272747,-0.0208826133973145,0.0168553206753122,0.0136510545428862,1.2346361950403384,-1.2260137840387746,-0.0394574346361732,-0.0654756231272747,0.0260181884911014,413.1341674804688,419.7211120605469,433.08048858642576,0.9843063777570286,0.9691526705128558,-0.0494896089403409,-0.0283367000699753,25968840.0,1.1335854816772282,-0.0029640789796074,-0.0108058941719638,-0.0089283902238762,0.0164196896113655,-0.0358548296506574,-0.0074028919594559,0.0009039349985149,4,8,0,0,0,xg_MSFT,0.47682921210642243,8.594534570060118
2024-08-05,389.8785705566406,395.6900105848848,380.43623009500715,383.9783648799992,40709200,24.706297319812546,429.5734039306641,423.1144413745572,-9.76794419473248,-5.1956259831648195,392.644431992694,429.5734039306641,466.5023758686342,-0.0326568048027255,-0.0740047948211988,-0.1078928413439767,-0.03320193936083,0.0170782296278762,0.014794054524687,1.154320154709769,-1.9120771553667788,-0.0740047948211988,-0.1078928413439767,0.0338880465227778,406.90241088867185,415.005859375,429.5734039306641,0.9804738937938564,0.9660883462002796,-0.0581488564750409,0.3828839693048758,28458880.0,1.4304568556457096,-0.0206660814961106,-0.0029640789796074,-0.0108058941719638,0.003433180977018,-0.0244811529888708,0.0133376780382596,-0.0097805942936256,0,8,0,0,1,xg_MSFT,0.4920790951548539,8.869403734367664
2024-08-06,394.2791442871094,400.2583309236166,393.183966261965,394.66395609733,24946500,29.070319725926417,426.61687927246095,420.3682226043241,-10.77711413441176,-6.311923613414208,388.281776287477,426.61687927246095,464.9519822574449,0.0112870366898747,-0.0551167667431827,-0.1016971036655531,0.0112238133823208,0.0179054316319614,0.0153275133943305,1.1681127302654173,0.6303342241414733,-0.0551167667431827,-0.1016971036655531,0.0465803369223704,402.3026062011719,410.54221496582034,426.61687927246095,0.979929935426167,0.9623206087530952,-0.0616676621718131,-0.3872024014227742,29642820.0,0.8415697291957769,-0.0326568048027255,-0.0206660814961106,-0.0029640789796074,-0.0089283902238762,0.0164196896113655,0.0043120294595875,-0.0133475571496797,1,8,0,0,0,xg_MSFT,0.46725754645370843,8.422011559186053
2024-08-07,393.1148986816406,404.60948055159776,392.1677136038712,403.188717990179,20650900,28.59805575515635,423.2711196899414,417.77266794502094,-11.537832521384075,-7.357105395008181,385.53920255521115,423.2711196899414,461.0030368246716,-0.0029528460288554,-0.0476154952771843,-0.0710420238170443,-0.0029572142799922,0.0156087885362312,0.014515582295845,1.0752385250279464,-0.189166305616617,-0.0476154952771843,-0.0710420238170443,0.02342652853986,398.3717651367187,407.53587036132814,423.27111968994143,0.9775133776163448,0.9628246563570416,-0.0633386183956032,-0.172192491932736,29027330.0,0.7114295389896105,0.0112870366898747,-0.0326568048027255,-0.0206660814961106,-0.0108058941719638,0.003433180977018,-0.0358548296506574,-0.0071022566796097,2,8,0,0,1,xg_MSFT,0.4651573121921238,8.384156210754957
2024-08-08,397.3180236816406,400.4457182788044,394.6047093244423,397.07135874007713,20203000,32.8399367888283,420.70530853271487,415.82460658660375,-11.667059661930637,-8.219096248392672,383.25732159492344,420.70530853271487,458.1532954705063,0.0106918486531435,-0.0345711368936489,-0.0375478063329276,0.0106350950151448,0.0152486531721588,0.0144899585450111,1.0522874056118652,0.7011207751703864,-0.0345711368936489,-0.0375478063329276,0.0029766694392786,395.5262451171875,405.98582763671874,420.70530853271487,0.974236582147664,0.9650123718492336,-0.063372567854366,-0.0216891273503818,28053250.0,0.7201661126607177,-0.0029528460288554,0.0112870366898747,-0.0326568048027255,-0.0029640789796074,-0.0089283902238762,-0.0244811529888708,-0.0074028919594559,3,8,0,0,1,xg_MSFT,0.40709418792561164,7.337606385190036
2024-08-09,400.6036071777344,402.6065253974217,396.8937867490897,398.6401637815713,19276700,36.038759778451,418.3605117797851,414.3749875952829,-11.373250223503192,-8.849927043414777,382.1234075083729,418.3605117797851,454.59761605119746,0.008269404608552,-0.0060464907789407,-0.0452653464004256,0.0082354004165923,0.0142372079511732,0.0148216992524868,0.9605003588522932,0.5807897059033098,-0.0060464907789407,-0.0452653464004256,0.0392188556214849,395.0388488769531,404.0865081787109,418.3605117797851,0.9776095981463544,0.9658810925047636,-0.0582163078039509,-0.0458496262931248,27622540.0,0.6978612394080813,0.0106918486531435,-0.0029528460288554,0.0112870366898747,-0.0206660814961106,-0.0108058941719638,0.0164196896113655,0.0133376780382596,4,8,0,0,1,xg_MSFT,0.4556055036778407,8.211991111809052
2024-08-12,401.383056640625,403.30705522680034,398.84733381774834,401.6297215819056,16762900,36.80771895113723,416.0344619750976,413.1376608376964,-10.951269649649872,-9.270195564661796,381.869044817483,416.0344619750976,450.1998791327122,0.0019456875797545,0.0295078697645758,-0.046680648904161,0.0019437971813616,0.0141522908276031,0.0148468815358286,0.9531521916748192,0.137472450997748,0.0295078697645758,-0.046680648904161,0.0761885186687368,397.33974609375,402.12107849121094,416.03446197509766,0.9881097195516316,0.9665571370750544,-0.0465757474613229,-0.1304061379800484,27786250.0,0.6032803994781375,0.008269404608552,0.0106918486531435,-0.0029528460288554,-0.0326568048027255,-0.0029640789796074,0.003433180977018,0.0043120294595875,0,8,0,0,1,xg_MSFT,0.4254168461426191,7.667860311466517
2024-08-13,408.4870300292969,409.41449264240543,404.10625814496586,404.1259805010332,19414300,43.47742084817562,414.282649230957,412.6947436178488,-9.92915856335054,-9.401988164399546,382.5452029764999,414.282649230957,446.0200954854141,0.0176987375803268,0.0360350932785871,-0.0210678112954003,0.0175439387515092,0.0156855872433198,0.0156654239485426,1.0012232079790648,1.1282720266553707,0.0360350932785871,-0.0210678112954003,0.0571029045739874,400.1813232421875,401.24196472167966,414.282649230957,0.9973566038132928,0.9685222527820436,-0.034520865907929,0.1581707222497301,26458920.0,0.7337525492347862,0.0019456875797545,0.008269404608552,0.0106918486531435,0.0112870366898747,-0.0206660814961106,-0.0089283902238762,-0.0358548296506574,1,8,0,0,1,xg_MSFT,0.45617732827138124,8.222297875976214
2024-08-14,411.2990112304687,412.1475543601763,406.9478677827019,409.2664943452795,18267000,45.91100878171564,412.9674331665039,412.5618167238126,-8.79088888637466,-9.27976830879457,383.1788339314656,412.9674331665039,442.7560324015422,0.0068838934763,0.0462564827988223,-0.0035615378166086,0.0068603076612294,0.0155812103022968,0.0156824591511283,0.9934804657667504,0.4417790122679419,0.0462564827988223,-0.0035615378166086,0.0498180206154309,403.8181457519531,401.09495544433594,412.9674331665039,1.0067893905686258,0.9712508135783648,-0.0222448563325721,-0.0590956150878476,23996480.0,0.7612366480416811,0.0176987375803268,0.0019456875797545,0.008269404608552,-0.0029528460288554,-0.0326568048027255,-0.0108058941719638,-0.0244811529888708,2,8,0,0,1,xg_MSFT,0.41995196011646113,7.569359316391638
2024-08-15,416.1620788574219,416.2411406304339,412.8310473922666,414.9462891736181,20752100,49.92630244934022,412.0507690429687,412.9046988317754,-7.410964070794762,-8.906007461194609,383.9722638020394,412.0507690429687,440.129274283898,0.0118236793528982,0.0474281408156818,0.0112173591732824,0.0117543257970433,0.0159909624797532,0.0159884436807538,1.0000949876074323,0.7393513690310228,0.0474281408156818,0.0112173591732824,0.0362107816423993,407.5869567871094,401.5566009521484,412.05076904296874,1.0150174491482948,0.9745318565593406,-0.0107261388834725,0.1360431378989435,23042050.0,0.9006186515522318,0.0068838934763,0.0176987375803268,0.0019456875797545,0.0106918486531435,0.0112870366898747,-0.0029640789796074,0.0164196896113655,3,8,0,0,0,xg_MSFT,0.3700881122103523,6.670596082628973
2024-08-16,413.6316833496094,416.46849580465874,412.4751975268654,415.7370612802868,22775600,47.93241550456666,411.1684112548828,412.9739354525215,-6.447225876068558,-8.414251144169398,384.56361875091727,411.1684112548828,437.7732037588483,-0.0060803125425549,0.0325211154828539,0.0262779860790254,-0.0060988729163566,0.0143529095608162,0.0159677755010049,0.898810905063633,-0.4235997528612793,0.0325211154828539,0.0262779860790254,0.0062431294038285,410.1925720214843,402.61571044921874,411.1684112548828,1.0188190907001908,0.9791990323878206,-0.0023591984673322,0.0975082039889938,22375820.0,1.017866607793546,0.0118236793528982,0.0068838934763,0.0176987375803268,0.008269404608552,-0.0029528460288554,-0.0206660814961106,0.003433180977018,4,8,0,0,1,xg_MSFT,0.34645154117427107,6.244562354557081
2024-08-19,416.65631103515625,416.87376862371895,411.64492262923585,414.1160178789318,15234000,50.47827866668043,410.14967193603513,413.3246378889629,-5.377406838321235,-7.806882282999767,386.2965993651731,410.14967193603513,434.0027445068971,0.0073123694516177,0.0380515673042123,0.068682257761139,0.0072857637001133,0.0071971273852479,0.0157187738286324,0.4578391180246435,1.0158710814987673,0.0380515673042123,0.068682257761139,-0.0306306904569266,413.2472229003906,405.2934844970703,410.14967193603513,1.0196246391998878,0.988159962639877,0.0074343070831204,-0.3311262930504575,19828300.0,0.7682958196113249,-0.0060803125425549,0.0118236793528982,0.0068838934763,0.0019456875797545,0.0106918486531435,-0.0326568048027255,-0.0089283902238762,0,8,0,0,1,xg_MSFT,0.3872471121819836,6.979875830386816
2024-08-20,419.8885192871094,420.93626132598814,416.7650812391523,416.82438511571235,16387600,53.11643397424963,409.1983184814453,413.9497694506911,-4.220108565419594,-7.089527539483733,388.927162833946,409.1983184814453,429.4694741289446,0.0077574926056511,0.0279115086150831,0.0649523957101609,0.0077275579720206,0.0070311555666604,0.0158132540431951,0.444608740156539,1.1031457612271225,0.0279115086150831,0.0649523957101609,-0.0370408870950778,415.52752075195315,407.8544219970703,409.1983184814453,1.018813327356637,0.9967157819969488,0.0150735301866638,0.0757253511881317,18972410.0,0.8637595329217078,0.0073123694516177,-0.0060803125425549,0.0118236793528982,0.0176987375803268,0.008269404608552,0.0112870366898747,-0.0108058941719638,1,8,0,0,0,xg_MSFT,0.3682500079722394,6.637465456365434
2024-08-21,419.2361755371094,421.4700252660244,416.8441419181339,419.1768414959673,16067300,52.50844509002904,409.00121002197267,414.4532366970167,-3.317339806702705,-6.335089992927528,389.2319663702569,409.00121002197267,428.7704536736885,-0.0015536117803544,0.019297795739638,0.0664469266951461,-0.001554819886584,0.0068370288901862,0.013674308348144,0.4999542764323981,-0.2272016988088623,0.019297795739638,0.0664469266951461,-0.0471491309555081,417.1149536132813,410.4665496826172,409.00121002197267,1.0161971881406775,1.00358272695713,0.0193536342156389,-0.0195452659327783,18514050.0,0.8678436106632063,0.0077574926056511,0.0073123694516177,-0.0060803125425549,0.0068838934763,0.0019456875797545,-0.0029528460288554,-0.0029640789796074,2,8,0,0,0,xg_MSFT,0.39235518164220107,7.071945440317319
2024-08-22,410.7454528808594,421.8555179747642,409.8163186254232,419.45359039351575,19361900,45.24863811447744,408.8975601196289,414.1001144288112,-3.249560508984871,-5.717984096138997,389.19094667915994,408.8975601196289,428.6041735600979,-0.0202528387379071,-0.0130156644532195,0.0337951675959653,-0.0204607393170634,0.0106538352006901,0.013309876363507,0.800385707878605,-1.9008120122397805,-0.0130156644532195,0.0337951675959653,-0.0468108320491849,416.0316284179688,411.8092926025391,408.8975601196289,1.010253133892986,1.0071209338643603,0.0173685874020111,0.2050500084021584,18429940.0,1.0505677175291377,-0.0015536117803544,0.0077574926056511,0.0073123694516177,0.0118236793528982,0.0176987375803268,0.0106918486531435,-0.0206660814961106,3,8,0,0,1,xg_MSFT,0.45205934330180286,8.148073891200443
2024-08-23,411.97113037109375,414.41257372157986,407.32545916499066,412.15893602611095,18493800,46.40068821914441,408.51627655029296,413.89735404236194,-3.0616501994836653,-5.186717316807931,389.3948863102014,408.51627655029296,427.6376667903845,0.0029840317930187,-0.0040145691090884,0.0283759881081548,0.002979588407423,0.0105145380607935,0.0127561979899599,0.8242043487189487,0.283773571620125,-0.0040145691090884,0.0283759881081548,-0.0323905572172433,415.6995178222657,412.946044921875,408.51627655029296,1.006667875704952,1.0108435541638368,0.0174362734240678,-0.0448354758572248,18351650.0,1.0077458975077986,-0.0202528387379071,-0.0015536117803544,0.0077574926056511,-0.0060803125425549,0.0068838934763,0.008269404608552,-0.0326568048027255,4,8,0,0,0,xg_MSFT,0.34787427925448716,6.270206277588854
2024-08-26,408.7092895507813,412.4554786638681,406.58415351672016,411.5559963087608,13152800,43.76167472063051,407.8998733520508,413.4032526622114,-3.139740248081921,-4.777321903062729,389.7056477789023,407.8998733520508,426.0940989251993,-0.0079176441741785,-0.0190733256016957,0.0182524717696686,-0.0079491551575259,0.0110575925607931,0.0128085336480823,0.8632314699800521,-0.71597213937057,-0.0190733256016957,0.0182524717696686,-0.0373257973713643,414.1101135253906,413.6786682128906,407.8998733520508,1.0010429479343566,1.0141671896422784,0.0151947614896778,-0.2887994895586628,17990640.0,0.73109127857593,0.0029840317930187,-0.0202528387379071,-0.0015536117803544,0.0073123694516177,0.0118236793528982,0.0019456875797545,0.0112870366898747,0,8,0,0,0,xg_MSFT,0.395801533873908,7.134063684426486
2024-08-27,409.05523681640625,409.5692137906275,405.5067475085558,408.0865565785304,13492900,44.12464353977029,407.4887268066406,412.98915591499184,-3.1375444615711103,-4.449366414764405,389.8228608812748,407.4887268066406,425.1545927320065,0.0008464384697621,-0.0258003778933894,0.0013910032518502,0.0008460804427388,0.0095590732994645,0.0126923643322203,0.7530764145168507,0.0885389100321628,-0.0258003778933894,0.0013910032518502,-0.0271913811452396,411.94345703125,413.7354888916016,407.4887268066406,0.9956686532616468,1.015329901599769,0.0108902901702949,0.0258576120673925,17398500.0,0.7755208782365851,-0.0079176441741785,0.0029840317930187,-0.0202528387379071,0.0077574926056511,-0.0060803125425549,0.0176987375803268,-0.0029528460288554,1,8,0,0,0,xg_MSFT,0.37911864255547106,6.833365483635759
2024-08-28,405.8527221679687,410.2018441208808,402.6007521142328,410.08323636580656,14882700,41.45715627985075,407.1429077148438,412.3094955581325,-3.355539877581066,-4.230601107327738,389.6422568957331,407.1429077148438,424.6435585339544,-0.0078290518252793,-0.0319234220472369,-0.0132416779855768,-0.0078598597547872,0.0095449165148479,0.0125873205066834,0.7582358988858238,-0.8201466892258984,-0.0319234220472369,-0.0132416779855768,-0.0186817440616601,409.2667663574219,413.1908599853515,407.1429077148438,0.9905029515220428,1.0148546177666533,0.0052330772385434,0.1030023197385292,17060070.0,0.8723703947286927,0.0008464384697621,-0.0079176441741785,0.0029840317930187,-0.0015536117803544,0.0073123694516177,0.0068838934763,0.0106918486531435,2,8,0,0,1,xg_MSFT,0.3908593312427456,7.0449837155669295
2024-08-29,408.343505859375,417.1702500490206,405.8526529335126,410.1424702770871,17045200,44.278608308565815,406.98280181884775,411.9317822534889,-3.2893992409230464,-4.0423607340468,389.59350959094047,406.98280181884775,424.372094046755,0.0061371614759686,-0.0058477750748979,-0.0187873268499447,0.0061184057991043,0.0088185324414892,0.0126680295680873,0.6960700813030478,0.6958601849569624,-0.0058477750748979,-0.0187873268499447,0.0129395517750467,408.786376953125,412.40900268554685,406.9828018188476,0.9912159392524608,1.0133327522500926,0.0044168086632886,0.1453029356232404,16689380.0,1.0213201449064602,-0.0078290518252793,0.0008464384697621,-0.0079176441741785,-0.0202528387379071,0.0077574926056511,0.0118236793528982,0.008269404608552,3,8,0,0,1,xg_MSFT,0.42877525428727875,7.728393420946409
2024-08-30,412.3171081542969,412.663037378181,407.3650233246306,410.7949049431994,24308300,48.53954920549691,407.4466278076172,411.96847995832775,-2.883111103309147,-3.8105108078992695,390.0052877081621,407.4466278076172,424.8879679070724,0.0097310285039535,0.0008398107481255,-0.0031781298392498,0.009683986974859,0.0093774370114388,0.0118977453393618,0.7881030095179578,1.037595975969628,0.0008398107481255,-0.0031781298392498,0.0040179405873753,408.8555725097656,412.2775451660156,407.4466278076172,0.991699832560922,1.0118565648325342,0.0034171385913514,0.4261082298828995,16842650.0,1.4432586321035323,0.0061371614759686,-0.0078290518252793,0.0008464384697621,0.0029840317930187,-0.0015536117803544,-0.0060803125425549,0.0019456875797545,4,8,0,0,0,xg_MSFT,0.4182431251110395,7.538558683469535
2024-09-03,404.7060852050781,415.0253810540411,402.32394584007614,413.07815685238506,20313600,41.92631944572236,408.18800354003906,411.2768233151611,-3.139085349238144,-3.676225716167045,392.7448458668963,408.18800354003906,423.63116121318177,-0.0184591490352871,-0.0097947476312642,-0.0286812548222024,-0.0186316451794175,0.0105299912674232,0.0100512170299883,1.0475292401675738,-1.7528405984334117,-0.0097947476312642,-0.0286812548222024,0.0188865071909382,408.054931640625,411.0825225830078,408.18800354003906,0.9926350774453772,1.007091141870574,-0.0003288112145549,-0.1643348156802409,17350610.0,1.17077151754312,0.0097310285039535,0.0061371614759686,-0.0078290518252793,-0.0079176441741785,-0.0202528387379071,0.0073123694516177,0.0176987375803268,1,9,0,0,0,xg_MSFT,0.4925862473020503,8.878544820003137
2024-09-04,404.17236328125,406.4853049884444,399.6947395600007,401.2169427939581,15135800,41.499331447763645,408.6826644897461,410.60020807383626,-3.3464380275877375,-3.610268178451184,394.5360039076028,408.6826644897461,422.82932507188946,-0.0013187889763448,-0.0119369539751126,-0.037429353945048,-0.0013196593438316,0.0098849624880606,0.0098253665569724,1.0059631330409269,-0.1334001598668382,-0.0119369539751126,-0.037429353945048,0.0254923999699354,407.07835693359374,409.5109069824219,408.6826644897461,0.9940598650552364,1.002026615182491,-0.0039693648104187,-0.2548932734719596,17225430.0,0.878689240268552,-0.0184591490352871,0.0097310285039535,0.0061371614759686,0.0008464384697621,0.0029840317930187,0.0077574926056511,0.0068838934763,2,9,0,0,0,xg_MSFT,0.3980084749067662,7.173842352594055
2024-09-05,403.668212890625,408.32374746592114,401.43433333803466,402.90709631842344,14195500,41.0738078546387,409.2103302001953,409.94001805638754,-3.5109749089931483,-3.590409524559577,396.8318361393401,409.2103302001953,421.5888242610505,-0.0012473648285401,-0.0053825172483125,-0.0371341109257551,-0.0012481434355873,0.0098930398894632,0.0097939934362788,1.0100098538934466,-0.126072346834638,-0.0053825172483125,-0.0371341109257551,0.0317515936774426,406.641455078125,407.95411071777346,409.2103302001953,0.9967823448638894,0.9969301374141576,-0.0063638281143686,-0.0621242352568083,17038250.0,0.8331548134344294,-0.0013187889763448,-0.0184591490352871,0.0097310285039535,-0.0078290518252793,-0.0079176441741785,-0.0015536117803544,0.0118236793528982,3,9,0,0,0,xg_MSFT,0.4200110987431373,7.570425251444461
2024-09-06,397.0556335449219,405.9021372589665,396.1660150408843,404.3305241544344,19609500,35.87744444051182,409.19721069335935,408.71293381720034,-4.127373668053508,-3.6978023532583633,396.76520572070285,409.19721069335935,421.62921566601585,-0.0163812238232758,-0.0276430802804059,-0.0333292048394467,-0.0165168795820322,0.0092281016349554,0.0102960075630314,0.8961925664778972,-1.7749532371852508,-0.0276430802804059,-0.0333292048394467,0.0056861245590408,404.3838806152344,406.5851287841797,409.19721069335935,0.9945860091451753,0.9936165696125993,-0.012122558330558,0.3813884681765347,17063010.0,1.1492403743535784,-0.0012473648285401,-0.0013187889763448,-0.0184591490352871,0.0061371614759686,0.0008464384697621,-0.0202528387379071,-0.0060803125425549,4,9,0,0,1,xg_MSFT,0.403586869254596,7.274389260901239
2024-09-09,401.0290832519531,403.9251994729139,397.5003522055993,402.531498215159,15295100,40.72979827456303,409.2184844970703,407.98113852527206,-4.246301224385434,-3.8075021274837777,396.8470889300328,409.2184844970703,421.5898800641078,0.0100072870684548,-0.0273770471297531,-0.026560227920059,0.0099575457464027,0.0099984524454145,0.0103763358755062,0.9634893353518644,1.000783505205217,-0.0273770471297531,-0.026560227920059,-0.0008168192096941,402.1262756347657,405.4909240722656,409.21848449707034,0.9917022842244916,0.9908910262707564,-0.0176850237513793,-0.2200158086641679,16743140.0,0.9135144303875548,-0.0163812238232758,-0.0012473648285401,-0.0013187889763448,0.0097310285039535,-0.0078290518252793,0.0029840317930187,0.0073123694516177,0,9,0,0,1,xg_MSFT,0.4291091498189102,7.734411669444058
2024-09-10,409.41107177734375,411.51641958523567,402.9862241478787,403.48044319629906,19594300,49.424349010293426,409.6198852539062,408.117322644517,-3.622438530319357,-3.770489408050894,397.8107452332831,409.6198852539062,421.4290252745293,0.0209011986298373,0.0116256877380074,0.0017170694293093,0.0206857652834724,0.0122164908750864,0.0113713625514806,1.074226293770063,1.7107603225191166,0.0116256877380074,0.0017170694293093,0.009908618308698,403.0672729492187,405.56110229492185,409.61988525390626,0.9938509158506784,0.9900913429618572,-0.0160049709360354,0.2810834842531269,17387290.0,1.126932374165202,0.0100072870684548,-0.0163812238232758,-0.0012473648285401,-0.0184591490352871,0.0061371614759686,-0.0079176441741785,0.0077574926056511,1,9,0,0,1,xg_MSFT,0.4285722324594237,7.724734085331737
2024-09-11,418.1488952636719,419.0878934339202,404.84449566929334,410.6960629554886,19266900,56.57564856367014,410.10297851562495,409.072710513008,-2.3953415143460575,-3.495459829309927,397.7127611357458,410.10297851562495,422.4931958955042,0.0213424210742403,0.034580622655528,0.0222308813793454,0.0211178610892917,0.0139290695819789,0.0116771754848463,1.1927436439068262,1.5321115913053698,0.034580622655528,0.0222308813793454,0.0123497412761826,405.8625793457031,406.47046813964846,410.102978515625,0.9985044699637652,0.9911424433221028,-0.0101408833502908,-0.0167089408654558,17964690.0,1.0724871957155355,0.0209011986298373,0.0100072870684548,-0.0163812238232758,-0.0013187889763448,0.0097310285039535,0.0008464384697621,-0.0015536117803544,2,9,0,0,1,xg_MSFT,0.4059944004518814,7.317783435541171
2024-09-12,422.06304931640625,422.4287665702525,414.8968734205188,418.4157104817343,17395700,59.348576464842026,410.64118041992185,410.3098856371411,-1.094403169825796,-3.0152484974131006,397.14632654358826,410.64118041992185,424.13603429625545,0.0093606705579509,0.0455691972723286,0.0399414030337059,0.0093171309768589,0.0135985211402066,0.0117531297911202,1.1569143255913097,0.6883088353954163,0.0455691972723286,0.0399414030337059,0.0056277942386226,409.5415466308594,408.0915008544922,410.64118041992185,1.0035532368925375,0.9937909793586158,-0.0026053780136486,-0.0971199310734991,18215990.0,0.9549686841066034,0.0213424210742403,0.0209011986298373,0.0100072870684548,-0.0012473648285401,-0.0184591490352871,-0.0078290518252793,-0.0202528387379071,3,9,0,0,1,xg_MSFT,0.40988143536397154,7.3878446966359155
2024-09-13,425.611572265625,426.837225898396,420.5408798146308,420.9065970976519,15874600,61.73424400660045,411.113655090332,411.76718912556817,0.2203954056741963,-2.3681197167956416,396.21614345350093,411.113655090332,426.011166727163,0.0084075660140496,0.0719192382834492,0.0422880887254681,0.0083724192924226,0.0136568600708116,0.0116170674776462,1.1754846575894138,0.6155844305373709,0.0719192382834492,0.0422880887254681,0.029631149557981,415.252734375,409.8183074951172,411.113655090332,1.013260576163859,0.9968491739956188,0.0097250158463378,-0.0874411492495271,18098930.0,0.87710157451292,0.0093606705579509,0.0213424210742403,0.0209011986298373,-0.0163812238232758,-0.0013187889763448,0.0061371614759686,0.0029840317930187,4,9,0,0,1,xg_MSFT,0.4112363862397367,7.412266799659037
2024-09-16,426.3529052734375,428.517587221267,423.2689830915265,425.6214706998335,13834700,62.232896782741065,411.7497161865234,413.15630494917474,1.3071342970090996,-1.6330689140346937,395.38545405304814,411.7497161865234,428.1139783199987,0.0017418065111955,0.0631470960064366,0.0340412678532082,0.0017402913254196,0.0135326978774845,0.0114904939494559,1.177627376997856,0.1287014478203605,0.0631470960064366,0.0340412678532082,0.0291058281532283,420.3174987792969,411.2218872070313,411.7497161865234,1.0221185006324491,0.998718082954906,0.0200955182591722,-0.1285008756126138,17051570.0,0.8113446445106925,0.0084075660140496,0.0093606705579509,0.0213424210742403,0.0100072870684548,-0.0012473648285401,0.0097310285039535,-0.0079176441741785,0,9,0,0,1,xg_MSFT,0.38909488867051134,7.0131807926357554
2024-09-17,430.1188659667969,436.741413807479,427.2721591954558,435.1401487897844,18874200,64.7461790472745,412.4228439331054,414.771786950853,2.4440903008356827,-0.8176370710606182,394.2060958354761,412.4228439331054,430.6395920307349,0.0088329659462367,0.050579467964938,0.0627931768034604,0.0087941835111697,0.0111727813273344,0.0115353735367324,0.9684829718593728,0.7905082162856211,0.050579467964938,0.0627931768034604,-0.0122137088385223,424.4590576171875,413.76316528320314,412.4228439331054,1.0258502767559396,1.003249871751321,0.0279834590771267,0.3642652171713156,16907630.0,1.1163125760380896,0.0017418065111955,0.0084075660140496,0.0093606705579509,0.0209011986298373,-0.0163812238232758,-0.0184591490352871,0.0008464384697621,1,9,0,0,0,xg_MSFT,0.4513790749311921,8.135812498903809
2024-09-18,425.8290100097656,430.9886580324637,425.43364080776206,429.9705680090547,18898000,59.85951590775196,412.7198684692383,415.82485581360663,2.964804184174966,-0.0611488200135013,393.8100459738615,412.7198684692383,431.62969096461507,-0.0099736521609875,0.0183669377895903,0.0535827005901576,-0.0100237222288468,0.012112581711344,0.0117215061912006,1.0332757785563162,-0.8233446059679843,0.0183669377895903,0.0535827005901576,-0.0352157628005673,425.9950805664063,415.9288299560547,412.7198684692383,1.0242018583117096,1.0077751563032773,0.031174982880719,0.0012609805978531,17283850.0,1.0933906508097968,0.0088329659462367,0.0017418065111955,0.0084075660140496,0.0213424210742403,0.0100072870684548,-0.0013187889763448,-0.0078290518252793,2,9,0,0,1,xg_MSFT,0.38654231575396797,6.967172335903589
2024-09-19,433.617919921875,436.3954286172224,431.8486072464737,436.12856118496126,21706600,65.02151483275043,413.4389556884766,417.51943334772744,3.96032150246748,0.7431452444826948,392.50077019695016,413.4389556884766,434.37714118000304,0.0182911678843362,0.0273771196606373,0.0741938702995297,0.018125896765289,0.0125086249527142,0.0123383499170334,1.013718310674301,1.4621675672512937,0.0273771196606373,0.0741938702995297,-0.0468167506388923,428.3060546875,418.9238006591797,413.43895568847654,1.022396087339887,1.013266396151687,0.0342861729554491,0.148618901471055,18034960.0,1.2035845934783775,-0.0099736521609875,0.0088329659462367,0.0017418065111955,0.0093606705579509,0.0209011986298373,-0.0012473648285401,0.0061371614759686,3,9,0,0,0,xg_MSFT,0.39202412099792694,7.065978288809484
2024-09-20,430.2374572753906,434.1615578880838,429.1996092968504,432.1649237095232,55167100,61.33490525686015,414.41355590820314,418.7306737217906,4.425486808504559,1.4796135572870677,392.2259636340299,414.41355590820314,436.6011481823764,-0.0077959477484081,0.010868795190744,0.0835697089453704,-0.0078264950158963,0.0108970664926675,0.0114511549306207,0.95152978270762,-0.7153514574033331,0.010868795190744,0.0835697089453704,-0.0727009137546264,429.2312316894531,422.2419830322266,414.41355590820314,1.0165527089633175,1.0188903741502064,0.0344406920659289,1.5414896851648807,21590720.0,2.555130167034608,0.0182911678843362,-0.0099736521609875,0.0088329659462367,0.0084075660140496,0.0213424210742403,-0.0163812238232758,0.0097310285039535,4,9,0,0,0,xg_MSFT,0.43943780475116045,7.920578916801451
2024-09-23,428.497802734375,431.41367697848,425.4138807437856,429.25888919848313,15128900,59.466320975213485,415.2398895263672,419.6608764848939,4.60072380217332,2.1038356062643184,392.2199075286626,415.2398895263672,438.25987152407185,-0.00404347532182,0.0050308029672316,0.0684955795716297,-0.0040516722717303,0.011513870412525,0.0115392231248443,0.9977164468975872,-0.3511524817006912,0.0050308029672316,0.0684955795716297,-0.063464776604398,429.66021118164065,424.9888549804688,415.2398895263672,1.0109917145977547,1.0234779116843074,0.0336531986004432,-0.725762274979109,21574100.0,0.7012528911982099,-0.0077959477484081,0.0182911678843362,-0.0099736521609875,0.0017418065111955,0.0093606705579509,0.0100072870684548,-0.0184591490352871,0,9,0,0,0,xg_MSFT,0.41029644892759676,7.395325044586629
2024-09-24,424.2080383300781,428.3397027934571,421.1735257967716,427.9937433882553,17015800,55.01545221084284,416.014826965332,420.0939395177686,4.343384413939418,2.5517453677993385,392.8773142057791,416.014826965332,439.15233972488494,-0.010011170131848,-0.0137423119616776,0.0361420771756304,-0.010061618878618,0.0114287879962423,0.0116432536204073,0.9814959694980044,-0.8758841489570341,-0.0137423119616776,0.0361420771756304,-0.049884389137308,428.47804565429686,426.4685516357422,416.014826965332,1.0047119395107733,1.0251282502276808,0.0293799682298032,0.1247215593995598,21316250.0,0.7982548525185811,-0.00404347532182,-0.0077959477484081,0.0182911678843362,0.0088329659462367,0.0084075660140496,0.0209011986298373,-0.0013187889763448,1,9,0,0,1,xg_MSFT,0.4129887807182537,7.443852563583742
2024-09-25,427.1139526367187,428.1122847230435,423.6149036474301,424.86031508228893,13396400,57.34452237981079,416.91776275634766,420.76251219576386,4.324078804725332,2.9062120551845374,393.5158501305453,416.91776275634766,440.31967538215,0.0068502103780963,0.0030175084288495,0.0214398686080319,0.0068268542890663,0.0097226213067815,0.0116912246284284,0.8315458876099561,0.7044916869930734,0.0030175084288495,0.0214398686080319,-0.0184223601791824,428.7350341796875,427.36505737304685,416.91776275634766,1.003205635984986,1.0250584061173829,0.0276677250892597,-0.2127081888597656,20729200.0,0.6462574532543154,-0.010011170131848,-0.00404347532182,-0.0077959477484081,-0.0099736521609875,0.0017418065111955,0.0213424210742403,-0.0012473648285401,2,9,0,0,0,xg_MSFT,0.3616528374389932,6.518555773877457
2024-09-26,426.3232727050781,430.2671314248125,424.1684846935021,430.0595678513369,14492000,56.48753498610331,417.9412902832032,421.2921084347462,4.196601893503953,3.1642900228484208,394.7877455219652,417.9412902832032,441.09483504444114,-0.0018512154116235,-0.0168227531235589,0.0100938080117933,-0.0018529310285178,0.0094432144977821,0.011495373625835,0.82140810703656,-0.1960158160383074,-0.0168227531235589,0.0100938080117933,-0.0269165611353523,427.27610473632814,427.7910797119141,417.9412902832031,0.9987961998274189,1.0235673996748125,0.0218960939990312,0.0817831656265861,20438830.0,0.7090425430418127,0.0068502103780963,-0.010011170131848,-0.00404347532182,0.0182911678843362,0.0088329659462367,0.0093606705579509,-0.0163812238232758,3,9,0,0,0,xg_MSFT,0.3618443336053518,6.522007366984626
2024-09-27,423.0713195800781,426.8570548863857,422.52769062045775,426.5308533788208,14896100,52.98060079197458,418.67768096923834,421.461557115254,3.7894872335041896,3.289329464979575,395.8752534613864,418.67768096923834,441.4801084770903,-0.0076279042998659,-0.0166562384890758,-0.0059684765431178,-0.0076571455564504,0.0094154799666521,0.0116784060168109,0.8061608572473465,-0.8100589951743821,-0.0166562384890758,-0.0059684765431178,-0.0106877619459579,425.8428771972656,427.53705444335935,418.6776809692383,0.9960373557601936,1.0211603672152088,0.0169361426700803,0.0278843499861993,20340980.0,0.7323196817458779,-0.0018512154116235,0.0068502103780963,-0.010011170131848,-0.0077959477484081,-0.0099736521609875,0.0084075660140496,0.0100072870684548,4,9,0,0,1,xg_MSFT,0.3494069320264602,6.297831341024945
2024-09-30,425.324951171875,425.4435890958682,420.451958019216,423.2591189255808,16807300,55.062717767503464,419.32807312011727,421.8294994063607,3.607114595716098,3.3528864911268794,396.5474953269472,419.32807312011727,442.10865091328736,0.0053268361325786,-0.007404592374227,-0.0024110404522826,0.0053126987238707,0.009579628166854,0.0115626868938951,0.8284233441076178,0.5560007172606758,-0.007404592374227,-0.0024110404522826,-0.0049935519219443,425.2083068847657,427.43425903320315,419.3280731201172,0.9947922935483172,1.0193313694758612,0.0138252734725459,0.1283020387886762,20638240.0,0.8143766135096397,-0.0076279042998659,-0.0018512154116235,0.0068502103780963,-0.00404347532182,0.0182911678843362,0.0017418065111955,0.0209011986298373,0,9,0,1,0,xg_MSFT,0.35961025019417936,6.481739475206566
2024-10-01,415.8260498046875,423.525991477608,413.9677812470877,423.49633953955015,19092900,45.84726598176027,419.8840713500977,421.25774230143946,2.665376213790637,3.2153844356596313,398.0844388187422,419.8840713500977,441.6837038814532,-0.0223332803331093,-0.0197591459096033,-0.0332299215240949,-0.0225864444618624,0.0112401265223852,0.0119429285409275,0.9410744952022534,-1.9867475282513352,-0.0197591459096033,-0.0332299215240949,0.0134707756144916,423.5319091796875,426.0049774169922,419.88407135009766,0.9941947433283532,1.0145776095940322,0.0087725091569015,0.1359885287940359,20660110.0,0.9241431918803472,0.0053268361325786,-0.0076279042998659,-0.0018512154116235,-0.010011170131848,-0.0077959477484081,0.0088329659462367,0.0213424210742403,1,10,1,0,0,xg_MSFT,0.4243060162841587,7.647838330057663
2024-10-02,412.30718994140625,417.9314051498879,411.8920326664568,417.6941594936009,16582300,42.9777048337526,420.2908126831055,420.40530874334104,1.6164655697548935,2.895600662478684,399.4427079398301,420.2908126831055,441.13891742638094,-0.0084623362700197,-0.0346670077245317,-0.0317541072836942,-0.0084983451275419,0.0111504787324875,0.0121345552440784,0.9188272401403628,-0.7588532851133468,-0.0346670077245317,-0.0317541072836942,-0.0029129004408375,420.570556640625,424.6527954101563,420.29081268310546,0.9903868788486642,1.0103784869795374,0.0006784843057413,-0.1314939061116959,20428540.0,0.8117222278243668,-0.0223332803331093,0.0053268361325786,-0.0076279042998659,0.0068502103780963,-0.00404347532182,-0.0099736521609875,0.0093606705579509,2,10,0,0,0,xg_MSFT,0.3584516612947105,6.460856668331155
2024-10-03,411.7240295410156,414.699207817815,409.50004373541833,412.8014234892919,13686400,42.50292572102259,420.69360351562506,419.5785202478815,0.729728303088848,2.4624261906007168,400.91381250223463,420.69360351562506,440.4733945290155,-0.0014143832914325,-0.034244537182848,-0.0504912029115494,-0.0014153844756297,0.0083189020780618,0.0121362889526912,0.6854003485034664,-0.1699999925674603,-0.034244537182848,-0.0504912029115494,0.0162466657287013,417.6507080078125,422.4634063720703,420.693603515625,0.9886080112699296,1.0042068689460824,-0.0073906191756761,-0.1746380176453206,19626520.0,0.6973421676384455,-0.0084623362700197,-0.0223332803331093,0.0053268361325786,-0.0018512154116235,-0.010011170131848,0.0182911678843362,0.0084075660140496,3,10,0,0,0,xg_MSFT,0.3848092618779955,6.935935173685647
2024-10-04,411.24957275390625,414.8969119270876,410.172178794162,413.4043606733947,19169700,42.095473112907705,421.40330047607426,418.7852871532172,-0.0111732683772061,1.9677062988051324,404.36616872641355,421.40330047607426,438.440432225735,-0.0011523660342057,-0.02794268077048,-0.0441334993046187,-0.0011530305184797,0.0083481270591557,0.0114424244799139,0.7295130119317643,-0.1380223376696694,-0.02794268077048,-0.0441334993046187,0.0161908185341387,415.28635864257814,420.5646179199219,421.4033004760742,0.9874495878815256,0.9980097864558612,-0.014874038148014,0.4006385901332709,16026780.0,1.196104270477214,-0.0014143832914325,-0.0084623362700197,-0.0223332803331093,-0.0076279042998659,0.0068502103780963,-0.0077959477484081,0.0017418065111955,4,10,0,0,0,xg_MSFT,0.40299535280631626,7.26372756393632
2024-10-07,404.804931640625,412.28738483151307,404.2711666419644,411.1902330637095,20919800,36.91836230118108,421.5920928955079,417.4538247234466,-1.1056268018573403,1.3530396786726375,405.4451518740676,421.5920928955079,437.7390339169482,-0.0156708761303389,-0.0482455108140547,-0.0552928648468173,-0.0157949623770381,0.0090611178214784,0.0119065968234005,0.7609526889314695,-1.7292730506324638,-0.0482455108140547,-0.0552928648468173,0.0070473540327626,411.18235473632814,418.19533081054686,421.5920928955078,0.983230381695974,0.9919430128263748,-0.0257154430332413,0.0912951167728237,16605870.0,1.2597834380251525,-0.0011523660342057,-0.0014143832914325,-0.0084623362700197,0.0053268361325786,-0.0018512154116235,-0.00404347532182,0.0088329659462367,0,10,0,0,1,xg_MSFT,0.405884498898493,7.315802531947351
2024-10-08,409.9151611328125,410.8541894054543,403.45079759655545,406.1492143378804,19229300,42.9136582821971,421.6172973632813,416.73585676243374,-1.542851271140421,0.773861488710026,405.54903279077394,421.6172973632813,437.68556193578866,0.0126239309177296,-0.0142148109158898,-0.0336930843025286,0.0125449134145769,0.0105510489639288,0.0112893138826319,0.9345221996139306,1.1963487812540712,-0.0142148109158898,-0.0336930843025286,0.0194782733866387,410.00017700195315,416.7660430908203,421.6172973632813,0.9837657933005048,0.988493701983292,-0.0283403041966631,-0.0808086119370166,16827220.0,1.142749663937291,-0.0156708761303389,-0.0011523660342057,-0.0014143832914325,-0.0223332803331093,-0.0076279042998659,-0.010011170131848,-0.0099736521609875,1,10,0,0,1,xg_MSFT,0.39952968863736016,7.2012612347935825
2024-10-09,412.63336181640625,415.5196143481407,409.5098937927917,411.0518548194861,14974300,45.86108498281113,421.34152069091806,416.3451429580502,-1.6509871823303683,0.2888917545019471,404.8391535267941,421.34152069091806,437.843887855042,0.006631129905227,0.0007910894666822,-0.0339033429625018,0.0066092406769104,0.0105276688826208,0.0102668766646669,1.02530145486144,0.629816549380971,0.0007910894666822,-0.0339033429625018,0.0346944324291841,410.06541137695314,415.31798400878904,421.34152069091795,0.987352889029422,0.985703909094334,-0.0273271876620143,-0.2212769055555844,16985010.0,0.8816185565977953,0.0126239309177296,-0.0156708761303389,-0.0011523660342057,-0.0084623362700197,0.0053268361325786,0.0068502103780963,0.0182911678843362,2,10,0,0,0,xg_MSFT,0.42808356891449584,7.715926244655496
2024-10-10,411.0321044921875,412.5246557071608,408.37320353432506,410.42917171763446,13848400,44.40655662021759,420.7899734497071,415.8391392946347,-1.844630008330455,-0.1378125980645332,403.66358291095145,420.7899734497071,437.9163639884627,-0.0038805813402242,-0.0016805554186367,-0.0358675427589634,-0.0038881303319726,0.0105141963474898,0.0100136463455293,1.049881941381135,-0.3690450669664037,-0.0016805554186367,-0.0358675427589634,0.0341869873403266,409.9270263671875,413.7888671875,420.789973449707,0.9906671224710292,0.983361993621638,-0.0264284637715591,-0.0751888235176269,16920650.0,0.8184319160315462,0.006631129905227,0.0126239309177296,-0.0156708761303389,-0.0014143832914325,-0.0223332803331093,-0.0018512154116235,-0.0077959477484081,3,10,0,0,1,xg_MSFT,0.42227074598452286,7.611153914536299
2024-10-11,411.5065612792969,412.3071937353824,408.4720490414364,411.3286496589972,14144900,44.96354805293946,420.08472290039066,415.4265128169835,-1.937474643879284,-0.4977450072274835,402.6357035592463,420.08472290039066,437.53374224153504,0.0011543059092562,0.0006248967595752,-0.0273352453015721,0.001153640210421,0.0105067759012177,0.0097729479136032,1.074977684973594,0.1098525434980464,0.0006248967595752,-0.0273352453015721,0.0279601420611473,409.9784240722656,412.63239135742185,420.0847229003906,0.9935682041915672,0.9822599320167712,-0.0245592653412533,0.0214104156436845,16845530.0,0.8396826932722902,-0.0038805813402242,0.006631129905227,0.0126239309177296,-0.0011523660342057,-0.0084623362700197,-0.0076279042998659,-0.00404347532182,4,10,0,0,1,xg_MSFT,0.4065528901803425,7.327849847489966
2024-10-14,414.2939758300781,419.137316675548,412.692680707405,412.9397902420181,16653100,48.244295133009615,419.4817764282227,415.318652151564,-1.7657788284335538,-0.7513517714686976,402.1115292509321,419.4817764282227,436.8520236055133,0.0067736819119377,0.0234410291173954,-0.0259354061204352,0.0067508436035659,0.0106389936389586,0.0099280820546837,1.0714982090353429,0.6366246204448569,0.0234410291173954,-0.0259354061204352,0.0493764352378306,411.87623291015626,411.5292938232422,419.48177642822264,1.000843048337315,0.9810421261378892,-0.0183578424060546,0.1773218615896896,16830110.0,0.989482540518096,0.0011543059092562,-0.0038805813402242,0.006631129905227,-0.0156708761303389,-0.0014143832914325,0.0053268361325786,-0.010011170131848,0,10,0,0,0,xg_MSFT,0.4291816530360476,7.735718492495808
2024-10-15,413.8985900878906,417.5953693595967,410.4588445581101,417.29881980944174,18900200,47.80894805332316,418.67076263427737,415.18340814549987,-1.6426772222225736,-0.9296168616194728,401.8869013908676,418.67076263427737,435.45462387768714,-0.0009543603461655,0.0097176912024181,-0.0046352548564531,-0.0009548160379528,0.0080632394719568,0.0096347130853809,0.8368077588559694,-0.1183447427974265,0.0097176912024181,-0.0046352548564531,0.0143529460588712,412.67291870117185,411.3365478515625,418.67076263427737,1.0032488502579926,0.9824821424439386,-0.0144910953473697,0.1349358377719463,16810840.0,1.1242864722999493,0.0067736819119377,0.0011543059092562,-0.0038805813402242,0.0126239309177296,-0.0011523660342057,-0.0223332803331093,0.0068502103780963,1,10,0,0,0,xg_MSFT,0.4223557322791175,7.61268573689183
2024-10-16,411.3088684082031,411.5460839058675,405.7340930599272,410.36987028679,15508900,44.94795762900946,417.9447555541992,414.8144043609954,-1.7340976109243798,-1.0905130114804544,401.2085310718853,417.9447555541992,434.680980036513,-0.0062568990127208,-0.00320985536015,-0.0024213051762328,-0.006276555440432,0.0078465369596108,0.0095052781118076,0.8254057862945069,-0.7973073647086251,-0.00320985536015,-0.0024213051762328,-0.0007885501839172,412.4080200195313,411.23671569824216,417.9447555541992,1.0028482484091925,0.9839499365243568,-0.0134612597975228,-0.179431963682924,16703500.0,0.9284820546591476,-0.0009543603461655,0.0067736819119377,0.0011543059092562,0.006631129905227,-0.0156708761303389,-0.0084623362700197,-0.0018512154116235,2,10,0,0,1,xg_MSFT,0.4290201600486488,7.732807687059014
2024-10-17,411.9019470214844,417.61511832115826,410.78500708577025,417.4767225011017,14820000,45.74864260502194,416.8589569091797,414.5370274715182,-1.7386503610024988,-1.2201404813848633,401.6566785006629,416.8589569091797,432.0612353176965,0.0014419300404986,0.0021162398746723,0.0004321279976471,0.0014408914576335,0.0078499984294331,0.0083130115209999,0.9441890247090884,0.1836619957906114,0.0021162398746723,0.0004321279976471,0.0016841118770252,412.5819885253906,411.25450744628904,416.8589569091797,1.0032278821388358,0.9865555258679216,-0.0103834624106936,-0.0444196558105346,16816860.0,0.881258451339853,-0.0062568990127208,-0.0009543603461655,0.0067736819119377,-0.0038805813402242,0.0126239309177296,-0.0014143832914325,-0.0076279042998659,3,10,0,0,1,xg_MSFT,0.3972647812662427,7.160437761304906
2024-10-18,413.3252868652344,414.79805000770625,411.447260474788,412.31709084461266,17145300,47.71405736349599,416.0133483886719,414.42162360425306,-1.608860871550803,-1.2978845594180513,402.119233743827,416.0133483886719,429.9074630335168,0.0034555307495931,0.0044196757890893,0.0050473343897434,0.0034495741214763,0.0079052551209968,0.0083187897944834,0.9501748621387722,0.4370628947219542,0.0044196757890893,0.0050473343897434,-0.0006276586006541,412.94573364257815,411.4620788574219,416.0133483886719,1.0036058117172697,0.98905979928558,-0.0074217930612455,0.1569028340080971,16614420.0,1.031952966158251,0.0014419300404986,-0.0062568990127208,-0.0009543603461655,0.0011543059092562,0.006631129905227,-0.0011523660342057,0.0053268361325786,4,10,0,0,1,xg_MSFT,0.450424788789582,8.118612115568302
2024-10-21,413.9381103515625,414.1160219717621,408.9662678666254,411.30886136013186,14206100,48.577841813922106,415.2853637695312,414.3755747230445,-1.4399531487513857,-1.3262982772847185,402.6794647004357,415.2853637695312,427.89126283862674,0.0014826663303761,-0.0008589685085393,0.0225619255030362,0.0014815682658939,0.0054913191024394,0.0083380498035954,0.6585065723041782,0.2699526926098753,-0.0008589685085393,0.0225619255030362,-0.0234208940115756,412.874560546875,412.3753967285156,415.2853637695313,1.0012104597469185,0.9929928495081022,-0.0058240668408346,-0.1714289047144115,15943050.0,0.8910528412066141,0.0034555307495931,0.0014419300404986,-0.0062568990127208,0.0067736819119377,-0.0038805813402242,-0.0156708761303389,-0.0223332803331093,0,10,0,0,1,xg_MSFT,0.410437106713051,7.397860309140356
2024-10-22,422.5671997070313,425.6016818775397,413.2066892964129,413.6514683614362,25482200,58.87923329004401,415.2033218383789,415.1557294834241,-0.6028479113782623,-1.181608204103427,402.8225840013069,415.2033218383789,427.5840596754509,0.0208463273607255,0.0209438007926046,0.0308650173837301,0.0206320159648845,0.0074750145042542,0.0094929481641273,0.7873451987549674,2.788427891473863,0.0209438007926046,0.0308650173837301,-0.0099212165911255,414.6082824707031,413.6406005859375,415.2033218383789,1.0023394267472654,0.9962362506024224,-0.0014081532312217,0.7937505719374072,16568340.0,1.5380056179435273,0.0014826663303761,0.0034555307495931,0.0014419300404986,-0.0009543603461655,0.0011543059092562,0.0126239309177296,-0.0084623362700197,1,10,0,0,0,xg_MSFT,0.4327891363166037,7.80074101833622
2024-10-23,419.6908264160156,426.09588604624633,417.6447522942533,425.87842845603865,19654400,54.92908906127253,414.8321655273437,415.5876434770043,-0.1695804476327111,-0.979202652809284,403.5593560351048,414.8321655273437,426.10497501958264,-0.0068069014656364,0.020378743692669,0.0171034755128438,-0.0068301740891794,0.0079559844488967,0.0094539512207634,0.841462241648062,-0.8554624568331607,0.020378743692669,0.0171034755128438,0.0032752681798251,416.2846740722656,414.3463470458984,414.83216552734376,1.004678035754838,0.9988288794316909,0.0034609013433189,-0.228700818610638,17036350.0,1.153674349259017,0.0208463273607255,0.0014826663303761,0.0034555307495931,-0.0062568990127208,0.0067736819119377,0.006631129905227,-0.0014143832914325,2,10,0,0,0,xg_MSFT,0.3891466979542005,7.014114621076654
2024-10-24,419.8193359375,421.0548835944768,417.5162582126422,420.4123746810587,13581600,55.07410717971543,414.5069686889648,415.9906618065753,0.182058130492976,-0.7469504961488319,404.3055923562761,414.5069686889648,424.70834502165343,0.0003062004537526,0.0192215379734601,0.0213784552332445,0.0003061535839607,0.0077352868202572,0.009454038842433,0.8181126433391473,0.0395797700973094,0.0192215379734601,0.0213784552332445,-0.0021569172597843,417.86815185546874,415.2250701904297,414.5069686889648,1.0063654192744838,1.0017324232297855,0.0080062609765175,-0.3089791598827743,17009670.0,0.7984634622540709,-0.0068069014656364,0.0208463273607255,0.0014826663303761,0.0014419300404986,-0.0009543603461655,-0.0038805813402242,-0.0011523660342057,3,10,0,0,1,xg_MSFT,0.36550780052772497,6.5880389613400085
2024-10-25,423.19976806640625,427.5192377532194,421.63804913504384,421.8258547879259,16899100,58.826951522570546,414.5133911132812,416.67724335513066,0.7251478059116607,-0.4525308357367334,404.28917624943375,414.5133911132812,424.7376059771287,0.0080521115621257,0.0238903389532794,0.0284156022950337,0.0080198662911818,0.0079419900340126,0.0095015783064114,0.8357721218307848,1.0137380920340782,0.0238903389532794,0.0284156022950337,-0.0045252633417542,419.8430480957031,416.39439086914064,414.5133911132813,1.0082821894391134,1.0045378503956348,0.0125937143273328,0.2442642987571419,17285090.0,0.97766919350718,0.0003062004537526,-0.0068069014656364,0.0208463273607255,0.0034555307495931,-0.0062568990127208,0.0011543059092562,-0.0156708761303389,4,10,0,0,0,xg_MSFT,0.4447039608919121,8.01549793571618
2024-10-28,421.6578369140625,426.94598717649535,421.3711813975522,426.669225694439,14882400,56.508207479191384,414.33003540039056,417.1515855988384,1.0193785673101845,-0.1581489551273499,404.81528127224226,414.33003540039056,423.84478952853885,-0.0036435066101023,0.0186494704629722,0.0177744826466041,-0.0036501603471847,0.0080502772009821,0.0094513696387747,0.8516676250110745,-0.4525377178241898,0.0186494704629722,0.0177744826466041,0.000874987816368,421.3869934082031,417.1307769775391,414.3300354003906,1.0102035540544476,1.0067596875385632,0.0167362192517502,-0.1193377162097389,17108020.0,0.8699077976293651,0.0080521115621257,0.0003062004537526,-0.0068069014656364,0.0014826663303761,0.0014419300404986,0.0067736819119377,0.0126239309177296,0,10,0,0,1,xg_MSFT,0.3940029781228125,7.101645893765791
2024-10-29,426.9559020996094,428.1617979371543,420.8769829019358,423.0515590564399,17644100,62.04415684560784,414.8865280151367,418.0853300274833,1.660922072468736,0.2056652503918673,403.82687289279863,414.8865280151367,425.9461831374748,0.0125648445771131,0.0103858093946258,0.0315471285102615,0.0124865619746037,0.0086505560688168,0.0083435845186648,1.036667080244398,1.4523219265030372,0.0103858093946258,0.0315471285102615,-0.0211613191156356,422.2647338867188,418.43650817871094,414.8865280151367,1.0091488807338314,1.008556508644804,0.017280955328873,0.1855681879266784,16982410.0,1.0389632566872995,-0.0036435066101023,0.0080521115621257,0.0003062004537526,0.0208463273607255,0.0034555307495931,-0.0009543603461655,0.006631129905227,1,10,0,0,1,xg_MSFT,0.4050425694606192,7.3006273046843395
2024-10-30,427.5291442871094,433.43012114532394,427.10412312962825,432.3823791379464,29749100,62.59887829583372,415.6476257324219,418.9847409093524,2.190356707450917,0.6026035418036773,403.313691107164,415.6476257324219,427.98156035767977,0.0013426262166209,0.0186764098182219,0.0394357552796758,0.0013417256999908,0.0080455532766525,0.0080181216184998,1.0032960789735106,0.1668573077763173,0.0186764098182219,0.0394357552796758,-0.0207593454614538,423.8323974609375,420.0585357666015,415.6476257324219,1.0089841328600757,1.0106121381696986,0.0191443597188291,0.6860650302367364,18406430.0,1.616234109493171,0.0125648445771131,-0.0036435066101023,0.0080521115621257,-0.0068069014656364,0.0014826663303761,-0.0062568990127208,-0.0038805813402242,2,10,0,0,0,xg_MSFT,0.38826215822374294,6.998171371168735
2024-10-31,401.65185546875,411.3484314804884,401.6024154615227,410.55766284750285,53971000,36.5969162385712,415.14401702880866,417.33398991500934,0.5159094449900294,0.5852647224409477,401.3942780874491,415.14401702880866,428.8937559701682,-0.060527543359667,-0.0432745205224531,-0.0248847853884985,-0.0624367775989949,0.0219695280046395,0.0161024358890782,1.364275807720003,-2.75494259158839,-0.0432745205224531,-0.0248847853884985,-0.0183897351339545,420.1989013671875,419.0335266113281,415.1440170288086,1.0027811014676644,1.0093690609113355,0.0125852383589254,0.8142061440514168,22321530.0,2.417889813108581,0.0013426262166209,0.0125648445771131,-0.0036435066101023,0.0003062004537526,0.0208463273607255,0.0014419300404986,0.0011543059092562,3,10,0,1,1,xg_MSFT,0.4481320326381774,8.077286686035755
2024-11-01,405.6253662109375,410.69605883957496,402.7885534948901,404.2811047814158,24230400,40.672026683331005,414.8628067016602,416.2188828955739,-0.4848835298687959,0.371235071978999,400.55881972151224,414.8628067016602,429.16679368180814,0.0098929226594763,-0.041527437351315,-0.0186292029522197,0.0098443080641157,0.0222492085189628,0.0162892644422305,1.3657978725799227,0.4446215706718027,-0.041527437351315,-0.0186292029522197,-0.0228982343990953,416.68402099609375,418.2635345458984,414.86280670166013,0.9962236403144265,1.0081972348190853,0.0044898925120144,-0.551047784921532,23030040.0,1.0521214900190772,-0.060527543359667,0.0013426262166209,0.0125648445771131,0.0080521115621257,-0.0068069014656364,0.0034555307495931,0.0067736819119377,4,11,1,0,0,xg_MSFT,0.43281759449259843,7.801253958339009
2024-11-04,403.7374267578125,405.67478719502446,400.88085627166146,405.06193022116906,19672300,39.377025217065,414.8094314575196,415.0301727872157,-1.4140597083708144,0.0141761159090363,400.3404049629548,414.8094314575196,429.2784579520843,-0.00465439198431,-0.0424998863709067,-0.0246430162834884,-0.0046652573943761,0.0222378653710183,0.0159337271677948,1.3955598446619486,-0.2092908926179148,-0.0424998863709067,-0.0246430162834884,-0.0178568700874183,413.0999389648438,417.24346618652345,414.8094314575195,0.9900692819481388,1.0058678384443946,-0.004234168990484,-0.1881149300052825,23576660.0,0.8343972386249437,0.0098929226594763,-0.060527543359667,0.0013426262166209,-0.0036435066101023,0.0003062004537526,0.0014826663303761,-0.0009543603461655,0,11,0,0,1,xg_MSFT,0.386655882579108,6.969219303622631
2024-11-05,406.7027587890625,410.102988488707,403.3618329661191,403.6484884800003,17626000,42.4751566702954,414.6488113403321,414.2370857397725,-1.8893813989109276,-0.3665353870549565,399.882749684749,414.6488113403321,429.4148729959152,0.0073447043417869,-0.0474361478807283,-0.0375430012764069,0.0073178633468407,0.0210574577917329,0.0157561930398545,1.336371125140914,0.34877693392487,-0.0474361478807283,-0.0375430012764069,-0.0098931466043213,409.0493103027344,415.6570220947266,414.648811340332,0.9841029708611868,1.0024314811156352,-0.0137680429173135,-0.1040193571671843,22791040.0,0.7733740978910671,-0.00465439198431,0.0098929226594763,-0.060527543359667,0.0125648445771131,0.0080521115621257,0.0208463273607255,-0.0062568990127208,1,11,0,0,1,xg_MSFT,0.3835843758369082,6.913857404209226
2024-11-06,415.3219604492187,415.5888580717451,405.7736437068039,407.65170044035887,26681800,50.40837384192848,414.7832412719728,414.34040714067214,-1.5526813784508704,-0.6037645853341393,400.0455102126731,414.7832412719728,429.5209723312724,0.0211928772891027,-0.0285528694382829,-0.0104097247111766,0.0209714315166671,0.0224040536178181,0.0164146489561161,1.3647985332599863,0.9458971913483254,-0.0285528694382829,-0.0104097247111766,-0.0181431447271063,406.6078735351563,415.2201354980469,414.78324127197266,0.9792585637674812,1.00105330732441,-0.0196844099646784,0.5137751049585839,23493780.0,1.1356963417550887,0.0073447043417869,-0.00465439198431,0.0098929226594763,0.0013426262166209,-0.0036435066101023,-0.0068069014656364,0.0014419300404986,2,11,0,0,1,xg_MSFT,0.4107346542752068,7.403223409269829
2024-11-07,420.51123046875,421.91482589939426,415.0254108601489,416.40921822256973,19901800,54.47872800226257,415.2571975708008,414.92810460048906,-0.8572318294844763,-0.6544580341642068,400.4180633477871,415.2571975708008,430.0963317938145,0.0124945717147211,0.0469545322478095,0.0016480768559765,0.0124171587147738,0.0227997459105906,0.0165943499865203,1.3738635177389962,0.54798960366106,0.0469545322478095,0.0016480768559765,0.0453064553918329,410.37974853515624,415.28932495117186,415.2571975708008,0.9881779373534514,1.00007736742568,-0.011598855588726,-0.2541057949613594,24125800.0,0.8249177229355784,0.0211928772891027,0.0073447043417869,-0.00465439198431,-0.060527543359667,0.0125648445771131,0.0003062004537526,0.0034555307495931,3,11,0,0,0,xg_MSFT,0.41395533235108334,7.4612740243734565
2024-11-08,417.6546936035156,421.568900505576,416.90347090417674,420.4025506464113,16891400,51.95096853829539,415.5646041870117,415.1877797436345,-0.5304668122276439,-0.6296597897768943,400.7980681615901,415.5646041870117,430.3311402124333,-0.0067930096945333,0.0296562503103479,-0.013102735117805,-0.0068161872079048,0.0227297610874413,0.0166922581327753,1.3616132277265918,-0.2988465572446862,0.0296562503103479,-0.013102735117805,0.0427589854281529,412.7856140136719,414.7348175048828,415.5646041870117,0.9953001209232016,0.9980032306077844,-0.0066537984988574,-0.1512626998562943,24125030.0,0.700160787364795,0.0124945717147211,0.0211928772891027,0.0073447043417869,0.0098929226594763,0.0013426262166209,0.0080521115621257,0.0014826663303761,4,11,0,0,0,xg_MSFT,0.4025993647186749,7.256590137742293
2024-11-11,413.177001953125,419.8983686763573,411.1902318053884,417.6348370791872,24503300,48.177408575228185,415.508755493164,414.9962770969192,-0.62560390401228,-0.6288486126239715,400.71356387827154,415.508755493164,430.3039471080565,-0.0107210375436157,0.0233804809009567,-0.0201130732515377,-0.0107789219590364,0.0229278268533812,0.0168248933192752,1.362651386070295,-0.4675789830928369,0.0233804809009567,-0.0201130732515377,0.0434935541524945,414.6735290527343,413.88673400878906,415.5087554931641,1.0019009912115922,0.996096300106962,-0.0020214736940379,0.4506376025669867,25087120.0,0.9767282972297748,-0.0067930096945333,0.0124945717147211,0.0211928772891027,-0.00465439198431,-0.060527543359667,-0.0036435066101023,0.0208463273607255,0,11,0,0,1,xg_MSFT,0.48998977986473724,8.831745193253251
2024-11-12,418.1389770507813,419.5326784209289,412.37639607879026,413.41424403977334,19401200,52.31129216171061,415.7207748413086,415.29558185442994,-0.2971850489990402,-0.5625158998989853,400.9012255931976,415.7207748413086,430.5403240894196,0.0120093206403082,0.0281193525605027,-0.0206506690865958,0.0119377809417429,0.0228898329857596,0.0170344796634086,1.3436565003171534,0.5246344966030384,0.0281193525605027,-0.0206506690865958,0.0487700216470986,416.9607727050781,413.0050415039062,415.7207748413086,1.0095779247313,0.9934674100940972,0.0029655160887308,-0.2082209335069154,25262830.0,0.7679741343309214,-0.0107210375436157,-0.0067930096945333,0.0124945717147211,0.0073447043417869,0.0098929226594763,0.0125648445771131,-0.0068069014656364,1,11,0,0,1,xg_MSFT,0.4004289485785121,7.21746980686818
2024-11-13,420.2839050292969,424.366129168666,413.3747019871383,416.7650676989441,21502200,54.01879821200481,416.1695266723633,415.7706602520363,0.1346152607532644,-0.4230896677685354,401.3689568808623,416.1695266723633,430.9700964638643,0.0051297011190971,0.0119472242082052,-0.0169467727630444,0.0051165890239479,0.0229795268248424,0.016981645826401,1.3531181807441752,0.2232194743921987,0.0119472242082052,-0.0169467727630444,0.0288939969712497,417.9531616210937,412.280517578125,416.1695266723633,1.0137591853146293,0.9906552285907756,0.0042438811655328,0.108292270581201,24438140.0,0.8798623790517249,0.0120093206403082,-0.0107210375436157,-0.0067930096945333,0.0211928772891027,-0.00465439198431,0.0013426262166209,0.0003062004537526,2,11,0,0,1,xg_MSFT,0.40161847240973597,7.238910195648477
2024-11-14,421.9543762207031,423.21957584577814,415.14402288993426,420.086213638624,30246900,55.359363692135354,416.67214813232425,416.35958558238553,0.6046432308337444,-0.2175430880480794,401.7992140728198,416.67214813232425,431.5450821918287,0.0039746256552217,0.0034318839721461,0.0505475587265966,0.0039667476983922,0.009873908955344,0.0169928236680938,0.5810292697035856,0.4024974481481974,0.0034318839721461,0.0505475587265966,-0.0471156747544505,418.2417907714844,414.31076965332034,416.6721481323242,1.0094880978388598,0.9943327662057844,0.0037199344943851,0.4066886179088651,22065730.0,1.3707636230479858,0.0051297011190971,0.0120093206403082,-0.0107210375436157,0.0124945717147211,0.0073447043417869,-0.060527543359667,0.0080521115621257,3,11,0,0,0,xg_MSFT,0.44806077133637584,8.076002247695378
2024-11-15,410.2018127441406,417.9116178816296,408.8575514031372,414.9660916401275,28247600,45.343261102732725,416.5159744262696,415.7731310263622,0.0284818106202351,-0.1683381083144165,401.43098187722535,416.5159744262696,431.6009669753139,-0.0278526877285314,-0.0178445997938433,0.0112824465983303,-0.0282479301702789,0.0141002472420244,0.0181883985114275,0.7751904073774571,-1.975193204578746,-0.0178445997938433,0.0112824465983303,-0.0291270463921736,416.7512145996094,414.76841430664064,416.5159744262695,1.004780499730876,0.9958043383041044,0.0005734742412916,-0.0660993357997018,22467450.0,1.257267736213889,0.0039746256552217,0.0051297011190971,0.0120093206403082,-0.0067930096945333,0.0211928772891027,0.0098929226594763,-0.0036435066101023,4,11,0,0,1,xg_MSFT,0.39234172356248537,7.071702867235749
2024-11-18,410.95306396484375,413.5625250527603,407.33537663624696,410.0733395128572,24727000,46.01563820401442,416.3667221069337,415.3140770205033,-0.3633224162216493,-0.207334969895863,401.1161772297648,416.3667221069337,431.61726698410246,0.0018314185782783,-0.0053825309196022,0.01787210381999,0.0018297435760494,0.0139487523873954,0.0181902821532541,0.7667822570109633,0.1312868162400649,-0.0053825309196022,0.01787210381999,-0.0232546347395923,416.3064270019531,415.48997802734374,416.3667221069336,1.0019650268785922,0.9978942983839983,-0.0001467201738289,-0.1246335971905577,22972920.0,1.0763542466520983,-0.0278526877285314,0.0039746256552217,0.0051297011190971,-0.0107210375436157,0.0124945717147211,-0.00465439198431,0.0125648445771131,0,11,0,0,1,xg_MSFT,0.315388251832682,5.684666888155828
2024-11-19,412.9595947265625,413.1078544202765,406.79171998540573,408.33368112951007,18133500,47.86057195677742,415.8863418579102,415.08984061155655,-0.5060859814311129,-0.267085172202913,400.8544592056849,415.8863418579102,430.91822451013553,0.0048826275739615,-0.012386748446055,0.015384296767815,0.0048707462071124,0.0138626697552275,0.017557360568857,0.7895195967108406,0.3521886816526661,-0.012386748446055,0.015384296767815,-0.02777104521387,415.2705505371094,416.11566162109375,415.88634185791017,0.9979690476424464,1.0005514000824338,-0.0014911660333464,-0.2666518380717434,23023670.0,0.7876024977772533,0.0018314185782783,-0.0278526877285314,0.0039746256552217,0.0120093206403082,-0.0067930096945333,0.0073447043417869,0.0013426262166209,1,11,0,0,0,xg_MSFT,0.365058832731324,6.579946610558969
2024-11-20,410.6861267089844,412.4653333453386,405.8328921341125,412.0501760807684,19191700,45.94465996081404,415.4361068725587,414.67043928750206,-0.7935296879811062,-0.3723740753585517,400.3447220152069,415.4361068725587,430.5274917299105,-0.0055053037793769,-0.0228364165400134,-0.0111620241203237,-0.0055205138138214,0.0121366303734425,0.0175371000839086,0.6920151165392201,-0.4535731942721466,-0.0228364165400134,-0.0111620241203237,-0.0116743924196897,413.3509948730469,415.65207824707034,415.4361068725586,0.9944639194786952,1.000519866643604,-0.0050771425278488,0.0583560812860175,22274660.0,0.8615933980585625,0.0048826275739615,0.0018314185782783,-0.0278526877285314,0.0051297011190971,-0.0107210375436157,0.0211928772891027,-0.060527543359667,2,11,0,0,0,xg_MSFT,0.3904852488503683,7.038241125197655
2024-11-21,408.913330078125,415.7571129679985,406.35806834126146,415.4797975064388,20780200,44.450393548149506,414.89080657958993,414.1221431723233,-1.1511114720648834,-0.5281215546998181,399.67863083140867,414.89080657958993,430.1029823277712,-0.0043166703610506,-0.0309062943235289,-0.0275804771675102,-0.004326014081422,0.011177689817676,0.0175503546493024,0.6368562450602802,-0.3861517254217946,-0.0309062943235289,-0.0275804771675102,-0.0033258171560187,410.7427856445312,414.49228820800784,414.8908065795898,0.9909539871545332,0.9990394620337156,-0.0101440100626362,0.082770155848622,22362500.0,0.929243152599176,-0.0055053037793769,0.0048826275739615,0.0018314185782783,0.0039746256552217,0.0120093206403082,0.0124945717147211,0.0098929226594763,3,11,0,0,1,xg_MSFT,0.36792870366621316,6.631674156471174
2024-11-22,413.0036926269531,413.39985319356293,407.1206160262004,407.42764273220655,24814600,48.60386317317634,414.3810028076173,414.01562407276424,-1.0918533335109828,-0.6408679104620512,399.6660033524829,414.3810028076173,429.09600226275165,0.0100030061334674,0.0068304912259373,-0.011135995950228,0.0099533072185078,0.0117477302450073,0.017609601574991,0.667082847509901,0.8514116781018359,0.0068304912259373,-0.011135995950228,0.0179664871761654,411.30316162109375,414.0271881103516,414.3810028076171,0.9934206579483572,0.9991461609126182,-0.0074523333361657,0.1941463508532159,23154820.0,1.0716818355745772,-0.0043166703610506,-0.0055053037793769,0.0048826275739615,-0.0278526877285314,0.0051297011190971,-0.0067930096945333,-0.00465439198431,4,11,0,0,1,xg_MSFT,0.38655372483952094,6.9673779772059845
2024-11-25,414.776611328125,417.0446437711569,410.87436717729366,414.37053686089325,27691100,50.33716139893228,414.0369415283204,414.08809904946526,-0.8915538318893823,-0.6910050947475174,399.72198894246645,414.0369415283204,428.3518941141743,0.0042927429774175,0.0093040974713558,0.0038714869594349,0.0042835554400557,0.0113272152420971,0.0176378946032883,0.6421726245807637,0.3789425682401532,0.0093040974713558,0.0038714869594349,0.0054326105119208,412.06787109375,414.1871490478515,414.0369415283203,0.9948832841410618,1.0003627877236674,-0.0047473034418823,0.1159196602000436,23473600.0,1.1796699270669528,0.0100030061334674,-0.0043166703610506,-0.0055053037793769,0.0018314185782783,0.0039746256552217,-0.0107210375436157,0.0073447043417869,0,11,0,0,1,xg_MSFT,0.39234995365857156,7.071851209332944
2024-11-26,423.888427734375,424.92838338966095,414.8360349421382,415.5689336176803,23458900,58.14894264940502,413.88356781005865,415.02146368612335,0.0024046799296684,-0.5523231398120803,400.09538340174487,413.88356781005865,427.6717522183724,0.0219680091822769,0.0264646545264286,0.013750095062043,0.0217301891216061,0.0127990604655932,0.0181277953902987,0.7060072216625292,1.7162426100507298,0.0264646545264286,0.013750095062043,0.0127145594643856,414.2536376953125,414.76209411621096,413.8835678100586,0.9987741010374106,1.0021226411833666,0.000873036065721,-0.1528361097970105,23879370.0,0.9823919140244914,0.0042927429774175,0.0100030061334674,-0.0043166703610506,0.0048826275739615,-0.0278526877285314,0.0120093206403082,0.0211928772891027,1,11,0,0,0,xg_MSFT,0.44719193744009555,8.060342085172545
2024-11-27,418.9363403320313,423.1357275935854,417.97563494679554,421.0360188502491,18332400,53.24686070900369,413.4539276123048,415.3943090809717,0.307733810314005,-0.3803117497868632,400.98351143855336,413.4539276123048,425.92434378605617,-0.0116825255853572,0.0200888539604677,-0.0032063200163985,-0.0117513024706257,0.0133528621202213,0.0183025643175436,0.7295225065766469,-0.8748424598204251,0.0200888539604677,-0.0032063200163985,0.0232951739768663,415.9036804199219,414.6273376464843,413.4539276123047,1.0030782890020769,1.0028380672084942,0.0058475538447574,-0.2185311331733371,23562390.0,0.7780365234595991,0.0219680091822769,0.0042927429774175,0.0100030061334674,-0.0055053037793769,0.0018314185782783,0.0051297011190971,0.0124945717147211,2,11,0,0,1,xg_MSFT,0.3843399798381631,6.927476671957888
2024-11-29,419.4018249511719,420.808229889217,413.7960631011275,416.06412568619913,16271900,53.64246482205665,414.3414260864258,415.775977259086,0.5805775281213528,-0.18813389420522,402.92570209309247,414.3414260864258,425.7571500797592,0.001111110625475,0.0256496770869343,-0.0060493537059469,0.0011104937989303,0.0132829467753878,0.0117370080446333,1.1316184760548689,0.0836431103091836,0.0256496770869343,-0.0060493537059469,0.0316990307928812,418.0013793945312,414.37208251953126,414.34142608642577,1.0087585458289867,1.0000739883370944,0.0087266032009554,-0.1123966311012196,22164890.0,0.7341295174485083,-0.0116825255853572,0.0219680091822769,0.0042927429774175,-0.0043166703610506,0.0048826275739615,0.0039746256552217,-0.0067930096945333,4,11,0,0,1,xg_MSFT,0.35253766791712643,6.354260807087215
2024-12-02,426.8497924804687,428.8504232970242,417.27244986667705,417.5299678760296,20207200,59.54145180881955,415.4026473999024,416.8306263277891,1.381867565457128,0.1258663977272495,403.46438693014585,415.4026473999024,427.3409078696589,0.0177585482136706,0.033525365755076,0.0405848516976499,0.0176027074948077,0.010368455873543,0.0121324060164455,0.8545379475054017,1.7125824566147465,0.033525365755076,0.0405848516976499,-0.0070594859425738,420.7705993652344,416.03688049316406,415.4026473999023,1.011378123176145,1.001526791168115,0.0125757398970216,0.2418463731955087,21360850.0,0.9459923177213948,0.001111110625475,-0.0116825255853572,0.0219680091822769,0.0100030061334674,-0.0055053037793769,-0.0278526877285314,-0.0107210375436157,0,12,0,0,0,xg_MSFT,0.348542313322513,6.282247154586014
2024-12-03,427.0676879882813,428.3255063010946,423.64082448545395,425.7207055754366,18302000,59.70300848555405,416.5691604614258,417.80558458116934,2.0112931045575806,0.5029517390933158,404.8733623468206,416.5691604614258,428.26495857603095,0.0005104735006344,0.0296330032226261,0.0392128090443344,0.0005103432533601,0.0104079780416369,0.0120238246760235,0.8655409390200514,0.0490416540982742,0.0296330032226261,0.0392128090443344,-0.0095798058217082,423.2288146972657,417.6483428955078,416.5691604614258,1.0133616519655484,1.0025906440910957,0.0155939079990116,-0.0942832257809097,20718350.0,0.8833715040048613,0.0177585482136706,0.001111110625475,-0.0116825255853572,0.0042927429774175,-0.0043166703610506,0.0018314185782783,0.0120093206403082,1,12,0,0,1,xg_MSFT,0.36112140510050555,6.50897705367992
2024-12-04,433.22802734375,435.4564646159383,428.48392353237045,428.8800841135143,26009400,64.07117041794257,417.8954238891602,419.27438865379605,2.972935135291209,0.9969484183328944,404.9603388830208,417.8954238891602,430.8305088952998,0.0144247376440189,0.0220331554208588,0.0490809097936277,0.0143216908822045,0.0109320700527804,0.0122639670401134,0.8913248618627623,1.3193675312041495,0.0220331554208588,0.0490809097936277,-0.0270477543727689,425.09673461914065,419.67518615722656,417.89542388916016,1.0129184394044275,1.0042588699620183,0.0166224488617088,0.4211233744945908,21505940.0,1.209405401484371,0.0005104735006344,0.0177585482136706,0.001111110625475,0.0219680091822769,0.0100030061334674,0.0048826275739615,0.0051297011190971,2,12,0,0,1,xg_MSFT,0.39302033533833286,7.083934400495648
2024-12-05,438.3782348632813,440.3986933940624,431.99006528414975,433.72329450893346,21697800,67.26588111788216,419.0482376098634,421.0938025785089,4.103321541152923,1.6182230428969002,403.2795393931711,419.0482376098634,434.81693582655566,0.0118879832200811,0.0464077537791092,0.0674288863278786,0.0118178762211407,0.0104743950643112,0.0117109131236708,0.8943368136108838,1.134848198764591,0.0464077537791092,0.0674288863278786,-0.0210211325487694,428.9851135253906,422.44439697265625,419.0482376098633,1.015483023563827,1.0081044592435555,0.0226673569198214,-0.1657708366975017,21756550.0,0.9972996637793676,0.0144247376440189,0.0005104735006344,0.0177585482136706,-0.0116825255853572,0.0042927429774175,-0.0055053037793769,0.0039746256552217,3,12,0,0,1,xg_MSFT,0.315047171534179,5.678519138936142
2024-12-06,439.3191528320313,441.8249059308298,437.53638459654593,438.0613042504407,18821000,67.8287001717885,419.9886337280274,422.82955022170154,5.017249400333469,2.298028314384214,401.7956390378131,419.9886337280274,438.18162841824176,0.0021463610506198,0.0474898455274443,0.074357621817066,0.0021440609084422,0.0099104644089689,0.0114850921750348,0.8628229913137412,0.2165533731501444,0.0474898455274443,0.074357621817066,-0.0268677762896216,432.9685791015625,425.4849792480469,419.98863372802737,1.0175883996345565,1.013086891117103,0.0295455941082037,-0.1325848703555199,21560630.0,0.872933675871212,0.0118879832200811,0.0144247376440189,0.0005104735006344,0.001111110625475,0.0219680091822769,-0.0043166703610506,-0.0278526877285314,4,12,0,0,1,xg_MSFT,0.3360935943785843,6.057867140526224
2024-12-09,441.7456359863281,444.03349609525384,436.2785468030062,438.3584278725163,19144400,69.29488611219173,421.193180847168,424.631082199285,5.869678722252559,3.0123583959578832,400.61685203257554,421.193180847168,441.7695096617604,0.0055232810558216,0.0348971553184978,0.069592460969438,0.0055080836729413,0.0098729720276538,0.0113032834058053,0.8733832719182848,0.5593778309633384,0.0348971553184978,0.069592460969438,-0.0346953056509402,435.9477478027344,428.3591735839844,421.193180847168,1.0177154469583507,1.0170135535489988,0.033400594716963,0.0171829339567504,20993610.0,0.9119155781211088,0.0021463610506198,0.0118879832200811,0.0144247376440189,0.0177585482136706,-0.0116825255853572,0.0100030061334674,0.0018314185782783,0,12,0,0,0,xg_MSFT,0.35255455399246305,6.354565167546995
2024-12-10,439.0813598632813,445.3110884832869,437.3679585600472,440.1312292230723,18469500,65.75154440538601,422.4883987426758,426.0072991196656,6.2581106800686825,3.661508852780043,400.8052437621317,422.4883987426758,444.17155372322,-0.0060312449201632,0.0281306036792221,0.0585972011713291,-0.0060495063408971,0.010671112763143,0.0110523815889298,0.9654161196995414,-0.5651406665222505,0.0281306036792221,0.0585972011713291,-0.030466597492107,438.3504821777344,430.7896484375,422.48839874267577,1.0175511035784124,1.0196484677911364,0.0361256133487371,-0.0352531288523014,20071450.0,0.9201876296928764,0.0055232810558216,0.0021463610506198,0.0118879832200811,0.0005104735006344,0.001111110625475,0.0042927429774175,0.0048826275739615,1,12,0,0,1,xg_MSFT,0.33040215762658137,5.955282716844811
2024-12-11,444.6872253417969,446.03420789468913,439.7945639759969,439.7945639759969,19200200,69.30776349948155,423.8158111572267,427.7863397122496,6.938311760061822,4.316869434236399,400.0986789704598,423.8158111572267,447.5329433439936,0.0127672590798686,0.0264507309656456,0.0490666794528658,0.0126864447524104,0.0094447008034195,0.0110857752658468,0.851888901591995,1.3516476273784388,0.0264507309656456,0.0490666794528658,-0.0226159484872201,440.64232177734374,432.86952819824216,423.81581115722656,1.0179564350751478,1.021362386212762,0.0378389790873437,0.0395625219957227,19645580.0,0.9773292516687736,-0.0060312449201632,0.0055232810558216,0.0021463610506198,0.0144247376440189,0.0177585482136706,0.0219680091822769,-0.0055053037793769,2,12,0,0,1,xg_MSFT,0.351713868288663,6.339412357776918
2024-12-12,445.2516784667969,451.78843398650577,444.8059789125675,444.8059789125675,20834800,69.64949369171939,425.06419982910165,429.44970530792074,7.437191353958838,4.940933818180888,399.5681164686802,425.06419982910165,450.5602831895231,0.0012693261529295,0.0156792537970302,0.0628146465257923,0.001268521239548,0.0076431579342605,0.011082936839635,0.6895706863764647,0.1660517958741399,0.0156792537970302,0.0628146465257923,-0.0471353927287621,442.0170104980469,435.5010620117188,425.06419982910154,1.0149619577417994,1.024553613752495,0.0380746698750727,0.0851345298486474,19895820.0,1.0471948379106242,0.0127672590798686,-0.0060312449201632,0.0055232810558216,0.0118879832200811,0.0005104735006344,-0.0116825255853572,-0.0043166703610506,3,12,0,0,0,xg_MSFT,0.32562257620456514,5.8691338888808735
2024-12-13,442.983642578125,447.1037794543848,441.3098360276095,444.142443353527,20177800,66.44806468613555,426.11566314697274,430.7386517146069,7.562371177386296,5.46522129002197,399.4518193434011,426.11566314697274,452.7795069505444,-0.0050938289474432,0.0083412929358324,0.0562272651762987,-0.0051068467198032,0.0083185195680622,0.0112233457144376,0.7411139838077416,-0.6122744114934172,0.0083412929358324,0.0562272651762987,-0.0478859722404663,442.7499084472656,437.8592437744141,426.1156631469727,1.0111694905209567,1.0275596079728964,0.0375504729779256,-0.0315337800218864,20286410.0,0.9946461695292074,0.0012693261529295,0.0127672590798686,-0.0060312449201632,0.0021463610506198,0.0144247376440189,0.001111110625475,0.0100030061334674,4,12,0,0,1,xg_MSFT,0.34584350584927576,6.233602915647277
2024-12-16,447.26226806640625,447.8466102847365,441.0127411892908,442.9836607244317,23598800,69.31363091867283,427.968685913086,432.3123294623973,7.915580523269171,5.95529313667141,400.814866416893,427.968685913086,455.12250540927903,0.0096586534513556,0.0124882548477487,0.0478212147353254,0.0096123068496449,0.0073295851263229,0.0087458477464708,0.8379687561476408,1.317582878435303,0.0124882548477487,0.0478212147353254,-0.0353329598875766,443.8532348632813,439.90049133300784,427.9686859130859,1.00898554015772,1.0278800898585956,0.0355150659564175,0.1695427648207434,20625570.0,1.1441526222062643,-0.0050938289474432,0.0012693261529295,0.0127672590798686,0.0055232810558216,0.0118879832200811,0.0177585482136706,0.0042927429774175,0,12,0,0,1,xg_MSFT,0.40245867070787505,7.2540542202504135
2024-12-17,450.104736328125,450.9267990627913,445.2616146909001,446.6878170659997,22733500,71.08071210595769,429.92626953125006,434.0068444019904,8.328855051339929,6.430005519605114,402.2965839201437,429.92626953125006,457.5559551423564,0.0063552605812406,0.0251055441485288,0.0539423819403444,0.0063351510685381,0.0071895241613118,0.0087352224431639,0.822955712046644,0.8838382903202991,0.0251055441485288,0.0539423819403444,-0.0288368377918155,446.05791015625,442.2041961669922,429.92626953125,1.0087147838547477,1.0285582145262462,0.0358397486696075,-0.0366671186670508,21068720.0,1.079016665464201,0.0096586534513556,-0.0050938289474432,0.0012693261529295,-0.0060312449201632,0.0021463610506198,0.0005104735006344,0.0219680091822769,1,12,0,0,0,xg_MSFT,0.3317134690186906,5.978918246727323
2024-12-18,433.1983337402344,448.3120705924071,432.8318542069728,446.9948298056794,24444500,51.927272503519696,430.93820648193366,433.92984338658505,7.20907101302987,6.585818618290066,404.4667490607104,430.93820648193366,457.4096639031569,-0.0375610412940998,-0.0258358930655853,-6.85403566746956e-05,-0.0382846343576384,0.0147112975591207,0.0128490844632354,1.1448405340221943,-2.5530370863668503,-0.0258358930655853,-6.85403566746956e-05,-0.0257673527089106,443.7601318359375,442.20122680664065,430.9382064819336,1.0035253294988675,1.0261360449254555,0.0295982794839015,0.0752633778344733,20912230.0,1.168909293748148,0.0063552605812406,0.0096586534513556,-0.0050938289474432,0.0127672590798686,0.0055232810558216,0.0144247376440189,-0.0116825255853572,2,12,0,0,0,xg_MSFT,0.43407011442224275,7.823829810576465
2024-12-19,432.841796875,438.9328533616484,432.1386095010433,437.387805771624,22963700,51.6114240409819,432.0459899902344,433.8262199092912,6.221150993616845,6.512885093355423,407.34807185616506,432.0459899902344,456.7439081243038,-0.0008230337872171,-0.0278716110280139,-0.0126293632940238,-0.0008233726654758,0.0141159510350076,0.0127382196263464,1.108070309566992,-0.0583011009371762,-0.0278716110280139,-0.0126293632940238,-0.01524224773399,441.2781555175781,441.6475830078125,432.0459899902344,0.9991635242567876,1.0222235438819722,0.0213291913904744,-0.0605780441408088,21038820.0,1.0914918232105657,-0.0375610412940998,0.0063552605812406,0.0096586534513556,0.0012693261529295,-0.0060312449201632,0.0118879832200811,0.001111110625475,3,12,0,0,0,xg_MSFT,0.30792879758715525,5.550215105925982
2024-12-20,432.41595458984375,439.4875143941051,424.5223319655796,428.95937961527454,64263700,51.21076628417982,433.22112121582035,433.69190892648675,5.3422729500344985,6.2787626646912384,411.0503141322732,433.22112121582035,455.3919282993675,-0.0009838289375718,-0.0238557070116138,-0.0157134015161567,-0.0009843132149178,0.014068647335237,0.0126630584962564,1.1109114301229608,-0.0699256288469932,-0.0238557070116138,-0.0157134015161567,-0.0081423054954571,439.16461791992185,440.95726318359374,433.2211212158203,0.9959346507851362,1.017857259466164,0.0137448598762714,1.7984906613481275,25583090.0,2.511960048610136,-0.0008230337872171,-0.0375610412940998,0.0063552605812406,-0.0050938289474432,0.0127672590798686,0.0021463610506198,0.0177585482136706,4,12,0,0,0,xg_MSFT,0.3258278474837931,5.87283376938478
2024-12-23,431.078857421875,433.4558513948008,428.6820357713906,432.5545685943141,19152500,49.90087649821742,434.1248794555664,433.4430468784285,4.486149660893659,5.920240063931723,414.049513255621,434.1248794555664,454.2002456555119,-0.003092155027529,-0.0361832682969099,-0.0241468793248774,-0.0030969456169316,0.0138534659810131,0.0126135555749618,1.0982127668857684,-0.2231883229398137,-0.0361832682969099,-0.0241468793248774,-0.0120363889720325,435.9279357910156,439.8905853271484,434.1248794555664,0.9909917382451234,1.013281215024609,0.0041826600966528,-0.7019701635604548,25583900.0,0.7486153401162158,-0.0009838289375718,-0.0008230337872171,-0.0375610412940998,0.0096586534513556,0.0012693261529295,0.0055232810558216,0.0005104735006344,0,12,0,0,1,xg_MSFT,0.32652177281428874,5.885341319447912
2024-12-24,435.1197509765625,435.38718282685113,430.02902490868655,430.48460812290455,7164500,53.75100239130429,435.1420364379883,433.6027329830127,4.086624066517459,5.55351686444887,417.2517939838741,435.1420364379883,453.03227889210245,0.0093739080103687,-0.0332922187706963,-0.0090224938903176,0.009330245580986,0.0142499121467333,0.0127083106491339,1.1212183367084845,0.6577760015535175,-0.0332922187706963,-0.0090224938903176,-0.0242697248803787,432.9309387207031,439.4944244384766,435.1420364379883,0.985065827112234,1.010002223724732,-0.0050815843507969,-0.625923508680329,24453400.0,0.2929858424595233,-0.003092155027529,-0.0009838289375718,-0.0008230337872171,0.0063552605812406,-0.0050938289474432,-0.0060312449201632,0.0144247376440189,1,12,0,0,0,xg_MSFT,0.4269026649086601,7.694641222588071
2024-12-26,433.9114074707031,436.7143034093448,432.4456102286952,434.8721127935591,8194200,52.45289112601395,435.6431854248047,433.6321305532689,3.630642149470248,5.168941921453146,418.5358683431424,435.6431854248047,452.750502506467,-0.0027770366735764,0.0016460675744343,-0.0242323531169829,-0.0027808997935947,0.0134280513619504,0.0118886967707244,1.129385519319037,-0.2067932126199781,0.0016460675744343,-0.0242323531169829,0.0258784206914172,433.07355346679685,438.4168426513672,435.6431854248047,0.9878123085959556,1.0063668096262262,-0.0059220198265502,0.1437225207620909,23352800.0,0.3508872597718325,0.0093739080103687,-0.003092155027529,-0.0009838289375718,-0.0375610412940998,0.0096586534513556,0.0127672590798686,0.0118879832200811,3,12,0,0,0,xg_MSFT,0.4072531189976123,7.340471013777979
2024-12-27,426.4040832519531,431.0491398035233,422.2641488688207,430.4350863105853,18117700,45.156254680907495,436.01657257080075,432.9437450960007,2.6331416539976544,4.6617818679620475,420.1646897935664,436.01657257080075,451.868455348035,-0.0173015138332284,-0.0148731330234866,-0.0423302058731021,-0.0174529340985367,0.0141347808603385,0.0122703451886177,1.1518525999455342,-1.2239517578948995,-0.0148731330234866,-0.0423302058731021,0.0274570728496154,431.7860107421875,436.5320831298829,436.0165725708008,0.9891277810472336,1.001182318727113,-0.0099214852642805,1.2110395157550462,23081090.0,0.7849585959761526,-0.0027770366735764,0.0093739080103687,-0.003092155027529,-0.0008230337872171,0.0063552605812406,0.0012693261529295,0.0021463610506198,4,12,0,0,0,xg_MSFT,0.36357576005081405,6.553215195832411
2024-12-30,420.7586975097656,423.45263204127576,417.8567839421245,421.9769208859116,13158700,40.58427584192765,436.0844161987305,431.78326437350216,1.3712726977236116,4.00368003391436,420.52298446391507,436.0844161987305,451.6458479335459,-0.0132395208299441,-0.0269584342491139,-0.0501710287517891,-0.0133279446120591,0.0144222379704731,0.012673765673903,1.137870185653059,-0.917929861314621,-0.0269584342491139,-0.0501710287517891,0.0232125945026752,429.4545593261719,434.30958862304686,436.0844161987305,0.9888212707615608,0.9959300825488,-0.0157569098673348,-0.2737102391583921,22379180.0,0.5879884785769368,-0.0173015138332284,-0.0027770366735764,0.0093739080103687,-0.0009838289375718,-0.0375610412940998,-0.0050938289474432,0.0055232810558216,0,12,0,0,0,xg_MSFT,0.426575122425612,7.688737483634487
2024-12-31,417.4605712890625,422.6404606703214,416.6286250231158,422.0164934145828,13246500,38.15384671123989,435.61495513916014,430.4191983654603,0.1039035012963722,3.223724727390763,418.4016634630671,435.61495513916014,452.8282468152532,-0.0078385217946126,-0.0315911715416954,-0.0666313680028984,-0.007869404495584,0.0134709920645134,0.0120904370792372,1.114093550355982,-0.5818383619197702,-0.0315911715416954,-0.0666313680028984,0.035040196461203,426.73090209960935,431.3294189453125,435.61495513916014,0.989338735908746,0.9901621003978648,-0.0212811787520867,0.0066723916496309,21343950.0,0.6206208316642131,-0.0132395208299441,-0.0173015138332284,-0.0027770366735764,-0.003092155027529,-0.0008230337872171,0.0096586534513556,-0.0060312449201632,1,12,0,1,0,xg_MSFT,0.40564452763503944,7.311477206931165
2025-01-02,414.568603515625,421.9868450538027,410.8743686174563,421.452011579828,16896500,36.1117132824691,434.99000091552733,428.9096179035713,-1.1209319422333124,2.354793393465948,415.6890901961912,434.99000091552733,454.29091163486345,-0.0069275231538813,-0.0472310149443078,-0.0789508084327161,-0.0069516298399996,0.0126614888446861,0.0121544214778153,1.04163305795643,-0.5470901683588472,-0.0472310149443078,-0.0789508084327161,0.0317197934884083,422.62067260742185,427.7758056640625,434.99000091552733,0.9879489840510312,0.9834152618766384,-0.0298366258399963,0.2755444834484581,20760250.0,0.8138871160028992,-0.0078385217946126,-0.0132395208299441,-0.0173015138332284,0.0093739080103687,-0.0009838289375718,0.0063552605812406,0.0127672590798686,3,1,0,0,1,xg_MSFT,0.3738429788689255,6.738275097428659
2025-01-03,419.29290771484375,419.9663838035234,415.5194225803269,417.0446425061394,16662900,41.6098376028729,434.293244934082,427.99374074274,-1.6909191263461594,1.5456508895035268,413.7578875411689,434.293244934082,454.8286023269951,0.011395711491791,-0.0336900563206473,-0.0320994448555034,0.0113312694844873,0.0089252469185439,0.0119640666455707,0.7459420981869715,1.276652057217561,-0.0336900563206473,-0.0320994448555034,-0.0015906114651439,419.69697265625,426.38526306152346,434.29324493408205,0.9843139738056368,0.9817911469616368,-0.0348116364700325,-0.0138253484449442,19982090.0,0.833891750062139,-0.0069275231538813,-0.0078385217946126,-0.0132395208299441,-0.0027770366735764,-0.003092155027529,-0.0375610412940998,0.0012693261529295,4,1,0,0,1,xg_MSFT,0.37361289264850733,6.734127943845634
2025-01-06,423.7497863769531,430.15778356293015,421.4025036603563,423.8983428352595,20573600,46.30454451137758,433.5618225097656,427.5895546126651,-1.762686068188259,0.8839834979651697,412.60142330289995,433.5618225097656,454.5222217166312,0.010629511208285,-0.0062248392528446,-0.0210053894140739,0.0105734151198877,0.0099438349587043,0.0118926871622664,0.8360599049764665,1.0688474220460975,-0.0062248392528446,-0.0210053894140739,0.0147805501612292,419.16611328125,425.47606201171874,433.5618225097657,0.985169673939741,0.981350386315749,-0.0339721922967761,0.2346950410792838,19743080.0,1.0420663847788167,0.011395711491791,-0.0069275231538813,-0.0078385217946126,-0.0173015138332284,0.0093739080103687,-0.0008230337872171,-0.0050938289474432,0,1,0,0,0,xg_MSFT,0.38905086787641296,7.012387346623904
2025-01-07,418.3222961425781,426.52294519780327,416.7673346717813,424.88876369017254,18139100,41.887735619700145,432.51197967529293,426.7069585678949,-2.2317883225937294,0.2608291338533899,410.68051998620285,432.51197967529293,454.343439364383,-0.0128082429982557,-0.005790495553882,-0.0325928271093368,-0.0128909757425512,0.0104876801570089,0.0121110414231733,0.8658887292891337,-1.221149163338426,-0.005790495553882,-0.0325928271093368,0.0268023315554548,418.6788330078125,424.0666961669922,432.511979675293,0.987294774128978,0.9804738737765344,-0.033068155331519,-0.1183312594781661,15130620.0,1.1988338878379603,0.010629511208285,0.011395711491791,-0.0069275231538813,-0.0132395208299441,-0.0027770366735764,-0.0009838289375718,0.0096586534513556,1,1,0,0,1,xg_MSFT,0.41661767084040807,7.50926093373797
2025-01-08,420.49127197265625,422.8781796209664,417.50022470253026,419.40180766065134,15054600,44.179241978986475,431.44926147460944,426.1149884159674,-2.4008613807958454,-0.2715089690764572,409.4418005002113,431.44926147460944,453.4567224490076,0.0051849395790724,0.0072598489343205,-0.0245606697404257,0.0051715440631951,0.0108235161798745,0.0120996588181073,0.8944567682280423,0.4789996608543584,0.0072598489343205,-0.0245606697404257,0.0318205186747462,419.2849731445313,423.0079376220703,431.4492614746094,0.991198830692238,0.9804349558423432,-0.0289287534388327,-0.1700470254863803,14720830.0,1.0226733139367126,-0.0128082429982557,0.010629511208285,0.011395711491791,-0.0078385217946126,-0.0173015138332284,-0.003092155027529,0.0063552605812406,2,1,0,0,0,xg_MSFT,0.4366729984647714,7.870745092437128
2025-01-10,414.9350280761719,420.6398068835906,411.0426680414125,420.5605868581897,20201100,39.84477301411186,430.241944885254,425.0502302883678,-2.9491989152231213,-0.8070469583057901,407.36525796995255,430.241944885254,453.1186318005554,-0.0132136961378966,0.0008838695391777,-0.0463888914605438,-0.0133017737685081,0.0104362346803094,0.0123179728574934,0.8471676008248744,-1.2660150454243602,0.0008838695391777,-0.0463888914605438,0.0472727609997215,419.35825805664064,420.9894653320313,430.24194488525393,0.996125301439303,0.9784947059132268,-0.0262298579107072,0.3418556454505599,16024490.0,1.2606391841486837,0.0051849395790724,-0.0128082429982557,0.010629511208285,-0.0069275231538813,-0.0132395208299441,0.0093739080103687,-0.0375610412940998,4,1,0,0,0,xg_MSFT,0.4582808277021715,8.260212076945917
2025-01-13,413.1919250488281,414.48936844362913,408.3388895039501,411.2606004893305,17604800,38.56641258172238,428.66717987060554,423.9208678846021,-3.4842499439189396,-1.34248755542842,405.6417126339013,428.66717987060554,451.69264710730977,-0.0042009059476746,-0.0145506459893779,-0.0477504902271413,-0.0042097545431722,0.0104169368614608,0.0117647946360789,0.8853576986222539,-0.4032378006834598,-0.0145506459893779,-0.0477504902271413,0.0331998442377634,418.1380615234375,418.9175170898437,428.6671798706055,0.9981393579055348,0.9772558683319196,-0.0254823913752034,-0.1285227042091767,16965550.0,1.0376792971638975,-0.0132136961378966,0.0051849395790724,-0.0128082429982557,0.011395711491791,-0.0078385217946126,-0.0027770366735764,-0.0008230337872171,0,1,0,0,0,xg_MSFT,0.3989392699962849,7.1906193250852555
2025-01-14,411.68646240234375,415.7174348070365,406.7838883687819,413.8059381113699,16935900,37.448899456612565,426.9889190673829,422.7556864101013,-3.983836802087694,-1.870757404760275,404.1610245080699,426.9889190673829,449.8168136266959,-0.003643494839127,-0.0284680355304728,-0.034515665838296,-0.0036501485331648,0.0094509384260245,0.011708938111083,0.8070869663332931,-0.3854759388926208,-0.0284680355304728,-0.034515665838296,0.0060476303078231,415.7253967285157,417.4457550048828,426.9889190673828,0.9958788459201195,0.9776500896478908,-0.0273594673799578,-0.0379953194583295,16847370.0,1.0052548261241367,-0.0042009059476746,-0.0132136961378966,0.0051849395790724,0.010629511208285,-0.0069275231538813,-0.0173015138332284,-0.0009838289375718,1,1,0,0,1,xg_MSFT,0.3773379618794856,6.801269879508679
2025-01-15,422.2244873046875,424.04685017409594,414.2615295855494,415.1133035563719,19637800,48.66264714745342,425.950961303711,422.70509601910953,-3.489210994459313,-2.194448122700083,404.329299840672,425.950961303711,447.57262276674993,0.0255972101702117,0.0093281931135207,0.0034836826988891,0.025275086987718,0.0124820537148491,0.0134224715213499,0.9298677838289824,2.0505567591816707,0.0093281931135207,0.0034836826988891,0.0058445104146316,416.5058349609375,417.592333984375,425.9509613037109,0.9973981825454724,0.9803765501696424,-0.0223699160677945,0.1595368418566476,17495280.0,1.1224627442372388,-0.003643494839127,-0.0042009059476746,-0.0132136961378966,-0.0128082429982557,0.011395711491791,-0.0132395208299441,-0.003092155027529,2,1,0,0,0,xg_MSFT,0.42644287840513884,7.686353871689615
2025-01-16,420.5110778808594,425.3740271428382,420.3229265289763,424.5916197701724,15300000,47.18157943546778,424.6134017944336,422.4961419107047,-3.1986027972841953,-2.3952790576169054,405.3629943460643,424.6134017944336,443.863809242803,-0.0040580531810597,4.7101829510509674e-05,0.0073072927159978,-0.004066309422618,0.0122594837663892,0.0131258497479122,0.933924285096587,-0.3309863834398196,4.7101829510509674e-05,0.0073072927159978,-0.0072601908864873,416.5097961425781,417.8973846435547,424.6134017944336,0.9966795951542982,0.9841832190823542,-0.0192708493975785,-0.2208903237633543,17700630.0,0.8643760137350556,0.0255972101702117,-0.003643494839127,-0.0042009059476746,0.0051849395790724,0.010629511208285,-0.0078385217946126,0.0093739080103687,3,1,0,0,1,xg_MSFT,0.3959815897529576,7.137309073840022
2025-01-17,424.9184875488281,430.3162708057646,424.0667436709179,429.9299937738379,26197500,51.28851165824876,423.3540893554688,422.72684149528794,-2.5828787627673364,-2.432798998646992,408.2836304685954,423.3540893554688,438.42454824234215,0.0104810786202818,0.0240602957020623,0.0249654314037146,0.0104265329165906,0.0122769535518804,0.0133116690355515,0.9222007637307544,0.8536502908236332,0.0240602957020623,0.0249654314037146,-0.0009051357016522,418.50648803710936,418.932373046875,423.3540893554688,0.9989834039163212,0.989555512938766,-0.0114083087942893,0.7122549019607842,18630730.0,1.4061445794125402,-0.0040580531810597,0.0255972101702117,-0.003643494839127,-0.0132136961378966,-0.0128082429982557,-0.0069275231538813,-0.0027770366735764,4,1,0,0,0,xg_MSFT,0.4600386702694278,8.291896039105593
2025-01-21,424.3935546875,426.770548715405,421.52135231106814,426.07727516253885,26085700,50.78204906957169,422.91385040283205,422.8855760850224,-2.112914362693232,-2.36882207145624,408.5566837970043,422.91385040283205,437.2710170086598,-0.0012353730814496,0.0271099916518169,0.0121648777711382,-0.0012361367838114,0.0119084325183121,0.0104987380626477,1.1341647236587544,-0.1037306420394151,0.0271099916518169,0.0121648777711382,0.0149451138806786,420.74681396484374,419.44243774414065,422.91385040283205,1.0031097860000011,0.9917916789545084,-0.0051061954500793,-0.0042675827846168,19573010.0,1.3327382962558476,0.0104810786202818,-0.0040580531810597,0.0255972101702117,-0.0042009059476746,0.0051849395790724,0.011395711491791,-0.0173015138332284,1,1,0,0,1,xg_MSFT,0.3619399183904935,6.523730220197924
2025-01-22,441.9239501953125,442.9836731089654,431.8216876151847,433.36673527212855,27803800,63.68054857093652,423.36795806884766,424.69875457171673,-0.322193731098082,-1.9594964033846085,407.22514409632333,423.36795806884766,439.510772041372,0.0413069315360383,0.0734478554784672,0.0428889037885962,0.0404765891492848,0.0173119727440995,0.01412939541102,1.2251584078530624,2.3858947938398507,0.0734478554784672,0.0428889037885962,0.0305589516898709,426.7943115234375,421.2598541259766,423.36795806884766,1.0131378704693894,0.9950206341724892,0.0077532649069495,0.0658636724335555,20296030.0,1.369913229335916,-0.0012353730814496,0.0104810786202818,-0.0040580531810597,-0.003643494839127,-0.0132136961378966,0.010629511208285,-0.0132395208299441,2,1,0,0,1,xg_MSFT,0.43542593414880204,7.848267574066682
2025-01-23,442.4290161132813,442.46864124256984,437.2689537965184,437.7641621247137,18389300,63.97348872285891,423.8686111450195,426.3873509090086,1.1247544008568866,-1.3426462425363097,406.0139391826661,423.8686111450195,441.72328310737294,0.0011428797143617,0.0478525746755509,0.0576271458466244,0.0011422271245145,0.0163095287741667,0.0141206301418959,1.154932441246973,0.0700700590511766,0.0478525746755509,0.0576271458466244,-0.0097745711710734,430.83521728515626,423.6705261230469,423.86861114501954,1.0169109973914696,0.9995326735295696,0.0157462686361261,-0.3386047950280177,20321050.0,0.9049384751279632,0.0413069315360383,-0.0012353730814496,0.0104810786202818,0.0255972101702117,-0.0042009059476746,-0.0128082429982557,-0.0078385217946126,3,1,0,0,0,xg_MSFT,0.38882646657754283,7.008342660032271
2025-01-24,439.804443359375,442.3696190202124,437.16993127456703,440.8939077892008,15549500,61.2106115579402,424.30489044189454,427.6651692376149,2.0362178811270155,-0.6668734178036445,405.31788363147984,424.30489044189454,443.2918972523093,-0.0059321894774512,0.0458807543804633,0.0459300172774446,-0.0059498548108321,0.0167248778552003,0.0141806287126903,1.1793340662087832,-0.3546713379595088,0.0458807543804633,0.0459300172774446,-4.9262896981261406e-05,434.6938903808594,425.6018432617187,424.30489044189454,1.0213628001454629,1.0030566530083438,0.0236218621613054,-0.1544267590392238,20370540.0,0.7633327344291923,0.0011428797143617,0.0413069315360383,-0.0012353730814496,-0.0040580531810597,-0.003643494839127,0.0051849395790724,-0.0069275231538813,4,1,0,0,0,xg_MSFT,0.4120995617861292,7.427824974127268
2025-01-27,430.39544677734375,431.0293279263355,419.4414413066827,419.9465634582157,35647800,52.46309405978307,424.0686752319335,427.9251956699701,1.9765474573461008,-0.1381892427736955,405.5360681396723,424.0686752319335,442.6012823241947,-0.0213935914566077,0.0128894350069581,0.0372598543267206,-0.0216257514632998,0.0178560342245369,0.0148867477722153,1.199377803663578,-1.1980484098088002,0.0128894350069581,0.0372598543267206,-0.0243704193197624,435.7892822265625,427.1478851318359,424.0686752319336,1.0202304574024976,1.0072611114183765,0.0272321816654633,1.2925367375156758,21915210.0,1.62662370107329,-0.0059321894774512,0.0011428797143617,0.0413069315360383,0.0104810786202818,0.0255972101702117,-0.0132136961378966,0.011395711491791,0,1,0,0,1,xg_MSFT,0.38923658465522465,7.015734770051857
2025-01-28,442.914306640625,444.08299095093025,427.24590909189664,430.4350516883182,23491700,60.54272217333853,424.51882019042966,429.3527300481276,2.9059278556445065,0.4706341769099449,404.59449450090045,424.51882019042966,444.4431458799589,0.0290868780258208,0.0436405118517002,0.0719335974154975,0.0286718828562762,0.0192461145072549,0.0162649110763755,1.18321773781291,1.5112331780879114,0.0436405118517002,0.0719335974154975,-0.0282930855637972,439.4934326171875,430.1201232910156,424.51882019042966,1.0217923059596772,1.0131944753310898,0.033809276878717,-0.3410056160548477,22503900.0,1.0438946138224467,-0.0213935914566077,-0.0059321894774512,0.0011428797143617,-0.0012353730814496,-0.0040580531810597,-0.0042009059476746,0.010629511208285,1,1,0,0,0,xg_MSFT,0.35088223511705313,6.324422713976707
2025-01-29,438.0909729003906,442.5973866839753,436.1794760661476,442.409205107017,23581400,56.55436701405493,425.1031646728515,430.18494365310505,3.2161915404961405,1.019745649627184,404.2807626411572,425.1031646728515,445.92556670454593,-0.0108899930932869,-0.0086733866612747,0.0641374271671861,-0.0109497231035016,0.0198247680737715,0.0159420433197927,1.243474515882412,-0.5492848021204206,-0.0086733866612747,0.0641374271671861,-0.0728108138284608,438.7268371582031,432.7605743408203,425.1031646728515,1.0137865211646662,1.018013062014868,0.0310978160429915,0.0038183698923448,23168450.0,1.0178238078075563,0.0290868780258208,-0.0213935914566077,-0.0059321894774512,0.0413069315360383,0.0104810786202818,-0.003643494839127,-0.0128082429982557,2,1,0,0,0,xg_MSFT,0.4861325490534652,8.762221131575629
2025-01-30,411.0130004882813,418.8075747745586,409.20055129765046,414.7567742579651,54586300,40.44574922060449,424.6158798217773,428.3590443040742,1.2625576932971398,1.0683080583611753,402.9272777870414,424.6158798217773,446.3044818565132,-0.0618090170469366,-0.0710080362743571,-0.026553378957189,-0.0638017441411458,0.0280059403667739,0.0211497844071083,1.3241088286712277,-2.2069178652682773,-0.0710080362743571,-0.026553378957189,-0.0444546573171681,432.4436340332031,431.63942565917966,424.61587982177736,1.0018631485592293,1.0165409401088583,0.0190450282646204,1.3148031923465102,26663300.0,2.047244714645147,-0.0108899930932869,0.0290868780258208,-0.0213935914566077,0.0011428797143617,-0.0012353730814496,0.0255972101702117,0.0051849395790724,3,1,0,0,0,xg_MSFT,0.44694070227687227,8.055813735732714
2025-01-31,411.0823364257813,416.6583870568431,410.933779971825,414.964783031506,34161900,40.49248945086792,424.2969680786133,426.71364355376056,-0.276924165685557,0.7992616135518289,401.9867028500364,424.2969680786133,446.6072333071902,0.0001686952417991,-0.0653065410485727,-0.0224221000373965,0.0001686810143572,0.0280088585436657,0.021088346319345,1.3281046325259231,0.0060227095233702,-0.0653065410485727,-0.0224221000373965,-0.0428844410111761,426.6992126464844,430.69655151367186,424.2969680786133,0.9907188974391856,1.0150827932239026,0.0058437066130298,-0.3741671445032911,28549490.0,1.1965852980210436,-0.0618090170469366,-0.0108899930932869,0.0290868780258208,-0.0059321894774512,0.0413069315360383,-0.0040580531810597,-0.0132136961378966,4,1,0,1,0,xg_MSFT,0.3629025476158166,6.541080982158673
2025-02-03,406.9820556640625,411.4290171061556,404.7437041840203,407.6555317858933,25679100,38.56491843997114,423.9176406860352,424.83444470712266,-1.8070030143625215,0.2780086879689588,400.6725392501001,423.9176406860352,447.1627421219703,-0.0099743540366373,-0.054399718418475,-0.0422114650464685,-0.010024431175533,0.0277493253327818,0.0211477187030427,1.3121043275680515,-0.3594319676265033,-0.054399718418475,-0.0422114650464685,-0.0121882533720064,422.01653442382815,428.9029083251953,423.9176406860352,0.9839442126231844,1.011759990999885,-0.0046712287083641,-0.2483117156832611,28497650.0,0.9010953534764832,0.0001686952417991,-0.0618090170469366,-0.0108899930932869,-0.0213935914566077,0.0011428797143617,0.0104810786202818,-0.0042009059476746,0,2,0,0,1,xg_MSFT,0.3989813215724108,7.191377277231566
2025-02-04,408.4180908203125,409.9532546940812,405.8132903115337,408.7350313881363,20532100,39.64849640066373,423.3738998413086,423.2709824321883,-2.870634601125232,-0.3517199698498793,399.18375470781064,423.3738998413086,447.5640449748066,0.0035284974761524,-0.0778846275749278,-0.0376430407359766,0.0035222869338999,0.0278418999682068,0.0209832559230591,1.3267994857807657,0.1267288062731099,-0.0778846275749278,-0.0376430407359766,-0.0402415868389511,415.1172912597656,427.30536193847655,423.37389984130857,0.971476906764241,1.0092860284931158,-0.0202160696774215,-0.2004353735138693,27942290.0,0.7348037687676732,-0.0099743540366373,0.0001686952417991,-0.0618090170469366,0.0290868780258208,-0.0059321894774512,-0.0012353730814496,-0.003643494839127,1,2,0,0,1,xg_MSFT,0.3838913845928504,6.919391036166463
2025-02-05,409.3292846679687,409.8640878693508,406.46696618877354,408.39829064688985,16316700,40.36721552733112,422.65287475585944,421.94320169273885,-3.598562578962458,-1.0010884916723952,397.6634571694778,422.65287475585944,447.6422923422411,0.002231032043233,-0.0656523188368949,-0.073756277551688,0.0022285469867187,0.0232160578480028,0.0208195303725474,1.1150560255954869,0.0960945205822003,-0.0656523188368949,-0.073756277551688,0.008103958714793,409.3649536132813,424.0458953857422,422.6528747558594,0.9653788848513528,1.0032958976812532,-0.0324626691524324,-0.2053077863443096,26793580.0,0.6089779715886937,0.0035284974761524,-0.0099743540366373,0.0001686952417991,-0.0108899930932869,-0.0213935914566077,0.0413069315360383,0.0255972101702117,2,2,0,0,1,xg_MSFT,0.5930701489215453,10.689701402436937
2025-02-06,411.8350524902344,414.19224891795665,410.0324869601977,410.0324869601977,16309800,42.39872086748936,422.3285125732423,420.9805208163099,-3.927976950945208,-1.586466183526958,396.93724030711127,422.3285125732423,447.7197848393733,0.0061216431761002,0.0020000632607155,-0.0691499935782095,0.0061029820376745,0.0234712238639954,0.0207094124923744,1.1333054748493054,0.2608037147042691,0.0020000632607155,-0.0691499935782095,0.071150056838925,409.52936401367185,420.9864990234375,422.32851257324216,0.9727850298374348,0.996822346799112,-0.0310783370239564,-0.000422879626395,26585630.0,0.6134817944882024,0.002231032043233,0.0035284974761524,-0.0099743540366373,-0.0618090170469366,0.0290868780258208,0.0011428797143617,-0.0040580531810597,3,2,0,0,0,xg_MSFT,0.4048420830971755,7.2970136691567875
2025-02-07,405.8232116699219,414.6379135781927,404.1890302854019,412.48872643025265,22886800,38.96867558253092,421.5951095581056,419.5369675642729,-4.620878909521366,-2.19334872872584,395.15472471787245,421.5951095581056,448.0354943983387,-0.0145976909540866,-0.0127933610614012,-0.0772644119506683,-0.0147052856175475,0.0235917413053677,0.0208914552385004,1.1291990834037116,-0.6187365327811842,-0.0127933610614012,-0.0772644119506683,0.064471050889267,408.4775390625,417.5883758544922,421.5951095581055,0.9781822547781672,0.9904962519422652,-0.0323233617949747,0.4032544850335382,27319360.0,0.8377502254810933,0.0061216431761002,0.002231032043233,0.0035284974761524,0.0001686952417991,-0.0108899930932869,-0.0059321894774512,0.0104810786202818,4,2,0,0,1,xg_MSFT,0.4322267339509955,7.790604083662795
2025-02-10,408.26953125,411.4784713555885,406.982001762604,409.7452423090315,20817900,41.05826247446504,421.2618347167969,418.463878391485,-4.915943224986222,-2.7378676279779164,394.3049913346104,421.2618347167969,448.2186780989834,0.0060280425311596,0.0031634701530924,-0.0514083401509359,0.0060099465685219,0.0234231073079,0.0207694403063006,1.1277135661295927,0.2573435329647159,0.0031634701530924,-0.0514083401509359,0.0545718103040284,408.7350341796875,415.3757843017578,421.2618347167969,0.9840126690745024,0.9860275725689792,-0.0306826730340519,-0.0903970847824947,25836370.0,0.8057594778213502,-0.0145976909540866,0.0061216431761002,0.002231032043233,-0.0099743540366373,-0.0618090170469366,-0.0213935914566077,-0.0012353730814496,0,2,0,0,0,xg_MSFT,0.4639848393076134,8.363023154133138
2025-02-11,407.4970397949219,408.5369652151938,405.3775335991668,405.714301867279,18140600,40.58571438495153,420.9770904541016,417.4194175727647,-5.152720075684442,-3.2208381175192216,393.5452084047126,420.9770904541016,448.4089725034907,-0.0018921114507687,-0.0022551670606477,-0.0799641517889379,-0.001893903754822,0.0202454196076295,0.020754795905817,0.9754104202747282,-0.0934541260843828,-0.0022551670606477,-0.0799641517889379,0.0777089847282901,408.5508239746094,411.8340576171875,420.9770904541016,0.99202777530937,0.9782814004746632,-0.0304941269898448,-0.1286056710811368,25301260.0,0.7169840553395082,0.0060280425311596,-0.0145976909540866,0.0061216431761002,0.0035284974761524,0.0001686952417991,0.0290868780258208,0.0413069315360383,1,2,0,0,0,xg_MSFT,0.37122281500044463,6.691048358010992
2025-02-12,405.1200256347656,406.813629604169,400.4947666868975,403.30754628100544,19121700,39.094685897169136,420.6487686157227,416.2480469120029,-5.469127910794612,-3.6704960761743,392.5984808560112,420.6487686157227,448.69905637543434,-0.0058332059574039,-0.0102833078180991,-0.0752605036514223,-0.0058502855548692,0.020231374271884,0.0207780878541743,0.9736411152340232,-0.2883105007359475,-0.0102833078180991,-0.0752605036514223,0.0649771958333231,407.70897216796874,408.536962890625,420.64876861572264,0.9979732783129396,0.97120684374055,-0.0319406487681745,0.0540831064022138,24855290.0,0.7693211384779349,-0.0018921114507687,0.0060280425311596,-0.0145976909540866,0.002231032043233,-0.0099743540366373,-0.0108899930932869,0.0011428797143617,2,2,0,0,1,xg_MSFT,0.40085362779657474,7.2251243719161184
2025-02-13,406.6056213378906,407.0612044905901,402.465657162982,403.0995382668374,23891700,40.56433423344195,419.8678253173829,415.32972066684937,-5.536190484369001,-4.04363495781324,391.1407311798447,419.8678253173829,448.594919454921,0.0036670507729092,-0.0126978777564538,-0.010723211054528,0.0036603435344124,0.0070219236831644,0.019882399793081,0.3531550819396533,0.5221544385709429,-0.0126978777564538,-0.010723211054528,-0.0019746667019258,406.6630859375,408.0962249755859,419.8678253173828,0.996488232553066,0.9719635570244074,-0.0324755455579637,0.24945480788842,21785830.0,1.0966623718260404,-0.0058332059574039,-0.0018921114507687,0.0060280425311596,0.0061216431761002,0.0035284974761524,-0.0618090170469366,-0.0059321894774512,3,2,0,0,0,xg_MSFT,0.3700500670611178,6.669910343706069
2025-02-14,404.515869140625,404.99128001840967,401.99031874797896,403.8820181953633,22758500,39.13382909105816,419.0680648803712,414.2998300453042,-5.692345775875879,-4.373377121425768,389.5370119895272,419.0680648803712,448.5991177712152,-0.0051395064101413,-0.003221458240196,-0.0159736060231862,-0.0051527591009055,0.0071190840768232,0.0198906402679518,0.3578932647546938,-0.7218322641541749,-0.003221458240196,-0.0159736060231862,0.0127521477829901,406.4016174316406,407.4395782470703,419.0680648803711,0.9974524791629342,0.9722515562319924,-0.0313126095043928,-0.0474306976899927,20645490.0,1.102347292314152,0.0036670507729092,-0.0058332059574039,-0.0018921114507687,-0.0145976909540866,0.002231032043233,0.0001686952417991,-0.0213935914566077,4,2,0,0,1,xg_MSFT,0.3926142540733908,7.076615051384505
2025-02-18,405.7142639160156,406.6650553734785,402.6043413346739,404.0899662104477,21423100,40.43116949701415,418.1078536987306,413.48215708061,-5.6542211842802885,-4.629545933996672,388.13224572885383,418.1078536987306,448.08346166860736,0.0029625408217892,-0.0062587754862845,-0.0031151047826377,0.0029581611455764,0.0065804609585093,0.0197176724969978,0.333717239814761,0.4501342240675154,-0.0062587754862845,-0.0031151047826377,-0.0031436707036467,405.89056396484375,407.3127990722657,418.1078536987305,0.9965082484256294,0.974181172319611,-0.0301130396943987,-0.0586769778324581,20219890.0,1.0595062584415118,-0.0051395064101413,0.0036670507729092,-0.0058332059574039,0.0060280425311596,0.0061216431761002,-0.0099743540366373,0.0290868780258208,1,2,0,0,1,xg_MSFT,0.37410916190755794,6.743072872542696
2025-02-19,410.7950744628906,411.50817561028913,403.74331324145845,403.9711199361536,24114200,45.714187418972465,417.42792968750007,413.22624445035103,-5.154609096706508,-4.73455856653864,387.43574871508935,417.42792968750007,447.4201106599108,0.012523125260212,0.0080933954014206,0.0058199763820547,0.0124453595009059,0.0076830966683606,0.019988407174621,0.3843584054916496,1.6297459285977118,0.0080933954014206,0.0058199763820547,0.0022734190193658,406.5501708984375,407.5504974365234,417.4279296875,0.99754551510947,0.9763373949166,-0.0264797692700795,0.1256167408078197,20578100.0,1.171838021974761,0.0029625408217892,-0.0051395064101413,0.0036670507729092,-0.0018921114507687,-0.0145976909540866,0.0035284974761524,-0.0108899930932869,2,2,0,0,1,xg_MSFT,0.4641034602050164,8.36516121819796
2025-02-20,412.9684753417969,416.1243081620841,409.4057538443196,412.1348608394034,23508700,47.84502464402628,415.98015594482433,413.20169501144113,-4.531056432663775,-4.693858139763667,388.25715540971345,415.98015594482433,443.7031564799352,0.0052907179613774,0.019373146747643,0.0088906188981328,0.0052767712834365,0.0078147493947937,0.0173883151452079,0.4493994921328085,0.6769303484707071,0.019373146747643,0.0088906188981328,0.0104825278495102,408.11986083984374,407.91441650390624,415.9801559448242,1.0005036456855296,0.9806102783374412,-0.0190336443925286,-0.0251096864088379,21297300.0,1.1038347583965524,0.012523125260212,0.0029625408217892,-0.0051395064101413,-0.0058332059574039,0.0060280425311596,0.002231032043233,-0.0618090170469366,3,2,0,0,0,xg_MSFT,0.40114770371150316,7.230424897875737
2025-02-21,405.108642578125,414.8738801834256,404.79109677447474,414.16928284227896,27524800,41.50080001674482,414.1141372680665,412.43092811303006,-4.61787725614073,-4.67866196303908,388.9842025568064,414.1141372680665,439.2440719793266,-0.019032524836591,-0.0036816479684662,-0.0163327766090742,-0.0192159747437665,0.0097585096812654,0.0177033135198097,0.5511939036973332,-1.950151745135954,-0.0036816479684662,-0.0163327766090742,0.012651128640608,407.8204650878906,407.2417755126953,414.1141372680664,1.0014209975743935,0.9834046676099772,-0.0155357637894927,0.1708346271805756,22418800.0,1.2277552768211846,0.0052907179613774,0.012523125260212,0.0029625408217892,0.0036670507729092,-0.0018921114507687,0.0061216431761002,0.0001686952417991,4,2,0,0,0,xg_MSFT,0.4113537206086624,7.4143816748898
2025-02-24,400.9306640625,406.25986136038705,396.28622700480537,405.4064096324514,26443700,38.57286617350354,412.1704483032228,411.33566487012246,-4.966559922434499,-4.736241554918164,389.5153998770245,412.1704483032228,434.8254967294211,-0.0103132297771684,-0.0088629528570575,-0.0120558594647396,-0.0103667796308641,0.0092027866152188,0.0177523344068891,0.5183694738295328,-1.1205420343095591,-0.0088629528570575,-0.0120558594647396,0.0031929066076821,407.1034240722656,406.7525207519531,412.17044830322266,1.0008626948879475,0.986855128567384,-0.0126381558836496,-0.0392773062837876,22774490.0,1.1611105232213252,-0.019032524836591,0.0052907179613774,0.012523125260212,-0.0051395064101413,-0.0058332059574039,-0.0145976909540866,-0.0099743540366373,0,2,0,0,0,xg_MSFT,0.3972219824471411,7.159666340592862
2025-02-25,394.876953125,398.8664306026397,393.6860882830661,398.0526532749328,29387400,34.747535690702684,410.3945236206056,409.76816851344415,-5.666062485941723,-4.922205741122876,388.19078032453496,410.3945236206056,432.5982669166762,-0.0150991467605887,-0.0267116829623199,-0.0328032760220825,-0.0152142994859998,0.0097731481032053,0.0174902503026145,0.5587449687198461,-1.544804375906386,-0.0267116829623199,-0.0328032760220825,0.0060915930597625,404.9359619140625,405.41326293945315,410.3945236206054,0.9988226802894165,0.9878622632748448,-0.0138234497185634,0.1113195203394381,23631440.0,1.2435721225620937,-0.0103132297771684,-0.019032524836591,0.0052907179613774,0.0029625408217892,0.0036670507729092,0.0060280425311596,0.0035284974761524,1,2,0,0,1,xg_MSFT,0.40911361834413823,7.374005297218068
2025-02-26,396.6930541992187,400.533646950774,391.25467770642615,394.9861207223364,19619000,36.77330754611023,408.0834609985353,408.52291953113695,-6.0046611325018375,-5.138696819398668,391.1305646741961,408.0834609985353,425.03635732287455,0.004599156926851,-0.034328601145255,-0.0265130406864806,0.0045886131206849,0.0100866088293521,0.0158183948895139,0.6376102815435875,0.4559214185098846,-0.034328601145255,-0.0265130406864806,-0.0078155604587744,402.1155578613281,404.3328643798829,408.08346099853514,0.9945161358032192,0.9908092413020734,-0.0150441331755961,-0.332400960956056,23779280.0,0.8250460064391847,-0.0150991467605887,-0.0103132297771684,-0.019032524836591,0.012523125260212,-0.0051395064101413,-0.0018921114507687,0.002231032043233,2,2,0,0,0,xg_MSFT,0.4031864016185389,7.267171093777881
2025-02-27,389.5477600097656,402.657388820498,389.1905096396701,398.22134834414993,21127400,32.498455229982895,405.656300354004,406.71576148148256,-6.771510763780213,-5.465259608274978,393.5998318111677,405.656300354004,417.7127688968404,-0.0180121484705015,-0.0567130827907551,-0.0384386469185286,-0.0181763418554181,0.0111902321515713,0.0160279117217809,0.6981280043089552,-1.6094875190282325,-0.0567130827907551,-0.0384386469185286,-0.0182744358722265,397.43141479492186,402.7756378173828,405.6563003540039,0.9867315137245616,0.9928987605169518,-0.0211139336518733,0.0768846526326521,23979850.0,0.8810480465890788,0.004599156926851,-0.0150991467605887,-0.0103132297771684,0.0052907179613774,0.0029625408217892,-0.0058332059574039,0.0061216431761002,3,2,0,0,1,xg_MSFT,0.40978446489787673,7.386096867430056
2025-02-28,393.9739074707031,394.60905968634097,383.63308910279267,389.6768174403877,32845700,37.35643118618264,404.80434570312514,405.50225157569406,-6.942067677284967,-5.760621222076976,391.959358208107,404.80434570312514,417.64933319814327,0.011362271627044,-0.0274857999487743,-0.0310662548776975,0.0112982058505499,0.0120002788280339,0.0096257448508821,1.2465562361855154,0.946755074176162,-0.0274857999487743,-0.0310662548776975,0.0035804549289232,395.2044677734375,401.51246643066406,404.804345703125,0.984289407715524,0.9918679744735864,-0.0243667860933186,0.5546494126111117,24875250.0,1.3204168802323064,-0.0180121484705015,0.004599156926851,-0.0150991467605887,-0.019032524836591,0.012523125260212,0.0036670507729092,-0.0145976909540866,4,2,0,1,0,xg_MSFT,0.415972472727978,7.497631659899394
2025-03-03,385.5384521484375,395.7899873220531,383.2261675615013,395.7899873220531,23007700,32.548676331222566,403.5271514892579,403.6009373445267,-7.669496821239704,-6.142396341909522,388.42847898889926,403.5271514892579,418.62582398961655,-0.0214112030322538,-0.0383912064946547,-0.0469138998984245,-0.0216437482125222,0.0133382644324088,0.0105286727364317,1.2667311478978491,-1.605126215223204,-0.0383912064946547,-0.0469138998984245,0.0085226934037697,392.126025390625,399.61472473144534,403.5271514892578,0.9812602016958883,0.9903044274880308,-0.0295719558842945,-0.2995217029930859,24900170.0,0.9239977076461356,0.011362271627044,-0.0180121484705015,0.004599156926851,-0.0103132297771684,0.0052907179613774,-0.0051395064101413,0.0060280425311596,0,3,0,0,0,xg_MSFT,0.5015767942021961,9.040593545574515
2025-03-04,385.6575622558594,389.5974018138781,378.10539295987144,380.487153157592,29342900,32.68042404188452,402.4609268188477,401.8920444789394,-8.142516605555329,-6.542420394638683,385.49342702408745,402.4609268188477,419.428426613608,0.0003089448192732,-0.0233475030542544,-0.0494355349170273,0.0003088971056497,0.0131942129344699,0.0104284580558887,1.265090943725515,0.0234134015727914,-0.0233475030542544,-0.0494355349170273,0.0260880318627728,390.2821472167969,397.6090545654297,402.46092681884767,0.9815725842646094,0.9879444886941736,-0.031579257854591,0.2753512954358759,25692150.0,1.1420959320258857,-0.0214112030322538,0.011362271627044,-0.0180121484705015,-0.0150991467605887,-0.019032524836591,0.0029625408217892,-0.0018921114507687,1,3,0,0,1,xg_MSFT,0.5143396480010202,9.270635634862732
2025-03-05,397.9732666015625,398.61835249883035,385.85603973587394,386.3820118850688,23433100,44.70645589228389,401.9386856079102,401.5188275382369,-7.437874590127649,-6.721511233736477,385.1007409418507,401.9386856079102,418.7766302739697,0.0319343001435361,0.0032272115399853,-0.0312121752630371,0.0314350023812055,0.0169487794051354,0.0129432513184898,1.3093673004421171,1.8840540269132215,0.0032272115399853,-0.0312121752630371,0.0344393868030225,390.5381896972656,396.3268737792969,401.93868560791014,0.985394167125657,0.9860381395731398,-0.0286463862459844,-0.2014047691264326,25624040.0,0.914496699193378,0.0003089448192732,-0.0214112030322538,0.011362271627044,0.004599156926851,-0.0103132297771684,0.012523125260212,-0.0058332059574039,2,3,0,0,0,xg_MSFT,0.4406648257169379,7.94269516689858
2025-03-06,393.8746643066406,399.09468114787944,389.6966277473878,391.2844778913856,23304600,42.0164016237803,401.16595458984375,400.79081199237055,-7.127996560653855,-6.8028082991199526,384.3376074007936,401.16595458984375,417.9943017788939,-0.0102986874719533,0.0111075065526407,-0.0462355171768331,-0.01035208589259,0.0168140795853858,0.0130702825929646,1.2863373938863272,-0.6124673641690113,0.0111075065526407,-0.0462355171768331,0.0573430237294738,391.4035705566406,394.41749267578126,401.16595458984375,0.992358548555507,0.9831778797855312,-0.0247855089902479,-0.0054836961392218,25603630.0,0.9102068730097682,0.0319343001435361,0.0003089448192732,-0.0214112030322538,-0.0180121484705015,-0.0150991467605887,0.0052907179613774,0.0036670507729092,3,3,0,0,0,xg_MSFT,0.4801950722370818,8.655201996711995
2025-03-07,390.32183837890625,391.8005084637195,382.61088158953936,389.33936956128906,22034100,39.78180997409451,400.09029388427734,399.7937668863263,-7.087400212017542,-6.859726681699471,383.3835835046568,400.09029388427734,416.7970042638979,-0.0090201941117198,-0.0092698247841919,-0.0365008361833878,-0.0090611223690766,0.0161436590837616,0.0130231962627035,1.2395128849517634,-0.5587107206737109,-0.0092698247841919,-0.0365008361833878,0.0272310113991959,390.6731567382813,392.9388122558594,400.09029388427734,0.9942340755178368,0.9821253308622216,-0.0241265955937991,-0.0545171339563862,25054560.0,0.8794446998869316,-0.0102986874719533,0.0319343001435361,0.0003089448192732,0.011362271627044,0.004599156926851,-0.019032524836591,-0.0051395064101413,4,3,0,0,0,xg_MSFT,0.40520928511269366,7.303632245234845
2025-03-10,377.2717590332031,383.4643412864511,374.3540930979484,382.90859827837613,32840100,32.86722313681926,398.66272125244143,397.64881375745745,-8.015857832976621,-7.0909529119549015,379.3435067666946,398.66272125244143,417.9819357381883,-0.0334341511607524,-0.0214419419623845,-0.059009966435515,-0.0340058514189367,0.0186706617244455,0.0145305101418237,1.2848397408269812,-1.7906360801823769,-0.0214419419623845,-0.059009966435515,0.0375680244731304,389.0198181152344,390.5729217529297,398.66272125244143,0.9960235245425494,0.9797076599635482,-0.0255595678879276,0.4904216646016854,25694200.0,1.2781133485377527,-0.0090201941117198,-0.0102986874719533,0.0319343001435361,-0.0214112030322538,-0.0180121484705015,-0.0103132297771684,0.0029625408217892,0,3,0,0,0,xg_MSFT,0.5115505944850587,9.220364770049759
2025-03-11,377.5595397949219,383.0673615053873,374.0464264969691,376.1205440687611,30380200,33.14319234095135,397.1272216796876,395.73554957054927,-8.628976217887498,-7.398557573141421,376.2075732968814,397.1272216796876,418.0468700624938,0.0007627943381085,-0.0209979610242025,-0.0438552141193112,0.0007625035583673,0.0184757368827793,0.0143950905200444,1.2833857120483172,0.0412840396520172,-0.0209979610242025,-0.0438552141193112,0.0228572530951086,387.40021362304685,388.8411804199219,397.1272216796875,0.9962942021847612,0.9791350458809672,-0.0257628454095586,-0.0749053748313799,25793480.0,1.1778247836274447,-0.0334341511607524,-0.0090201941117198,-0.0102986874719533,0.0003089448192732,0.011362271627044,-0.0150991467605887,0.012523125260212,1,3,0,0,1,xg_MSFT,0.4012500685267541,7.232269956695739
2025-03-12,380.3581237792969,382.2933209136247,376.0709676751301,380.0405779726452,24253600,35.90267204923852,395.7702758789063,394.2710328285252,-8.787754848703514,-7.67639702825384,374.1730343459265,395.7702758789063,417.3675174118861,0.0074122984308517,-0.0442621258776693,-0.0411777575811005,0.0073849623458741,0.0186472660687313,0.0146088851140043,1.27634583867172,0.3974792296255584,-0.0442621258776693,-0.0411777575811005,-0.0030843682965687,383.87718505859374,387.2076873779297,395.77027587890626,0.991398666844945,0.978364750910206,-0.0312681393580895,-0.2016642418417258,26256940.0,0.9237024573312456,0.0007627943381085,-0.0334341511607524,-0.0090201941117198,0.0319343001435361,-0.0214112030322538,0.004599156926851,0.0052907179613774,2,3,0,0,0,xg_MSFT,0.43027343412718344,7.755397132336797
2025-03-13,375.8923034667969,382.3925583494832,374.58235511618193,380.2489652043101,20473000,33.524764893831076,394.3088897705079,392.52067765121774,-9.16825648069664,-7.9747689187424,371.4565169660374,394.3088897705079,417.1612625749784,-0.0117410935465948,-0.0456550331093245,-0.0350546401361065,-0.0118105644974537,0.0182258448464655,0.014721279539147,1.2379770943760733,-0.64416489225076,-0.0456550331093245,-0.0350546401361065,-0.0106003929732179,380.280712890625,385.8421417236328,394.3088897705078,0.9855862586492916,0.9785276257611064,-0.0373196704228925,-0.1558778902925751,26191500.0,0.7816658076093091,0.0074122984308517,0.0007627943381085,-0.0334341511607524,-0.0102986874719533,0.0003089448192732,-0.0180121484705015,-0.019032524836591,3,3,0,0,1,xg_MSFT,0.42097760987406946,7.587845982213972
2025-03-14,385.60791015625,387.2652356448431,376.62667971124,376.8946174814204,19952800,42.45439814101585,393.25900421142586,391.8623188421732,-8.586854587735502,-8.097186052541021,370.86046467474137,393.25900421142586,415.6575437481104,0.025846782708365,-0.0120770291568471,-0.0212349019968416,0.0255184010048212,0.0200179464312556,0.0160735425263823,1.2453198215999726,1.2911160333597989,-0.0120770291568471,-0.0212349019968416,0.0091578728399944,379.3379272460937,385.0055419921875,393.2590042114258,0.9852791346411092,0.979012655448822,-0.0361016374370826,-0.0254090753675573,24902210.0,0.8012461544577449,-0.0117410935465948,0.0074122984308517,0.0007627943381085,-0.0090201941117198,0.0319343001435361,0.011362271627044,-0.0103132297771684,4,3,0,0,0,xg_MSFT,0.40361116434931643,7.274827164087864
2025-03-17,385.7468872070313,389.7264008785539,382.6406623483486,383.7620820869245,22474300,42.57323357387431,392.3205551147462,391.2798967816835,-8.022397903014337,-8.082228422635685,370.3389820507345,392.3205551147462,414.3021281787578,0.0003604102693977,0.0224642528122076,0.0005406336447955,0.0003603453372171,0.0188156949445381,0.0160735047368531,1.1705303057580632,0.0191537499257976,0.0224642528122076,0.0005406336447955,0.0219236191674121,381.0329528808594,385.02638549804686,392.32055511474607,0.9896281585688684,0.9814076282223708,-0.0292616806725613,0.1263732408484021,24848870.0,0.904439517772804,0.025846782708365,-0.0117410935465948,0.0074122984308517,-0.0334341511607524,-0.0102986874719533,-0.0214112030322538,-0.0150991467605887,0,3,0,0,0,xg_MSFT,0.47828446255939333,8.620764507338714
2025-03-18,380.6062316894531,384.4269877309022,378.2046343736099,384.1292790671939,19486900,39.33730784911543,391.06515350341806,390.2633572490901,-7.898817203817202,-8.045546178871989,369.4393226669539,391.06515350341806,412.6909843398822,-0.0133264990284138,0.008069434283626,-0.0130979684071513,-0.0134160936957385,0.0192959221708944,0.0162076114582041,1.1904734850762124,-0.6906023100675718,0.008069434283626,-0.0130979684071513,0.0211674026907774,381.6422912597656,384.52125244140626,391.06515350341795,0.9925128684998252,0.9832664685068788,-0.0247575090975932,-0.1329251634088715,23863270.0,0.8166064416150505,0.0003604102693977,0.025846782708365,-0.0117410935465948,0.0007627943381085,-0.0090201941117198,0.0003089448192732,0.004599156926851,1,3,0,0,1,xg_MSFT,0.42940985584411123,7.739831698803416
2025-03-19,384.8735656738281,386.719419886704,381.0825806498319,382.60095534567967,19185500,43.19702770456851,389.76907806396486,389.75004376573185,-7.371565600805866,-7.910750063258765,370.10380862566507,389.76907806396486,409.43434750226464,0.0112119393459033,0.0118715537075035,-0.0329160323747307,0.0111495514470654,0.0162148141292895,0.0161437680096709,1.004338626580243,0.6914200703405918,0.0118715537075035,-0.0329160323747307,0.0447875860822343,382.5453796386719,383.2112823486328,389.76907806396486,0.998262309225658,0.9831751770871474,-0.0187690168137317,-0.0154668007738532,23438510.0,0.8185460594551097,-0.0133264990284138,0.0003604102693977,0.025846782708365,0.0074122984308517,-0.0334341511607524,0.0319343001435361,-0.0180121484705015,2,3,0,0,0,xg_MSFT,0.42535292210361814,7.666708122487522
2025-03-20,383.9009704589844,388.81337483302246,380.36802006472885,382.80932167745146,18470500,42.53279808797162,388.3157028198242,389.1929891650892,-6.952056235518967,-7.719011297710805,371.8302383087832,388.3157028198242,404.8011673308652,-0.0025270512230189,0.0213057487964631,-0.0253219989795827,-0.0025302496064165,0.0160230921502615,0.0160233438641497,0.9999218867306672,-0.1577032383065611,0.0213057487964631,-0.0253219989795827,0.0466277477760459,384.14711303710936,382.2139129638672,388.3157028198242,1.005057900844716,0.9842865230232828,-0.0108585028522614,-0.0372677282322587,22955100.0,0.8046360068132657,0.0112119393459033,-0.0133264990284138,0.0003604102693977,-0.0117410935465948,0.0007627943381085,-0.0102986874719533,0.011362271627044,3,3,0,0,1,xg_MSFT,0.3799055740442814,6.847549408850767
2025-03-21,388.2874450683594,388.76377892625936,379.8916973941909,380.3085198055768,39675900,46.52646158353219,387.4746429443359,389.10674687016257,-6.1942368923324125,-7.414056416635128,373.00317988820007,387.4746429443359,401.9461060004718,0.011426057621398,0.0069488587799551,-0.0052120919469844,0.0113612732446544,0.0163912000799076,0.0159185678507661,1.0296259442192606,0.697042347317567,0.0069488587799551,-0.0052120919469844,0.0121609507269395,384.6830200195312,382.0104736328125,387.4746429443359,1.0069960029140133,0.9858979951049122,-0.0071895781340888,1.1480685417287029,24719280.0,1.605058885210184,-0.0025270512230189,0.0112119393459033,-0.0133264990284138,0.025846782708365,0.0074122984308517,-0.0090201941117198,-0.0214112030322538,4,3,0,0,1,xg_MSFT,0.40669455022704415,7.330403177146921
2025-03-24,390.0935974121094,392.3959786933822,386.84845184017416,392.3959786933822,21004500,48.12503531957823,386.9327896118163,389.20073263606224,-5.385833665635403,-7.008411866435183,373.83652480344807,386.9327896118163,400.02905442018465,0.0046515857432165,0.0112682962565169,0.0339856829245939,0.0046408005508187,0.0115821646394441,0.0158587342414677,0.7302874350290689,0.4015815960498834,0.0112682962565169,0.0339856829245939,-0.0227173866680769,385.5523620605469,383.29265747070315,386.9327896118164,1.00589550711656,0.9905923399648678,-0.0035387085571957,-0.4705980204607835,23535720.0,0.8924519836231528,0.011426057621398,-0.0025270512230189,0.0112119393459033,0.0003604102693977,-0.0117410935465948,-0.0334341511607524,0.0003089448192732,0,3,0,0,1,xg_MSFT,0.39628985569653036,7.142865365781752
2025-03-25,392.1578063964844,393.34867131877104,389.65696280253144,390.9272368910712,15775000,49.96598972370115,386.7968322753906,389.4823587084834,-4.5264260486362105,-6.512014702875389,373.99466058296514,386.7968322753906,399.5990039678161,0.0052915736071266,0.0303504613042082,0.0386648066408064,0.0052776224256678,0.0115557638613372,0.0155744068829862,0.7419237229661154,0.4578767612297935,0.0303504613042082,0.0386648066408064,-0.0083143453365981,387.8626770019531,384.7524841308594,386.7968322753906,1.0080836199878462,0.9947146719570968,0.0027178975126275,-0.2489704587112285,22075200.0,0.7146028122055196,0.0046515857432165,0.011426057621398,-0.0025270512230189,-0.0133264990284138,0.025846782708365,0.0007627943381085,0.0319343001435361,1,3,0,0,0,xg_MSFT,0.3531501933661974,6.3653011775457
2025-03-26,387.00726318359375,392.30668970786087,385.61790552875834,391.99904730878035,16108400,45.61601607704058,386.3125427246094,389.2466353251606,-4.212387333797551,-6.052089229059821,374.38360889813714,386.3125427246094,398.2414765510815,-0.0131338535887343,0.0055438920727901,0.0174812603927845,-0.0132208653500125,0.0126306662825382,0.0157883057629468,0.7999507053805313,-1.0397562201979864,0.0055438920727901,0.0174812603927845,-0.0119373683199943,388.28941650390624,385.4173980712891,386.3125427246094,1.007451709359747,0.9976828485893652,0.0051081051116062,0.0211347068145799,21260680.0,0.7576615611541702,0.0052915736071266,0.0046515857432165,0.011426057621398,0.0112119393459033,0.0003604102693977,0.0074122984308517,-0.0102986874719533,2,3,0,0,1,xg_MSFT,0.3757675586710579,6.772964389154717
2025-03-27,387.6125793457031,389.259971232933,384.4567464670721,387.1660163642304,13766800,46.20872017083572,386.2157836914062,389.09101094616466,-3.870053862416057,-5.6156821557310685,374.3662119581142,386.2157836914062,398.0653554246982,0.0015640950950892,0.0096681414539827,0.0311798772435933,0.0015628731723253,0.0117124622171242,0.0152845194484126,0.7662456128267557,0.1335296999381329,0.0096681414539827,0.0311798772435933,-0.0215117357896106,389.03173828125,386.5894256591797,386.2157836914063,1.0063175877558106,1.000967443547237,0.0072648689436166,-0.1453651511012887,20590060.0,0.6686138845636842,-0.0131338535887343,0.0052915736071266,0.0046515857432165,-0.0025270512230189,-0.0133264990284138,-0.0117410935465948,-0.0090201941117198,3,3,0,0,0,xg_MSFT,0.40765284719691713,7.347675853037673
2025-03-28,375.9220581054687,386.1735929782764,374.06627026028934,385.1315521729189,21632000,37.669903256027936,385.3131912231444,387.8368249613365,-4.490317892749431,-5.390609303134742,373.2045818255211,385.3131912231444,397.4218006207678,-0.030160324672559,-0.0318459613359729,-0.0251183956440534,-0.0306245043130628,0.0129695300170687,0.0164182070353243,0.7898999013269083,-2.3252962394650822,-0.0318459613359729,-0.0251183956440534,-0.0067275656919194,386.55866088867185,385.62084045410154,385.31319122314454,1.0024319754955826,1.000798439394147,0.0033131061045049,0.5713165005665806,20757980.0,1.0421052530158983,0.0015640950950892,-0.0131338535887343,0.0052915736071266,0.011426057621398,0.0112119393459033,0.025846782708365,-0.0334341511607524,4,3,0,0,0,xg_MSFT,0.41575840244943546,7.493773183189822
2025-03-31,372.53802490234375,374.2052539943911,364.44991951956155,369.7096714477169,35184700,35.61812582241604,384.6631698608398,386.37979638428953,-5.195059392630242,-5.351499321033842,371.27707276095657,384.6631698608398,398.049266960723,-0.0090019543417575,-0.0450034879480969,-0.0342423043263556,-0.0090427167446662,0.0130804208061018,0.0158802094545074,0.8236413507152178,-0.6881480593880578,-0.0450034879480969,-0.0342423043263556,-0.0107611836217412,383.0475463867187,384.2999542236328,384.66316986083984,0.9967410669110168,0.9990557566576016,-0.0043368015239373,0.6265116494082841,22029020.0,1.597197696493008,-0.030160324672559,0.0015640950950892,-0.0131338535887343,0.0046515857432165,-0.0025270512230189,0.0003604102693977,0.0007627943381085,0,3,0,1,1,xg_MSFT,0.40259508836613656,7.256513059285706
2025-04-01,379.2863464355469,379.9413357760227,370.3944277527412,371.8036224636275,19689500,42.36034618167152,384.3446090698242,385.7042297225045,-5.149676691681577,-5.311134795163389,370.75643407671697,384.3446090698242,397.9327840629314,0.0181144502899324,-0.0328221439201035,-0.0034678498248635,0.0179523384198683,0.0141632835209071,0.0164802554766161,0.8593570763466525,1.278882215481965,-0.0328221439201035,-0.0034678498248635,-0.0293542940952399,380.4732543945312,384.1679656982422,384.34460906982423,0.9903825627496148,0.9995404036705248,-0.0102069444673534,-0.4403959675654475,22049280.0,0.8929770042377396,-0.0090019543417575,-0.030160324672559,0.0015640950950892,0.0052915736071266,0.011426057621398,-0.0133264990284138,0.0074122984308517,1,4,1,0,0,xg_MSFT,0.37395939633613634,6.740373446105918
2025-04-02,379.2367248535156,382.1543604865691,373.7586433966847,375.0983928958324,16092600,42.325246890138054,383.4077819824218,385.0882768778389,-5.05939308703563,-5.260786453537838,371.2697152975385,383.4077819824218,395.5458486673051,-0.0001308288117871,-0.0200785335814016,-0.0146459547317666,-0.0001308373706221,0.0135851867753726,0.0145892513920426,0.9311139616677072,-0.0096295460934126,-0.0200785335814016,-0.0146459547317666,-0.0054325788496349,378.9191467285156,383.6042816162109,383.40778198242185,0.9877865417248322,1.000512508204119,-0.0118359719925332,-0.1826811244571979,21739990.0,0.7402303312926667,0.0181144502899324,-0.0090019543417575,-0.030160324672559,-0.0131338535887343,0.0046515857432165,0.0112119393459033,-0.0117410935465948,2,4,0,0,0,xg_MSFT,0.38878918720124395,7.0076707236655045
2025-04-03,370.2752990722656,374.61212363444304,366.54388609690864,371.9425583652147,30198000,36.451148043402746,382.22781372070307,383.6775170868319,-5.645872740167306,-5.3378037108637315,369.7894170703902,382.22781372070307,394.666210371016,-0.023630163414979,-0.0447283736319991,-0.035492672421297,-0.0239138334179616,0.0153108065185699,0.0152626349422258,1.003090454961918,-1.5432642377188264,-0.0447283736319991,-0.035492672421297,-0.009235701210702,375.4516906738281,382.24171447753906,382.2278137207031,0.9822363087372822,1.000036367727143,-0.0183002297583791,0.8765146713396219,22912740.0,1.3179567349866792,-0.0001308288117871,0.0181144502899324,-0.0090019543417575,0.0015640950950892,0.0052915736071266,-0.0025270512230189,0.025846782708365,3,4,0,0,0,xg_MSFT,0.41745256071365,7.524309277454313
2025-04-04,357.1061706542969,371.74410993496775,356.7489202327306,361.36358655898334,49209900,29.886872226631855,380.56703033447263,381.1469126646857,-7.091553678496837,-5.688553704390353,364.3753507660958,380.56703033447263,396.7587099028495,-0.0355657761966956,-0.0500526293827984,-0.0803046166186829,-0.0362136461590836,0.017302224445001,0.0168842633607697,1.0246937862515109,-2.0554421119452493,-0.0500526293827984,-0.0803046166186829,0.0302519872358845,371.6885131835937,379.1235870361328,380.56703033447263,0.9803887858556516,0.9962071246763776,-0.0248624019422893,0.6295748062785615,23866140.0,2.061912818746473,-0.023630163414979,-0.0001308288117871,0.0181144502899324,-0.030160324672559,-0.0131338535887343,0.011426057621398,0.0003604102693977,4,4,0,0,0,xg_MSFT,0.5260744469490684,9.482147708097868
2025-04-07,355.14117431640625,368.1813588125757,342.17049555544185,348.2142236601539,50425000,29.046336138092627,379.4605010986329,378.6701756791353,-8.300146102393057,-6.210872183990894,359.6911094634449,379.4605010986329,399.2298927338208,-0.0055025549804706,-0.0466981876292973,-0.0896000942532212,-0.0055177498019896,0.0167534494072762,0.0154411521664738,1.0849167413107967,-0.3284235039129962,-0.0466981876292973,-0.0896000942532212,0.0429019066239239,368.2091430664062,375.6283447265625,379.4605010986328,0.9802485574789168,0.989901040132042,-0.0316813674277102,0.0246921859219384,26808190.0,1.8809550365018348,-0.0355657761966956,-0.023630163414979,-0.0001308288117871,-0.0090019543417575,0.0015640950950892,0.0046515857432165,-0.0133264990284138,0,4,0,0,0,xg_MSFT,0.4301814008784377,7.753738293243349
2025-04-08,351.8662414550781,370.8112022714622,347.5889889390993,365.4621683401468,35868900,27.65059243342408,378.1758361816407,376.1174200387489,-9.413708644498683,-6.851439476092452,354.86440122325916,378.1758361816407,401.48727114002224,-0.0092214958393148,-0.0722939416041655,-0.1027432433683855,-0.0092642770396196,0.0159672705452515,0.0154777214756177,1.0315626242389233,-0.5774887025606554,-0.0722939416041655,-0.1027432433683855,0.03044930176422,362.7251220703125,371.59918823242185,378.17583618164065,0.9761192531008466,0.9826095500558106,-0.0439107600872267,-0.2886683192860684,28817580.0,1.2446881382822137,-0.0055025549804706,-0.0355657761966956,-0.023630163414979,0.0181144502899324,-0.030160324672559,0.0052915736071266,0.0112119393459033,1,4,0,0,1,xg_MSFT,0.47529921720511825,8.566957413003852
2025-04-09,387.5232543945313,390.24245792204835,350.41733953240174,350.85399906862426,50199700,53.723983824448624,378.5340927124024,377.2036899773949,-7.334445117992629,-6.948040604472488,354.8639732303894,378.5340927124024,402.20421219441545,0.1013368397945768,0.0218505461047224,0.0013332855995851,0.0965247508184017,0.0387627654572245,0.0280638673214345,1.3811847037530616,2.614215585077801,0.0218505461047224,0.0013332855995851,0.0205172605051373,364.3824279785157,371.6507873535156,378.5340927124024,0.9804430405576235,0.9818158905858014,-0.0365182336115476,0.3995327428496553,32226710.0,1.55770477346271,-0.0092214958393148,-0.0055025549804706,-0.0355657761966956,-0.0001308288117871,-0.0090019543417575,-0.0131338535887343,-0.0025270512230189,2,4,0,0,0,xg_MSFT,0.4082046304868952,7.357621385820677
2025-04-10,378.45269775390625,380.983312003396,365.0056257671045,379.1572950457799,38024400,48.896569246274126,378.66211242675786,377.3226430989674,-6.345386245275677,-6.827509732633126,355.0244799147678,378.66211242675786,402.2997449387479,-0.0234064834503853,0.0220846454033776,-0.0236315384997538,-0.0236847661748793,0.0395038640746664,0.0284673475450383,1.3876416259204842,-0.5924962406185157,0.0220846454033776,-0.0236315384997538,0.0457161839031314,366.0179077148438,370.7347991943359,378.6621124267578,0.9872769119873755,0.979064942141643,-0.0334102644450855,-0.2425373059998367,34652470.0,1.0973070606510562,0.1013368397945768,-0.0092214958393148,-0.0055025549804706,-0.023630163414979,0.0181144502899324,0.0015640950950892,0.011426057621398,3,4,0,0,1,xg_MSFT,0.44162105494871934,7.959930573163105
2025-04-11,385.4988098144531,387.08662977771354,376.01144319106686,377.74814777589194,23839200,52.469457618401954,378.656657409668,378.10132564329933,-4.9360874627298585,-6.449225278652473,355.0257246660032,378.656657409668,402.2875901533328,0.0186182106835679,0.0795075568370458,0.0254753651787509,0.0184470134585339,0.0386027407619571,0.0281758004145139,1.3700186037472408,0.4822903251364607,0.0795075568370458,0.0254753651787509,0.0540321916582948,371.696435546875,371.6924743652344,378.656657409668,1.000010657147814,0.981608185388646,-0.0180551059707369,-0.3730551961372171,34873190.0,0.6835967687498424,-0.0234064834503853,0.1013368397945768,-0.0092214958393148,-0.0355657761966956,-0.0001308288117871,-0.030160324672559,0.0046515857432165,4,4,0,0,0,xg_MSFT,0.38512730740447587,6.941667736210735
2025-04-14,384.8636169433594,391.6516465120973,381.2909618319917,390.23251818413166,19251200,52.11572191070688,378.6124938964844,378.7453533861622,-3.8263549423298855,-5.924651211387956,355.0341110857751,378.6124938964844,402.1908767071937,-0.0016477168149999,0.0836919083915415,0.0330854603211219,-0.001649075793364,0.0384148724217983,0.0281793332219772,1.3631802051169273,-0.0428915630734189,0.0836919083915415,0.0330854603211219,0.0506064480704195,377.6409240722657,372.92503356933594,378.6124938964843,1.0126456796364487,0.9849781493774388,-0.0025244522512547,-0.1924561226886808,33279840.0,0.5784643195399805,0.0186182106835679,-0.0234064834503853,0.1013368397945768,-0.0055025549804706,-0.023630163414979,-0.0090019543417575,0.0052915736071266,0,4,0,0,0,xg_MSFT,0.4387174062902999,7.907594205884239
2025-04-15,382.7994384765625,388.9126416904877,381.24135923720473,385.5583162962043,17199900,50.914454397264485,378.72215423583987,379.1314567281051,-3.0779650112501145,-5.3553139713603874,355.08440275056284,378.72215423583987,402.3599057211169,-0.0053634024519929,0.0879118067523778,0.0092623741245392,-0.0053778371307195,0.0381660030493992,0.0280333183574292,1.3614029263274392,-0.1405245899200193,0.0879118067523778,0.0092623741245392,0.0786494326278386,383.8275634765625,373.2763427734375,378.72215423583987,1.0282665132880633,0.9856205627225834,0.0133370342993207,-0.1065543966090425,33030880.0,0.5207218215197258,-0.0016477168149999,0.0186182106835679,-0.0234064834503853,-0.0092214958393148,-0.0355657761966956,0.0181144502899324,-0.0131338535887343,1,4,0,0,0,xg_MSFT,0.4387710076279236,7.908560334924808
2025-04-16,368.7867126464844,378.71073856569086,365.2041538267982,377.7779079921512,21967800,43.572039407268065,377.9178115844727,378.1462430060459,-3.5743673820485355,-4.999124653498018,354.0675574869249,377.9178115844727,401.7680656820205,-0.0366059205463962,-0.0483494642852363,-0.027555380379017,-0.0372927302755208,0.0400412320950879,0.0291034687693243,1.3757760848495832,-0.9141828172682394,-0.0483494642852363,-0.027555380379017,-0.0207940839062192,380.08025512695315,372.2313415527344,377.91781158447264,1.0210861168795664,0.9849531568573152,0.0058636698891952,0.2772051000296514,33618400.0,0.6534457320990692,-0.0053634024519929,-0.0016477168149999,0.0186182106835679,0.1013368397945768,-0.0055025549804706,-0.0001308288117871,0.0015640950950892,2,4,0,0,0,xg_MSFT,0.4234290062319366,7.632030797673446
2025-04-17,364.9858093261719,371.4761304955969,364.10258680355696,370.9104537724408,21120200,41.81073463117719,376.9720535278321,376.8928683698675,-4.2257590498836635,-4.844451532775147,352.62580655145257,376.9720535278321,401.3183005042116,-0.0103065083148915,-0.0355840730100737,-0.0142852892411313,-0.0103599881493021,0.0394626666474292,0.0291663937193254,1.3529719873902366,-0.2611644885147272,-0.0355840730100737,-0.0142852892411313,-0.0212987837689423,377.3868774414062,371.702392578125,376.972053527832,1.0152931080799714,0.9860210832596428,0.0011365480601561,-0.038583745299939,32710620.0,0.6456679818358488,-0.0366059205463962,-0.0053634024519929,-0.0016477168149999,-0.0234064834503853,-0.0092214958393148,-0.023630163414979,-0.030160324672559,3,4,0,0,0,xg_MSFT,0.4223041551525208,7.611756092930627
2025-04-21,356.3916015625,361.71089501866106,352.9678309109542,360.0635031391147,20807300,38.06406421457689,375.3772613525391,374.9403667691658,-5.3735296762025655,-4.950267161460631,349.99528080085,375.3772613525391,400.7592419042282,-0.0235466901563605,-0.0755053128853053,-0.002000999003987,-0.0238283435887138,0.0384551971143115,0.0293583896365265,1.3098091476148643,-0.6122989771029034,-0.0755053128853053,-0.002000999003987,-0.0735043138813182,371.5654357910156,371.6309356689453,375.37726135253905,0.9998237502004192,0.9900198385216644,-0.0106956099549247,-0.0148152006136305,29870360.0,0.6965868506438926,-0.0103065083148915,-0.0366059205463962,-0.0053634024519929,0.0186182106835679,0.1013368397945768,-0.0355657761966956,-0.0090019543417575,0,4,0,0,1,xg_MSFT,0.47837087338963036,8.622322006017159
2025-04-22,364.0331115722656,364.9758758256959,357.12596800122816,360.6192443688487,19485000,42.95854168932072,374.0742370605469,373.9015805599372,-5.601964215403257,-5.080606572249156,349.20267142909296,374.0742370605469,398.9458026920009,0.0214413302004412,-0.0541243818694334,0.0250377537129424,0.0212146986779169,0.0389338622504164,0.029851167309955,1.3042222980384013,0.5506974716524631,-0.0541243818694334,0.0250377537129424,-0.0791621355823759,367.3993347167969,372.5201293945312,374.07423706054686,0.9862536430284792,0.9958454565643768,-0.0183359758537374,-0.0635498118448814,26776360.0,0.727694130195414,-0.0235466901563605,-0.0103065083148915,-0.0366059205463962,-0.0016477168149999,-0.0234064834503853,-0.0055025549804706,0.0181144502899324,1,4,0,0,1,xg_MSFT,0.39514338782317693,7.122201032471568
2025-04-23,371.5456237792969,377.5000393765427,370.18600677791767,373.20291916052497,20545500,47.362559640479994,373.04362792968755,373.67720372368575,-5.117808373869707,-5.088046932573266,349.6636522773436,373.04362792968755,396.4236035820315,0.020636892546902,-0.0293987231069426,0.0559285887808909,0.0204268368945736,0.0390262036449542,0.0302709218836192,1.2891881722934846,0.528782249803085,-0.0293987231069426,0.0559285887808909,-0.0853273118878336,365.14857177734376,374.4880676269531,373.0436279296875,0.9750606316810262,1.0038720395930147,-0.0212492239096684,0.0544264819091608,25244020.0,0.8138759199208045,0.0214413302004412,-0.0235466901563605,-0.0103065083148915,-0.0053634024519929,0.0186182106835679,-0.0092214958393148,-0.0001308288117871,2,4,0,0,1,xg_MSFT,0.4268625788010547,7.693918696725884
2025-04-24,384.3575134277344,385.4988006420437,372.33953252384407,372.84566753938213,22232300,53.89952973382507,372.9111404418946,374.6943760764523,-3.658130310982358,-4.802063608255085,349.83629504005046,372.9111404418946,395.9859858437386,0.0344826821484727,0.0422216968434436,-0.0081691638653869,0.0339014777525354,0.0235656706872703,0.0312293281043632,0.7545764683777998,1.4631970126819267,0.0422216968434436,-0.0081691638653869,0.0503908607088305,368.2627319335937,374.17149353027344,372.9111404418946,0.9842084132574316,1.0033797678634255,-0.0120939707067149,0.082100703317028,22447280.0,0.9904228931077178,0.020636892546902,0.0214413302004412,-0.0235466901563605,-0.0366059205463962,-0.0016477168149999,0.1013368397945768,-0.023630163414979,3,4,0,0,1,xg_MSFT,0.4184702321262239,7.542652138827447
2025-04-25,388.8729553222656,389.1805976978566,381.67803664886475,384.05979677325973,18973200,55.974709472360445,372.9741592407226,376.0447169570059,-2.1126136113105076,-4.2641736088661695,349.7240403725806,372.9741592407226,396.2242781088646,0.0117480255667754,0.0654467800822,0.027533844071407,0.0116795532688698,0.022372342823335,0.031337205430899,0.7138999351021001,0.5250903121424674,0.0654467800822,0.027533844071407,0.037912936010793,373.0401611328125,375.21351928710936,372.97415924072266,0.9942076763160717,1.0060040621874329,0.0001697261051109,-0.1465930200654003,20542160.0,0.9236224428199896,0.0344826821484727,0.020636892546902,0.0214413302004412,-0.0103065083148915,-0.0053634024519929,-0.0234064834503853,-0.0355657761966956,4,4,0,0,0,xg_MSFT,0.37564741853517347,6.770798941810271
2025-04-28,388.1881713867187,389.756154034641,383.70252292195136,388.9820812843996,16579400,55.56620287762285,373.5874649047851,377.2012364265024,-0.932289974103412,-3.5977968819136183,349.3824140565871,373.5874649047851,397.7925157529831,-0.0017609451266145,0.0892180671060021,0.0069763161488358,-0.0017624974130789,0.0217042981733808,0.0305016125994225,0.7115553824327747,-0.0811297367374623,0.0892180671060021,0.0069763161488358,0.0822417509571662,379.39947509765625,375.4824554443359,373.5874649047852,1.010431964520646,1.0050724146754595,0.0149721465548754,-0.1261674361731284,19816180.0,0.8366597396672398,0.0117480255667754,0.0344826821484727,0.020636892546902,-0.0235466901563605,-0.0366059205463962,0.0186182106835679,-0.0055025549804706,0,4,0,0,1,xg_MSFT,0.44229642721874873,7.972103716450166
2025-04-29,391.0462951660156,392.0982394081848,387.414098329844,388.3270916828822,14974000,56.97748918925827,374.5128784179687,378.5198134493131,0.2310878776022491,-2.832019930010445,349.09207078848465,374.5128784179687,399.93368604745274,0.0073627276407906,0.0742052926918641,0.016064595224043,0.0073357550751556,0.0217733427800402,0.0304093293204678,0.7159851033045406,0.3381377667820923,0.0742052926918641,0.016064595224043,0.0581406974678211,384.80211181640624,376.1007232666016,374.5128784179687,1.0231357931838825,1.004239760339725,0.026312059532668,-0.0968310071534555,19388460.0,0.7723150781443823,-0.0017609451266145,0.0117480255667754,0.0344826821484727,0.0214413302004412,-0.0103065083148915,-0.0016477168149999,-0.0092214958393148,1,4,0,0,1,xg_MSFT,0.3748542680643846,6.756502923514033
2025-04-30,392.2570495605469,393.6464071015826,381.5192464831796,387.3347110069874,36461100,57.59197164428147,375.1614135742186,379.828121650383,1.2365171675040187,-2.018312510507552,348.59197884700757,375.1614135742186,401.7308483014298,0.0030961919585945,0.0557439637441481,0.0247064392822076,0.0030914086271378,0.0216275703536614,0.030197314061175,0.7161846952730158,0.1431528717787125,0.0557439637441481,0.0247064392822076,0.0310375244619405,388.94439697265625,377.046484375,375.1614135742187,1.03155555903771,1.0050246926591462,0.0351376308313104,1.434960598370509,21314580.0,1.7106178024618963,0.0073627276407906,-0.0017609451266145,0.0117480255667754,0.020636892546902,-0.0235466901563605,-0.0053634024519929,0.1013368397945768,2,4,0,1,1,xg_MSFT,0.45078214981696335,8.125053314273922
2025-05-01,422.1680603027344,433.6700028111626,421.6718590023584,427.8346706730253,58938100,69.26934702729119,377.3079803466797,383.8604967601308,4.396218839396397,-0.7354062405267623,343.4225626177621,377.3079803466797,411.1933980755972,0.076253596399854,0.0983733777903863,0.1447485655683611,0.0734861183568718,0.0275104477608431,0.0344333567788175,0.7989243980234985,2.771704239730534,0.0983733777903863,0.1447485655683611,-0.0463751877779747,396.5065063476562,382.384619140625,377.3079803466797,1.0369311067970488,1.0134548937694896,0.0454760267444424,0.6164652190965165,25011610.0,2.3564296740592727,0.0030961919585945,0.0073627276407906,-0.0017609451266145,0.0344826821484727,0.0214413302004412,-0.0366059205463962,-0.0234064834503853,3,5,1,0,1,xg_MSFT,0.413323948017439,7.4498937348594625
2025-05-02,431.9729919433594,436.1013902925972,426.7231738378541,428.4598783453456,30757400,71.99191505076816,380.39286499023433,388.4426391585335,7.603829011334653,0.9324408098455208,338.8375070829112,380.39286499023433,421.94822289755746,0.0232251858030043,0.1108332066583956,0.1835336632425728,0.0229595857205708,0.0262408877463083,0.0339068871738422,0.7738874324953958,0.885042494942905,0.1108332066583956,0.1835336632425728,-0.0727004565841771,405.126513671875,389.0833374023438,380.3928649902344,1.0412332647721207,1.022846044739384,0.0572573960477688,-0.4781406255037064,25975330.0,1.18410045223675,0.076253596399854,0.0030961919585945,0.0073627276407906,0.0117480255667754,0.020636892546902,-0.0103065083148915,0.0186182106835679,4,5,0,0,1,xg_MSFT,0.43333752472407555,7.8106253605832405
2025-05-05,432.8562316894531,436.1609188409604,428.827049490993,429.58128511716615,20136100,72.23058208965188,384.18036804199215,392.6725051138592,10.1007184532956,2.7660963385355366,338.00961394419386,384.18036804199215,430.3511221397905,0.0020446642789406,0.1150680613043086,0.2145522784255162,0.0020425767979155,0.0228433101474908,0.0323555806690764,0.7059865311825888,0.0895043127036713,0.1150680613043086,0.2145522784255162,-0.0994842171212075,414.06012573242185,396.72980041503905,384.1803680419922,1.043682943149853,1.0326654702243274,0.0690292884864055,-0.3453250274730634,25908210.0,0.7772092321314064,0.0232251858030043,0.076253596399854,0.0030961919585945,-0.0017609451266145,0.0344826821484727,-0.0235466901563605,-0.0016477168149999,0,5,0,0,0,xg_MSFT,0.4766330326638545,8.590998563963433
2025-05-06,430.0179443359375,434.4043769104007,427.8942186382879,428.91639204817295,15104200,70.16153417509261,387.9242065429688,396.2292136111999,11.715446877305965,4.555966446289623,339.5762568664173,387.9242065429688,436.27215621952024,-0.0065571132993458,0.0996599370756774,0.1812605245678948,-0.0065787056073203,0.0242966237757302,0.032383268742425,0.7502600713012362,-0.2698664429027591,0.0996599370756774,0.1812605245678948,-0.0816005874922174,421.8544555664063,403.3282836914062,387.9242065429688,1.045933232614985,1.039708986674775,0.0789042631135658,-0.2498944681442781,25470130.0,0.5930162115387478,0.0020446642789406,0.0232251858030043,0.076253596399854,0.0073627276407906,0.0117480255667754,0.0214413302004412,-0.0053634024519929,1,5,0,0,0,xg_MSFT,0.4356456389153546,7.852227608736122
2025-05-07,430.05767822265625,434.7914277818458,427.834675776164,430.5439458113932,23295300,70.17441452856409,391.8337783813477,399.45097214562435,12.850207783065912,6.214814713644881,343.1184988579251,391.8337783813477,440.54905790477034,9.240053175019192e-05,0.0963669836003155,0.1574828249844124,9.239626308410465e-05,0.0248228192839923,0.032157096684947,0.7718995165410919,0.0037222528368056,0.0963669836003155,0.1574828249844124,-0.0611158413840968,429.4145812988281,409.1794891357422,391.83377838134766,1.0494528506446543,1.0442680333126182,0.0873854945987583,0.5423061135313356,25745110.0,0.9048436771099092,-0.0065571132993458,0.0020446642789406,0.0232251858030043,0.0030961919585945,-0.0017609451266145,0.020636892546902,-0.0366059205463962,2,5,0,0,1,xg_MSFT,0.4138972052074823,7.460226320641273
2025-05-08,434.8410339355469,440.2992479012544,432.3500938706748,434.6028367318432,23491300,71.75510752763694,394.1996673583985,402.82145422085506,13.97440259193388,7.766732289302681,341.90154928680647,394.1996673583985,446.4977854299905,0.0111225911200081,0.0300187883084399,0.1313452157019021,0.0110611899770836,0.0238662533305831,0.0240612642571774,0.9918540115552176,0.4660188990308234,0.0300187883084399,0.1313452157019021,-0.1013264273934622,431.9491760253906,414.22784118652345,394.1996673583984,1.042781612139121,1.050807180945477,0.0868122042792022,0.0084137143543976,25871010.0,0.9080163472550586,9.240053175019192e-05,-0.0065571132993458,0.0020446642789406,0.076253596399854,0.0073627276407906,0.0344826821484727,-0.0103065083148915,3,5,0,0,1,xg_MSFT,0.4682599592626988,8.44007939421294
2025-05-09,435.3967895507813,437.3914981181206,432.5684361749063,436.65712990925,15324200,71.94117220765271,397.04687194824226,405.92386710941946,14.740263330673317,9.161438497576809,342.2193014224295,397.04687194824226,451.874442474055,0.001278066170997,0.0079259529444628,0.119637618383517,0.0012772501396485,0.024138936655596,0.0230842146878096,1.0456448849203426,0.052944056533004,0.0079259529444628,0.119637618383517,-0.1117116654390542,432.633935546875,418.880224609375,397.0468719482422,1.032834471835776,1.054989358193405,0.0817347864125264,-0.3476648801896872,25506110.0,0.6008050620027672,0.0111225911200081,9.240053175019192e-05,-0.0065571132993458,0.0232251858030043,0.0030961919585945,0.0117480255667754,-0.0235466901563605,4,5,0,0,1,xg_MSFT,0.5384871420664137,9.705878416253036
2025-05-12,445.8467712402344,445.9559209816134,436.43878433354007,442.551987565255,22821900,75.24356329274737,400.0642700195313,409.72604845521136,16.005933237041745,10.530337445469796,341.40418687170063,400.0642700195313,458.724353167362,0.0240010536141868,0.0300112106508867,0.1485326037821883,0.0237175555368915,0.0239264771378911,0.0232541117693471,1.0288695825331995,1.0030749784388744,0.0300112106508867,0.1485326037821883,-0.1185213931313016,435.2320434570312,424.6460845947266,400.0642700195313,1.0249288978430302,1.06144466381363,0.0788786096615032,0.4892718706359875,26130360.0,0.8733863597745737,0.001278066170997,0.0111225911200081,9.240053175019192e-05,0.0020446642789406,0.076253596399854,-0.0017609451266145,0.0214413302004412,0,5,0,0,0,xg_MSFT,0.46067955314378933,8.303447533601341
2025-05-13,445.7277221679687,447.24609694771215,441.9764112331301,444.37803887168343,23618800,75.1350715081818,403.1074752807618,413.15477928499774,16.805654368892817,11.7854008301544,341.5254470090838,403.1074752807618,464.68950355243976,-0.0002670179082704,0.0365328424986806,0.1398336403589721,-0.0002670535638999,0.024287373811879,0.0232274037634166,1.0455894455446906,-0.0109936511327837,0.0365328424986806,0.1398336403589721,-0.1033007978602915,438.3739990234375,430.1142272949219,403.1074752807617,1.019203670105179,1.0669964058477213,0.0791212257813882,0.0349182145220161,26994840.0,0.8749375806635314,0.0240010536141868,0.001278066170997,0.0111225911200081,-0.0065571132993458,0.0232251858030043,0.0073627276407906,0.020636892546902,1,5,0,0,1,xg_MSFT,0.40691590146011175,7.334392888298049
2025-05-14,449.4988098144531,450.4515077748094,444.73528972695,444.73528972695,19902800,76.30077203190932,406.4424438476563,416.61611552589824,17.541526585089514,12.936625981141423,342.3192996017882,406.4424438476563,470.5655880935244,0.0084605185159727,0.0452058702268571,0.1459292071819622,0.0084249289258906,0.024092254254365,0.0230255542179392,1.046281350928121,0.3511571507381539,0.0452058702268571,0.1459292071819622,-0.100723336955105,442.26222534179686,435.8384033203125,406.44244384765625,1.0147389995295188,1.0723250239182072,0.0796882677151615,-0.1573322946127661,25339010.0,0.7854608368677077,-0.0002670179082704,0.0240010536141868,0.001278066170997,9.240053175019192e-05,0.0020446642789406,0.0030961919585945,0.0344826821484727,2,5,0,0,1,xg_MSFT,0.4063515462131141,7.324220754215304
2025-05-15,450.512939453125,453.55526390744575,447.8285212445723,448.1665539237944,21992300,76.61823177522334,410.52875518798834,419.8443844713484,17.99906043978052,13.949112872869245,346.09398292119033,410.52875518798834,474.96352745478634,0.0022561342022029,0.0360405396329295,0.0671412212711324,0.0022535929529823,0.0101852544751331,0.0205414042386806,0.4958160864128377,0.2214881051431277,0.0360405396329295,0.0671412212711324,-0.0311006816382029,445.3966064453125,438.6728912353516,410.5287551879883,1.015327400767862,1.0685558214660886,0.0773958930006541,0.1049852282090961,21644430.0,1.0160720333129116,0.0084605185159727,-0.0002670179082704,0.0240010536141868,0.0111225911200081,-0.0065571132993458,0.076253596399854,0.0117480255667754,3,5,0,0,1,xg_MSFT,0.3906154502412344,7.040587920080304
2025-05-16,451.6463317871094,451.73580834700897,446.1383501578063,449.4391522856184,23849800,76.98921760908037,414.8617813110352,422.8731413585637,18.24282270084171,14.80785483846374,351.6791183058052,414.8617813110352,478.0444443162652,0.0025157819781163,0.0373212265829829,0.0455429858131721,0.0025126226962353,0.0083641295314099,0.0200604116865041,0.4169262693032065,0.3007463266013863,0.0373212265829829,0.0455429858131721,-0.0082217592301891,448.6465148925781,440.6402252197266,414.86178131103514,1.0181696749743154,1.0621374276204163,0.0748035159454543,0.0844613796647009,20953670.0,1.138215882945511,0.0022561342022029,0.0084605185159727,-0.0002670179082704,0.001278066170997,9.240053175019192e-05,0.0232251858030043,-0.0017609451266145,4,5,0,0,1,xg_MSFT,0.379597508044959,6.841996720773332
2025-05-19,456.2197570800781,456.9355998797858,448.1963586877965,448.27591363294266,21336500,78.47344521730881,419.8531890869141,426.04900952251745,18.590740761216523,15.564432023014298,360.4603497094822,419.8531890869141,479.2460284643459,0.0101261207522094,0.0232658090379094,0.0539752547847962,0.0100751950891959,0.0084905638350086,0.0183585593887135,0.4624601089407498,1.192491860034301,0.0232658090379094,0.0539752547847962,-0.0307094457468868,450.7211120605469,442.97657775878906,419.8531890869141,1.0174829430958647,1.05507493874743,0.067660206500471,-0.1053803386191918,21073710.0,1.0124700396844688,0.0025157819781163,0.0022561342022029,0.0084605185159727,0.0240010536141868,0.0111225911200081,0.0020446642789406,0.0073627276407906,0,5,0,0,0,xg_MSFT,0.3337790689544252,6.0161493340954
2025-05-20,455.5238342285156,455.69283539558984,451.69606398891386,452.9587181303489,15441800,77.65265977021129,424.4277252197266,428.8561356849935,18.59595062934892,16.170735744281224,369.1891884070852,424.4277252197266,479.666262032368,-0.0015254114727879,0.0219777940059455,0.0593135477915136,-0.0015265760973743,0.0078332741499534,0.0184927707490248,0.423562844822573,-0.1947099940071688,0.0219777940059455,0.0593135477915136,-0.037335753785568,452.6803344726562,445.52716674804685,424.42772521972654,1.0160555141380516,1.049712684338416,0.0620222414942982,-0.2762730532186628,21107470.0,0.7315798624846687,0.0101261207522094,0.0025157819781163,0.0022561342022029,-0.0002670179082704,0.001278066170997,-0.0065571132993458,0.0030961919585945,1,5,0,0,0,xg_MSFT,0.4018382203899366,7.242871009215649
2025-05-21,449.9561767578125,455.1360777634671,449.2005564495621,451.94462570262056,19216900,71.23337632653553,428.3482528686523,430.8656634062144,17.94396915367747,16.525382426160473,377.9990926227645,428.3482528686523,478.6974131145401,-0.0122225382128086,0.0010175042366589,0.0462693716279938,-0.0122978477109381,0.009600112497745,0.0190819997902299,0.5030714564415647,-1.273033538111262,0.0010175042366589,0.0462693716279938,-0.0452518673913349,452.7718078613281,447.5170166015625,428.3482528686524,1.0117421037967906,1.044750418857873,0.0542798526929026,0.2444727946223885,20699630.0,0.9283692510445392,-0.0015254114727879,0.0101261207522094,0.0025157819781163,0.0084605185159727,0.0240010536141868,9.240053175019192e-05,0.076253596399854,2,5,0,0,1,xg_MSFT,0.39866199699093685,7.185621660577075
2025-05-22,452.23291015625,457.5917944035942,451.27846319798533,452.32241705541014,18025600,72.24382483889174,431.7420227050781,432.9006392871701,17.41028753752903,16.702363448434184,384.8460158588018,431.7420227050781,478.6380295513544,0.0050599003103872,0.0038178053336554,0.0399959407310235,0.0050471420337849,0.0093282265561277,0.0181912268018115,0.5127589193863205,0.5423708256997753,0.0038178053336554,0.0399959407310235,-0.036178135397368,453.1158020019531,449.2562042236328,431.7420227050781,1.0085910839784398,1.040566311819312,0.0472627684028793,-0.0619923088531448,20153060.0,0.8944348897884047,-0.0122225382128086,-0.0015254114727879,0.0101261207522094,0.0022561342022029,-0.0002670179082704,0.0111225911200081,0.0232251858030043,3,5,0,0,0,xg_MSFT,0.32399144318749973,5.839733783460306
2025-05-23,447.5799560546875,451.06969358680703,446.3173019248347,447.3811293692874,16883500,67.05955899747973,434.6773727416992,434.2986694555051,16.422577254239286,16.646406209595206,391.91209901870315,434.6773727416992,477.4426464646952,-0.010288844524727,-0.009003451254285,0.0279817554844079,-0.0103421405705459,0.0103590586167158,0.0186343655248571,0.5558816972437791,-0.9931260917892972,-0.009003451254285,0.0279817554844079,-0.0369852067386929,452.3025268554687,450.4745208740234,434.6773727416992,1.0040579564364671,1.0363422370773172,0.0393787833332196,-0.0633598881590626,20308990.0,0.8313313463643032,0.0050599003103872,-0.0122225382128086,-0.0015254114727879,0.0025157819781163,0.0084605185159727,0.001278066170997,0.0020446642789406,4,5,0,0,1,xg_MSFT,0.410419645328093,7.397545579101061
2025-05-27,458.0292663574219,458.2877744248074,453.48565331857327,453.8435898996704,20974300,71.93099585911,438.16942749023434,436.5587263033067,16.295141503683567,16.576153268412877,400.2573347399788,438.16942749023434,476.0815202404899,0.0233462427469777,0.003966310641444,0.0273243991053222,0.0230778879136206,0.0102112495139419,0.0188424918471234,0.5418979452845305,2.286101873549497,0.003966310641444,0.0273243991053222,-0.0233580884638782,452.6644287109375,451.69277038574216,438.1694274902344,1.0021511487207675,1.0308632735354617,0.031646452061847,0.2422957325199159,20124230.0,1.0422411192874936,-0.010288844524727,0.0050599003103872,-0.0122225382128086,0.0101261207522094,0.0022561342022029,0.0240010536141868,-0.0065571132993458,1,5,0,0,0,xg_MSFT,0.43398779402409254,7.822346039260111
2025-05-28,454.7184753417969,459.8486770934627,454.2909661144885,458.55619745791415,17086300,68.4756414153553,441.3530364990234,438.2882262117343,15.745490375891336,16.41002068990857,409.9712575159574,441.3530364990234,472.7348154820894,-0.0072283394507839,-0.001767984079434,0.0201709535366079,-0.0072545904737566,0.0106666195551629,0.019167253478383,0.556473210623609,-0.6775962916005493,-0.001767984079434,0.0201709535366079,-0.0219389376160419,452.50335693359375,452.591845703125,441.35303649902346,0.9998044843927892,1.0254644429168358,0.0245213710003512,-0.1853697143647225,19470980.0,0.8775264521867479,0.0233462427469777,-0.010288844524727,0.0050599003103872,-0.0015254114727879,0.0025157819781163,-0.0002670179082704,9.240053175019192e-05,2,5,0,0,1,xg_MSFT,0.38742741534433256,6.9831256769200305
2025-05-29,456.0308837890625,459.05333474747385,452.68035209769624,458.884303233251,13974800,69.1091154335848,444.5417282104492,439.9780031238608,15.240109791495344,16.176038510225926,422.6350148982879,444.5417282104492,466.4484415226105,0.0028861999642286,0.0135006637202352,0.0145319049394274,0.0028820428859637,0.0104375798039658,0.0191699881968494,0.5444466240754947,0.276493547822679,0.0135006637202352,0.0145319049394274,-0.0010312412191921,453.7182983398437,453.2450531005859,444.5417282104492,1.0010441266507386,1.0195781955614671,0.020122694439351,-0.182104961284772,18878180.0,0.7402620379718416,-0.0072283394507839,0.0233462427469777,-0.010288844524727,-0.0122225382128086,0.0101261207522094,0.0084605185159727,0.0111225911200081,3,5,0,0,1,xg_MSFT,0.40301569392201536,7.264094199238082
2025-05-30,457.701171875,459.01355548435544,452.909032890277,457.064883978579,34770500,69.93709671310762,446.31838378906247,441.6659239573026,14.803722231755671,15.901575254531876,426.3763400797942,446.31838378906247,466.2604274983307,0.0036626644056636,0.012091693452519,0.0159556625179306,0.0036559731838794,0.0104584693155844,0.0103611552801858,1.009294787888654,0.3501768871013691,0.012091693452519,0.0159556625179306,-0.0038639690654116,454.81195068359375,453.96387634277346,446.3183837890625,1.0018681538003698,1.017130131384694,0.0185570136509304,1.4880856971119445,20156000.0,1.725069458225753,0.0028861999642286,-0.0072283394507839,0.0233462427469777,0.0050599003103872,-0.0015254114727879,0.0022561342022029,0.001278066170997,4,5,0,0,1,xg_MSFT,0.37032594583126915,6.674882878037044
2025-06-02,459.3018798828125,459.4410555312044,454.2512329224997,454.49978904014216,16626500,70.74633400696565,447.6848281860351,443.34553880735115,14.420811566124144,15.60542251685033,428.140321581362,447.6848281860351,467.22933479070815,0.0034972774949539,0.0261895638300049,0.0169503161144053,0.003491176241062,0.0104722690330907,0.0093325268724381,1.1220055586934932,0.3339241533760089,0.0261895638300049,0.0169503161144053,0.0092392477155995,457.1563354492188,454.72943115234375,447.68482818603513,1.0053370292983346,1.0157356303425615,0.0206215294951551,-0.5218216591650968,19433670.0,0.8555512160080492,0.0036626644056636,0.0028861999642286,-0.0072283394507839,-0.010288844524727,-0.0122225382128086,0.0025157819781163,0.0240010536141868,0,6,0,0,1,xg_MSFT,0.3965606616857285,7.147746466555048
2025-06-03,460.2960815429687,461.4593374660713,458.19825223653834,458.8047449110186,15743800,71.26372924368312,449.05682067871095,444.9598762107433,14.035780133563437,15.291494040192951,430.0501685098647,449.05682067871095,468.0634728475572,0.002164593056771,0.004949061887626,0.0089350020459002,0.0021622537004484,0.0100575694906207,0.0093318427971683,1.0776533698469897,0.215198896700917,0.004949061887626,0.0089350020459002,-0.0039859401582742,457.6096984863281,455.1370635986328,449.05682067871095,1.0054327258433864,1.013540030214288,0.018581252699234,-0.0530899467717198,18874400.0,0.8341351248251159,0.0034972774949539,0.0036626644056636,0.0028861999642286,0.0233462427469777,0.0050599003103872,0.0101261207522094,-0.0002670179082704,1,6,0,0,1,xg_MSFT,0.3892644276369435,7.0162366215803305
2025-06-04,461.1908874511719,463.00038321907994,460.3457906064832,461.3201414833542,14162700,71.7480461814887,450.61546783447267,446.50568680506984,13.645545948210838,14.96230442179653,433.1309178329458,450.61546783447267,468.1000178359995,0.0019439789824056,0.0142338885714066,0.0124407392035899,0.0019420919004993,0.0100230394211562,0.0090574841084281,1.106480874855284,0.1939316976649896,0.0142338885714066,0.0124407392035899,0.0017931493678167,458.9041809082031,455.7037689208984,450.61546783447267,1.0070230096952746,1.0112918917561322,0.0179724129406351,-0.1004268346904813,18746490.0,0.7554854268718701,0.002164593056771,0.0034972774949539,0.0036626644056636,-0.0072283394507839,-0.010288844524727,-0.0015254114727879,0.0084605185159727,2,6,0,0,1,xg_MSFT,0.37900796578682977,6.83137060729421
2025-06-05,464.9788818359375,466.93750520910584,461.3499686746429,462.2745901279283,20131700,73.76392008507489,452.36152801513674,448.2650387127715,13.486478307209836,14.667139198879193,436.6347121862195,452.36152801513674,468.088343844054,0.0082135065714339,0.0196214738188957,0.0333870404588554,0.0081799592950018,0.0089941788177692,0.0090766164842445,0.9908084168768286,0.9131009775157304,0.0196214738188957,0.0333870404588554,-0.0137655666399596,460.69378051757815,457.20603942871094,452.36152801513674,1.0076283793040557,1.0107093798069673,0.017919636413469,0.4214591850424001,18837970.0,1.0686767204746015,0.0019439789824056,0.002164593056771,0.0034972774949539,0.0028861999642286,0.0233462427469777,-0.0122225382128086,0.0022561342022029,3,6,0,0,1,xg_MSFT,0.3569334756987945,6.433492366277958
2025-06-06,467.6632995605469,470.6061954238558,466.0725343793748,467.37496597576217,15285600,75.11883209269469,454.00264129638674,450.1124921268454,13.422302186938964,14.418171796491146,439.1479632088452,454.00264129638674,468.8573193839283,0.0057732035356319,0.0217655717260596,0.034120447799709,0.0057566024597148,0.0090122705890333,0.0089317968527825,1.0088968480488896,0.6405226026006954,0.0217655717260596,0.034120447799709,-0.0123548760736493,462.6862060546875,458.74907836914065,454.00264129638674,1.0085823119242951,1.0104546463853177,0.018567984202439,-0.2407198597237193,18563970.0,0.8234014599247456,0.0082135065714339,0.0019439789824056,0.002164593056771,0.0036626644056636,-0.0072283394507839,0.0050599003103872,0.0025157819781163,4,6,0,0,1,xg_MSFT,0.3935614110987217,7.093686937063491
2025-06-09,470.0196228027344,470.69568816704816,465.9134708467471,466.98725027602023,16469900,76.27694833855888,455.7337829589844,452.0084093340729,13.40702984779091,14.2159434067511,441.9797719579639,455.7337829589844,469.4877939600049,0.0050385036508138,0.0233348553301293,0.0501355488432664,0.0050258528675115,0.0076222419000473,0.0089180837641938,0.8545992056546489,0.6609397572419295,0.0233348553301293,0.0501355488432664,-0.026800693513137,464.8297546386719,460.9930450439453,455.7337829589843,1.0083227060277251,1.011540206764602,0.0193523232614164,0.077478149369341,18522610.0,0.8891781449806,0.0057732035356319,0.0082135065714339,0.0019439789824056,0.0034972774949539,0.0028861999642286,-0.010288844524727,0.0101261207522094,0,6,0,0,0,xg_MSFT,0.31783474867593337,5.72876339306999
2025-06-10,468.2001953125,470.06931180763127,464.26304461137784,468.4686249933991,15375900,73.43466683198257,456.8514541625977,453.5504841891612,13.097138160088718,13.992182357418624,442.8496080716795,456.8514541625977,470.8533002535159,-0.0038709607045448,0.0171718032946006,0.0222058494994537,-0.0038784722638327,0.0045594423785488,0.0077015738044237,0.5919375126182163,-0.8488125456321705,0.0171718032946006,0.0222058494994537,-0.005034046204853,466.41057739257815,462.0101379394531,456.8514541625976,1.009524551718174,1.011291818664146,0.0204167433625273,-0.0664242041542449,17962770.0,0.855987133387509,0.0050385036508138,0.0057732035356319,0.0082135065714339,0.002164593056771,0.0036626644056636,0.0233462427469777,-0.0015254114727879,1,6,0,0,1,xg_MSFT,0.3846517240321492,6.9330956570875815
2025-06-11,469.8903503417969,472.72389606625393,466.9474544926898,467.30536072753216,16399200,74.38937455860875,458.05958557128906,455.1066619179836,12.839917573370371,13.761729400608974,443.92989070103624,458.05958557128906,472.1892804415419,0.0036098981722312,0.0188630415893593,0.0333654245928665,0.003603398128126,0.0031317256477376,0.0076776238627646,0.4078498574365742,1.1523186445765536,0.0188630415893593,0.0333654245928665,-0.0145023830035071,468.1504699707031,463.52732543945314,458.05958557128906,1.009973833855139,1.0119367436909867,0.0214749768580562,0.0665522018223323,17894060.0,0.9164605461253112,-0.0038709607045448,0.0050385036508138,0.0057732035356319,0.0019439789824056,0.0034972774949539,-0.0072283394507839,-0.0122225382128086,2,6,0,0,1,xg_MSFT,0.3935411479211761,7.093321706545953
2025-06-12,476.104248046875,477.6453141185156,470.7851412769109,472.2764779222473,18950600,77.57959610081015,459.38985748291014,457.1064320254971,12.98776316910022,13.606936154307224,443.7272314244589,459.38985748291014,475.05248354136137,0.0132241441020402,0.02392660536971,0.0440175544494425,0.0131374684134186,0.0044230105400264,0.0079362218329054,0.5572492029503265,2.9891755416027994,0.02392660536971,0.0440175544494425,-0.0200909490797325,470.37554321289065,465.5346618652344,459.38985748291014,1.010398541170405,1.013376012295946,0.0230741182735653,0.1555807600370748,18391640.0,1.0303920694401898,0.0036098981722312,-0.0038709607045448,0.0050385036508138,0.0082135065714339,0.002164593056771,0.0028861999642286,0.0050599003103872,3,6,0,0,0,xg_MSFT,0.3472077144931803,6.2581918838839705
2025-06-13,472.2168273925781,476.4124557062983,470.0295518485209,473.6584649544854,16814500,71.57295442523576,460.47505187988287,458.54551729855245,12.645480285422082,13.414644980530197,444.3999756682653,460.47505187988287,476.5501280915004,-0.0081650618960957,0.0097367653957667,0.0317142633874278,-0.0081985785825411,0.0059409759256908,0.008314443398477,0.7144508886656448,-1.374132443181599,0.0097367653957667,0.0317142633874278,-0.0219774979916611,471.2862487792969,466.98622741699216,460.4750518798828,1.009208026082673,1.0141401266160406,0.0228945608717712,-0.112719386193577,16596040.0,1.0131633811438745,0.0132241441020402,0.0036098981722312,-0.0038709607045448,0.0057732035356319,0.0019439789824056,0.0036626644056636,-0.010288844524727,4,6,0,0,1,xg_MSFT,0.44186701085777125,7.96436376750059
2025-06-16,476.3727416992187,477.9137775383536,472.2566377036087,472.465416353128,15626100,73.89955510442717,461.7113723754883,460.243348193854,12.56472782511662,13.244661549447482,444.71813017065614,461.7113723754883,478.7046145803204,0.0088008602522449,0.0135167099164936,0.0371669757170636,0.0087623584162708,0.0062069029523983,0.008437392367375,0.7355551486792449,1.4176865069781406,0.0135167099164936,0.0371669757170636,-0.0236502658005699,472.55687255859374,468.6933135986328,461.7113723754883,1.0082432559796863,1.0151218740556958,0.0227668362056561,-0.0706770941746707,16496000.0,0.947266003879671,-0.0081650618960957,0.0132241441020402,0.0036098981722312,0.0050385036508138,0.0082135065714339,0.0034972774949539,0.0233462427469777,0,6,0,0,0,xg_MSFT,0.3901437227942753,7.032085341489059
2025-06-17,475.2790832519531,475.97502218951,471.34193242947174,472.6543160369655,15414100,72.22432892549209,462.664338684082,461.675322961292,12.271029037629717,13.04993504708393,444.84996910177904,462.664338684082,480.47870826638496,-0.0022958040029,0.0151193613550895,0.0325507913488196,-0.0022984434013784,0.0064815549566668,0.0083185109062416,0.779078846065832,-0.3541511052735489,0.0151193613550895,0.0325507913488196,-0.0174314299937301,473.9726501464844,470.1916137695313,462.66433868408205,1.008041479827002,1.016269408415739,0.0237929920774729,-0.0135670448800404,16463030.0,0.9362857262605404,0.0088008602522449,-0.0081650618960957,0.0132241441020402,-0.0038709607045448,0.0057732035356319,0.002164593056771,-0.0072283394507839,1,6,0,0,1,xg_MSFT,0.36246623971394193,6.533216817693398
2025-06-18,477.4663391113281,478.2219594008936,471.71972301658775,475.2392860574369,17526500,73.51732168454863,463.7614639282226,463.17922926129546,12.075564312139877,12.855060900095118,445.1153997807393,463.7614639282226,482.4075280757059,0.0046020452749768,0.0161228864649392,0.035290054732227,0.0045914882415267,0.0064775840900261,0.0082914812674746,0.7811394299355275,0.7103473862540072,0.0161228864649392,0.035290054732227,-0.0191671682672878,475.48784790039065,471.81915893554685,463.76146392822267,1.007775625248285,1.017374654071239,0.0245596034978997,0.1370433564074451,16799410.0,1.0432806866431,-0.0022958040029,0.0088008602522449,-0.0081650618960957,0.0036098981722312,0.0050385036508138,0.0019439789824056,0.0028861999642286,2,6,0,0,0,xg_MSFT,0.37179844865524997,6.701423778015273
2025-06-20,474.6427307128906,480.6677282539423,474.11579298541653,479.4448516392065,37576200,69.0486709140264,464.99579162597655,464.2709913043045,11.559564050275128,12.59596153013112,446.9385473903151,464.99579162597655,483.053035861638,-0.0059137329004027,-0.0030697422675389,0.0207834145903489,-0.0059312882648514,0.006862768790523,0.007812577050429,0.878313318756642,-0.8615868454904764,-0.0030697422675389,0.0207834145903489,-0.0238531568578879,475.19554443359374,472.78554382324216,464.99579162597655,1.005097449873071,1.0167523068757822,0.0214893269139456,1.1439648532222635,18543860.0,2.0263418727275755,0.0046020452749768,-0.0022958040029,0.0088008602522449,0.0132241441020402,-0.0038709607045448,0.0082135065714339,0.0036626644056636,4,6,0,0,1,xg_MSFT,0.42962917222319047,7.743784733042761
2025-06-23,483.1930847167969,484.932977511559,469.7810065395394,475.4480677233998,24864000,74.16894487995313,466.5438003540039,466.0730954388276,11.705636938866292,12.417896611878156,447.7982574925128,466.5438003540039,485.289343215495,0.0180142946486592,0.023244104588195,0.0332071923771717,0.0178539599243015,0.0084927965768396,0.0085229733970849,0.9963424545346412,2.120876628689162,0.023244104588195,0.0332071923771717,-0.0099630877889766,477.3907958984375,474.3385223388672,466.5438003540039,1.0064348000759462,1.0167073744822004,0.0224485736396477,-0.3383045651236687,19501700.0,1.2749657722146648,-0.0059137329004027,0.0046020452749768,-0.0022958040029,-0.0081650618960957,0.0036098981722312,0.0057732035356319,0.0034972774949539,0,6,0,0,1,xg_MSFT,0.3953841915217095,7.126541361585412
2025-06-24,487.2793273925781,489.009298556199,483.9884469122188,486.1260537385937,22305600,76.1956689279422,468.5287689208985,468.09273657728,12.012652014447385,12.336847692392002,449.8308336096371,468.5287689208985,487.2267042321598,0.0084567490823594,0.0228950666959988,0.0367212425875409,0.0084211911091003,0.0086378968704773,0.0079559440825035,1.0855796874922292,0.9789153880583576,0.0228950666959988,0.0367212425875409,-0.0138261758915421,479.5721130371094,476.0644927978516,468.5287689208984,1.0073679518055283,1.0160838018427538,0.0226632723684455,-0.1028957528957529,20085270.0,1.110545190579907,0.0180142946486592,-0.0059137329004027,0.0046020452749768,0.0088008602522449,0.0132241441020402,0.0050385036508138,0.002164593056771,1,6,0,0,1,xg_MSFT,0.34730297102776,6.259908820595656
2025-06-25,489.4268798828125,491.7036624656625,486.56353883181055,489.1982276680394,17495100,77.2078140128122,470.098649597168,470.12455974923546,12.287609300639929,12.327000014041587,449.900360408354,470.098649597168,490.296938785982,0.0044072308622775,0.0297673453964297,0.0453367700031495,0.0043975474612389,0.0082242004891773,0.006575503452979,1.250543020007363,0.535820478549621,0.0297673453964297,0.0453367700031495,-0.0155694246067197,482.4016723632813,478.1871612548828,470.098649597168,1.008813517906542,1.0172059878594546,0.0251376115040086,-0.2156633311814073,20297190.0,0.86194690003883,0.0084567490823594,0.0180142946486592,-0.0059137329004027,-0.0022958040029,-0.0081650618960957,-0.0038709607045448,0.0019439789824056,2,6,0,0,1,xg_MSFT,0.34057404993235396,6.138624420426049
2025-06-26,494.5769653320313,495.1635541172166,489.9637493151316,490.13278082199906,21578900,79.4629848307741,472.0915740966797,472.4533602809303,12.773834967530265,12.416367004739325,450.46768414470864,472.0915740966797,493.7154640486508,0.0105226861476261,0.0358362984342517,0.0525369694701698,0.0104677080277664,0.0084314073519033,0.0062644199156644,1.3457050709121074,1.2478863637026514,0.0358362984342517,0.0525369694701698,-0.0167006710359181,485.82379760742185,480.65582275390625,472.09157409667966,1.0107519239523737,1.0181410750098936,0.0277655945855123,0.2334253591005481,20815160.0,1.0366915267525671,0.0044072308622775,0.0084567490823594,0.0180142946486592,0.0046020452749768,0.0088008602522449,0.0036098981722312,0.0082135065714339,3,6,0,0,0,xg_MSFT,0.3395015241547109,6.119292845012467
2025-06-27,493.07568359375,496.4162632322767,490.1824867596744,494.6763704185467,34539200,77.06908423993437,473.9438140869141,474.4173910726274,12.88944986739591,12.51098357727064,451.77301229379975,473.9438140869141,496.1146158800284,-0.0030354865744171,0.0388354264968389,0.0356464694791045,-0.0030401030082378,0.008270895296198,0.0064678473678426,1.2785732644293906,-0.3669638535937803,0.0388354264968389,0.0356464694791045,0.0031889570177343,489.51038818359376,482.35296630859375,473.9438140869141,1.0148385567725955,1.0177429306422756,0.031570354439756,0.6006005866842146,22374020.0,1.54371900981578,0.0105226861476261,0.0044072308622775,0.0084567490823594,-0.0059137329004027,-0.0022958040029,0.0132241441020402,0.0057732035356319,4,6,0,0,1,xg_MSFT,0.4312608568776699,7.773194781366794
2025-06-30,494.53717041015625,497.86782827206525,492.4691666337086,494.1693122308427,28369000,77.77114658953366,475.7856140136719,476.3335605333445,12.94972886697667,12.598732635211848,453.18028391590366,475.7856140136719,498.3909441114401,0.0029640212750998,0.0234773345318222,0.047267148739327,0.0029596372248494,0.0072004695207392,0.0064712673362745,1.1125111412477462,0.4115856168749842,0.0234773345318222,0.047267148739327,-0.0237898142075048,491.7792053222656,484.5850006103516,475.7856140136719,1.0148461151353276,1.01849443601804,0.0323405241618725,-0.1786433964886273,23529470.0,1.2056795159431468,-0.0030354865744171,0.0105226861476261,0.0044072308622775,0.0180142946486592,0.0046020452749768,-0.0081650618960957,0.0050385036508138,0,6,0,1,0,xg_MSFT,0.36588703627227775,6.594874437510529
2025-07-01,489.2080993652344,495.1734457101395,488.1443023264632,493.60258452282886,19945400,69.42456328654939,477.28092498779296,477.55970708876254,12.424269665150405,12.56384004119956,455.3193076047908,477.28092498779296,499.2425423707951,-0.0107758756343877,0.0039582470756087,0.0269439381024028,-0.0108343558789041,0.0084925687259359,0.0072570587281123,1.170088179783121,-1.2687100066056551,0.0039582470756087,0.0269439381024028,-0.022985691026794,492.1649597167969,485.8685363769531,477.28092498779296,1.012959109035533,1.0179927814826872,0.0304247512425009,-0.2969297472593324,23961400.0,0.8323971053443943,0.0029640212750998,-0.0030354865744171,0.0105226861476261,0.0084567490823594,-0.0059137329004027,0.0088008602522449,-0.0038709607045448,1,7,1,0,0,xg_MSFT,0.44987616474001574,8.108723526026706
2025-07-02,488.2536926269531,490.6497772469701,485.87751191483574,487.1600396387865,16319600,68.01666197052131,478.6788055419922,478.57818190192353,11.794862976162676,12.410044628192184,457.7336623903199,478.6788055419922,499.6239486936644,-0.0019509217846548,-0.0023970633900212,0.0272989277925406,-0.0019528273113191,0.0084707231057361,0.0073452956230457,1.1530604729767482,-0.2302863018898565,-0.0023970633900212,0.0272989277925406,-0.0296959911825618,491.930322265625,487.16599731445314,478.6788055419922,1.0097796746436238,1.0177304523914552,0.0271406379997571,-0.1817862765349404,24051950.0,0.678514631869737,-0.0107758756343877,0.0029640212750998,-0.0030354865744171,0.0044072308622775,0.0180142946486592,-0.0022958040029,0.0036098981722312,2,7,0,0,1,xg_MSFT,0.3840426908377499,6.922118232234653
2025-07-03,495.9589538574219,497.2415119784696,490.59014753996934,490.9580057562307,13984800,72.81064523315459,480.4172088623047,480.2334935167329,11.78198839803406,12.28443338216056,459.8149316382504,480.4172088623047,501.01948608635894,0.0157812656551803,0.0027942840493244,0.0387307192806778,0.0156580362686664,0.0094288678100607,0.0078753123163731,1.1971170557140167,1.6735404963305331,0.0027942840493244,0.0387307192806778,-0.0359364352313533,492.20671997070315,489.0152587890625,480.4172088623047,1.0065263018367638,1.0178970481659455,0.0237711427865212,-0.1430672320400009,23697780.0,0.590131227482043,-0.0019509217846548,-0.0107758756343877,0.0029640212750998,0.0105226861476261,0.0084567490823594,0.0046020452749768,0.0132241441020402,3,7,0,0,0,xg_MSFT,0.40959114238998895,7.382612355711756
2025-07-07,494.8453979492187,495.8694479262707,492.36978876052433,494.5073652747992,13981600,71.15082143753192,481.9105346679688,481.6251034626839,11.54880313305631,12.13730733233971,461.6938873479367,481.9105346679688,502.1271819880008,-0.0022452582003859,0.0035891333001258,0.0425639453194293,-0.0022477825718647,0.0090715042049322,0.0079049234118595,1.147431328682515,-0.2474794334253691,0.0035891333001258,0.0425639453194293,-0.0389748120193034,492.5606628417969,491.0355255126953,481.9105346679688,1.0031059612795006,1.018935030857986,0.0215221324033027,-0.0002288198615639,21338320.0,0.6552343389732344,0.0157812656551803,-0.0019509217846548,-0.0107758756343877,-0.0030354865744171,0.0044072308622775,-0.0059137329004027,-0.0081650618960957,0,7,0,0,0,xg_MSFT,0.41611744644901366,7.50024471636816
2025-07-08,493.7517395019531,495.3226311177228,491.25622643335066,494.36815380384166,11846600,69.4756694552204,483.21495666503904,482.7800211807095,11.147254423869526,11.939296750645672,463.5087672772908,483.21495666503904,502.92114605278726,-0.0022101012797087,-0.0015882141023934,0.0218518333956387,-0.0022125471579652,0.0078212160639338,0.0079666569554944,0.9816205827662282,-0.2825415792206192,-0.0015882141023934,0.0218518333956387,-0.0234400474980321,492.40357666015626,492.0913909912109,483.21495666503904,1.00063440587391,1.0183695355529423,0.0186097977181523,-0.152700692338502,20036580.0,0.5912486062990495,-0.0022452582003859,0.0157812656551803,-0.0019509217846548,0.0029640212750998,0.0105226861476261,0.0180142946486592,0.0088008602522449,1,7,0,0,1,xg_MSFT,0.4068959435483557,7.334033159996639
2025-07-09,500.60198974609375,503.8530929514779,496.85374394735805,497.4105072423231,18659500,73.65894831762802,484.744075012207,484.4773515202699,11.252075204821438,11.801852441480824,464.607624422798,484.744075012207,504.88052560161606,0.0138738756668492,0.0232904778061593,0.0273409143474336,0.0137785144612392,0.0084645244247512,0.0083367344327497,1.0152067678605214,1.638867832722248,0.0232904778061593,0.0273409143474336,-0.0040504365412743,494.68235473632814,493.4236572265625,484.744075012207,1.0025509468209135,1.0179054941808972,0.0198526572560405,0.575093275707798,19671970.0,0.9485323533941468,-0.0022101012797087,-0.0022452582003859,0.0157812656551803,-0.0107758756343877,-0.0030354865744171,0.0084567490823594,-0.0022958040029,2,7,0,0,0,xg_MSFT,0.4188357335814754,7.549240063419334
2025-07-10,498.5836791992187,501.52657502305914,494.8752111441128,500.1445884984204,16492100,70.58938698850976,486.263249206543,485.82081129921744,11.044966141089162,11.650475181402491,466.80916867128377,486.263249206543,505.7173297418022,-0.0040317669290502,0.0211570065485569,0.0187092284726957,-0.0040399164132587,0.0086965723886055,0.0083439768349208,1.0421325979256577,-0.4635508333718709,0.0211570065485569,0.0187092284726957,0.0024477780758611,496.7483520507813,494.33933715820314,486.263249206543,1.004873200879434,1.0166084686943508,0.0210297755054447,-0.1161553096278035,19571670.0,0.8426516490416586,0.0138738756668492,-0.0022101012797087,-0.0022452582003859,-0.0019509217846548,0.0029640212750998,0.0044072308622775,0.0046020452749768,3,7,0,0,1,xg_MSFT,0.38199113267284107,6.885140238598511
2025-07-11,500.4130554199219,502.1131707269345,494.9249170598048,495.5910607887763,16459500,71.7389653536063,487.7893844604493,487.2105488345226,10.902765790915224,11.50093330330504,468.9646842398946,487.7893844604493,506.6140846810039,0.0036691458164883,0.0089807866716737,0.0118001655899451,0.0036624309212518,0.0081962590733195,0.0083441473936279,0.982158694953418,0.4476064235215772,0.0089807866716737,0.0118001655899451,-0.0028193789182713,497.63917236328126,494.9229461669922,487.7893844604493,1.005488179962811,1.0146242659922446,0.0196833152056086,-0.0019767039976715,19059730.0,0.8635746676369045,-0.0040317669290502,0.0138738756668492,-0.0022101012797087,0.0157812656551803,-0.0107758756343877,0.0105226861476261,-0.0059137329004027,4,7,0,0,0,xg_MSFT,0.3757207938753696,6.772121484309544
2025-07-14,500.1147766113281,501.05930198422453,498.1362796464767,498.6234399223271,12058800,71.24994929800522,488.98991088867194,488.4395229085041,10.643312896037456,11.329409221851524,470.24058409687154,488.98991088867194,507.73923768047234,-0.0005960652012634,0.0106485352474676,0.0142758875600479,-0.0005962429187498,0.0080916995431286,0.0080355218642356,1.0068658655852738,-0.0736546807510651,0.0106485352474676,0.0142758875600479,-0.0036273523125802,498.69304809570315,495.62685546875,488.9899108886719,1.0061864941197611,1.013572763838862,0.0194018206636037,-0.2673653513168686,16811690.0,0.7172866023581974,0.0036691458164883,-0.0040317669290502,0.0138738756668492,-0.0022452582003859,-0.0019509217846548,-0.0030354865744171,0.0180142946486592,0,7,0,0,1,xg_MSFT,0.42685260337472786,7.69373889619303
2025-07-15,502.8986206054687,505.36427783294863,499.88612172349406,500.11477392946824,14927200,73.0934098573475,490.5240005493165,489.81657983202456,10.54081954606704,11.171691286694628,472.54829052762653,490.5240005493165,508.49971057100635,0.005566410200881,0.0185252635519663,0.0169076273647492,0.0055509749922624,0.0081871649376982,0.0076544789299856,1.0694516976109791,0.6798116846979095,0.0185252635519663,0.0169076273647492,0.0016176361872171,500.5224243164063,496.4630004882813,490.5240005493164,1.0081766895501427,1.0121074604551743,0.0198815891661269,0.2378677812054268,15467510.0,0.9650680684867206,-0.0005960652012634,0.0036691458164883,-0.0040317669290502,-0.0022101012797087,0.0157812656551803,0.0029640212750998,0.0084567490823594,1,7,0,0,0,xg_MSFT,0.44975243322634584,8.106493346447431
2025-07-16,502.6997985839844,503.7934516278089,498.9913605307617,502.2623373664546,15154400,72.73470176655718,491.8403533935547,491.0435530464969,10.32453474256937,11.002259977869576,474.3795072649563,491.8403533935547,509.3011995221531,-0.0003953520915307,0.0041905723126562,0.0275786505502586,-0.0003954302637731,0.0070005314813453,0.0075748675439668,0.9240567421113868,-0.0564665163020555,0.0041905723126562,0.0275786505502586,-0.0233880782376023,500.9419860839844,497.8121704101562,491.84035339355466,1.0062871417371122,1.0121417792895555,0.0181055029583608,0.0152205370062703,14988410.0,1.011074556940929,0.005566410200881,-0.0005960652012634,0.0036691458164883,0.0138738756668492,-0.0022452582003859,-0.0107758756343877,0.0044072308622775,2,7,0,0,1,xg_MSFT,0.422294935545566,7.61158991554744
2025-07-17,508.7446594238281,510.40499725185873,502.6997578215743,502.75940886082554,17503100,76.50926017672646,493.5136322021485,492.7293727014808,10.519633442237364,10.905734670743136,476.3232548143707,493.5136322021485,510.7040095899262,0.0120247926433849,0.0203796888035507,0.0419678685615818,0.0119530692246572,0.0073451903029391,0.0077505521357998,0.9475767142190864,1.636874644885522,0.0203796888035507,0.0419678685615818,-0.021588179758031,502.97418212890625,499.86126708984375,493.5136322021484,1.0062275580126174,1.01286212674485,0.0185958707408786,0.1549846909148498,15106760.0,1.158626998773982,-0.0003953520915307,0.005566410200881,-0.0005960652012634,-0.0040317669290502,-0.0022101012797087,-0.0019509217846548,0.0105226861476261,3,7,0,0,0,xg_MSFT,0.3851869611698297,6.9427429563011795
2025-07-18,507.1041564941406,511.66767331118785,504.4992933518648,511.5085634207008,21209700,73.53403604494407,494.9955230712891,494.0983997293531,10.421740355651934,10.808935807724897,478.5354608534925,494.9955230712891,511.45558528908566,-0.0032246096333383,0.0133711560914491,0.0224720262635338,-0.0032298198906941,0.0063970731502552,0.0078850210090641,0.8111914922497009,-0.5039969937214185,0.0133711560914491,0.0224720262635338,-0.0091008701720847,504.31240234375,500.9757873535156,494.9955230712891,1.0066602320400764,1.0120814512525709,0.0183727132841369,0.2117682010615262,15829250.0,1.3399055545903098,0.0120247926433849,-0.0003953520915307,0.005566410200881,0.0036691458164883,0.0138738756668492,0.0157812656551803,-0.0030354865744171,4,7,0,0,0,xg_MSFT,0.41200227799929806,7.426071497520134
2025-07-21,507.1141357421875,509.1324405638626,502.6301736290422,503.7834776665751,14066800,73.54077648531687,496.619093322754,495.3379936353374,10.227073286454528,10.692563303470822,482.3521655151538,496.619093322754,510.88602113035427,1.9678892233532252e-05,0.0139955055483174,0.0247930724299225,1.9678698606639955e-05,0.0062591099822841,0.0076379599143461,0.8193667793084406,0.0031435377795634,0.0139955055483174,0.0247930724299225,-0.0107975668816051,505.7122741699219,502.2026611328125,496.6190933227539,1.0069884397450082,1.0112431597679832,0.0179312312678085,-0.3367751547640938,15837770.0,0.8881805961318489,-0.0032246096333383,0.0120247926433849,-0.0003953520915307,-0.0005960652012634,-0.0040317669290502,-0.0022452582003859,0.0029640212750998,0,7,0,0,0,xg_MSFT,0.39310904991192547,7.0855334226407924
2025-07-22,502.3517761230469,508.2475501614973,502.3517761230469,508.018867615488,13868600,65.02906114034172,497.5770278930665,496.0059729198812,9.578105176736416,10.46967167812394,484.59045174487153,497.5770278930665,510.56360404126144,-0.0093911001162897,-0.0010873851309503,0.0174177343248826,-0.0094354745318856,0.0071972839035654,0.0073187521906044,0.9832687932801644,-1.3046304149851768,-0.0010873851309503,0.0174177343248826,-0.0185051194558329,505.6029052734375,503.0626647949219,497.5770278930664,1.0050495507941364,1.0110246988794551,0.0159766079505314,-0.0140899138396792,16039970.0,0.8646275522958669,1.9678892233532252e-05,-0.0032246096333383,0.0120247926433849,0.005566410200881,0.0036691458164883,-0.0022101012797087,-0.0107758756343877,1,7,0,0,1,xg_MSFT,0.4249125758512069,7.658771169396024
2025-07-23,502.94830322265625,503.8630030405687,497.80817995491657,503.8232255681408,16396600,65.56666288431336,498.3604766845704,496.6671472344312,9.008088390154228,10.17735502053,486.12054949918814,498.3604766845704,510.6004038699527,0.0011874688773136,0.0004943400402623,0.0046869839206042,0.0011867643937932,0.0058068898860519,0.0071584773856739,0.8110773417165144,0.2044578841216471,0.0004943400402623,0.0046869839206042,-0.0041926438803419,505.65260620117186,503.29729614257815,498.3604766845703,1.004679759014494,1.0099061215505107,0.0144987655189947,0.1822822779516317,15813680.0,1.0368617551385233,-0.0093911001162897,1.9678892233532252e-05,-0.0032246096333383,-0.0003953520915307,-0.0005960652012634,0.0138738756668492,-0.0019509217846548,2,7,0,0,1,xg_MSFT,0.41991075391014626,7.568616601483066
2025-07-24,507.9294128417969,510.703277326071,504.37007217269974,505.831583388195,16107000,69.74861659653571,499.28560333251954,497.7397439589422,8.856191237633482,9.913122263950696,487.0918747096299,499.28560333251954,511.4793319554091,0.009903820307622,-0.0016024671059045,0.01874456391671,0.0098550989005534,0.0062577267982314,0.0073738744593748,0.8485197724656494,1.5824017610771235,-0.0016024671059045,0.01874456391671,-0.0203470310226145,505.4895568847657,504.2318695068359,499.28560333251954,1.0024942639566987,1.0099066869569284,0.012214204169701,-0.0176621982606149,15775170.0,1.0210349555661826,0.0011874688773136,-0.0093911001162897,1.9678892233532252e-05,0.0120247926433849,0.005566410200881,-0.0040317669290502,0.0157812656551803,3,7,0,0,1,xg_MSFT,0.41583158501305334,7.495092251017401
2025-07-25,510.7430725097656,515.2965768746373,507.41238413754473,509.5101831979357,19125700,71.82984387844043,500.0939086914062,498.97815620187777,8.860709724269896,9.702639756014536,487.09756498472825,500.0939086914062,513.0902523980842,0.0055394698492192,0.0071758749539396,0.0206429807894905,0.0055241834126338,0.0063446089375355,0.0071472805236196,0.8875713420271425,0.8729611143309137,0.0071758749539396,0.0206429807894905,-0.0134671058355508,506.21734008789065,505.26487121582034,500.0939086914062,1.001885088250403,1.010339983020279,0.0119892598178457,0.1874154094493076,16041790.0,1.192242262241234,0.009903820307622,0.0011874688773136,-0.0093911001162897,-0.0032246096333383,-0.0003953520915307,0.0036691458164883,-0.0022452582003859,4,7,0,0,0,xg_MSFT,0.4480322046277415,8.07548735146277
2025-07-28,509.5400085449219,512.0255695622142,507.1737496018482,511.1109000989904,14308000,69.62419541067194,500.9171249389648,499.9840469012153,8.667302185558526,9.495572241923334,487.70853020601805,500.9171249389648,514.1257196719116,-0.0023555169508848,0.0047836820781657,0.0188461376755495,-0.0023582955451457,0.0064500753546371,0.0071254851338548,0.905085078195924,-0.3651355504926302,0.0047836820781657,0.0188461376755495,-0.0140624555973838,506.7025146484375,506.2073944091797,500.9171249389648,1.0009780976033265,1.0105611671209274,0.0113541421918836,-0.2518966626058131,16266710.0,0.8795878207700955,0.0055394698492192,0.009903820307622,0.0011874688773136,1.9678892233532252e-05,0.0120247926433849,-0.0005960652012634,-0.0022101012797087,0,7,0,0,0,xg_MSFT,0.3677609322377293,6.62865018624166
2025-07-29,509.609619140625,514.6304403339567,508.6054427654301,512.5525452747698,16469200,69.68220506802085,501.6707473754883,500.9007680668734,8.42255237015064,9.280968267568795,488.2762093644699,501.6707473754883,515.0652853865067,0.0001366145828312,0.0144477303804742,0.013344635002332,0.0001366052519085,0.0063334584852831,0.007126459654087,0.8885996964783128,0.0215668921263915,0.0144477303804742,0.013344635002332,0.0011030953781421,508.1540832519531,506.8784942626953,501.6707473754883,1.0025165577227997,1.0103808063644364,0.0127221614996159,0.1510483645512998,16420910.0,1.0029407627225897,-0.0023555169508848,0.0055394698492192,0.009903820307622,-0.0093911001162897,-0.0032246096333383,0.005566410200881,0.0138738756668492,1,7,0,0,1,xg_MSFT,0.4103904341571055,7.3970190668561955
2025-07-30,510.2757568359375,512.9701269930791,506.49771598970693,512.1946027794743,26380400,70.26737117325452,502.72413024902346,501.7936241401176,8.18795250334432,9.0623651147239,490.1689793804276,502.72413024902346,515.2792811176193,0.0013071529074271,0.0145689995697975,0.0150705416498937,0.0013062993268251,0.0063043074687512,0.0065145451374221,0.9675794328462796,0.2073099391116581,0.0145689995697975,0.0150705416498937,-0.0005015420800962,509.61957397460935,507.63609008789064,502.72413024902346,1.0039072948623005,1.0097706864328038,0.0135131713259168,0.6018021518956598,17543510.0,1.5037127689954004,0.0001366145828312,-0.0023555169508848,0.0055394698492192,0.0011874688773136,1.9678892233532252e-05,-0.0003953520915307,-0.0040317669290502,2,7,0,0,1,xg_MSFT,0.40236488873080367,7.2523638614730475
2025-07-31,530.4187622070312,552.2420017670738,528.8280273057109,552.0232408256204,51617300,81.74266602137816,504.83238372802737,504.519827765538,9.517688620169167,9.153429815812956,488.8228107167691,504.83238372802737,520.8419567392856,0.0394747449810164,0.0442765250380154,0.0426031062571738,0.0387155326682355,0.0133867570483461,0.0105093470525077,1.2736741214603455,2.948570461688575,0.0442765250380154,0.0426031062571738,0.0016734187808415,514.1174438476562,509.8035003662109,504.83238372802737,1.0084619730510802,1.009847063695624,0.0175051502344947,0.956653424512138,20954930.0,2.463253277390931,0.0013071529074271,0.0001366145828312,-0.0023555169508848,0.009903820307622,-0.0093911001162897,0.0120247926433849,0.0036691458164883,3,7,0,1,0,xg_MSFT,0.4049246026751662,7.298501030559448
2025-08-01,521.0829467773438,532.7054326872741,517.8517174087783,531.9100652869249,28977600,68.53934543741076,506.0885833740235,506.0972676714242,9.70630356494098,9.264004565638562,489.0979492744437,506.0885833740235,523.0792174736033,-0.0176008393648103,0.0202447665452778,0.0275659154124181,-0.0177575759919141,0.0149593900341849,0.011201572976177,1.3353530538026366,-1.1764960221352492,0.0202447665452778,0.0275659154124181,-0.0073211488671403,516.1854187011719,511.2013793945313,506.0885833740234,1.0097496593466624,1.0101025713451617,0.01937663742326,-0.4386068236812076,21731720.0,1.3334241376199707,0.0394747449810164,0.0013071529074271,0.0001366145828312,0.0055394698492192,0.0011874688773136,-0.0032246096333383,-0.0005960652012634,4,8,1,0,1,xg_MSFT,0.45406985358750546,8.184312023670557
2025-08-04,532.5463256835938,535.1412365772,525.0796913822776,525.2188973499576,25349000,74.07635748204333,507.97362976074226,508.6162255773451,10.657923237099055,9.54278829993066,488.11214767381665,507.97362976074226,527.8351118476679,0.0219991442382554,0.0451511495718861,0.0501508203950673,0.0217606544409028,0.0160749762477605,0.0119445142640581,1.3456914363349923,1.3684484163952422,0.0451511495718861,0.0501508203950673,-0.0049996708231812,520.7866821289062,513.7445983886719,507.9736297607422,1.0137073630794784,1.011360764200787,0.0240599770390243,-0.1252208602506763,22859940.0,1.1088830504366545,-0.0176008393648103,0.0394747449810164,0.0013071529074271,-0.0023555169508848,0.009903820307622,1.9678892233532252e-05,0.005566410200881,0,8,0,0,0,xg_MSFT,0.39514120756047527,7.122161734662866
2025-08-05,524.7019653320312,534.196796907337,524.1949011418618,534.0774948252555,19171600,65.57175371108339,509.5211410522461,510.14820079207715,10.656275450920475,9.765485730128624,489.5029810848566,509.5211410522461,529.5393010196356,-0.0147299116964016,0.0296155049366162,0.0444911121474962,-0.01483947407291,0.0166839033907157,0.0125839811511016,1.325699513602793,-0.8828287075727468,0.0296155049366162,0.0444911121474962,-0.0148756072108799,523.8051513671875,515.9796173095704,509.5211410522461,1.0151663627691752,1.0126755805342766,0.0272230928388127,-0.2436940313227346,23390240.0,0.8196410126616563,0.0219991442382554,-0.0176008393648103,0.0394747449810164,0.0001366145828312,0.0055394698492192,-0.0093911001162897,-0.0003953520915307,1,8,0,0,0,xg_MSFT,0.40179444931336794,7.242082064198886
2025-08-06,521.908203125,528.6291703469228,521.0034855448089,527.8338028961505,21355700,62.80613002964891,510.58645172119145,511.2682010142603,10.310681192231982,9.874524822549295,490.300899327406,510.58645172119145,530.8720041149769,-0.0053244744476292,0.0227963922119125,0.0376975124100382,-0.0053386999798252,0.0169518961544176,0.0124519406018064,1.3612765608115551,-0.3140746217714448,0.0227963922119125,0.0376975124100382,-0.0149011201981257,526.131640625,517.8756072998046,510.5864517211914,1.0159421166180085,1.0142760458175917,0.0297852932962724,0.1139237205032444,23886150.0,0.8940620401361922,-0.0147299116964016,0.0219991442382554,-0.0176008393648103,0.0013071529074271,-0.0023555169508848,0.0011874688773136,0.0120247926433849,2,8,0,0,0,xg_MSFT,0.3993652086256894,7.198296590198628
2025-08-07,517.8318481445312,525.0399748350125,514.56081112672,523.7573865594029,16079100,58.90242745379561,511.54886016845705,511.8933102647623,9.597236504592672,9.819067158957973,491.84287982395745,511.54886016845705,531.2548405129567,-0.0078104826788715,-0.0237301448578606,0.0194956918272,-0.0078411442575463,0.0171713870763211,0.0125788382747298,1.3649926733012716,-0.4548280122127768,-0.0237301448578606,0.0194956918272,-0.0432258366850606,523.6142578125,518.8658508300781,511.54886016845705,1.009151511849981,1.0143036007532331,0.0232998369785,-0.2470815754107802,23883360.0,0.6732344192776615,-0.0053244744476292,-0.0147299116964016,0.0219991442382554,0.0394747449810164,0.0001366145828312,0.009903820307622,-0.0032246096333383,3,8,0,0,1,xg_MSFT,0.41876332177664854,7.547934888014674
2025-08-08,519.0249633789062,521.629826851029,516.4101479520375,519.5817267008259,15531000,59.69212300196436,512.4794555664063,512.5725153232522,9.024076936055168,9.660069114377412,493.2352481958388,512.4794555664063,531.7236629369737,0.0023040592011676,-0.0039494353272644,0.0162153758218273,0.0023014089269119,0.0171290464953116,0.0125728354062559,1.362276977698414,0.1345039665711477,-0.0039494353272644,0.0162153758218273,-0.0201648111490917,523.2026611328125,519.6940399169922,512.4794555664063,1.0067513208663712,1.0140778020898655,0.0206602886624124,-0.0340877287907905,23523890.0,0.6602224377005393,-0.0078104826788715,-0.0053244744476292,-0.0147299116964016,-0.0176008393648103,0.0013071529074271,0.0055394698492192,1.9678892233532252e-05,4,8,0,0,0,xg_MSFT,0.3876380816333128,6.986922798944892
2025-08-11,518.7565307617188,524.5429245664681,516.7183220142601,519.2834381856256,20194400,59.415504714894674,513.4115432739259,513.1614691745348,8.450768382285048,9.41820896795894,494.89694962895754,513.4115432739259,531.9261369188943,-0.0005171863323104,-0.0258940757955168,0.0180879264871001,-0.0005173201192922,0.0170900283115431,0.0125720229791433,1.359261677950704,-0.0302606913336604,-0.0258940757955168,0.0180879264871001,-0.0439820022826169,520.4447021484375,520.6156921386719,513.4115432739258,0.9996715619739928,1.0140319183686572,0.0135577259416562,0.3002639881527267,24112530.0,0.8375064748493486,0.0023040592011676,-0.0078104826788715,-0.0053244744476292,0.0219991442382554,0.0394747449810164,-0.0023555169508848,-0.0093911001162897,0,8,0,0,1,xg_MSFT,0.3855046163092249,6.948468482354478
2025-08-12,526.183349609375,527.9132904806338,519.6811434112465,520.7250669698358,18667000,64.33935944076211,514.575779724121,514.4016482635672,8.497742746725123,9.234115723712176,495.91683572212946,514.575779724121,533.2347237261126,0.0143165789869692,0.0028232870757523,0.0325224050846979,0.0142150645161267,0.0175084077580531,0.0128551861772696,1.3618663821941852,0.8176506701310113,0.0028232870757523,0.0325224050846979,-0.0296991180089456,520.7409790039062,522.2730651855469,514.575779724121,0.9970665035519372,1.0149585071134763,0.011716827004051,-0.0756348294576714,24332310.0,0.7671692494464863,-0.0005171863323104,0.0023040592011676,-0.0078104826788715,-0.0147299116964016,-0.0176008393648103,0.0001366145828312,0.0011874688773136,1,8,0,0,0,xg_MSFT,0.41850163895530784,7.543218226372933
2025-08-13,517.5733642578125,529.6233593434064,516.3703308668756,529.0367402367135,19619200,55.87579911731479,515.3194580078125,514.7037164534953,7.7508692122247,8.937466421414682,497.48615181888624,515.3194580078125,533.1527641967388,-0.0163630897061914,-0.0083057496341923,0.014301301451445,-0.0164984436286284,0.0185945661094152,0.0135132248663081,1.3759254632333917,-0.8799457682499154,-0.0083057496341923,0.014301301451445,-0.0226070510856374,519.8740112304688,523.0028259277344,515.3194580078125,0.9940175950450832,1.0149099122894083,0.0087998215077922,0.0510098033963679,23656190.0,0.8293474139326397,0.0143165789869692,-0.0005171863323104,0.0023040592011676,-0.0053244744476292,0.0219991442382554,0.0013071529074271,0.009903820307622,2,8,0,0,1,xg_MSFT,0.3671077934271224,6.616877786513859
2025-08-14,519.4623413085938,522.9123315064297,517.1358902118243,519.5418962511537,20269100,57.20585434413769,515.8553421020508,515.1569188206475,7.228070518735763,8.595587240878897,498.21078477149973,515.8553421020508,533.499899432602,0.003649679796583,0.0031486923214645,-0.0206561714612972,0.0036430358758225,0.0131291899476631,0.0132994481292012,0.9871238788441924,0.2779609290597197,0.0031486923214645,-0.0206561714612972,0.0238048637827618,520.2001098632812,521.9071838378907,515.8553421020508,0.9967291617600348,1.011731664367726,0.0083639706206331,0.0331257135866907,20521370.0,0.9877069610849089,-0.0163630897061914,0.0143165789869692,-0.0005171863323104,-0.0078104826788715,-0.0147299116964016,0.0394747449810164,0.0055394698492192,3,8,0,0,0,xg_MSFT,0.35110020832235744,6.328351538387567
2025-08-15,517.1657104492188,523.0614541020369,516.0820397908819,519.7507304052322,25213300,55.033795991756705,516.3584197998047,515.3482323090828,6.552892208630624,8.187048234429243,499.1973163610495,516.3584197998047,533.5195232385598,-0.0044211691141834,-0.003582203286685,-0.0075174909337396,-0.0044309713846848,0.0120031841390877,0.0133227208524719,0.900888293292396,-0.3683023404970391,-0.003582203286685,-0.0075174909337396,0.0039352876470546,519.8282592773437,521.5154602050782,516.3584197998047,0.996764811292323,1.0099873270339486,0.006709337853287,0.243927949440281,20144940.0,1.2515946932578976,0.003649679796583,-0.0163630897061914,0.0143165789869692,0.0023040592011676,-0.0053244744476292,-0.0176008393648103,-0.0023555169508848,4,8,0,0,0,xg_MSFT,0.28789442462082104,5.1891086412276595
2025-08-18,514.1134643554688,519.8004600468895,511.05129658888984,518.5775833311014,23760600,52.19723860396783,516.7083862304687,515.2306353611195,5.705745499974114,7.690787687538218,500.063330093733,516.7083862304687,533.3534423672045,-0.0059018725179957,-0.0089503767777773,-0.0346126908386119,-0.0059193573972331,0.0090137247722475,0.0134126980237827,0.6719791034706514,-0.6546924800372267,-0.0089503767777773,-0.0346126908386119,0.0256623140608346,518.8996459960938,519.6721740722656,516.7083862304687,0.9985134319005036,1.005735900404905,0.0042622104215306,-0.0576164167324387,19986100.0,1.1888562550972332,-0.0044211691141834,0.003649679796583,-0.0163630897061914,-0.0005171863323104,-0.0078104826788715,0.0219991442382554,0.0001366145828312,0,8,0,0,0,xg_MSFT,0.3562297046423697,6.42080735344678
2025-08-19,506.8257751464844,512.1846290296555,505.6128201320888,512.0255798217245,21481000,46.08902015713531,516.9320861816407,514.4301724835352,4.3956497030167725,7.031760090633929,500.9941941581486,516.9320861816407,532.8699782051327,-0.0141752545191959,-0.0367886488184416,-0.0340692266594329,-0.014276683097723,0.0089381955895547,0.013644120859139,0.6550470077784779,-1.5857416226309566,-0.0367886488184416,-0.0340692266594329,-0.0027194221590087,515.0281311035156,517.884555053711,516.9320861816407,0.994484438814942,1.001842541597883,-0.0037566263822607,-0.0959403382069475,20217040.0,1.0625195379738548,-0.0059018725179957,-0.0044211691141834,0.003649679796583,0.0143165789869692,0.0023040592011676,-0.0147299116964016,0.0013071529074271,1,8,0,0,0,xg_MSFT,0.3612953378652811,6.512112077964875
2025-08-20,502.7991638183594,508.0486674266492,501.5265578024503,506.9251890021903,27723000,43.08871695515743,516.9246292114258,513.3224573725661,2.9979173378804944,6.224991540083242,500.9590734789069,516.9246292114258,532.8901849439446,-0.0079447643067506,-0.0285451328443823,-0.0366137937518945,-0.0079764921050129,0.0090379403722233,0.0137731917718576,0.6561503224231962,-0.8789486355242347,-0.0285451328443823,-0.0366137937518945,0.0080686609075122,512.073291015625,515.9736511230469,516.9246292114258,0.9924407765804852,0.9981603157701548,-0.0096486600314898,0.290582375122201,20853770.0,1.3293999118623958,-0.0141752545191959,-0.0059018725179957,-0.0044211691141834,-0.0163630897061914,-0.0005171863323104,-0.0053244744476292,0.0394747449810164,2,8,0,0,0,xg_MSFT,0.33417109992605876,6.023215435862434
2025-08-21,502.15185546875,505.5278315490841,500.6381609615915,501.6041452591809,18443300,42.6085190170517,516.6357513427735,512.2585905245836,1.817026444567034,5.343398520980001,499.7995620950175,516.6357513427735,533.4719405905295,-0.0012874093598198,-0.0333238513425946,-0.0302800855759741,-0.0012882387831982,0.0089421020048724,0.0135787930804603,0.6584858805940856,-0.1439555714693232,-0.0333238513425946,-0.0302800855759741,-0.0030437657666204,508.61119384765624,514.4056518554687,516.6357513427735,0.9887356253048314,0.9956834201243168,-0.0159803402252221,-0.3347292861522923,21090190.0,0.8744966261564797,-0.0079447643067506,-0.0141752545191959,-0.0059018725179957,0.003649679796583,0.0143165789869692,-0.0078104826788715,-0.0176008393648103,3,8,0,0,1,xg_MSFT,0.35615224529519274,6.419411199393747
2025-08-22,505.1295166015625,508.6150227226763,500.32946944945456,502.1618461633245,24324200,45.61123773147708,516.3550735473633,511.5796311033435,1.1086543940805882,4.496449695600119,498.92843816580256,516.3550735473633,533.781708928924,0.0059298021114209,-0.0232733795077044,-0.0267722128178247,0.005912290029566,0.0092507733956133,0.0135881853031072,0.6807452536170866,0.6409368083131504,-0.0232733795077044,-0.0267722128178247,0.0034988333101202,506.203955078125,513.0161071777344,516.3550735473633,0.9867213679954704,0.9935335846577624,-0.0200960706820966,0.3188637608237137,21969510.0,1.1071799052413502,-0.0012874093598198,-0.0079447643067506,-0.0141752545191959,-0.0044211691141834,-0.0163630897061914,0.0023040592011676,0.0219991442382554,4,8,0,0,0,xg_MSFT,0.4161561668903736,7.500942626989797
2025-08-25,502.17181396484375,506.0855321115255,502.0323791323648,504.5319946732823,21638600,43.19381446802722,515.9866638183594,510.68364851872445,0.3050857180457456,3.658176900089245,497.6648538338914,515.9866638183594,534.3084738028273,-0.0058553351952539,-0.0232276554079281,-0.0319701359181401,-0.0058725448822514,0.0092666532850073,0.0136362540617207,0.6795102036720494,-0.6318034366613965,-0.0232276554079281,-0.0319701359181401,0.0087424805102119,503.815625,511.3576354980469,515.9866638183594,0.985251006390662,0.9910287830192022,-0.024236801986683,-0.1104085643104397,22113930.0,0.978505403607546,0.0059298021114209,-0.0012874093598198,-0.0079447643067506,-0.0059018725179957,0.003649679796583,-0.0005171863323104,-0.0147299116964016,0,8,0,0,0,xg_MSFT,0.35114925446505474,6.329235563019947
2025-08-26,499.96099853515625,502.8888260614155,496.4456179190968,502.2713680297872,30835700,41.42639106288054,515.5042327880859,509.66244375838465,-0.5043289851251984,2.825675723046356,496.0051268424492,515.5042327880859,535.0033387337227,-0.0044025080026539,-0.0135446477822562,-0.0498350073100669,-0.0044122275785083,0.0069299273049497,0.0136603881158397,0.507263774822034,-0.6351975441309108,-0.0135446477822562,-0.0498350073100669,0.0362903595278106,502.4426696777344,508.735400390625,515.5042327880859,0.98763064117799,0.9868694921070736,-0.0261251640600383,0.4250321185289252,23330800.0,1.321673495979507,-0.0058553351952539,0.0059298021114209,-0.0012874093598198,-0.0141752545191959,-0.0044211691141834,0.0143165789869692,-0.0053244744476292,1,8,0,0,1,xg_MSFT,0.3978044638068167,7.170165185997138
2025-08-27,504.6415100097656,505.1892506185915,497.8298390405613,499.9211487290224,17277900,46.42455336205287,515.2225204467774,509.1842595918495,-0.7593643302603823,2.1086677123850084,495.24834538977166,515.2225204467774,535.1966955037831,0.0093617531933949,0.0036641791076481,-0.0249855482161274,0.0093182035715173,0.0070486400051326,0.0138453584612759,0.5090609220356083,1.327976064959182,0.0036641791076481,-0.0249855482161274,0.0286497273237755,502.8111389160157,507.4422149658203,515.2225204467774,0.9908736878540612,0.9848991354760456,-0.0245944522687433,-0.4396786841226241,23096670.0,0.7480688774615238,-0.0044025080026539,-0.0058553351952539,0.0059298021114209,-0.0079447643067506,-0.0059018725179957,-0.0163630897061914,-0.0078104826788715,2,8,0,0,1,xg_MSFT,0.4030602133196195,7.2648966322519
2025-08-28,507.5295104980469,508.9734875719172,503.4066403395377,504.9900522378754,18015600,49.29937130668621,514.0780578613281,509.0266644400588,-0.720142817209819,1.542905606466043,495.1757763227196,514.0780578613281,532.9803393999367,0.0057228754095661,0.0107092206684706,-0.022971503151675,0.005706561968358,0.0072765739651946,0.0103322111329207,0.7041929049540171,0.7863713150750686,0.0107092206684706,-0.022971503151675,0.0336807238201457,503.886669921875,506.2489318847656,514.0780578613281,0.9953337936850634,0.9847705501978954,-0.0200803849404779,0.0426961609917873,22871320.0,0.7876939328381227,0.0093617531933949,-0.0044025080026539,-0.0058553351952539,-0.0012874093598198,-0.0141752545191959,0.003649679796583,0.0023040592011676,3,8,0,0,0,xg_MSFT,0.42658110961364964,7.688845398781589
2025-08-29,504.59173583984375,507.4896888132377,502.40083415821226,506.5535790393771,20961600,46.56230737611571,513.2534973144532,508.60429028765736,-0.9155593501783414,1.051212615137166,494.1996621715952,513.2534973144532,532.3073324573111,-0.0057883819510716,-0.001064639352966,-0.0243132411049701,-0.0058051995631203,0.0073335335037872,0.0097222733141812,0.7542247622610182,-0.7891956520592307,-0.001064639352966,-0.0243132411049701,0.023248601752004,503.7791137695313,504.9915344238281,513.2534973144532,0.9975991267741148,0.9839027635781248,-0.018776335147766,0.1635249450476255,22446150.0,0.9338617090235548,0.0057228754095661,0.0093617531933949,-0.0044025080026539,0.0059298021114209,-0.0079447643067506,-0.0044211691141834,-0.0005171863323104,4,8,0,0,0,xg_MSFT,0.38519477126781293,6.942883728207364
2025-09-02,503.0282287597656,503.90458943006223,494.75264396148896,498.3974910813857,18128000,45.12635552903398,511.7775924682616,508.0732368088105,-1.1829539581777908,0.6043793004741748,494.5285925089816,511.7775924682616,529.0265924275416,-0.0030985586346867,0.0017054218717695,-0.0215618464877211,-0.0031033691070838,0.0072392194051943,0.0079857546935852,0.9064031240384414,-0.4279647426794535,0.0017054218717695,-0.0215618464877211,0.0232672683594907,503.9503967285156,503.8830108642578,511.7775924682618,1.0001337331539364,0.9845741944934928,-0.0155601520794257,-0.1351805205709487,21882890.0,0.8284097758568074,-0.0057883819510716,0.0057228754095661,0.0093617531933949,-0.0058553351952539,-0.0012874093598198,-0.0059018725179957,0.0143165789869692,1,9,0,0,0,xg_MSFT,0.42362690688835036,7.635597827523552
2025-09-03,503.2572937011719,505.68719181229375,500.2398424947412,501.70375627159575,16345100,45.39206351360851,510.7053588867187,507.614575560464,-1.360697214610184,0.211363997457303,494.18857075643416,510.7053588867187,527.2221470170033,0.0004553719419901,0.0065931046135068,-0.0070408444485309,0.0004552682916525,0.0058929611938956,0.0075006244919687,0.7855580081627274,0.0772607635187374,0.0065931046135068,-0.0070408444485309,0.0136339490620377,504.6096557617187,503.5261627197266,510.7053588867187,1.002151810813841,0.985942586969046,-0.0121124983210269,-0.0983506178287731,21369300.0,0.7648870108051848,-0.0030985586346867,-0.0057883819510716,0.0057228754095661,-0.0044025080026539,0.0059298021114209,-0.0141752545191959,-0.0163630897061914,2,9,0,0,1,xg_MSFT,0.41432274115940426,7.467896327756485
2025-09-04,505.866455078125,506.04570238922344,501.0664078062513,502.2116394820944,15509500,48.45377766903205,509.90327148437495,507.4480878954793,-1.276310001236368,-0.0861708022814311,494.1361186513153,509.90327148437495,525.6704243174346,0.0051845475656482,0.0024273569337085,0.00610043031192,0.0051711540717764,0.0055498001278238,0.007626755280627,0.7275797300313441,0.934018059785702,0.0024273569337085,0.00610043031192,-0.0036730733782115,504.8546447753906,503.8328918457031,509.903271484375,1.00202795995701,0.9880950368861128,-0.0099801571310054,-0.0511223547118097,20147950.0,0.7697805483932227,0.0004553719419901,-0.0030985586346867,-0.0057883819510716,0.0093617531933949,-0.0058553351952539,-0.0079447643067506,0.003649679796583,3,9,0,0,0,xg_MSFT,0.40356300606264456,7.273959142479439
2025-09-05,492.9501647949219,509.8498918622262,490.3310509759443,506.9619070760115,31994800,37.3036123839469,508.6591873168946,506.06733331447384,-2.2260091586350654,-0.514138473552158,491.6486311179212,508.6591873168946,525.6697435158678,-0.0255330041230117,-0.0287261043969996,-0.0183245179194618,-0.0258646283586996,0.0099937008109488,0.0092511808914552,1.0801454195711233,-2.5546541718428526,-0.0287261043969996,-0.0183245179194618,-0.0104015864775377,501.9387756347657,502.9127227783203,508.6591873168946,0.9980633873444796,0.9887027214255462,-0.0136330448026621,1.0629162771204743,21503100.0,1.4879156958763395,0.0051845475656482,0.0004553719419901,-0.0030985586346867,0.0057228754095661,-0.0044025080026539,-0.0012874093598198,-0.0044211691141834,4,9,0,0,1,xg_MSFT,0.4542516432423203,8.187588663257893
2025-09-08,496.1369018554687,499.1244784694731,492.9800158612091,496.04724781279185,16771000,40.91617500251488,507.51478424072263,505.12157793742574,-2.6904951812982745,-0.9494098151013812,490.3614785458876,507.51478424072263,524.6680899355576,0.0064646231772182,-0.0167557916308376,-0.0178025921086433,0.0064438171215392,0.0100409968645481,0.0094084000958571,1.0671240209000223,0.6437587328911395,-0.0167557916308376,-0.0178025921086433,0.0010468004778056,500.2478088378906,502.0134613037109,507.51478424072263,0.9964828583256812,0.989160270581591,-0.0146471173090628,-0.4758210709240251,20747780.0,0.8083274451531293,-0.0255330041230117,0.0051845475656482,0.0004553719419901,-0.0057883819510716,0.0093617531933949,0.0059298021114209,-0.0059018725179957,0,9,0,0,0,xg_MSFT,0.4171596839007002,7.519030364523315
2025-09-09,496.3460388183594,500.17013335375145,495.6389875077243,499.3535217605099,14410500,41.15580750416416,506.3942596435546,504.2858123070384,-3.007064527583907,-1.3609407575978865,489.405885852869,506.3942596435546,523.3826334342402,0.0004215307551374,-0.0132839263471981,-0.0116011591739639,0.0004214419360071,0.0099515612178441,0.0094196252058331,1.0563588934290968,0.0423539977208711,-0.0132839263471981,-0.0116011591739639,-0.0016827671732341,498.9113708496094,501.4308837890625,506.3942596435547,0.9949753534915632,0.9901985937637092,-0.0150759514707916,-0.1407489118120565,20024970.0,0.7196265462569622,0.0064646231772182,-0.0255330041230117,0.0051845475656482,-0.0030985586346867,0.0057228754095661,-0.0058553351952539,-0.0141752545191959,1,9,0,0,1,xg_MSFT,0.3877411958153598,6.988781364611102
2025-09-10,498.29791259765625,501.1460848531792,494.6630336933239,500.8971201283455,21611800,43.46061070370499,504.99998779296874,503.71553614424016,-3.065115371737477,-1.7017756804258046,490.44746308386686,504.99998779296874,519.5525125020706,0.0039324858599529,-0.0098545637899098,-0.0033264313463904,0.0039247738490715,0.0099951503057509,0.008723952615603,1.1455821877904933,0.3934000329797537,-0.0098545637899098,-0.0033264313463904,-0.0065281324435194,497.91949462890625,501.2645751953125,504.99998779296874,0.993326716604494,0.9926031431921783,-0.0142093574647974,0.4997258943131744,19102580.0,1.1313550316239414,0.0004215307551374,0.0064646231772182,-0.0255330041230117,0.0004553719419901,-0.0057883819510716,-0.0044025080026539,-0.0079447643067506,2,9,0,0,1,xg_MSFT,0.3924099546403972,7.072932687773117
2025-09-11,498.9352722167969,501.08633106619584,495.8182290284252,500.17012751524385,18881600,44.22878163846071,504.06808319091795,503.2602729130551,-3.0248232102540555,-1.966385186391455,490.55584360297354,504.06808319091795,517.5803227788624,0.0012790734278176,-0.0137016060103405,-0.0113075077649841,0.0012782561102655,0.0094395004615142,0.0081402526014549,1.1594653702093989,0.1354878836171861,-0.0137016060103405,-0.0113075077649841,-0.0023940982453564,496.53325805664065,500.6939514160157,504.06808319091795,0.9916901465503865,0.9933061983342748,-0.0151018088995786,-0.1263291350095781,19262950.0,0.9802029284195318,0.0039324858599529,0.0004215307551374,0.0064646231772182,0.0051845475656482,-0.0030985586346867,0.0093617531933949,-0.0012874093598198,3,9,0,0,1,xg_MSFT,0.38905345000551916,7.012433887811617
2025-09-12,507.7884521484375,510.42747218178897,501.7635178992086,504.55191069082485,23624900,53.64907797754246,503.48438873291013,503.6915280783296,-2.252547781949545,-2.023617705503073,491.9012620164103,503.48438873291013,515.0675154494099,0.0177441452321169,0.0301009887271033,0.0005102001854759,0.0175885557262045,0.011034990226761,0.0091805332458562,1.2018679158779255,1.6078435072449904,0.0301009887271033,0.0005102001854759,0.0295907885416273,499.50091552734375,500.7198455810547,503.48438873291013,0.9975656446125148,0.9945091780128222,-0.0078447494989545,0.2512128209473774,19823880.0,1.191739457664131,0.0012790734278176,0.0039324858599529,0.0004215307551374,-0.0255330041230117,0.0004553719419901,0.0057228754095661,0.0059298021114209,4,9,0,0,1,xg_MSFT,0.44067785297489925,7.942929974699905
2025-09-15,513.225830078125,513.3353599697668,504.9004642300766,506.68306017742736,17143800,58.30700267441463,503.28739471435546,504.59955684021486,-1.1880676795484533,-1.8565077003121493,492.5833089304372,503.28739471435546,513.9914804982737,0.0107079590067125,0.0344439773754916,0.0171110496368132,0.0106510348143951,0.0112860676403878,0.0095095015268743,1.1866953186954623,0.9486927294027092,0.0344439773754916,0.0171110496368132,0.0173329277386784,502.918701171875,501.5832550048828,503.28739471435546,1.002662461622606,0.99661398293029,-0.0007183846191535,-0.2743334363320057,19442100.0,0.8817874612309946,0.0177441452321169,0.0012790734278176,0.0039324858599529,0.0064646231772182,0.0051845475656482,-0.0057883819510716,-0.0058553351952539,0,9,0,0,0,xg_MSFT,0.38959229745011387,7.022146260445205
2025-09-16,506.9320068359375,515.0880630075219,506.4938265025834,514.7395367165727,19711900,51.81605463387862,502.9283218383789,504.8216949350456,-0.842605434257166,-1.6537272471011528,493.3285011572977,502.9283218383789,512.5281425194601,-0.0122632628237542,0.0213277979265835,0.0077605546825807,-0.0123390770890647,0.0120690069957915,0.0098070840059435,1.2305162749909082,-1.0160112440721951,0.0213277979265835,0.0077605546825807,0.0135672432440028,505.0358947753906,501.9736328125,502.9283218383789,1.006100443853461,0.9981017393842742,0.0041575061518926,0.1497975944656377,19600490.0,1.005684041572379,0.0107079590067125,0.0177441452321169,0.0012790734278176,0.0004215307551374,-0.0255330041230117,-0.0030985586346867,-0.0044025080026539,1,9,0,0,1,xg_MSFT,0.44224855562193105,7.971240862238789
2025-09-17,507.9079284667969,509.1726886784055,503.8348693472275,508.5054498653079,15816600,52.69543259420177,502.9824295043946,505.1156219380695,-0.484490491646909,-1.419879896010304,493.27848094981846,502.9824295043946,512.6863780589706,0.0019251529153794,0.0192856835764032,0.0092410677874577,0.0019233021834192,0.012072760343499,0.0092860085216304,1.2999622338431536,0.1594493232107255,0.0192856835764032,0.0092410677874577,0.0100446157889455,506.9578979492187,502.4386962890625,502.9824295043946,1.0089945334496218,0.9989189816911342,0.0078271439015036,-0.1976115950263546,19547640.0,0.8091309232213808,-0.0122632628237542,0.0107079590067125,0.0177441452321169,0.0039324858599529,0.0064646231772182,0.0004553719419901,0.0093617531933949,2,9,0,0,0,xg_MSFT,0.36842115184409097,6.640550212680141
2025-09-18,506.3444519042969,510.9453149965379,505.55771489166153,509.37184097126715,18913700,51.08684966383299,503.15969390869145,505.2326533634245,-0.3231166243124335,-1.20052724167073,493.34099436689894,503.15969390869145,512.978393450484,-0.0030782676837111,0.0148499817513012,0.0009449071417437,-0.0030830152951262,0.01203620608292,0.0091251614560152,1.3188684137279578,-0.2557294161540498,0.0148499817513012,0.0009449071417437,0.0139050746095574,508.4397338867187,502.4864959716797,503.1596939086914,1.0118475580194983,0.998662059093442,0.0104277630734765,0.1958132594868682,19888060.0,0.9510077906039628,0.0019251529153794,-0.0122632628237542,0.0107079590067125,0.0012790734278176,0.0004215307551374,0.0051845475656482,0.0057228754095661,3,9,0,0,1,xg_MSFT,0.45102386809204187,8.12941012803162
2025-09-19,515.78515625,517.1494779837726,508.1967168320822,508.44568153944795,52474100,59.18814588694048,503.8413589477539,506.2376536383365,0.5601027537329628,-0.8484012425899915,492.5367180303612,503.8413589477539,515.1459998651467,0.0186448262841585,0.0157481015326927,0.0463231236865049,0.0184731422402455,0.0093702764914321,0.0099805550616624,0.9387591846707284,1.9895716769433505,0.0157481015326927,0.0463231236865049,-0.0305750221538121,510.03907470703126,504.7699951171875,503.8413589477539,1.0104385752735174,1.0018431122275728,0.0120160801143205,1.7743963370466909,21935990.0,2.3921464223861157,-0.0030782676837111,0.0019251529153794,-0.0122632628237542,0.0177441452321169,0.0039324858599529,-0.0255330041230117,-0.0057883819510716,4,9,0,0,0,xg_MSFT,0.4640280794932024,8.36380253018734
2025-09-22,512.319580078125,515.5959337012963,510.4174557013089,513.4548737162081,20009300,55.55087602218571,504.2008621215821,506.8168847278401,0.9692445917245892,-0.4848720757270754,492.2830573295232,504.2008621215821,516.1186669136409,-0.0067190304526624,-0.0017657918734566,0.0326173646066958,-0.0067417047610938,0.0099827453347843,0.0100778754395632,0.9904622191875062,-0.6729969793252524,-0.0017657918734566,0.0326173646066958,-0.0343831564801524,509.8578247070312,506.3882629394531,504.200862121582,1.006851584093672,1.0043383519985802,0.0110418629414604,-0.6186823594878235,22259820.0,0.8988976550573681,0.0186448262841585,-0.0030782676837111,0.0019251529153794,0.0107079590067125,0.0012790734278176,0.0064646231772182,-0.0030985586346867,0,9,0,0,0,xg_MSFT,0.36518726400422785,6.5822615002234945
2025-09-23,507.1212463378906,512.4590659268906,505.2091838485409,511.67229848312854,19799600,50.53437315680537,504.4483337402344,506.8458715478449,0.8640698975770533,-0.2150836810662497,492.50241524720104,504.4483337402344,516.3942522332677,-0.0101466622443781,0.0003733035188175,0.0217090631874157,-0.0101984905090501,0.0108392213083498,0.0102698829006654,1.055334912604987,-0.9360198427464292,0.0003733035188175,0.0217090631874157,-0.0213357596685981,509.8956726074219,507.4657836914063,504.4483337402344,1.0047882812873414,1.0059816828589738,0.0107416893031494,-0.0104801267410653,22798730.0,0.8684518830653783,-0.0067190304526624,0.0186448262841585,-0.0030782676837111,-0.0122632628237542,0.0177441452321169,0.0004215307551374,0.0004553719419901,1,9,0,0,1,xg_MSFT,0.3859419801580579,6.956351679572796
2025-09-24,508.0373840332031,510.35772177145367,504.82077941210207,508.266442508536,13533700,51.36789030766615,504.85215301513665,506.95934892740286,0.8449033305909097,-0.0030862787348178,492.99926257771256,504.85215301513665,516.7050434525607,0.001806545677051,0.0002548799873967,0.0195454790985867,0.0018049158360353,0.010822358734943,0.0102062375879202,1.0602632339773042,0.1669117435070015,0.0002548799873967,0.0195454790985867,-0.01929059911119,509.92156372070315,508.4397308349609,504.8521530151367,1.0029144710687907,1.007106194949151,0.0099784206140923,-0.3164659892119033,21990920.0,0.6154221833374586,-0.0101466622443781,-0.0067190304526624,0.0186448262841585,0.0019251529153794,0.0107079590067125,0.0039324858599529,0.0051845475656482,2,9,0,0,0,xg_MSFT,0.33004086863940324,5.948770719233826
2025-09-25,504.9303283691406,507.89799878212006,502.94857891661616,506.1950582100621,15786500,48.38980031128585,504.86659393310543,506.76610887423504,0.5724019692311231,0.1120113708583703,493.01408031308614,504.86659393310543,516.7191075531247,-0.0061158012416255,-0.0027928093807247,0.0120156992022379,-0.0061345793553275,0.0111247568076299,0.0101133311055206,1.0999003979173412,-0.5496975484338685,-0.0027928093807247,0.0120156992022379,-0.0148085085829627,509.63873901367185,509.0392364501953,504.8665939331055,1.001177713858871,1.0082648417764846,0.0094510961462342,0.1664585442266342,21681410.0,0.7281122399327015,0.001806545677051,-0.0101466622443781,-0.0067190304526624,-0.0030782676837111,-0.0122632628237542,0.0012790734278176,-0.0255330041230117,3,9,0,0,1,xg_MSFT,0.4151224934325297,7.482311339220436
2025-09-26,509.3419799804687,511.8117209714621,504.52202659403474,507.94778361103766,16213100,52.59251460013369,504.9572174072265,507.0114299319716,0.7043072765425791,0.2304705519952121,492.9917972382528,504.9572174072265,516.9226375762001,0.008737149193587,-0.0124919769238344,0.0030593996879177,0.0086992011836635,0.0099428366221451,0.0102237493851248,0.9724283938548364,0.8786497129417019,-0.0124919769238344,0.0030593996879177,-0.0155513766117522,508.3501037597656,509.19458923339835,504.95721740722655,0.9983415270085564,1.0083915462144084,0.0066613129997043,0.0270230893484939,20940230.0,0.7742560611798068,-0.0061158012416255,0.001806545677051,-0.0101466622443781,0.0186448262841585,0.0019251529153794,0.0177441452321169,0.0064646231772182,4,9,0,0,1,xg_MSFT,0.35739113344290946,6.441741347680914
2025-09-29,512.4689331054688,514.7096154882738,506.77264973451184,509.3817950243417,17617800,55.366836453514914,505.35107727050774,507.53119213897133,1.0490691509143062,0.394190271779031,492.92653989047307,505.35107727050774,517.7756146505424,0.0061392016521393,0.000291523168646,-0.0014747834740528,0.0061204335287028,0.0095095210540351,0.0102021864063005,0.9320148309907376,0.6455168562541104,0.000291523168646,-0.0014747834740528,0.0017663066426988,508.3799743652344,509.1188995361328,505.3510772705078,0.9985486196415578,1.0074558508630789,0.0059104013903282,0.0866398159512986,20987630.0,0.839437325700861,0.008737149193587,-0.0061158012416255,0.001806545677051,-0.0067190304526624,-0.0030782676837111,0.0107079590067125,0.0004215307551374,0,9,0,0,1,xg_MSFT,0.3834398066069852,6.911251638428117
2025-09-30,515.8051147460938,516.0142062084105,507.54943619028296,511.11459757878936,19728200,58.17885901398152,505.9899215698242,508.3191847682211,1.573360674521325,0.6300243523274899,492.77922258179,505.9899215698242,519.2006205578584,0.0065100173397991,0.0171238505010635,0.0175035464135291,0.0064889186957719,0.0086579832288928,0.0102339165751974,0.8459261162786568,0.7518223754120331,0.0171238505010635,0.0175035464135291,-0.0003796959124655,510.116748046875,510.0062103271485,505.9899215698242,1.000216737987672,1.0079374876575875,0.0080007474898386,0.1197879417407394,20989260.0,0.9399187965654368,0.0061392016521393,0.008737149193587,-0.0061158012416255,-0.0101466622443781,0.0186448262841585,-0.0122632628237542,0.0039324858599529,1,9,0,1,1,xg_MSFT,0.3921967673925929,7.069090127114856
2025-10-01,517.557861328125,518.3545363078492,509.5710533372991,512.6681599915194,22632300,59.618319164570366,506.7049499511719,509.1990587263072,2.106020590734204,0.9252236000088327,492.5992821072492,506.7049499511719,520.8106177950947,0.0033980791037599,0.0187397179698485,0.018999374336325,0.00339231867886,0.0086734252995091,0.0102422115647644,0.8467486241663554,0.3917353584164552,0.0187397179698485,0.018999374336325,-0.0002596563664765,512.0208435058594,510.97120361328126,506.7049499511719,1.002054205570012,1.0084196013133886,0.0102711096708031,0.1472055230583631,21670830.0,1.0443670131692675,0.0065100173397991,0.0061392016521393,0.008737149193587,0.001806545677051,-0.0067190304526624,0.0019251529153794,0.0012790734278176,2,10,1,0,0,xg_MSFT,0.39943784718250747,7.1996058526595705
2025-10-02,513.604248046875,519.439966484546,508.5652045551738,515.496404228155,21222900,55.01819211795605,507.0918395996094,509.6186005663613,2.18395854720319,1.1769705894477045,492.6622615786831,507.0918395996094,521.5214176205357,-0.0076389783184908,0.0171784485708157,0.014337663057776,-0.0076683047581864,0.0090758794951564,0.0103964720865241,0.8728928935447078,-0.8415863978988689,0.0171784485708157,0.014337663057776,0.0028407855130396,513.7556274414062,511.6971832275391,507.0918395996094,1.004022778083091,1.0090818728843398,0.0129745574868933,-0.0622738298803038,21901750.0,0.9690047598935716,0.0033980791037599,0.0065100173397991,0.0061392016521393,-0.0061158012416255,-0.0101466622443781,-0.0030782676837111,0.0177441452321169,3,10,0,0,1,xg_MSFT,0.37057727712780725,6.679412960216977
2025-10-03,515.20751953125,518.3345307125708,512.8672756929882,514.9585548343116,15112300,56.4845211397402,508.20470733642577,510.1508785630174,2.3480289329657467,1.4111822581513127,494.9849594980563,508.20470733642577,521.4244551747952,0.003121608690878,0.0115159161846549,-0.0011199172984148,0.0031167465862322,0.0068697210441413,0.0083475054798561,0.8228683637708712,0.4543349483734096,0.0115159161846549,-0.0011199172984148,0.0126358334830698,514.9287353515625,511.63941955566406,508.20470733642577,1.0064289725736049,1.006758521063766,0.0130511061275939,-0.287924835908382,18165570.0,0.831919945259035,-0.0076389783184908,0.0033980791037599,0.0065100173397991,0.008737149193587,0.001806545677051,0.0186448262841585,0.0107079590067125,4,10,0,0,1,xg_MSFT,0.36947133202614735,6.659479023353471
2025-10-06,526.3811645507812,528.8309994124726,516.0541122577388,516.4623876768178,21388600,65.03832425064545,509.7169204711914,511.6966200856615,3.341160844360843,1.7971779753932189,495.4330751407582,509.7169204711914,524.0007658016245,0.0216876590421222,0.0271474630881658,0.027446900371272,0.0214558276953917,0.0092760786037342,0.0093825310909224,0.9885488217444968,2.3377681669520953,0.0271474630881658,0.027446900371272,-0.0002994372831062,517.711181640625,513.0455780029297,509.71692047119143,1.0090939359732063,1.0065304042264502,0.0151872097784044,0.4153107071723034,18303500.0,1.168552462643693,0.003121608690878,-0.0076389783184908,0.0033980791037599,0.0061392016521393,-0.0061158012416255,-0.0067190304526624,-0.0122632628237542,0,10,0,0,0,xg_MSFT,0.45303826075079257,8.16571823773578
2025-10-07,521.8101196289062,527.6060256392368,519.2806599401652,526.1022689962125,14615200,59.854858934637605,510.9901245117187,512.6598105183515,3.716537979528141,2.1810499762202036,497.1932663882141,510.9901245117187,524.7869826352235,-0.0086839067005294,0.0116420033674315,0.0289652097936921,-0.0087218315350963,0.0090591109075048,0.0097289873431462,0.9310506363490896,-0.9584768651492112,0.0116420033674315,0.0289652097936921,-0.0173232064262605,518.9121826171875,514.5144653320312,510.9901245117187,1.008547315151418,1.006897082059424,0.0151818790158814,-0.3166827188315271,17785060.0,0.8217683831260159,0.0216876590421222,0.003121608690878,-0.0076389783184908,0.0065100173397991,0.008737149193587,-0.0101466622443781,0.0019251529153794,1,10,0,0,1,xg_MSFT,0.38599754803323844,6.9573532541661685
2025-10-08,522.676513671875,524.7678538085896,520.923853084141,521.1130687043808,13363400,60.49748778888007,512.2090545654297,513.6137822472585,4.037397220143589,2.552319425004881,498.8323915743144,512.2090545654297,525.585717556545,0.0016603626690583,0.0098900098447249,0.0288150638097828,0.0016589857908293,0.0090611822375948,0.0097252520791485,0.931621159297376,0.1832188567308048,0.0098900098447249,0.0288150638097828,-0.0189250539650578,519.9359130859375,515.9783782958984,512.2090545654297,1.0076699624567786,1.0073589556781004,0.014783251817124,-0.0856505555859653,17768030.0,0.7521036378258732,-0.0086839067005294,0.0216876590421222,0.003121608690878,0.0033980791037599,0.0061392016521393,0.001806545677051,-0.0030782676837111,2,10,0,0,0,xg_MSFT,0.3650480262858925,6.57975183145047
2025-10-09,520.2366943359375,522.158694647609,515.2574000210162,520.1769452354545,18343600,57.69654686261457,513.2741256713867,514.2445357795136,4.0481429776433515,2.851484135532575,501.00088598475526,513.2741256713867,525.5473653580183,-0.0046679337450948,0.0129135347191622,0.0303138177820183,-0.0046788625711053,0.0089117773931681,0.0098525621226846,0.90442190166455,-0.5237350310883954,0.0129135347191622,0.0303138177820183,-0.0174002830628561,521.26240234375,517.5090148925781,513.2741256713867,1.0072527962666524,1.0082507358337065,0.0153550811761941,0.3726746187347531,18023740.0,1.0177465942140191,0.0016603626690583,-0.0086839067005294,0.0216876590421222,-0.0076389783184908,0.0065100173397991,-0.0061158012416255,0.0186448262841585,3,10,0,0,0,xg_MSFT,0.3281721392372593,5.915088094425954
2025-10-10,508.8440551757813,521.4118200258811,507.5195762105422,517.4881335274953,24133800,46.80051025671111,513.3269058227539,513.7302042934439,3.1016148150150684,2.901510271429074,501.14425072683355,513.3269058227539,525.5095609186743,-0.0218989534652077,-0.0123512645181467,-0.0009775844604571,-0.0221422947191909,0.0115929909688456,0.0105133157783614,1.1025910970549428,-1.8888192619825872,-0.0123512645181467,-0.0009775844604571,-0.0113736800576895,519.9897094726563,517.4592224121095,513.3269058227539,1.004890215404319,1.0080500681777675,0.0130939991970637,0.3156523256067511,18815810.0,1.282634125238229,-0.0046679337450948,0.0016603626690583,-0.0086839067005294,0.003121608690878,0.0033980791037599,0.008737149193587,-0.0067190304526624,4,10,0,0,1,xg_MSFT,0.42923022491177865,7.736593968776422
2025-10-13,511.9212341308594,514.2714464494894,509.5610534984587,514.2714464494894,14284200,49.570731743554376,513.2616760253907,513.5579214208168,2.5701598485175055,2.8352401868467605,501.06278260962114,513.2616760253907,525.4605694411601,0.0060473909909688,-0.0274704556198588,-0.0010687457116481,0.0060291789089079,0.0115875911032256,0.010316944813582,1.1230522466036366,0.5218400526087733,-0.0274704556198588,-0.0010687457116481,-0.0264017099082106,517.0977233886719,517.4044525146485,513.2616760253907,0.999407177258553,1.008071470524234,0.0074934327930233,-0.4081247047709022,18482450.0,0.7728520840039729,-0.0218989534652077,-0.0046679337450948,0.0016603626690583,0.0216876590421222,-0.0076389783184908,0.0061392016521393,-0.0101466622443781,0,10,0,0,0,xg_MSFT,0.3754665403438516,6.767538730756048
2025-10-14,511.4432373046875,513.1461778212379,503.9045785101632,508.11707238992415,14684300,49.14265407042795,513.4872375488281,513.3565229335663,2.0863573803873123,2.685463625554871,501.61878134611095,513.4872375488281,525.3556937515453,-0.0009337311959395,-0.0198671546109364,-0.0084564447243866,-0.0009341673944627,0.0113563943957399,0.0099158375180556,1.1451628984606492,-0.0822135045596173,-0.0198671546109364,-0.0084564447243866,-0.0114107098865497,515.0243469238281,516.9682647705079,513.4872375488281,0.996239773349448,1.006779189368555,0.0030054349395655,0.0280099690567199,17978060.0,0.8167900207252164,0.0060473909909688,-0.0218989534652077,-0.0046679337450948,-0.0086839067005294,0.003121608690878,0.0065100173397991,0.001806545677051,1,10,0,0,0,xg_MSFT,0.3664000750055809,6.604121625009121
2025-10-15,511.3038024902344,515.0482414945574,507.888013925759,512.8274957075639,14694700,49.00969739044742,513.6570312499999,513.1610257484871,1.672410704996878,2.4828530414432723,502.02994580424934,513.6570312499999,525.2841166957505,-0.0002726300873346,-0.0217586038097364,-0.0120837867708971,-0.0002726672576729,0.0112649077944325,0.0099112697941057,1.13646097497579,-0.0241995667201733,-0.0217586038097364,-0.0120837867708971,-0.0096748170388393,512.7498046875,516.3428588867188,513.65703125,0.993041340385794,1.0052288345594778,-0.0017743395571898,0.0007082394121613,17184300.0,0.8551235720977373,-0.0009337311959395,0.0060473909909688,-0.0218989534652077,0.0016603626690583,0.0216876590421222,0.0033980791037599,-0.0061158012416255,2,10,0,0,0,xg_MSFT,0.35369104332989254,6.3750496442758715
2025-10-16,509.4913330078125,514.7096236704256,506.02576365101777,510.4573477017149,15559600,47.221261796263725,513.8143753051758,512.8115312017561,1.184450237588976,2.223172480672414,502.5236489479809,513.8143753051758,525.1051016623705,-0.0035447995371724,-0.0206547547397459,-0.0080079459130313,-0.0035510972261532,0.0110760005999052,0.0099203817855066,1.1163768151816598,-0.3200143852301296,-0.0206547547397459,-0.0080079459130313,-0.0126468088267146,510.600732421875,515.9315673828125,513.8143753051758,0.9896675541913834,1.0041205388159475,-0.0063075516208073,0.0588579555894301,16617970.0,0.9363117155704976,-0.0002726300873346,-0.0009337311959395,0.0060473909909688,-0.0046679337450948,-0.0086839067005294,-0.0076389783184908,0.008737149193587,3,10,0,0,1,xg_MSFT,0.38109215844657185,6.868936816347738
2025-10-17,511.4532470703125,513.3453425707617,505.2091921192977,506.9320390116643,19867800,49.37479722159995,513.5977798461913,512.6821708082853,0.9451529847755182,1.9675685814930344,502.30003847807575,513.5977798461913,524.8955212143069,0.0038507309847994,0.0051276847356109,-0.0072869131730709,0.0038433358984875,0.0111066652477059,0.0089931835055115,1.2348719859784836,0.3466733016278817,0.0051276847356109,-0.0072869131730709,0.0124145979086819,511.12257080078126,515.5561401367188,513.5977798461914,0.9914004140562426,1.0038130232788658,-0.0048395607215098,0.2768837245173396,17093520.0,1.162300099686831,-0.0035447995371724,-0.0002726300873346,-0.0009337311959395,-0.0218989534652077,0.0016603626690583,0.003121608690878,0.0061392016521393,4,10,0,0,1,xg_MSFT,0.4426859379758854,7.979124392999811
2025-10-20,514.6498413085938,516.5519656323323,511.3037703677804,512.4788764440519,14665600,52.75716758410896,513.7142929077148,512.8695679987908,1.0018973785334992,1.7744343409011274,502.423993458025,513.7142929077148,525.0045923574047,0.0062500223756363,0.0053301308791517,-0.0222867458644708,0.0062305719872925,0.0083947041999861,0.0089798496758946,0.9347338506865596,0.7444309883674334,0.0053301308791517,-0.0222867458644708,0.0276168767436226,511.6682922363281,514.3830078125,513.7142929077148,0.9947223848087116,1.0013017253247911,-0.0039755198722773,-0.2618407674729965,16421220.0,0.8930883332662924,0.0038507309847994,-0.0035447995371724,-0.0002726300873346,0.0060473909909688,-0.0046679337450948,0.0216876590421222,0.0065100173397991,0,10,0,0,1,xg_MSFT,0.44274769587271723,7.980237538683463
2025-10-21,515.5162963867188,516.5420602391357,510.9154330870712,515.3569857054445,15586200,53.66091090220536,514.1340454101562,513.1216373690696,1.1040565265586793,1.640358778032638,503.2592391507542,514.1340454101562,525.0088516695582,0.0016835817454483,0.0079638536301629,-0.0120615200921427,0.0016821661103705,0.0081440729656836,0.0086411557445336,0.9423659103615286,0.206699406198267,0.0079638536301629,-0.0120615200921427,0.0200253737223057,512.4829040527344,513.7536254882813,514.1340454101562,0.9975265937357832,0.9992600763842212,-0.003202888771887,0.0627727471088805,16518320.0,0.943570532596478,0.0062500223756363,0.0038507309847994,-0.0035447995371724,-0.0009337311959395,-0.0218989534652077,-0.0086839067005294,0.0033980791037599,1,10,0,0,1,xg_MSFT,0.4423320420470777,7.97274565042885
2025-10-22,518.3843994140625,523.0549803520576,515.5661623300699,518.9919195722497,18962700,56.61919678182843,514.6513961791993,513.6228528019261,1.400308447830298,1.59234871199217,504.01595497189663,514.6513961791993,525.286837386502,0.0055635545325074,0.0138481209984027,-0.0082117985896473,0.0055481351276851,0.0083854236095242,0.0087035013813413,0.9633433601951008,0.6634001323507046,0.0138481209984027,-0.0082117985896473,0.02205991958805,513.8990234375,513.3244140625,514.6513961791992,1.0011193883619376,0.997421590368644,-0.0014513799847172,0.2166339454132502,17078250.0,1.1103421017960793,0.0016835817454483,0.0062500223756363,0.0038507309847994,-0.0002726300873346,0.0060473909909688,0.0016603626690583,-0.0076389783184908,2,10,0,0,0,xg_MSFT,0.43694030335936057,7.8755630882707806
2025-10-23,518.404296875,521.7802730707533,516.4623598997719,520.2964530626382,14023500,56.639877744102485,515.3250946044923,514.0782284279331,1.6180439847663592,1.597487766547008,505.6157110926909,515.3250946044923,525.0344781162937,3.838360290164822e-05,0.0174938478630624,-0.0035222380137496,3.838286627022569e-05,0.0082750783755128,0.0085443574225077,0.968371241408465,0.0046378974630323,0.0174938478630624,-0.0035222380137496,0.021016085876812,515.6816162109375,513.1411743164062,515.3250946044922,1.0049507660302557,0.9957620532922774,0.0006877288799388,-0.2604692369757471,16646240.0,0.842442497524916,0.0055635545325074,0.0016835817454483,0.0062500223756363,-0.0035447995371724,-0.0009337311959395,-0.0046679337450948,0.003121608690878,3,10,0,0,1,xg_MSFT,0.38791335001768273,6.991884331471519
2025-10-24,521.441650390625,523.1744351060786,518.5536961256696,520.6250388201142,15532400,59.791091086601256,515.930078125,514.7795067100943,2.0124912644128017,1.680488466120167,506.282748505601,515.930078125,525.577407744399,0.0058590438658292,0.019529455287512,0.0247572809128955,0.0058419464189398,0.00352549968176,0.0084369975716495,0.4178123603170054,1.6614332608999418,0.019529455287512,0.0247572809128955,-0.0052278256253834,517.679296875,514.4009338378906,515.930078125,1.006373166962684,0.9970361404540192,0.0033545819531093,0.1075979605661925,15786100.0,0.983928899474792,3.838360290164822e-05,0.0055635545325074,0.0016835817454483,0.0038507309847994,-0.0002726300873346,-0.0218989534652077,0.0216876590421222,4,10,0,0,1,xg_MSFT,0.4745604882865471,8.553642307579594
2025-10-27,529.3189697265625,532.3662956890146,526.819354031342,529.577902779321,18734700,66.57560394805677,516.7725799560548,516.1642174735675,2.926986928946576,1.9297881586854488,505.578842905497,516.7725799560548,527.9663170066125,0.0151068088443575,0.0285031243392006,0.0339851806015452,0.0149938373459512,0.0052792395940399,0.0089363452616662,0.5906943772983154,2.8610082128487453,0.0285031243392006,0.0339851806015452,-0.0054820562623445,520.6131225585938,516.1407073974609,516.7725799560546,1.0086651083648956,0.9987772715056836,0.0072556300117547,0.2061690401998404,16231150.0,1.154243537888495,0.0058590438658292,3.838360290164822e-05,0.0055635545325074,0.0062500223756363,-0.0035447995371724,0.0060473909909688,-0.0086839067005294,0,10,0,0,1,xg_MSFT,0.453451123941951,8.173159826629718
2025-10-28,539.8252563476562,551.4269763883988,538.5306518978505,547.7224103521172,29986700,73.09593639185475,517.9735870361328,518.4176497472903,4.448224494250326,2.433475425798424,502.7779134949994,517.9735870361328,533.1692605772663,0.0198486871281433,0.047154590710944,0.0554939765995192,0.0196542703390303,0.0071575842383154,0.009775914776807,0.7320902760955639,2.7727112606855435,0.047154590710944,0.0554939765995192,-0.0083393858885751,525.4749145507812,518.9789093017578,517.9735870361328,1.0125168964144675,1.0019408755403485,0.0138958439355002,0.6005967536176187,17761390.0,1.688308178582775,0.0151068088443575,0.0058590438658292,3.838360290164822e-05,0.0016835817454483,0.0038507309847994,-0.0009337311959395,0.0016603626690583,1,10,0,0,0,xg_MSFT,0.44163027741815825,7.960096802140696
2025-10-29,539.307373046875,544.0078586434945,534.507325873603,542.6833492925585,36023000,72.34674545400023,519.0610626220703,520.4071472043936,5.548072642568513,3.056394869152442,501.1247960215177,519.0610626220703,536.9973292226229,-0.0009593535958009,0.0403618890855166,0.0547689464076994,-0.0009598140699909,0.0072214745491369,0.0097992397703788,0.736867129614912,-0.1328289340826459,0.0403618890855166,0.0547689464076994,-0.0144070573221828,529.6595092773438,521.7792663574219,519.0610626220703,1.0151026371264893,1.0052367706443257,0.019651959503903,0.2012992426642479,19894220.0,1.810726934757844,0.0198486871281433,0.0151068088443575,0.0058590438658292,0.0055635545325074,0.0062500223756363,-0.0002726300873346,-0.0046679337450948,2,10,0,0,0,xg_MSFT,0.3912354466958278,7.051762950525227
2025-10-30,523.582763671875,532.7545848667123,519.9578228356851,528.2831883129468,41023100,54.18645899758926,519.5599884033203,520.7095868679633,5.092166339768596,3.463549163275673,501.7078984515982,519.5599884033203,537.4120783550424,-0.0291570450560728,0.0099892435847683,0.0276578417553698,-0.0295905591535445,0.0129802183690982,0.0118848281187051,1.092075220965957,-2.246094644357967,0.0099892435847683,0.0276578417553698,-0.0176685981706015,530.6952026367187,523.1884094238281,519.5599884033203,1.014348164213266,1.0069836421231328,0.0212673430181455,0.1388029869805402,22440570.0,1.8280774507955089,-0.0009593535958009,0.0198486871281433,0.0151068088443575,3.838360290164822e-05,0.0016835817454483,-0.0035447995371724,-0.0218989534652077,3,10,0,0,0,xg_MSFT,0.42854052730841485,7.724162620728738
2025-10-31,515.6656494140625,527.1279940743384,512.9668501497666,526.6898137654194,34006400,47.69492157533419,519.582894897461,520.2292118723536,4.04537973621359,3.5799152778632566,501.7531580806637,519.582894897461,537.4126317142583,-0.0151210368391234,-0.0110769843034892,0.0082361435143472,-0.0152365254001383,0.014145127338182,0.0124045283761263,1.1402277201995965,-1.0689170596047215,-0.0110769843034892,0.0082361435143472,-0.0193131278178364,529.5400024414063,523.6096496582031,519.582894897461,1.01132590430118,1.007749975605985,0.0193092317769456,-0.1710426564545342,23854430.0,1.425580070452263,-0.0291570450560728,-0.0009593535958009,0.0198486871281433,0.0058590438658292,0.0055635545325074,0.0038507309847994,0.0060473909909688,4,10,0,1,0,xg_MSFT,0.3864840113035811,6.9661214363326
2025-11-03,514.888916015625,522.7860691817526,512.4590180581705,517.657371934483,22374700,47.098770794928846,519.0082824707031,519.7206122669509,3.11718494966442,3.4873692122234896,501.3612396309916,519.0082824707031,536.6553253104146,-0.0015062732980567,-0.0272615465083214,0.0004645385810735,-0.001507408868143,0.0140320577025173,0.0113184920153977,1.239636697780236,-0.1073374976421952,-0.0272615465083214,0.0004645385810735,-0.027726085089395,526.6539916992188,523.6335571289062,519.0082824707031,1.0057682219353428,1.008911755003571,0.01484924027435,-0.3420444386938929,24625340.0,0.9086047136810738,-0.0151210368391234,-0.0291570450560728,-0.0009593535958009,0.0151068088443575,3.838360290164822e-05,0.0062500223756363,-0.0009337311959395,0,11,0,0,0,xg_MSFT,0.3657066593058603,6.5916232607072685
2025-11-04,512.2001342773438,513.4150529816625,505.73698923396887,509.6407695643784,20958700,45.00184735857054,518.527783203125,519.0043762679406,2.1399536255289604,3.217886094884584,500.6797753583721,518.527783203125,536.3757910478778,-0.0052220617974997,-0.0511741933995794,-0.0064327008333551,-0.0052357444173196,0.0141170809705382,0.0112215275337066,1.257923487212468,-0.3698846754312561,-0.0511741933995794,-0.0064327008333551,-0.0447414925662242,521.1289672851562,523.3019409179688,518.527783203125,0.9958475719982984,1.0092071396547977,0.0050784525578097,-0.063285764725337,25162590.0,0.8329309502717792,-0.0015062732980567,-0.0151210368391234,-0.0291570450560728,0.0198486871281433,0.0058590438658292,0.0016835817454483,-0.0002726300873346,1,11,0,0,0,xg_MSFT,0.3943365223221159,7.107657809728097
2025-11-05,505.0597839355469,512.6980347767452,504.4821687767013,511.17434154282535,23024300,39.91905978907668,517.6469467163084,517.6763198553317,0.7803290152448881,2.730374678956645,498.9427301606521,517.6469467163084,536.3511632719648,-0.0139405475788699,-0.0635029128525402,-0.0257041212921851,-0.0140386296241121,0.0145194341412956,0.0115731917802691,1.2544663521169,-0.9600641029887318,-0.0635029128525402,-0.0257041212921851,-0.0377987915603551,514.2794494628906,521.9694793701171,517.6469467163085,0.9852672805381142,1.0083503489805716,-0.0066675220647693,0.0985557310329361,25568750.0,0.900485944756748,-0.0052220617974997,-0.0015062732980567,-0.0151210368391234,-0.0009593535958009,0.0151068088443575,0.0055635545325074,-0.0035447995371724,2,11,0,0,0,xg_MSFT,0.390731810251707,7.042685233137449
2025-11-06,495.04144287109375,503.6058351018555,493.75677643867937,503.5659922381216,27406500,34.09960910068581,516.3871841430663,515.5206172854043,-1.0929804824580742,1.9657036466737012,495.18967370280814,516.3871841430663,537.5846945833244,-0.0198359508777116,-0.0545115744464572,-0.0450668602570236,-0.0200353242632855,0.015462162984896,0.0122581663371889,1.261273610260969,-1.2827874152970375,-0.0545115744464572,-0.0450668602570236,-0.0094447141894336,508.5711853027344,519.6331939697266,516.3871841430664,0.9787118898573738,1.0062859999750902,-0.0157885747807326,0.1903293476891805,26907050.0,1.01856204972299,-0.0139405475788699,-0.0052220617974997,-0.0015062732980567,-0.0291570450560728,0.0198486871281433,3.838360290164822e-05,0.0038507309847994,3,11,0,0,0,xg_MSFT,0.3773870123636526,6.802153982393208
2025-11-07,494.7626037597656,497.31199999791255,491.2073803526309,494.8920702735403,24019800,33.95125482091723,515.6831115722655,513.5436636162959,-2.570461066662346,1.0584707040064918,492.58083120842207,515.6831115722655,538.7853919361089,-0.0005632641778654,-0.040536044388546,-0.0511640115646179,-0.0005634228707256,0.0151138739855639,0.0113687050686309,1.32931099745614,-0.0372655556641372,-0.040536044388546,-0.0511640115646179,0.0106279671760718,504.390576171875,516.9652893066407,515.6831115722656,0.9756759043694576,1.0024863675105935,-0.0228241490253651,-0.12357287504789,27755790.0,0.8653978142938513,-0.0198359508777116,-0.0139405475788699,-0.0052220617974997,-0.0151210368391234,-0.0009593535958009,0.0058590438658292,0.0062500223756363,4,11,0,0,1,xg_MSFT,0.4325707519443239,7.796804782909644
2025-11-10,503.9045715332031,504.7510576229119,496.73437575016374,497.9692613740871,26101500,42.74606901372101,515.2822784423827,512.6256548464776,-2.96946453883686,0.2528836554378214,491.63345788582114,515.2822784423827,538.9310989989442,0.0184774833505332,-0.0213334257948728,-0.0480133901237056,0.0183088487825484,0.0156437602285636,0.0121094698432712,1.2917550211526725,1.1810652947430724,-0.0213334257948728,-0.0480133901237056,0.0266799643288327,502.19370727539064,514.4238494873047,515.2822784423828,0.9762255536478274,0.9983340607837844,-0.0259743052680952,0.0866660005495465,28492470.0,0.9160841443370508,-0.0005632641778654,-0.0198359508777116,-0.0139405475788699,-0.0015062732980567,-0.0291570450560728,0.0151068088443575,0.0016835817454483,0,11,0,0,1,xg_MSFT,0.48464373308001313,8.735386197751492
2025-11-11,506.573486328125,507.48968986721945,500.26971300797675,502.7095490222416,17980000,45.04664212094863,515.0387908935547,512.0492578447297,-3.0353291611583018,-0.4047589078814033,491.1247519001016,515.0387908935547,538.9528298870079,0.0052964687079566,-0.0109852527804532,-0.0615972847297024,0.0052824917482006,0.0136455502210229,0.0121835608057578,1.11990497142701,0.3881177749814937,-0.0109852527804532,-0.0615972847297024,0.0506120319492492,501.06837768554686,511.0986724853516,515.0387908935547,0.9803750325724194,0.9923498608689896,-0.0275782558405726,-0.3111507001513323,27291800.0,0.6588059417114057,0.0184774833505332,-0.0005632641778654,-0.0198359508777116,-0.0052220617974997,-0.0151210368391234,0.0198486871281433,0.0055635545325074,1,11,0,0,1,xg_MSFT,0.457395287706251,8.244250797907478
2025-11-12,509.0233154296875,509.5511194130969,497.05307240824305,507.2506574723947,26574900,47.146036604582875,514.9247665405273,511.7610728528209,-2.856913889505961,-0.8951899042063148,490.91419095270214,514.9247665405273,538.9353421283525,0.0048360784124728,0.0078476481798963,-0.0561536131911093,0.0048244221505591,0.0140134755177655,0.0122399582538272,1.1448021655807938,0.3450773742008622,0.0078476481798963,-0.0561536131911093,0.0640012613710057,501.861083984375,508.0702667236328,514.9247665405273,0.9877788897600748,0.9866883469930068,-0.025664212542258,0.4780255839822025,26346990.0,1.0086503240028175,0.0052964687079566,0.0184774833505332,-0.0005632641778654,-0.0139405475788699,-0.0015062732980567,-0.0009593535958009,3.838360290164822e-05,2,11,0,0,0,xg_MSFT,0.3860519291421117,6.9583334380733275
2025-11-13,501.205810546875,511.3735209246628,499.2140928412288,508.1967287528611,25273100,41.67474543180842,514.5104904174806,510.75580977606415,-3.308191044652176,-1.377790132295487,489.8286546725767,514.5104904174806,539.1923261623845,-0.0153578522748283,0.012452225494556,-0.0427381393689717,-0.0154770056219923,0.0119752924098108,0.0126890857171581,0.9436730906883644,-1.2823544841179133,0.012452225494556,-0.0427381393689717,0.0551903648635278,503.0939575195313,505.8325714111328,514.5104904174805,0.9945859281383136,0.9831336402892266,-0.0227781335685083,-0.048986073324829,24771990.0,1.020228895619568,0.0048360784124728,0.0052964687079566,0.0184774833505332,-0.0198359508777116,-0.0052220617974997,-0.0291570450560728,0.0058590438658292,3,11,0,0,1,xg_MSFT,0.41327108394434914,7.44894089452974
2025-11-14,508.0672607421875,509.4813936811572,495.3800287197931,496.166765720741,28505700,47.44016681412,514.3411911010743,510.49975748712353,-3.076703432167392,-1.717572792269868,489.52497377470087,514.3411911010743,539.1574084274478,0.0136898855738041,0.0268909915206163,-0.0147351072938615,0.0135970256251614,0.012533686188967,0.01306180261959,0.9594944173902198,1.0921602158539794,0.0268909915206163,-0.0147351072938615,0.0416260988144778,505.7548889160156,505.07273254394534,514.3411911010742,1.001350610175755,0.98197994110235,-0.0168999320533183,0.1279067466990595,24221920.0,1.1768555093897934,-0.0153578522748283,0.0048360784124728,0.0052964687079566,-0.0005632641778654,-0.0139405475788699,-0.0151210368391234,0.0151068088443575,4,11,0,0,0,xg_MSFT,0.43737453674837656,7.883389860999083
2025-11-17,505.3883972167969,509.9992285471841,502.8190947602184,506.34444359286346,19092800,45.547147889329054,513.8781188964845,510.01296127090194,-3.0739748610818083,-1.988853206032256,488.7425681140316,513.8781188964845,539.0136696789373,-0.0052726552808722,0.0029446561262165,-0.0184515892716163,-0.0052866047832784,0.0125932621690718,0.0130140123068587,0.967595102651988,-0.4186553535323827,0.0029446561262165,-0.0184515892716163,0.0213962453978329,506.0516540527344,504.1226806640625,513.8781188964844,1.003826396753526,0.9810160466583576,-0.0154860398197718,-0.3302111507523056,23893730.0,0.7990715555921659,0.0136898855738041,-0.0153578522748283,0.0048360784124728,0.0184774833505332,-0.0198359508777116,-0.0015062732980567,0.0198486871281433,0,11,0,0,0,xg_MSFT,0.45192554598240053,8.145662282058662
2025-11-18,491.74517822265625,500.8971240097586,484.76419755903834,493.3186219236693,33815100,37.36874956950176,512.6895629882813,508.27317240916426,-4.125153993113372,-2.4161133634484795,485.70043955778874,512.6895629882813,539.6786864187739,-0.0269955128951804,-0.0292717809077436,-0.0399354757755913,-0.027366585188246,0.0149200678044597,0.0142446677342045,1.047340713179487,-1.809221246693333,-0.0292717809077436,-0.0399354757755913,0.0106636948678476,503.08599243164065,502.0771850585937,512.6895629882813,1.0020092675052128,0.9793005773945702,-0.0195295673083189,0.7710917204391183,25179370.0,1.3429684698226627,-0.0052726552808722,0.0136898855738041,-0.0153578522748283,0.0052964687079566,-0.0005632641778654,-0.0052220617974997,-0.0009593535958009,1,11,0,0,0,xg_MSFT,0.4133768388545025,7.450847057592299
2025-11-19,485.1027526855469,493.1393408084163,480.8305097576304,488.0704229659532,23245300,34.15335028018366,511.0254806518555,506.06646576881974,-5.431597185065755,-3.0192101277719345,481.5272977919972,511.0254806518555,540.523663511714,-0.0135078610452622,-0.0469930590977906,-0.0395141959125908,-0.0135999221728706,0.0148885232025106,0.0143314011777934,1.0388017344629548,-0.907205748736436,-0.0469930590977906,-0.0395141959125908,-0.0074788631851997,498.3018798828125,500.08148193359375,511.02548065185545,0.9964413758255948,0.9785842406443184,-0.026228671551758,-0.3125763342412118,25201470.0,0.9223787342563382,-0.0269955128951804,-0.0052726552808722,0.0136898855738041,0.0048360784124728,0.0184774833505332,-0.0139405475788699,-0.0291570450560728,2,11,0,0,0,xg_MSFT,0.3296095436735898,5.940996368930837
2025-11-20,477.3404846191406,492.4460215630244,474.41716428973194,491.5879641710541,26802500,30.81636437765386,508.9722900390626,503.3306580402789,-7.01247751243335,-3.817863604704218,476.1118244076765,508.9722900390626,541.8327556704487,-0.0160012863737302,-0.0476158205382624,-0.0357565179781571,-0.0161306892211143,0.0144768323672468,0.014586321514675,0.9924256727105756,-1.1052266643126722,-0.0476158205382624,-0.0357565179781571,-0.0118593025601052,493.5288146972656,498.3113861083984,508.9722900390625,0.9904024440451128,0.9790540582674042,-0.0323531647522394,0.1530287843133881,25141070.0,1.0660842995146562,-0.0135078610452622,-0.0269955128951804,-0.0052726552808722,-0.0153578522748283,0.0052964687079566,-0.0198359508777116,-0.0151210368391234,3,11,0,0,0,xg_MSFT,0.38410176094630716,6.923182932293213
2025-11-21,471.04486083984375,477.8293938228302,467.2036221547232,477.4103368698009,31769200,28.39326508736717,506.4524505615235,500.255820211666,-8.673359694190253,-4.788962822601425,470.0768903005808,506.4524505615235,542.8280108224662,-0.0131889583686161,-0.072869091876263,-0.0479376224874064,-0.0132767050589883,0.0147366227544678,0.0145293318385347,1.0141972611655017,-0.8949176260206411,-0.072869091876263,-0.0479376224874064,-0.0249314693888565,486.12433471679685,495.9396118164062,506.45245056152345,0.9802087252847976,0.979242199868001,-0.0431553712495298,0.1853073407331404,25916010.0,1.2258522820449127,-0.0160012863737302,-0.0135078610452622,-0.0269955128951804,0.0136898855738041,0.0048360784124728,-0.0005632641778654,-0.0015062732980567,4,11,0,0,1,xg_MSFT,0.37568870883888567,6.771543172519407
2025-11-24,472.9205932617187,475.8139832068258,466.9542001322548,473.9183160323131,34421000,30.155401147442586,503.6325317382814,497.6524652640519,-9.726147880497592,-5.776399834180658,465.9983353982255,503.6325317382814,541.2667280783371,0.003982067479795,-0.0642432713807444,-0.0614877895971675,0.0039741600341249,0.0127746016874672,0.0139205075983787,0.9176162565148436,0.3116931458266562,-0.0642432713807444,-0.0614877895971675,-0.0027554817835769,479.6307739257812,492.8412139892577,503.6325317382813,0.9731953422552756,0.9785730327789244,-0.0507521942467353,0.08347078302255,26747960.0,1.286864493591239,-0.0131889583686161,-0.0160012863737302,-0.0135078610452622,-0.0052726552808722,-0.0153578522748283,0.0184774833505332,-0.0052220617974997,0,11,0,0,1,xg_MSFT,0.43898508190463037,7.912418883698676
2025-11-25,475.90374755859375,478.0588322743821,463.8313270788984,472.9904142849383,28019800,32.980141841253314,500.43645629882815,495.58115881591306,-10.202170214970636,-6.661553910338654,464.9481196516866,500.43645629882815,535.9247929459697,0.0063079390903668,-0.0322147147864654,-0.0605435136209742,0.0062881273132564,0.0128797713576913,0.0129144112271472,0.9972405160912754,0.4897174955753159,-0.0322147147864654,-0.0605435136209742,0.0283287988345087,476.4624877929688,489.7742401123047,500.43645629882815,0.9728206360622732,0.9786941657580664,-0.0503756665688111,-0.1859678684523982,27751940.0,1.009651937846471,0.003982067479795,-0.0131889583686161,-0.0160012863737302,-0.0269955128951804,0.0136898855738041,0.0052964687079566,-0.0139405475788699,1,11,0,0,1,xg_MSFT,0.45580805742741487,8.215642010618962
2025-11-26,484.3943786621094,487.1979770584782,480.10418316215106,485.2025316262965,25709100,40.37186849955151,497.69080657958983,494.51575118221746,-9.781542836685048,-7.285551695607933,466.6462446560618,497.69080657958983,528.7353685031179,0.0178410679618996,-0.0014602556252586,-0.0483846928441535,0.0176837840951549,0.0146476477167232,0.0139581495115593,1.0493223605488098,1.2179327612290052,-0.0014602556252586,-0.0483846928441535,0.0469244372188949,476.32081298828126,487.31134643554685,497.69080657958983,0.9774465882486502,0.9791447621558926,-0.0441169314357697,-0.0824666842732638,27665360.0,0.929288467599882,0.0063079390903668,0.003982067479795,-0.0131889583686161,-0.0135078610452622,-0.0052726552808722,0.0048360784124728,-0.0198359508777116,2,11,0,0,1,xg_MSFT,0.45123271406536153,8.13317444005769
2025-11-28,490.88958740234375,491.5081706450152,485.5417775483819,486.4896263544639,14386700,45.33849816182924,496.05614776611327,494.1704022508009,-8.82238458853169,-7.592918274192685,467.40101551573537,496.05614776611327,524.7112800164912,0.0134089267471972,0.0283845666139415,-0.0205828083542667,0.0133198227313533,0.0151702236033701,0.0133550761746737,1.1358293712143128,0.8838395041662034,0.0283845666139415,-0.0205828083542667,0.0489673749682082,479.0306335449219,486.27972412109375,496.05614776611327,0.985092755842794,0.9802916994597372,-0.0346829809759987,-0.440404370436927,26576720.0,0.5413271464650062,0.0178410679618996,0.0063079390903668,0.003982067479795,-0.0160012863737302,-0.0269955128951804,-0.0153578522748283,-0.0005632641778654,4,11,0,0,0,xg_MSFT,0.4915144613824582,8.859226580046851
2025-12-01,485.6315612792969,488.7444513856018,483.5463243869077,487.3277021324389,23964000,42.26913518832761,494.554443359375,493.3571793011339,-8.389811012602934,-7.752296821874735,467.1036606214316,494.554443359375,522.0052260973184,-0.0107112195043104,0.0309666905471508,-0.0441589159476963,-0.0107689975686895,0.014308812707089,0.0131820313832304,1.0853962409048576,-0.7485226902378731,0.0309666905471508,-0.0441589159476963,0.0751256064948472,481.9479736328125,484.03615417480466,494.554443359375,0.9956858996503016,0.9787317871150396,-0.0259589176892732,0.6657051304329693,26122550.0,0.9173683273646364,0.0134089267471972,0.0178410679618996,0.0063079390903668,-0.0131889583686161,-0.0135078610452622,0.0136898855738041,0.0184774833505332,0,12,1,0,1,xg_MSFT,0.4401626036450319,7.9336429426445845
2025-12-02,488.8841552734375,492.3761849539621,485.2125428025972,485.6116258193264,19562700,44.76041948964525,493.2542053222657,492.93117701278186,-7.695823521814418,-7.741002161862672,467.44441523317346,493.2542053222657,519.0639954113578,0.0066976577584296,0.0337552693605889,-0.032656550950218,0.0066753280975389,0.0147236615907297,0.0133546298053203,1.1024310950026814,0.4548598768915921,0.0337552693605889,-0.032656550950218,0.0664118203108069,485.14068603515625,482.38572998046874,493.2542053222657,1.0057111060370691,0.9779657725681304,-0.0165959955944398,-0.1836629944917376,26169540.0,0.74753702204927,-0.0107112195043104,0.0134089267471972,0.0178410679618996,0.003982067479795,-0.0160012863737302,-0.0052726552808722,0.0052964687079566,1,12,0,0,0,xg_MSFT,0.4334236376468477,7.8121774896745455
2025-12-03,476.64208984375,483.13724409881166,474.1178525596479,475.23529714339696,34615100,38.09676003555325,491.476303100586,491.379835377636,-8.040974456222273,-7.800996620734592,466.26984846937415,491.476303100586,516.6827577317978,-0.0250408308341275,0.0015514529754052,-0.0307132414261676,-0.0253596866397805,0.0143819123730165,0.0142708734496929,1.007710194720511,-1.7410125421542664,0.0015514529754052,-0.0307132414261676,0.0322646944015728,485.2883544921875,480.87542114257815,491.47630310058594,1.0091768744160892,0.9784305328840276,-0.0129823797357612,0.7694438906694883,26249540.0,1.3186935847256251,0.0066976577584296,-0.0107112195043104,0.0134089267471972,0.0063079390903668,-0.0131889583686161,-0.0269955128951804,0.0048360784124728,2,12,0,0,1,xg_MSFT,0.4500623685127988,8.112079727202364
2025-12-04,479.7449951171875,480.2239129901724,475.40489514051177,478.6674679630734,22318200,40.51406499536046,490.210563659668,490.27175535283135,-7.972231611438872,-7.835243618875449,465.3359046231492,490.210563659668,515.0852226961867,0.006509927133071,-0.0095983433122477,-0.0110445829026915,0.006488829072488,0.014151394756,0.0142155076771458,0.9954199074326476,0.4599876731329265,-0.0095983433122477,-0.0110445829026915,0.0014462395904437,484.3584777832031,480.3396453857422,490.210563659668,1.0083666473006485,0.9798639217396,-0.012198326060776,-0.3552466986950782,26156830.0,0.8532455958921302,-0.0250408308341275,0.0066976577584296,-0.0107112195043104,0.0178410679618996,0.003982067479795,-0.0135078610452622,-0.0153578522748283,3,12,0,0,1,xg_MSFT,0.4156887993651364,7.4925186331349956
2025-12-05,482.0597229003906,482.299166614698,477.78947078944657,481.4211657314621,22608700,42.323459860625825,489.5614776611328,489.48965702402745,-7.6428709655958755,-7.796769088219534,464.5405234792039,489.5614776611328,514.5824318430617,0.0048249128323636,-0.0179874756534934,0.0098865242595447,0.0048133102464538,0.013202216692963,0.0136898596412978,0.9643088190853324,0.3654346470686344,-0.0179874756534934,0.0098865242595447,-0.0278739999130381,482.5925048828125,480.8115692138672,489.5614776611328,1.003704020000719,0.9821270487027124,-0.0144566584745773,0.0130162826751261,25737450.0,0.8784358978841774,0.006509927133071,-0.0250408308341275,0.0066976577584296,0.0134089267471972,0.0063079390903668,-0.0160012863737302,0.0136898855738041,4,12,0,0,1,xg_MSFT,0.35460427352862545,6.391510021102954
2025-12-08,489.9018249511719,491.1789088824645,483.2769615726175,483.7858099301447,21965900,48.08488747039403,489.3184387207032,489.5289111123269,-6.672145840550058,-7.571844438685639,464.41605469245127,489.3184387207032,514.220822748955,0.0162679055690402,0.008793216941308,0.0400322043163943,0.0161370009807937,0.012952812235617,0.0142398287904899,0.909554663297893,1.2558392288805111,0.008793216941308,0.0400322043163943,-0.0312389873750862,483.4465576171875,482.697265625,489.3184387207031,1.0015523021271258,0.986468580434014,-0.0119858322718043,-0.0284315329939359,24757120.0,0.8872558682108062,0.0048249128323636,0.006509927133071,-0.0250408308341275,-0.0107112195043104,0.0178410679618996,-0.0131889583686161,-0.0052726552808722,0,12,0,0,1,xg_MSFT,0.35785675099833847,6.450133799474887
2025-12-09,490.8995361328125,490.9993144973555,487.3875630167038,487.9862027558801,14696100,48.785823105349614,488.66818695068366,489.65944682856366,-5.755980866659058,-7.2086717242803235,464.7081345819048,488.66818695068366,512.6282393194625,0.0020365533068591,0.0041224098544321,0.0380168322700722,0.0020344823434488,0.0129678610460414,0.0135507805558179,0.9569119712814542,0.157034091091659,0.0041224098544321,0.0380168322700722,-0.0338944224156401,483.8496337890625,484.4951599121094,488.6681869506836,0.998667631430696,0.991460407798154,-0.0098157623035875,-0.3309584401276524,22784630.0,0.6450005990880412,0.0162679055690402,0.0048249128323636,0.006509927133071,0.0066976577584296,0.0134089267471972,0.003982067479795,-0.0269955128951804,1,12,0,0,0,xg_MSFT,0.3478833270502412,6.27036935818756
2025-12-10,477.4701843261719,483.1472290611573,473.99809828560024,482.9277288439702,35756200,40.800619529634965,487.2130218505861,488.4985646854787,-6.043879896001783,-6.975713358624616,464.3203894903639,487.2130218505861,510.10565421080827,-0.0273566194672616,0.0017373507293352,0.0032914991226986,-0.0277377793619031,0.0162123596142705,0.0146472065326992,1.106781200693728,-1.687288761743313,0.0017373507293352,0.0032914991226986,-0.0015541483933634,484.0152526855469,484.6518035888672,487.2130218505859,0.9986865809667752,0.9947431243689044,-0.0066973169634705,1.4330400582467455,23558270.0,1.517776984472904,0.0020365533068591,0.0162679055690402,0.0048249128323636,-0.0250408308341275,-0.0107112195043104,0.0063079390903668,-0.0135078610452622,2,12,0,0,1,xg_MSFT,0.4601482852034649,8.293871776573134
2025-12-11,482.3690185546875,484.9231863556336,474.7763326037194,475.5445986070271,24669200,44.37719673460274,485.88030700683606,487.91479838730817,-5.809775494539679,-6.742525785807628,465.3525449956862,485.88030700683606,506.4080690179859,0.0102599793439019,0.0054696212867402,-0.0041812213284058,0.010207703021102,0.0154688635932566,0.0148458988674122,1.0418918948258966,0.6632236465468482,0.0054696212867402,-0.0041812213284058,0.009650842615146,484.54005737304686,484.449267578125,485.8803070068359,1.0001874082612938,0.9970547490645864,-0.0027784737042292,-0.3100720993841627,23454280.0,1.0517995009865555,-0.0273566194672616,0.0020365533068591,0.0162679055690402,0.006509927133071,0.0066976577584296,0.0178410679618996,-0.0160012863737302,3,12,0,0,0,xg_MSFT,0.37213432040799854,6.707477646605565
2025-12-12,477.4402770996094,481.3513637649093,475.2552617920193,478.72734800157895,21248100,41.650725087815566,484.69203033447275,486.9172249313369,-5.95332805397544,-6.584686239441191,465.17296634854017,484.69203033447275,504.2110943204053,-0.0102177819583977,-0.0095827250884757,-0.0273978317077462,-0.0102703418292007,0.0149357567194315,0.0146563401209568,1.0189950288508762,-0.684069651151592,-0.0095827250884757,-0.0273978317077462,0.0178151066192704,483.6161682128906,483.1043365478516,484.69203033447263,1.0010594640253003,0.9967243245457834,-0.0022533962323366,-0.1386790005350802,24140420.0,0.880187668648645,0.0102599793439019,-0.0273566194672616,0.0020365533068591,0.0048249128323636,-0.0250408308341275,0.0134089267471972,-0.0131889583686161,4,12,0,0,0,xg_MSFT,0.4302582228139127,7.7551229583674965
2025-12-15,473.73870849609375,479.6252664455081,471.44392797474177,479.0066832317436,23727700,39.679043570695264,482.9756027221681,485.6621281279804,-6.293235639523459,-6.526396119457645,466.277842283439,482.9756027221681,499.6733631608972,-0.0077529458260249,-0.0329925622479342,-0.0244894560639218,-0.0077831561578616,0.0147874154869438,0.0142004951875824,1.0412576486927785,-0.5242580473120799,-0.0329925622479342,-0.0244894560639218,-0.0085031061840123,480.383544921875,481.91505126953126,482.975602722168,0.9968220408480256,0.9978041303812052,-0.00547149252068,0.116697492952311,24116790.0,0.9838664266678532,-0.0102177819583977,0.0102599793439019,-0.0273566194672616,0.0162679055690402,0.006509927133071,-0.0107112195043104,0.003982067479795,0,12,0,0,1,xg_MSFT,0.38608829904294883,6.958988981739944
2025-12-16,475.3051452636719,476.80172935648005,469.8076832860371,470.8353364785088,20705600,40.95291159215467,481.4714401245118,484.6757488075701,-6.362869297573127,-6.493690755080742,468.2079193123544,481.4714401245118,494.73496093666904,0.0033065416430733,-0.0317669700647701,-0.0277755166807783,0.0033010870548295,0.014593801324638,0.0142702112278838,1.0226042549299486,0.2265561256727363,-0.0317669700647701,-0.0277755166807783,-0.0039914533839917,477.26466674804686,480.55715026855466,481.4714401245118,0.9931486119420596,0.998101050696339,-0.0088506792286693,-0.1273659056714304,24231080.0,0.8545058660199688,-0.0077529458260249,-0.0102177819583977,0.0102599793439019,0.0020365533068591,0.0048249128323636,0.0066976577584296,0.0063079390903668,1,12,0,0,0,xg_MSFT,0.38293134046486316,6.902086868893826
2025-12-17,475.0357360839844,478.9069051052783,473.9182915104317,475.8239455574328,24527200,40.793349476145494,480.6359680175782,483.7576523577048,-6.3664055819167515,-6.4682337204479445,468.007403947455,480.6359680175782,493.2645320877014,-0.0005668130933824,-0.0050986392912116,-0.0033701466865677,-0.000566973792651,0.0123069359634854,0.0131039962698788,0.9391025918696586,-0.0460526521314426,-0.0050986392912116,-0.0033701466865677,-0.0017284926046439,476.77777709960935,480.3965148925781,480.63596801757814,0.9924671855836048,0.9995017994055092,-0.0081218961541172,0.1845684259330808,23222290.0,1.0561921326449264,0.0033065416430733,-0.0077529458260249,-0.0102177819583977,-0.0273566194672616,0.0162679055690402,-0.0250408308341275,0.0178410679618996,2,12,0,0,1,xg_MSFT,0.40791744421437826,7.352445041157794
2025-12-18,482.87786865234375,488.4850656489584,476.8017407441929,477.1010453906704,28573500,47.237647646065035,480.5247238159181,483.67386343338467,-5.671041319673918,-6.30879524029314,468.02327596304633,480.5247238159181,493.02617166878974,0.0165085107764879,0.0010548979683249,0.0065302891474479,0.0163737266793377,0.0132860686605674,0.0133896179601004,0.9921923469219686,1.2424494219316302,0.0010548979683249,0.0065302891474479,-0.0054753911791229,476.8795471191406,480.7098022460938,480.524723815918,0.9920320844113092,1.0003851590168058,-0.0075488584866202,0.1649719495091164,23847820.0,1.1981598318000892,-0.0005668130933824,0.0033065416430733,-0.0077529458260249,0.0102599793439019,0.0020365533068591,0.006509927133071,0.0134089267471972,3,12,0,0,1,xg_MSFT,0.404841821192289,7.297008948492567
2025-12-19,484.8134460449219,486.7390436209232,481.39123391446,486.2501387748106,70836100,48.72120383486688,480.8983718872071,483.7823951106739,-4.907207973840173,-6.028477787002547,468.3510220394669,480.8983718872071,493.44572173494726,0.0040084201787504,0.0154431230437943,0.0057124107526822,0.0040004078665916,0.013260598773584,0.0128802870463263,1.0294467257730928,0.3022576875674228,0.0154431230437943,0.0057124107526822,0.0097307122911121,478.35418090820315,480.98517456054685,480.898371887207,0.9945299901296386,1.0001805010755167,-0.0052477731378104,1.479083766426934,28670560.0,2.4706911898476185,0.0165085107764879,-0.0005668130933824,0.0033065416430733,-0.0102177819583977,-0.0273566194672616,0.0048249128323636,-0.0107112195043104,4,12,0,0,0,xg_MSFT,0.44524703592879195,8.025286507934693
2025-12-22,483.8157348632813,487.6170561484318,481.5908021440126,485.0129839081318,16963000,47.97243018761405,481.536915588379,483.785570325208,-4.3324299427469555,-5.68926821815143,469.8291987489331,481.536915588379,493.24463242782485,-0.0020579280335144,0.0212712750435308,-0.0124230810703699,-0.0020600484770563,0.0120756812326628,0.0124755832881162,0.96786764082798,-0.1704050967204912,0.0212712750435308,-0.0124230810703699,0.0336943561139008,480.3695861816406,480.37656555175784,481.5369155883789,0.9999854710437234,0.9975903196638554,-0.0024127561850963,-0.7605317062910013,28170270.0,0.6021596527118624,0.0040084201787504,0.0165085107764879,-0.0005668130933824,-0.0077529458260249,0.0102599793439019,0.0162679055690402,0.0066976577584296,0,12,0,0,1,xg_MSFT,0.42533336358563656,7.666355592997583
2025-12-23,485.7413330078125,486.71908182827985,483.6361221459561,483.8755963136496,14683600,49.582911916239325,482.1779525756836,483.97183343783695,-3.6791238847170575,-5.287239351464556,471.0679470653989,482.1779525756836,493.2879580859683,0.0039800238102536,0.0219568162645309,-0.0105076553252322,0.0039721244682651,0.0121486766010216,0.0124755611449609,0.9737199585583136,0.32758269548664,0.0219568162645309,-0.0105076553252322,0.0324644715897631,482.4568237304687,479.8607452392578,482.1779525756836,1.0054100663931502,0.9951942901494192,0.0005741145252315,-0.1343748157755113,28169020.0,0.5212676905337665,-0.0020579280335144,0.0040084201787504,0.0165085107764879,0.0033065416430733,-0.0102177819583977,0.0020365533068591,-0.0250408308341275,1,12,0,0,1,xg_MSFT,0.3992872970683642,7.196892285353543
2025-12-24,486.90863037109375,488.04604888584674,483.7258924615979,484.5739628623746,5855900,50.58155853335183,482.7281967163086,484.2515283838614,-3.032229332953591,-4.836237347762363,471.8386909220535,482.7281967163086,493.6177025105638,0.0024031254578502,0.0249936865486901,0.0197676134652089,0.0024002425695712,0.0078598540259135,0.0124253734009782,0.6325139099147582,0.3057079357953091,0.0249936865486901,0.0197676134652089,0.0052260730834812,484.83140258789064,480.80458984375,482.7281967163086,1.0083751545413684,0.9960151346334364,0.0043195083027776,-0.6011945299517829,25178990.0,0.232570885488249,0.0039800238102536,-0.0020579280335144,0.0040084201787504,-0.0005668130933824,-0.0077529458260249,-0.0273566194672616,0.006509927133071,2,12,0,0,0,xg_MSFT,0.3971513776009098,7.158393734434637
2025-12-26,486.599365234375,487.0084352251926,484.85335038112265,485.601642461088,8842200,50.297300402381495,482.8384460449219,484.47513189343414,-2.5155185203079213,-4.372093582271475,471.833872514991,482.8384460449219,493.8430195748528,-0.0006351605156044,0.0077069106364668,0.0087699386091644,-0.0006353623154993,0.0073224263311673,0.0117952440998213,0.620742184478722,-0.0867299658496289,0.0077069106364668,0.0087699386091644,-0.0010630279726975,485.57570190429686,481.2276245117188,482.83844604492185,1.0090353861065018,0.9966638498934834,0.0056252762640916,0.5099643094998207,23596290.0,0.3747284001001694,0.0024031254578502,0.0039800238102536,-0.0020579280335144,0.0165085107764879,0.0033065416430733,0.0102599793439019,0.0048249128323636,4,12,0,0,0,xg_MSFT,0.39806754532533883,7.174907058240438
2025-12-29,485.9907531738281,487.23790659993216,483.0773893732932,483.7558335295542,10893400,49.70530584704263,482.5935043334961,484.6194767772812,-2.130571483659878,-3.923789162549156,472.1391497386802,482.5935043334961,493.04785892831205,-0.0012507456935414,0.0024283714457811,0.0179089961286087,-0.0012515285287566,0.0062856473116474,0.0113857194255095,0.5520156488238185,-0.198952737689636,0.0024283714457811,0.0179089961286087,-0.0154806246828276,485.8111633300781,482.0826721191406,482.59350433349607,1.0077341323938231,0.998941485515722,0.0066208234942098,0.2319784668973785,22560820.0,0.4828459249264662,-0.0006351605156044,0.0024031254578502,0.0039800238102536,0.0040084201787504,-0.0005668130933824,-0.0102177819583977,0.0162679055690402,0,12,0,0,0,xg_MSFT,0.3918232875664083,7.0623583976069595
2025-12-30,486.3699035644531,488.5648753746366,484.39440153201394,484.8234150126487,13944500,50.0993409876994,482.6304214477539,484.7861840903451,-1.7744491704109464,-3.493921164121514,472.1258018008272,482.6304214477539,493.1350410946807,0.0007801596803003,0.005279217927655,0.0266627886677399,0.000779855513926,0.0053560080378914,0.0111270893992668,0.4813052668541926,0.1456334720392533,0.005279217927655,0.0266627886677399,-0.0213835707400849,486.3219970703125,483.3457916259766,482.6304214477539,1.0061575077220055,1.0014822318412435,0.0075900576814152,0.2800870251712046,21582500.0,0.6461021661067696,-0.0012507456935414,-0.0006351605156044,0.0024031254578502,-0.0020579280335144,0.0165085107764879,-0.0077529458260249,0.0020365533068591,1,12,0,0,0,xg_MSFT,0.3880350345567599,6.994077615673048
2025-12-31,482.5186767578125,487.0284031238816,482.1993981667827,486.7290680267604,15601600,46.144701525121455,482.31214752197263,484.5702310110563,-1.7824346910971371,-3.151623869516639,472.2280198642916,482.31214752197263,492.3962751796537,-0.0079183082226432,-0.0066345110679476,0.0151766324560593,-0.0079498245058751,0.0062962615649297,0.0111533411918949,0.5644673635682596,-1.257420886999724,-0.0066345110679476,0.0151766324560593,-0.021811143524007,485.6774658203125,484.0671447753906,482.31214752197263,1.003326648094799,1.0036387166743257,0.0069744829795033,0.1188353831259636,21072100.0,0.7403913231239061,0.0007801596803003,-0.0012507456935414,-0.0006351605156044,0.0039800238102536,0.0040084201787504,0.0033065416430733,-0.0273566194672616,2,12,0,1,0,xg_MSFT,0.42228542508330413,7.611418495687642
