Date,Close,High,Low,Open,Volume,RSI,SMA_20,EMA_20,MACD,MACD_SIGNAL,BB_LOWER,BB_MIDDLE,BB_UPPER,ret_1,ret_5,ret_10,log_ret,vol_10,vol_20,vol_ratio,scaled_ret_1,mom_5,mom_10,mom_diff,ma_5,ma_10,ma_20,ma_ratio_5_10,ma_ratio_10_20,trend_strength,volume_chg,volume_ma_10,volume_ratio,ret_lag_1,ret_lag_2,ret_lag_3,ret_lag_5,ret_lag_7,ret_lag_10,ret_lag_14,day_of_week,month,is_month_start,is_month_end,target,stock,pred,position
2022-10-31,1163.8839111328125,1169.065162018063,1155.9408156542663,1159.9580661075936,12419943,61.7165505632509,1111.1527038574218,1123.706037717519,4.339304587352899,-3.777323386448729,1060.16927754161,1111.1527038574218,1162.1361301732336,0.0092829963706388,0.0315586813367529,0.0754631681378537,0.0092401741680641,0.0139640443913684,0.0132931319440846,1.0503915900715766,0.664730888816693,0.0315586813367529,0.0754631681378537,-0.0439044868011007,1136.52138671875,1130.9429809570313,1111.1527038574218,1.004932526091632,1.0178105826777062,0.0217965749149644,-0.2947058057903897,12349869.0,1.005674068283558,0.0305979357150103,0.0039318895960449,-0.0154444338649407,-0.0115973242208698,0.0173993077585672,-0.005078126271285,-0.0109154880802315,0,10,0,1,0,xg_RELIANCE.NS,0.6440118535410955,7.907555077693951
2022-11-01,1154.8680419921875,1186.8912136799254,1144.8936213637878,1186.8912136799254,13963166,58.58961495422624,1114.6243652343749,1126.6738476484395,6.127258752901753,-1.7964069585786324,1061.5994581707084,1114.6243652343749,1167.6492722980413,-0.0077463646110975,0.0201626169153466,0.0502751501197293,-0.0077765235424509,0.0143464381400816,0.0128708410478491,1.1145599208963894,-0.5399127381115484,0.0201626169153466,0.0502751501197293,-0.0301125332043827,1141.086376953125,1136.4711669921876,1114.624365234375,1.0040610004855224,1.019600147313502,0.0229134505039224,0.1242536298274477,12073250.1,1.1565374596190006,0.0092829963706388,0.0305979357150103,0.0039318895960449,0.0033379332878566,0.0026866135427152,0.016050163797554,-0.0199102389766647,1,11,1,0,1,xg_RELIANCE.NS,0.5637466754248035,6.922012166821127
2022-11-02,1162.08056640625,1164.157654947125,1148.0890168960857,1155.986348539346,8981896,60.321568233794224,1118.6449523925778,1130.0459161015644,8.033609305916116,0.1695962943203172,1063.97269537909,1118.6449523925778,1173.3172094060656,0.0062453234064911,0.042636797448543,0.0385109478349128,0.006225902193492,0.0136678053709632,0.0127896052535945,1.068581595630293,0.4569033823364088,0.042636797448543,0.0385109478349128,0.0041258496136302,1150.590625,1140.7804931640626,1118.644952392578,1.008599491220899,1.0197878162540677,0.0274900669806521,-0.3567435923915822,11729857.7,0.7657293233829456,-0.0077463646110975,0.0092829963706388,0.0305979357150103,-0.0154444338649407,-0.0115973242208698,0.0176440222429203,0.0073583097537326,2,11,0,0,1,xg_RELIANCE.NS,0.4829643808587838,5.930119797028689
2022-11-03,1166.417236328125,1168.4258612328554,1152.6767205686606,1154.8679148064807,6693449,61.36780515393266,1121.8849304199218,1133.509851361237,9.781582874770038,2.0919936104102614,1063.8825197181634,1121.8849304199218,1179.8873411216805,0.0037318152004608,0.0424290095206718,0.0245598466863223,0.0037248692534124,0.0128216842670362,0.0123092475513049,1.0415456077223275,0.2910322926732553,0.0424290095206718,0.0245598466863223,0.0178691628343494,1160.0857421875,1143.5765258789063,1121.8849304199218,1.0144364770830754,1.0193349557256868,0.0327505549282126,-0.2547844018679353,10474488.4,0.639023954620959,0.0062453234064911,-0.0077463646110975,0.0092829963706388,0.0039318895960449,0.0033379332878566,0.0173993077585672,0.0031785978166363,3,11,0,0,1,xg_RELIANCE.NS,0.4640943000217278,5.6984218822789945
2022-11-04,1183.5816650390625,1186.8912175642852,1164.568612402097,1165.8467186255812,12575815,65.27104248169691,1125.7799926757814,1138.27859552103,12.408848982582183,4.155364684844646,1062.1680126274716,1125.7799926757814,1189.3919727240911,0.0147155136055525,0.0263642601411138,0.0368511527013104,0.0146082910453468,0.0133924162463404,0.0125886269436397,1.063765932564527,1.098712481931066,0.0263642601411138,0.0368511527013104,-0.0104868925601966,1166.1662841796874,1147.7831420898438,1125.7799926757812,1.016016215446737,1.0195448040977926,0.0341220996377747,0.878824354977531,10860364.6,1.1579551390013962,0.0037318152004608,0.0062453234064911,-0.0077463646110975,0.0305979357150103,-0.0154444338649407,0.0026866135427152,-0.005078126271285,4,11,0,0,1,xg_RELIANCE.NS,0.5840186663011993,7.170923554877402
2022-11-07,1189.9041748046875,1191.593303681506,1175.0224772794022,1182.7828828061097,11789748,66.60931850605472,1129.7572204589844,1143.195317357569,14.830196723765994,6.290331092628916,1060.5077780916856,1129.7572204589844,1199.0066628262832,0.0053418449713955,0.0223564080772877,0.0546206281723862,0.0053276279252436,0.0122656612037514,0.0125945379130461,0.973810034031735,0.4354766861712845,0.0223564080772877,0.0546206281723862,-0.0322642200950984,1171.3703369140626,1153.9458618164062,1129.7572204589844,1.0150999069143751,1.0214104773303372,0.0349718215434521,-0.0625062471100282,11214994.2,1.0512486934677996,0.0147155136055525,0.0037318152004608,0.0062453234064911,0.0092829963706388,0.0039318895960449,-0.0115973242208698,0.016050163797554,0,11,0,0,0,xg_RELIANCE.NS,0.521279405831827,6.400574135115224
2022-11-09,1188.71728515625,1196.9114132053803,1182.3490921570583,1191.593235494793,11254205,66.09441690446317,1134.2811096191406,1147.530742862205,16.463578295772322,8.324980533257598,1061.9483024588933,1134.2811096191406,1206.613916779388,-0.0009974665805608,0.0293100526928351,0.0500636369723961,-0.0009979643814048,0.0124222429720233,0.012183950233925,1.019474247620443,-0.080290354362958,0.0293100526928351,0.0500636369723961,-0.0207535842795609,1178.140185546875,1159.61328125,1134.2811096191406,1.0159767955373054,1.0223332394553986,0.0368961371012363,-0.045424465391457,12003411.4,0.9375838771966994,0.0053418449713955,0.0147155136055525,0.0037318152004608,-0.0077463646110975,0.0305979357150103,0.0033379332878566,0.0176440222429203,2,11,0,0,0,xg_RELIANCE.NS,0.5237254071887945,6.430607573698665
2022-11-10,1174.3375244140625,1185.3161961635597,1170.0007782161265,1182.3261403082447,5966242,60.03894104210645,1139.1793212890625,1150.0837696766675,16.408570655707763,9.941698557747632,1070.1659471923283,1139.1793212890625,1208.1926953857967,-0.0120968719154255,0.0105474253353339,0.0536339312215032,-0.0121706345387311,0.0118426953010281,0.0114806759560073,1.031443087786497,-1.0213764883309142,0.0105474253353339,0.0536339312215032,-0.0430865058861693,1180.5915771484374,1165.5911010742188,1139.1793212890625,1.0128694154068214,1.0231849185563424,0.035264355433109,-0.4698655302617999,11376711.5,0.5244258852832363,-0.0009974665805608,0.0053418449713955,0.0147155136055525,0.0062453234064911,0.0092829963706388,-0.0154444338649407,0.0173993077585672,3,11,0,0,1,xg_RELIANCE.NS,0.5305825354544271,6.514803414407429
2022-11-11,1201.407958984375,1203.3251787933696,1181.4133535308406,1186.8912796597394,12310132,66.2987096785516,1145.035040283203,1154.971787705973,18.33794610963446,11.620948068124996,1075.756521815393,1145.035040283203,1214.313558751013,0.0230516644555145,0.0299984615851534,0.0737002761180269,0.0227899885833275,0.013076326681664,0.0122050061600932,1.0713026447927103,1.7627199363181525,0.0299984615851534,0.0737002761180269,-0.0437018145328735,1187.5897216796875,1173.8377319335937,1145.0350402832032,1.0117154095255063,1.0251544194169522,0.0354206754485448,1.06329746597607,11356418.8,1.083980101191664,-0.0120968719154255,-0.0009974665805608,0.0053418449713955,0.0037318152004608,-0.0077463646110975,0.0039318895960449,0.0026866135427152,4,11,0,0,0,xg_RELIANCE.NS,0.4760358478164531,5.84504720661191
2022-11-14,1195.58740234375,1206.0640083384951,1189.2420312652064,1200.928400591495,9043112,63.97807675474974,1150.427404785156,1158.8399414809994,19.17626770351967,13.132011995203932,1083.1667680374644,1150.427404785156,1217.6880415328478,-0.0048447794915105,0.0101435647909358,0.0367752525129561,-0.0048565534793141,0.0106029530051263,0.0124055647699235,0.8546244026251708,-0.4568842854328342,0.0101435647909358,0.0367752525129561,-0.0266316877220202,1189.990869140625,1178.0785766601562,1150.4274047851563,1.010111628134551,1.0240355643128682,0.033091235553261,-0.2653927675186586,10499770.8,0.8612675621451792,0.0230516644555145,-0.0120968719154255,-0.0009974665805608,0.0147155136055525,0.0062453234064911,0.0305979357150103,-0.0115973242208698,0,11,0,0,0,xg_RELIANCE.NS,0.5222107053302245,6.412009176313479
2022-11-15,1190.2237548828125,1198.9427700567662,1182.3263018305277,1197.0711926191022,7086433,61.8303287817828,1155.8277709960937,1161.828876090696,19.18667009268825,14.342943614700795,1094.5489408731048,1155.8277709960937,1217.1066011190826,-0.0044862027238016,0.0002685763147083,0.0226309887936875,-0.0044962959293313,0.0106865303942394,0.0123814140064866,0.863040953778577,-0.4197604646083335,0.0002685763147083,0.0226309887936875,-0.0223624124789791,1190.05478515625,1180.7125610351563,1155.8277709960937,1.0079123610854983,1.021529842649149,0.0287567896538296,-0.2163723063476378,9966419.8,0.7110309561713715,-0.0048447794915105,0.0230516644555145,-0.0120968719154255,0.0053418449713955,0.0037318152004608,0.0092829963706388,0.0033379332878566,1,11,0,0,0,xg_RELIANCE.NS,0.4805879409575592,5.900940474777963
2022-11-16,1183.3990478515625,1194.1723297469184,1178.3775455967132,1191.4561277313169,9716161,59.11119636391255,1160.0184143066408,1163.8831781631595,18.4317475279463,15.160704397349896,1103.6688839616368,1160.0184143066408,1216.3679446516448,-0.0057339697710216,-0.0044739294793618,0.0247049921046893,-0.0057504720884509,0.0104937127386409,0.0123012842369487,0.8529889682701383,-0.5463674817805685,-0.0044739294793618,0.0247049921046893,-0.0291789215840512,1188.9911376953123,1183.5656616210938,1160.0184143066406,1.004584009362681,1.0202990288981988,0.0244826319923709,0.3710933272070731,9541719.3,1.018281998716833,-0.0044862027238016,-0.0048447794915105,0.0230516644555145,-0.0009974665805608,0.0147155136055525,-0.0077463646110975,-0.0154444338649407,2,11,0,0,1,xg_RELIANCE.NS,0.4014445092414716,4.929171023809717
2022-11-17,1186.4576416015625,1192.8257139314462,1177.761326971582,1180.020985015561,6661451,59.96103047801975,1163.391931152344,1166.033127062055,17.87422595981002,15.703408709841922,1109.3541297182471,1163.391931152344,1217.4297325864409,0.0025845835819733,0.010320812318032,0.0209770956506905,0.0025812492897632,0.0104117888717729,0.0118590728679031,0.8778857421652345,0.2482124254895478,0.010320812318032,0.0209770956506905,-0.0106562833326584,1191.4151611328125,1186.003369140625,1163.3919311523437,1.0045630494254911,1.0194357871864252,0.023619241848905,-0.3143947491195339,9309674.8,0.7155406760286926,-0.0057339697710216,-0.0044862027238016,-0.0048447794915105,-0.0120968719154255,0.0053418449713955,0.0062453234064911,0.0039318895960449,3,11,0,0,0,xg_RELIANCE.NS,0.41233953573162335,5.062946546061516
2022-11-18,1185.8184814453125,1190.9997319984882,1173.6985088451029,1189.9725379072304,5303197,59.68187586896964,1165.760009765625,1167.9174465271271,17.18273929470547,15.999274826814633,1112.1739985626034,1165.760009765625,1219.3460209686466,-0.0005387130006488,-0.012976006545055,0.0166331948062277,-0.0005388581586318,0.0104262045731217,0.0113812788006039,0.9160032675151576,-0.0516641825592967,-0.012976006545055,0.0166331948062277,-0.0296092013512827,1188.297265625,1187.9434936523437,1165.760009765625,1.0002978020205056,1.0190292030099564,0.0190056540794555,-0.2038976193024613,9170649.6,0.5782793184028557,0.0025845835819733,-0.0057339697710216,-0.0044862027238016,0.0230516644555145,-0.0009974665805608,0.0037318152004608,0.0305979357150103,4,11,0,0,0,xg_RELIANCE.NS,0.4171596257625267,5.12213043714867
2022-11-21,1164.477294921875,1181.413258441568,1160.916588888564,1181.413258441568,6390268,51.123525519699164,1166.9080993652346,1167.5898130409128,14.742730711404192,15.747966003732545,1114.5391152034197,1166.9080993652346,1219.2770835270496,-0.0179970095401331,-0.0260207721835215,-0.0161411507811394,-0.0181609253574945,0.0110044464903187,0.0122331240956416,0.8994878917599897,-1.6352820901873208,-0.0260207721835215,-0.0161411507811394,-0.009879621402382,1182.075244140625,1186.033056640625,1166.9080993652344,0.996662982976874,1.0163894288554465,0.0130248523020006,0.2049840879001854,8552094.9,0.7472166848849224,-0.0005387130006488,0.0025845835819733,-0.0057339697710216,-0.0048447794915105,-0.0120968719154255,0.0147155136055525,0.0092829963706388,0,11,0,0,1,xg_RELIANCE.NS,0.3881913418356986,4.7664408649798675
2022-11-22,1170.9366455078125,1172.511547625572,1157.903705618024,1161.783907991267,6611488,53.30606951562762,1169.041082763672,1167.9085589901413,13.178310577936143,15.234034918573265,1119.9229691960873,1169.041082763672,1218.159196331257,0.0055469957328544,-0.0162046079956612,-0.0159403838548497,0.0055316678085199,0.0110189488101418,0.0118949986175363,0.9262735449463096,0.5033594827363873,-0.0162046079956612,-0.0159403838548497,-0.0002642241408115,1178.217822265625,1184.1363037109377,1169.041082763672,0.9950018579560777,1.012912481152142,0.0078370930973582,0.0346182664013465,8034268.9,0.822910968289744,-0.0179970095401331,-0.0005387130006488,0.0025845835819733,-0.0044862027238016,0.0230516644555145,0.0053418449713955,-0.0077463646110975,1,11,0,0,0,xg_RELIANCE.NS,0.3806749942520486,4.674150743029477
2022-11-23,1167.28466796875,1176.80266503484,1165.0934735308952,1175.4787957552544,6413408,51.89511334242991,1170.803161621094,1167.8491407976278,11.511119267083814,14.489451788275376,1124.8468132727878,1170.803161621094,1216.7595099694,-0.0031188515220468,-0.0136170296165675,-0.0180300374657064,-0.0031237252757687,0.011027521515701,0.0119421350996216,0.9233355750995712,-0.2827986976864114,-0.0136170296165675,-0.0180300374657064,0.0044130078491388,1174.9949462890625,1181.9930419921875,1170.8031616210938,0.9940794104072472,1.0095574394893163,0.0035910560491324,-0.0299599727020604,7550189.2,0.849436726698074,0.0055469957328544,-0.0179970095401331,-0.0005387130006488,-0.0057339697710216,-0.0048447794915105,-0.0009974665805608,0.0062453234064911,2,11,0,0,1,xg_RELIANCE.NS,0.417735009483085,5.1291953357776405
2022-11-24,1177.3504638671875,1184.1522586948402,1163.2446877659072,1171.3703518394527,9389439,55.39927016305481,1173.9427185058596,1168.7540287090144,10.876703875640716,13.766902205748444,1136.345699947732,1173.9427185058596,1211.539737063987,0.0086232571836597,-0.0076759400547005,0.0025656503266624,0.0085862892719505,0.0108147132422458,0.0113310602878549,0.954346603135926,0.797289738597873,-0.0076759400547005,0.0025656503266624,-0.0102415903813629,1173.1735107421875,1182.2943359375,1173.9427185058594,0.9922854868554538,1.0071141609381675,-0.0006533379713847,0.4640326952534439,7892508.9,1.1896646705078546,-0.0031188515220468,0.0055469957328544,-0.0179970095401331,0.0025845835819733,-0.0044862027238016,-0.0120968719154255,0.0037318152004608,3,11,0,0,1,xg_RELIANCE.NS,0.38523535271957726,4.73014549771874
2022-11-25,1194.925537109375,1198.2579106358316,1178.7198513447252,1181.8697762735126,7349922,60.77231782378826,1177.741912841797,1171.2465533185723,11.657703883138764,13.34506254122651,1149.3062839606214,1177.741912841797,1206.1775417229728,0.0149276479532352,0.0076799744704287,-0.0053956874736205,0.0148173271483162,0.0090829107207806,0.0116508776344117,0.7795233528676848,1.6433063261053735,0.0076799744704287,-0.0053956874736205,0.0130756619440493,1174.994921875,1181.64609375,1177.7419128417969,0.994371265719762,1.0033149715278304,-0.0022988804586451,-0.2172139357846618,7396487.9,0.993704322831246,0.0086232571836597,-0.0031188515220468,0.0055469957328544,-0.0005387130006488,-0.0057339697710216,0.0230516644555145,0.0147155136055525,4,11,0,0,1,xg_RELIANCE.NS,0.4216568774447754,5.177350329733091
2022-11-28,1235.9874267578125,1242.1501079495758,1142.1545139312134,1190.954018527936,31527484,69.89695535474021,1181.8823364257812,1177.4123507889765,15.412339486231986,13.758517930227606,1145.5009717628045,1181.8823364257812,1218.263701088758,0.0343635551950538,0.0614096403148289,0.0337909418708033,0.0337863150580828,0.0140856305560128,0.0121346914790684,1.1606780363778753,2.43944462505875,0.0614096403148289,0.0337909418708033,0.0276186984440256,1189.2969482421877,1185.6860961914062,1181.8823364257812,1.00304536931181,1.0032183912462287,0.005998937898467,3.2894991266573985,9644925.1,3.2688158459620107,0.0149276479532352,0.0086232571836597,-0.0031188515220468,-0.0179970095401331,0.0025845835819733,-0.0048447794915105,0.0053418449713955,0,11,0,0,1,xg_RELIANCE.NS,0.5210366139236992,6.39759299373501
2022-11-29,1238.110107421875,1246.9889910362924,1229.8018737736188,1234.34401084029,11058913,70.28179163881019,1185.5936462402344,1183.193089515919,18.347697011871333,14.676353746556352,1142.4311380027846,1185.5936462402344,1228.7561544776845,0.0017173966483061,0.0573672898288453,0.0402330673897339,0.0017159236089696,0.0138332243482678,0.0120640474054656,1.1465536672488492,0.1241411592780193,0.0573672898288453,0.0402330673897339,0.0171342224391113,1202.731640625,1190.4747314453125,1185.5936462402344,1.0102958163293452,1.0041169967640742,0.0138420599929129,-0.6492294469168551,10042173.1,1.1012470000142598,0.0343635551950538,0.0149276479532352,0.0086232571836597,0.0055469957328544,-0.0005387130006488,-0.0044862027238016,-0.0009974665805608,1,11,0,0,1,xg_RELIANCE.NS,0.506440222612431,6.218369944353574
2022-11-30,1246.85205078125,1253.288707028199,1231.7192011093234,1238.247142030381,26164986,71.87636689694993,1190.1928466796876,1189.2558477316647,21.135750987842357,15.968233194813552,1141.5594456941176,1190.1928466796876,1238.8262476652576,0.007060715607579,0.0681645060505755,0.0536192783363187,0.007035905471552,0.0134143826285268,0.0118109127486074,1.1356655703462006,0.5263148881467556,0.0681645060505755,0.0536192783363187,0.0145452277142568,1218.6451171875,1196.8200317382812,1190.1928466796876,1.01823589584937,1.005568160720409,0.0228192835629415,1.365963634943145,11687055.6,2.238800506775869,0.0017173966483061,0.0343635551950538,0.0149276479532352,-0.0031188515220468,-0.0179970095401331,-0.0057339697710216,-0.0120968719154255,2,11,0,1,0,xg_RELIANCE.NS,0.48665187305298624,5.975396987912508
2022-12-01,1243.1771240234375,1257.648037723801,1239.844750738756,1251.6222838141432,9485801,70.17181399508524,1194.2476745605468,1194.3912073785002,22.786103951437553,17.331807346138355,1142.0881272286806,1194.2476745605468,1246.407221892413,-0.0029473639278292,0.0559108457307031,0.0478057373757661,-0.0029517159583392,0.0136515520159272,0.0118936178762839,1.147708329760334,-0.215883735465047,0.0559108457307031,0.0478057373757661,0.008105108354937,1231.81044921875,1202.4919799804688,1194.2476745605468,1.0243814260106394,1.006903346429337,0.0302151430655628,-0.6374620265418831,11969490.6,0.7924983039795535,0.007060715607579,0.0017173966483061,0.0343635551950538,0.0086232571836597,0.0055469957328544,0.0025845835819733,0.0230516644555145,3,12,1,0,0,xg_RELIANCE.NS,0.44383977147178183,5.449724906903833
2022-12-02,1242.6522216796875,1254.4526976676975,1232.8147284105949,1246.235748845341,11589592,69.91676699896378,1198.059423828125,1198.9874944548037,23.777572280662525,18.62096033304319,1143.3817741368234,1198.059423828125,1252.7370735194268,-0.0004222265143128,0.0399411369898139,0.0479278583726443,-0.0004223156770262,0.0136465735649787,0.0119245803522981,1.1443110659473184,-0.0309378449071986,0.0399411369898139,0.0479278583726443,-0.0079867213828304,1241.3557861328125,1208.1753540039062,1198.059423828125,1.0274632585567534,1.0084435963480494,0.0348418982796038,0.2217831683376026,12598130.1,0.9199454131688226,-0.0029473639278292,0.007060715607579,0.0017173966483061,0.0149276479532352,-0.0031188515220468,-0.0005387130006488,-0.0048447794915105,4,12,0,0,0,xg_RELIANCE.NS,0.37025232915645123,4.546175150893059
2022-12-05,1224.5294189453125,1240.1872774344642,1222.4980932976318,1238.0189040182454,14828536,61.592991779218714,1200.1068115234375,1201.420058691995,22.83770055659329,19.464308377753213,1144.6507411911302,1200.1068115234375,1255.5628818557448,-0.0145839700104334,-0.0092703271606541,0.0515700256976383,-0.0146913615095956,0.0130430838969836,0.0122359541482573,1.0658766666083457,-1.1180524539408885,-0.0092703271606541,0.0515700256976383,-0.0608403528582924,1239.0641845703126,1214.18056640625,1200.1068115234375,1.0204941660676663,1.0117270852458098,0.0318141585201187,0.2794700624491353,13441956.9,1.10315306843447,-0.0004222265143128,-0.0029473639278292,0.007060715607579,0.0343635551950538,0.0086232571836597,-0.0179970095401331,-0.0044862027238016,0,12,0,0,1,xg_RELIANCE.NS,0.37832808255781686,4.645333985414569
2022-12-06,1228.067138671875,1231.1713003979205,1214.737403586102,1216.6091015367565,8594245,62.530762363984394,1202.014959716797,1203.957875832936,22.12328638564827,19.996103979332226,1145.4224174202975,1202.014959716797,1258.6075020132962,0.0028890442906708,-0.0081115311875714,0.0487904220806807,0.0028848790227149,0.0130604119637277,0.0122105618614714,1.0695120011580588,0.2211892786701673,-0.0081115311875714,0.0487904220806807,-0.0569019532682522,1237.0555908203123,1219.8936157226562,1202.014959716797,1.0140684194723733,1.0148739047391486,0.0285331558838152,-0.4204252530391402,13640232.6,0.6300658685248058,-0.0145839700104334,-0.0004222265143128,-0.0029473639278292,0.0017173966483061,0.0149276479532352,0.0055469957328544,-0.0057339697710216,1,12,0,0,0,xg_RELIANCE.NS,0.36279882557534515,4.454656664447025
2022-12-07,1209.9442138671875,1230.2583124986502,1206.1324752746186,1225.6933546542932,8462111,55.10762690554883,1203.0763061523437,1204.5280032647695,19.865739556350036,19.970031094735788,1146.7381989133414,1203.0763061523437,1259.414413391346,-0.0147572752612589,-0.0296008150212664,0.03654596609469,-0.0148672471121695,0.0143084591528225,0.0127435805417259,1.1227093042392766,-1.031295110713396,-0.0296008150212664,0.03654596609469,-0.0661467811159565,1229.6740234375,1224.1595703125,1203.0763061523437,1.0045046848946273,1.0175244612933858,0.0219825980242059,-0.0153747071441412,13845102.9,0.6111988521226078,0.0028890442906708,-0.0145839700104334,-0.0004222265143128,0.007060715607579,0.0343635551950538,-0.0031188515220468,0.0025845835819733,2,12,0,0,0,xg_RELIANCE.NS,0.3763256673853039,4.6207471580479735
2022-12-08,1209.37353515625,1216.5634100007333,1205.1966579940977,1214.2809311328976,7757008,54.88666947692527,1204.828106689453,1204.9894824925295,17.825091863504895,19.54104324848961,1150.096652306902,1204.828106689453,1259.559561072004,-0.0004716570436859,-0.0271912893295406,0.0271992684182396,-0.0004717683088566,0.0142487640704594,0.0123764308474621,1.1511891478982474,-0.0330992879147855,-0.0271912893295406,0.0271992684182396,-0.0543905577477802,1222.9133056640626,1227.3618774414062,1204.828106689453,0.9963755010978366,1.0187028926589952,0.0149541878078826,-0.0833247164921376,13681859.8,0.5669556707487554,-0.0147572752612589,0.0028890442906708,-0.0145839700104334,-0.0029473639278292,0.0017173966483061,0.0086232571836597,-0.0005387130006488,3,12,0,0,0,xg_RELIANCE.NS,0.33515158903390746,4.115187686515394
2022-12-09,1191.04541015625,1214.2811038799705,1187.7357368415526,1207.8900896926802,12655763,48.202093707723265,1204.3099792480466,1203.66147560336,14.56108621397084,18.545051841585856,1149.247003508913,1204.3099792480466,1259.3729549871805,-0.0151550571161059,-0.0415295692737592,-0.0032471704994365,-0.0152710685936101,0.0145705346077185,0.0118178509351781,1.232821590494062,-1.040045370930139,-0.0415295692737592,-0.0032471704994365,-0.0382823987743227,1212.591943359375,1226.9738647460938,1204.3099792480468,0.9882785430073564,1.018818980070395,0.0069535250635335,0.6315263565539704,14212443.9,0.8904705685416362,-0.0004716570436859,-0.0147572752612589,0.0028890442906708,-0.0004222265143128,0.007060715607579,0.0149276479532352,-0.0179970095401331,4,12,0,0,1,xg_RELIANCE.NS,0.43662540486209545,5.361142684382472
2022-12-12,1192.871337890625,1197.3906539089487,1180.0437880026634,1180.272120443367,9479842,48.87017833731223,1204.1741760253904,1202.6338434402423,11.983536578884696,17.232748789045626,1149.007321026212,1204.1741760253904,1259.3410310245686,0.0015330462791804,-0.0258532629472917,-0.034883921902254,0.0015318723633583,0.0082277946856538,0.0117766466539547,0.698594118791218,0.1863026527874399,-0.0258532629472917,-0.034883921902254,0.0090306589549623,1206.2603271484377,1222.662255859375,1204.1741760253906,0.9865850698896328,1.0153533269539194,0.0017488483936045,-0.2509466240794806,12007679.7,0.7894815848559994,-0.0151550571161059,-0.0004716570436859,-0.0147572752612589,-0.0145839700104334,-0.0029473639278292,0.0343635551950538,0.0055469957328544,0,12,0,0,1,xg_RELIANCE.NS,0.3338591862201412,4.099318807120969
2022-12-13,1198.3037109375,1201.9555809304147,1189.9497141999725,1192.8713067918438,8333348,50.899253134661954,1204.5781738281248,1202.2214498685526,10.260876035717274,15.838374238379956,1149.7240173274024,1204.5781738281248,1259.4323303288472,0.0045540309959002,-0.0242359939429398,-0.0321509341097813,0.0045436927719242,0.0084734153367992,0.0117708358361147,0.7198040692008083,0.5373858626122358,-0.0242359939429398,-0.0321509341097813,0.0079149401668414,1200.3076416015624,1218.6816162109376,1204.578173828125,0.9849230723062004,1.011708200172673,-0.003563814571868,-0.1209402013240305,11735123.2,0.7101201971189608,0.0015330462791804,-0.0151550571161059,-0.0004716570436859,0.0028890442906708,-0.0004222265143128,0.0017173966483061,-0.0031188515220468,1,12,0,0,0,xg_RELIANCE.NS,0.344530456779801,4.230346922885455
2022-12-14,1193.9669189453125,1204.6717371538757,1191.9126515922892,1204.0782660411908,7268947,49.2199517267818,1205.1065673828125,1201.4353040663393,8.448325240004579,14.36036443870488,1150.9117780357649,1205.1065673828125,1259.3013567298597,-0.0036191092062918,-0.0132049847743053,-0.0424149214839089,-0.0036256740260016,0.0076669137451428,0.0117221950595065,0.6539952381774636,-0.4719809490011962,-0.0132049847743053,-0.0424149214839089,0.0292099367096035,1197.1121826171875,1213.3931030273438,1205.1065673828125,0.9865823199674232,1.0068761849522798,-0.0066956501380179,-0.1277278951989044,9845519.3,0.7383000102391004,0.0045540309959002,0.0015330462791804,-0.0151550571161059,-0.0147572752612589,-0.0145839700104334,0.007060715607579,0.0086232571836597,2,12,0,0,0,xg_RELIANCE.NS,0.29935850371347045,3.675699201923559
2022-12-15,1177.0079345703125,1193.738505954403,1173.6527401257097,1188.0323691325584,8688551,43.21550779542946,1204.6340820312498,1199.1088879238605,5.579104920115697,12.604112534987046,1149.5965005193032,1204.6340820312498,1259.6716635431965,-0.0142038980359529,-0.02676228613003,-0.053225874394289,-0.0143057389040626,0.0082506870377653,0.0121587549705469,0.6785241197499419,-1.721332616099736,-0.02676228613003,-0.053225874394289,0.0264635882642589,1190.6390625,1206.7761840820312,1204.63408203125,0.986627908476412,1.0017782180354462,-0.0118903357574724,0.1952970629721195,9765794.3,0.8896921984112557,-0.0036191092062918,0.0045540309959002,0.0015330462791804,-0.0004716570436859,0.0028890442906708,-0.0029473639278292,0.0149276479532352,3,12,0,0,0,xg_RELIANCE.NS,0.29889088667200675,3.6699575257567143
2022-12-16,1171.1876220703125,1195.4733287956508,1167.7867851451592,1173.6527911334736,15837349,41.351063384883766,1203.9025390624995,1196.4497197473322,2.8032623057285946,10.643942489135355,1147.4414135354589,1203.9025390624995,1260.3636645895408,-0.0049450070208105,-0.0166725700939751,-0.0575097347130451,-0.0049572740250187,0.0080679979628658,0.0122025780920546,0.6611174117956948,-0.6128402861876914,-0.0166725700939751,-0.0575097347130451,0.0408371646190699,1186.6675048828124,1199.6297241210937,1203.9025390625,0.989194816552434,0.9964508630866968,-0.0147158609388486,0.8227836839537455,10190570.0,1.554118071903578,-0.0142038980359529,-0.0036191092062918,0.0045540309959002,-0.0151550571161059,-0.0147572752612589,-0.0004222265143128,0.0343635551950538,4,12,0,0,1,xg_RELIANCE.NS,0.4573911591247258,5.6161167887544945
2022-12-19,1186.5716552734375,1188.7172073020977,1171.689838827475,1178.2177795852808,7729933,47.765727988795966,1205.007257080078,1195.5089517021993,1.8237271533298551,8.879899421974256,1150.9820574543455,1205.007257080078,1259.0324567058103,0.0131354130740646,-0.0052811082109889,-0.0309978372790488,0.013049891628027,0.0093962236261353,0.011840172890365,0.7935213608595189,1.3977972214615304,-0.0052811082109889,-0.0309978372790488,0.0257167290680598,1185.407568359375,1195.8339477539062,1205.007257080078,0.9912810809442943,0.9923873410120364,-0.0165179141382627,-0.5119174932622877,9480709.7,0.8153327382230874,-0.0049450070208105,-0.0142038980359529,-0.0036191092062918,0.0015330462791804,-0.0004716570436859,-0.0145839700104334,0.0017173966483061,0,12,0,0,1,xg_RELIANCE.NS,0.4477867235458628,5.498187898296307
2022-12-20,1196.8428955078125,1198.76011514875,1171.3703661582176,1179.5416726679264,7467588,51.5740147172184,1206.302569580078,1195.6359939694005,1.8548600622746108,7.474891550034328,1154.5211993030891,1206.302569580078,1258.0839398570668,0.008656232591371,-0.0012190694365326,-0.0254255180199926,0.0086189822209261,0.0099647275234425,0.0119230518808704,0.8356830063301528,0.868600167023319,-0.0012190694365326,-0.0254255180199926,0.0242064485834599,1185.1154052734375,1192.7115234375,1206.3025695800782,0.9936312192723938,0.9887333025019508,-0.0177025442404878,-0.0339388452655411,9368044.0,0.7971341722988494,0.0131354130740646,-0.0049450070208105,-0.0142038980359529,0.0045540309959002,-0.0151550571161059,0.0028890442906708,0.007060715607579,1,12,0,0,0,xg_RELIANCE.NS,0.29651912838122757,3.640835687063544
2022-12-21,1179.8155517578125,1201.9555872542346,1175.9809916475376,1196.477661489117,8527550,45.63419593014986,1206.929113769531,1194.1292851873443,0.4998073121626021,6.079874702459983,1156.8606589955416,1206.929113769531,1256.9975685435206,-0.0142268829216515,-0.0118523947045371,-0.0249008687872299,-0.0143290552405908,0.0098935556768317,0.0123828026740247,0.7989109595216408,-1.4378495999536385,-0.0118523947045371,-0.0249008687872299,0.0130484740826928,1182.2851318359376,1189.6986572265623,1206.929113769531,0.9937685687500838,0.9857237211809782,-0.0208879954980052,0.1419416818389016,9374587.9,0.909645318915735,0.008656232591371,0.0131354130740646,-0.0049450070208105,-0.0036191092062918,0.0015330462791804,-0.0147572752612589,-0.0029473639278292,2,12,0,0,0,xg_RELIANCE.NS,0.34844467138577323,4.278407944452762
2022-12-22,1176.7569580078125,1189.013856887232,1171.7126347696108,1185.9781586267084,7451122,44.63965499876523,1206.8994384765624,1192.4747778369128,-0.8115298973229983,4.701593782503386,1156.7565203803526,1206.8994384765624,1257.0423565727722,-0.0025924338303924,-0.0002132326852933,-0.0269698122211873,-0.0025958000059578,0.0098685564073344,0.0122539254107272,0.8052726619368993,-0.2626697415160301,-0.0002132326852933,-0.0269698122211873,0.0267565795358939,1182.2349365234377,1186.4369995117188,1206.8994384765624,0.9964582502147096,0.9830454482681068,-0.0209597247632855,-0.1262294562916663,9343999.3,0.7974232189849588,-0.0142268829216515,0.008656232591371,0.0131354130740646,-0.0142038980359529,0.0045540309959002,-0.0004716570436859,-0.0004222265143128,3,12,0,0,0,xg_RELIANCE.NS,0.35787501129470844,4.394199186215243
2022-12-23,1142.245849609375,1182.554553491853,1137.703712598857,1170.137785137051,10257115,35.2932311147801,1204.2654541015625,1187.691070386671,-4.582705533150829,2.8447339193725436,1146.516564145648,1204.2654541015625,1262.014344057477,-0.0293273034534361,-0.0247114739906293,-0.0409720403023702,-0.0297659462514232,0.0125196808132652,0.0133700038068186,0.9363306595485904,-2.342309007858809,-0.0247114739906293,-0.0409720403023702,0.0162605663117408,1176.44658203125,1181.557043457031,1204.2654541015625,0.9956748077004992,0.9811433512709432,-0.0243545398565693,0.3765866402402216,9104134.5,1.1266436145027157,-0.0025924338303924,-0.0142268829216515,0.008656232591371,-0.0049450070208105,-0.0036191092062918,-0.0151550571161059,-0.0145839700104334,4,12,0,0,1,xg_RELIANCE.NS,0.43908528086230236,5.3913464839693575
2022-12-26,1152.22021484375,1160.414342154975,1137.7721216907048,1147.9748739735228,5990242,39.25206437633983,1200.0770935058597,1184.3128936682976,-6.689429895422791,0.9379011564134768,1139.9150072221803,1200.0770935058597,1260.2391797895384,0.0087322402946667,-0.0289501609759685,-0.0340783802541178,0.0086943347911958,0.0130745117476516,0.0106322244722012,1.2295904955108117,0.6678316277934688,-0.0289501609759685,-0.0340783802541178,0.0051282192781492,1169.5762939453125,1177.4919311523438,1200.0770935058597,0.9932775444165596,0.9811802404397736,-0.0264713282822269,-0.4159915336817419,8755174.5,0.6841944726514949,-0.0293273034534361,-0.0025924338303924,-0.0142268829216515,0.0131354130740646,-0.0142038980359529,0.0015330462791804,0.0028890442906708,0,12,0,0,1,xg_RELIANCE.NS,0.48561183195627755,5.962626753622458
2022-12-27,1161.6468505859375,1163.518427683626,1148.2030104259682,1154.9363410889032,5763271,42.813052724040745,1196.2539306640626,1182.154222898549,-7.511782257992081,-0.7520355264676348,1136.5519410744112,1196.2539306640626,1255.955920253714,0.0081812796032794,-0.029407405979497,-0.0305906257461923,0.0081479943560145,0.0133662551833583,0.0108925821473524,1.2269843842511308,0.6120388584684727,-0.029407405979497,-0.0305906257461923,0.0011832197666952,1162.5370849609376,1173.8262451171877,1196.2539306640624,0.9903825969105652,0.9812517351274868,-0.0290250394826258,-0.0378901219683611,8498166.8,0.6781781454324151,0.0087322402946667,-0.0293273034534361,-0.0025924338303924,0.008656232591371,-0.0049450070208105,0.0045540309959002,-0.0147572752612589,1,12,0,0,0,xg_RELIANCE.NS,0.4037503351698764,4.957483306306039
2022-12-28,1161.5328369140625,1163.9750640999512,1151.0562304776126,1158.5884232916014,7459393,42.78038877827401,1191.9879699707033,1180.190281376217,-8.079566171060833,-2.217541655386275,1135.3971541013027,1191.9879699707033,1248.5787858401038,-9.814830713605892e-05,-0.0154962483894287,-0.0271649754416148,-9.815312399652498e-05,0.0133950912878044,0.010655272586924,1.2570146998905682,-0.0073266376756786,-0.0154962483894287,-0.0271649754416148,0.0116687270521861,1158.8805419921875,1170.5828369140625,1191.987969970703,0.9900030185367104,0.9820424923775308,-0.0285032217138816,0.294298498196597,8517211.4,0.8758022608196767,0.0081812796032794,0.0087322402946667,-0.0293273034534361,-0.0142268829216515,0.0131354130740646,-0.0036191092062918,-0.0004716570436859,2,12,0,0,0,xg_RELIANCE.NS,0.4465259841748327,5.482707801213899
2022-12-29,1161.0079345703125,1163.5642678265235,1152.8822699122077,1153.567025752554,6930648,42.619174410125325,1187.879510498047,1178.363391204226,-8.474208840675374,-3.4688750924440948,1135.136206788104,1187.879510498047,1240.62281420799,-0.0004519048683501,-0.0133834122078719,-0.0135937911122417,-0.0004520070081284,0.012770634885523,0.0106764703592413,1.1960356204098577,-0.0353834784975228,-0.0133834122078719,-0.0135937911122417,0.0002103789043698,1155.7307373046874,1168.9828369140623,1187.8795104980468,0.9886635635777522,0.9840920956906972,-0.0276903992092505,-0.0708831134115067,8341421.1,0.8308713727447676,-9.814830713605892e-05,0.0081812796032794,0.0087322402946667,-0.0025924338303924,0.008656232591371,-0.0142038980359529,-0.0151550571161059,3,12,0,0,1,xg_RELIANCE.NS,0.3901383217521851,4.7903470257750875
2022-12-30,1162.7880859375,1176.3916749175478,1160.0035413220228,1161.829476176333,7289476,43.398201133543154,1183.8863037109377,1176.880028797871,-8.544823258054294,-4.484064725566134,1136.8154006479497,1183.8863037109377,1230.9572067739257,0.0015332809657724,0.0179840761383813,-0.0071718108819871,0.0015321066906883,0.012729075931843,0.010713667334169,1.188004772789354,0.1204455475349585,0.0179840761383813,-0.0071718108819871,0.0251558870203685,1159.8391845703125,1168.1428833007812,1183.8863037109377,0.9928915384845683,0.9867019152423608,-0.020680568911434,0.0517740909652315,7486633.8,0.9736653607925936,-0.0004519048683501,-9.814830713605892e-05,0.0081812796032794,-0.0293273034534361,-0.0142268829216515,-0.0049450070208105,0.0015330462791804,4,12,0,0,1,xg_RELIANCE.NS,0.4263464348512968,5.23493146473577
2023-01-02,1175.8896484375,1177.3048023328713,1163.244668797144,1164.066351583663,5316175,48.89717111993868,1181.454315185547,1176.7857068587882,-7.457632151920507,-5.078778210837009,1138.3675620304246,1181.454315185547,1224.5410683406697,0.0112673690575673,0.0205424564582559,-0.0090024119390209,0.0112043650725475,0.0125162875500083,0.0108344358222447,1.1551254379923404,0.90014462099337,0.0205424564582559,-0.0090024119390209,0.0295448683972768,1164.5730712890625,1167.0746826171876,1181.4543151855469,0.9978565113566552,0.9878288712618558,-0.0143561463602608,-0.2707054663462778,7245258.0,0.7337454373604454,0.0015332809657724,-0.0004519048683501,-9.814830713605892e-05,0.0087322402946667,-0.0025924338303924,0.0131354130740646,0.0045540309959002,0,1,0,0,0,xg_RELIANCE.NS,0.44727897626606744,5.4919534795376235
2023-01-03,1167.28466796875,1174.565828259546,1163.0621480210025,1170.9366586985077,7658932,45.75316260120246,1178.4151916503909,1175.880846012118,-7.2072941756541695,-5.504481403800441,1140.9662156555878,1178.4151916503909,1215.864167645194,-0.0073178469426822,0.0048532971788877,-0.024696831681088,-0.0073447537314912,0.0121856909857447,0.0108339842125092,1.1246616281799522,-0.6004785836649345,0.0048532971788877,-0.024696831681088,0.0295501288599757,1165.700634765625,1164.1188598632812,1178.4151916503906,1.0013587743974266,0.987868170837914,-0.0108924217319592,0.4406847028173453,7264392.4,1.0543114383522214,0.0112673690575673,0.0015332809657724,-0.0004519048683501,0.0081812796032794,-0.0293273034534361,0.008656232591371,-0.0036191092062918,1,1,0,0,0,xg_RELIANCE.NS,0.475882517406322,5.843164525949232
2023-01-04,1149.7095947265625,1169.1107276232435,1147.6325061253483,1167.26185070999,9264891,40.08418231710293,1175.4034606933596,1173.3883458896842,-8.331026171680833,-6.06979035737652,1138.9558222594662,1175.4034606933596,1211.851099127253,-0.015056372900683,-0.0101789995183534,-0.0255175116028899,-0.0151708708190776,0.0122773937049038,0.0108520166635023,1.1312425001789186,-1.2262493989478216,-0.0101789995183534,-0.0255175116028899,0.0153385120845365,1163.335986328125,1161.1082641601563,1175.4034606933594,1.0019186170977603,0.9878380513489636,-0.0104961065129706,0.2096844573107581,7338126.5,1.262568994960599,-0.0073178469426822,0.0112673690575673,0.0015332809657724,-9.814830713605892e-05,0.0087322402946667,-0.0142268829216515,-0.0142038980359529,2,1,0,0,0,xg_RELIANCE.NS,0.4082558200403232,5.012804290801709
2023-01-05,1147.6551513671875,1157.8579027119602,1143.0673726609064,1151.969076089896,13637099,39.46855655823078,1172.3175415039066,1170.9375654589703,-9.28038972804302,-6.71191023150982,1137.5685501008768,1172.3175415039066,1207.0665329069363,-0.0017869237316955,-0.0115010266558314,-0.0247305158831546,-0.0017885221844,0.012279456793605,0.0108431001429373,1.1323629099462478,-0.1455095491745931,-0.0115010266558314,-0.0247305158831546,0.0132294892273232,1160.6654296875,1158.1980834960937,1172.3175415039063,1.002130331785698,0.9879559440954032,-0.0101529730446688,0.4719114342521677,7956724.2,1.7139087213803748,-0.015056372900683,-0.0073178469426822,0.0112673690575673,-0.0004519048683501,0.0081812796032794,-0.0025924338303924,-0.0049450070208105,3,1,0,0,1,xg_RELIANCE.NS,0.4368861361334236,5.364344095780675
2023-01-06,1158.0863037109375,1163.1306272948216,1149.5955006159752,1153.4072395784428,6349597,44.15806191598606,1170.6695861816409,1169.7136357686816,-9.086318940186857,-7.186791973245228,1136.539590586674,1170.6695861816409,1204.7995817766075,0.0090890999193646,-0.0040435417970177,0.0138678149778173,0.0090480426456096,0.00829253475376,0.0107152905925624,0.7738251106698654,1.0959259458391903,-0.0040435417970177,0.0138678149778173,-0.017911356774835,1159.7250732421876,1159.78212890625,1170.6695861816406,0.999950804842875,0.9906998034254036,-0.0094505158245829,-0.5343879955700256,7565972.4,0.8392307907439842,-0.0017869237316955,-0.015056372900683,-0.0073178469426822,0.0015332809657724,-9.814830713605892e-05,-0.0293273034534361,0.0131354130740646,4,1,0,0,1,xg_RELIANCE.NS,0.49952520897415376,6.1334633531052605
2023-01-09,1185.4302978515625,1187.8041821914996,1161.0306065888913,1161.9207528429104,10722753,54.179313120891074,1170.2975341796875,1171.210460728956,-6.649434101557972,-7.079320398907777,1137.0353817571795,1170.2975341796875,1203.5596866021956,0.0236113613061519,0.0081135584676164,0.0288226873474148,0.023336924603126,0.0107293222296926,0.0120782375077939,0.8882449925146163,2.200433575127422,0.0081135584676164,0.0288226873474148,-0.0207091288797984,1161.633203125,1163.1031372070313,1170.2975341796875,0.9987361962709848,0.9938525060828236,-0.0073090177215738,0.6887296941837411,8039223.5,1.3338045645824708,0.0090890999193646,-0.0017869237316955,-0.015056372900683,0.0112673690575673,-0.0004519048683501,0.0087322402946667,0.008656232591371,0,1,0,0,0,xg_RELIANCE.NS,0.5209916484392484,6.397040881156749
2023-01-10,1167.9010009765625,1189.6302560157692,1162.240505708343,1189.6302560157692,8047142,48.20680141262463,1168.7773986816403,1170.8952740858708,-6.062765285235628,-6.876009376173347,1138.2368564498647,1168.7773986816403,1199.3179409134164,-0.0147872860232858,0.0005280057424938,0.0053838654901618,-0.0148977078487488,0.0118702501399783,0.0124427157806113,0.9539152411752714,-1.2456384836410146,0.0005280057424938,0.0053838654901618,-0.004855859747668,1161.7564697265625,1163.7285522460938,1168.7773986816403,0.998305375840676,0.9956802326591516,-0.0060115788488984,-0.249526497532863,8267610.6,0.9733334562224092,0.0236113613061519,0.0090890999193646,-0.0017869237316955,-0.0073178469426822,0.0015332809657724,0.0081812796032794,-0.0142268829216515,1,1,0,0,0,xg_RELIANCE.NS,0.4325977047687596,5.3116882214725685
2023-01-11,1153.178955078125,1167.7183330231771,1150.873534164056,1165.207642347734,11509553,43.83616735357871,1166.7380004882812,1169.2080056089426,-6.708441352263208,-6.84249577139132,1137.8787812880678,1166.7380004882812,1195.5972196884943,-0.0126055597915639,0.0030175971110231,-0.0071921185268699,-0.0126856839121005,0.0125891840027699,0.0126939964216716,0.991665029639462,-1.001221252111222,0.0030175971110231,-0.0071921185268699,0.010209715637893,1162.450341796875,1162.8931640625,1166.7380004882812,0.9996192064075102,0.9967046274106336,-0.0037181208281031,0.4302659254677001,8672626.6,1.3271127111593477,-0.0147872860232858,0.0236113613061519,0.0090890999193646,-0.015056372900683,0.0112673690575673,-9.814830713605892e-05,-0.0025924338303924,2,1,0,0,0,xg_RELIANCE.NS,0.3658309625095297,4.491887019258568
2023-01-12,1128.2769775390625,1156.077627831873,1125.2641003718309,1152.5855061360771,17688773,37.62267027073352,1164.3014526367183,1165.3098124594303,-9.124345979377722,-7.298865812988601,1131.1793421566356,1164.3014526367183,1197.4235631168017,-0.0215942004746135,-0.0168850144619139,-0.0281918461163348,-0.0218307670660449,0.0142216126036317,0.013176754768144,1.0792136334188822,-1.5183005455059284,-0.0168850144619139,-0.0281918461163348,0.0113068316544209,1158.57470703125,1159.620068359375,1164.3014526367188,0.999098531185646,0.9959792334994152,-0.0050756558180949,0.5368774964588112,9748439.1,1.8145236194785463,-0.0126055597915639,-0.0147872860232858,0.0236113613061519,-0.0017869237316955,-0.0073178469426822,-0.0004519048683501,-0.0293273034534361,3,1,0,0,0,xg_RELIANCE.NS,0.4542027998388886,5.576968244326927
2023-01-13,1126.4510498046875,1128.870455871767,1111.3866638722209,1122.2512303793665,20618583,37.20622914620409,1162.0646240234375,1161.6089779208835,-11.0588256520316,-8.050857780797202,1125.083069352905,1162.0646240234375,1199.04617869397,-0.0016183328834358,-0.0273168362365385,-0.0312499212644715,-0.0016196437986186,0.0141505264373022,0.013158995054606,1.0752683704352477,-0.114357478721874,-0.0273168362365385,-0.0312499212644715,0.0039330850279329,1152.24765625,1155.9863647460938,1162.0646240234375,0.996765784952044,0.9947694309320776,-0.0087149528380657,0.1656310474446136,11081349.8,1.8606562713143608,-0.0215942004746135,-0.0126055597915639,-0.0147872860232858,0.0090890999193646,-0.015056372900683,0.0015332809657724,0.0087322402946667,4,1,0,0,0,xg_RELIANCE.NS,0.5085682678737378,6.244499331598672
2023-01-16,1115.7232666015625,1131.9516507675492,1107.9170998757677,1128.77902581248,13623855,34.771039676252265,1158.5222045898438,1157.2389101761862,-13.30419470348238,-9.101525165334236,1118.0195205957934,1158.5222045898438,1199.0248885838942,-0.0095235236408941,-0.0588031463143255,-0.0511666906124103,-0.0095691623844027,0.013310763811277,0.0127693933080472,1.042314319551089,-0.7154216207491844,-0.0588031463143255,-0.0511666906124103,-0.0076364557019152,1138.30625,1149.9697265625,1158.5222045898438,0.989857579470927,0.99261776943639,-0.0181191476372277,-0.3392438752944371,11912117.8,1.143697135029915,-0.0016183328834358,-0.0215942004746135,-0.0126055597915639,0.0236113613061519,-0.0017869237316955,0.0112673690575673,0.0081812796032794,0,1,0,0,1,xg_RELIANCE.NS,0.5622077702099739,6.903116586439021
2023-01-17,1131.5638427734375,1133.481062404078,1118.6906511572718,1122.0686670526488,10751000,40.92002007981142,1155.2582519531252,1154.793665661639,-13.64813651978602,-10.010847436224594,1117.3180486297847,1155.2582519531252,1193.1984552764657,0.0141975852310802,-0.0311132177922109,-0.0306016400073788,0.0140977434166487,0.0145995110405267,0.0130915760914746,1.1150984297149404,0.9724033077795632,-0.0311132177922109,-0.0306016400073788,-0.0005115777848321,1131.038818359375,1146.3976440429688,1155.258251953125,0.986602532059096,0.9923301929285716,-0.0214035060844544,-0.210869463892562,12221324.6,0.8796918788982269,-0.0095235236408941,-0.0016183328834358,-0.0215942004746135,-0.0147872860232858,0.0090890999193646,-0.0073178469426822,-9.814830713605892e-05,1,1,0,0,0,xg_RELIANCE.NS,0.5199211173932774,6.383896273395493
2023-01-18,1129.692138671875,1137.178689301756,1123.1414974309205,1129.144430635729,13448286,40.4349875489274,1152.7520812988282,1152.4030440435658,-13.911382013370256,-10.790954351653728,1115.0206823077287,1152.7520812988282,1190.4834802899277,-0.0016540861689031,-0.0203670178880942,-0.0174108802314103,-0.0016554556798311,0.0139722085070652,0.0128086934439175,1.090752762213812,-0.1183755447481382,-0.0203670178880942,-0.0174108802314103,-0.0029561376566838,1126.341455078125,1144.3958984375,1152.7520812988282,0.9842236035763272,0.9927511014754246,-0.0233786049460811,0.2508869872569994,12639664.1,1.0639749516760446,0.0141975852310802,-0.0095235236408941,-0.0016183328834358,-0.0126055597915639,0.0236113613061519,-0.015056372900683,-0.0004519048683501,2,1,0,0,0,xg_RELIANCE.NS,0.5408755266243591,6.641186794065613
2023-01-19,1128.482421875,1132.636477944145,1121.4522950704254,1128.8703817084497,11940054,40.104119207785736,1150.3383544921876,1150.1248895513215,-14.055595839565967,-11.443882649236176,1112.8974861586207,1150.3383544921876,1187.7792228257545,-0.001070837580845,0.0001820867925406,-0.0167060022074987,-0.0010714113370431,0.0139733616107994,0.0128100714412565,1.090725445945131,-0.0766287298603666,0.0001820867925406,-0.0167060022074987,0.0168880890000393,1126.3825439453126,1142.4786254882813,1150.3383544921876,0.9859112624220088,0.9931674633178896,-0.0212283417822954,-0.1121505000711614,12469959.6,0.957505427683907,-0.0016540861689031,0.0141975852310802,-0.0095235236408941,-0.0215942004746135,-0.0147872860232858,-0.0017869237316955,0.0015332809657724,3,1,0,0,0,xg_RELIANCE.NS,0.5208043871874576,6.394741577728851
2023-01-20,1115.0615234375,1129.8291140692525,1112.596474928504,1129.8291140692525,14930286,36.53253966167272,1148.9791381835937,1146.7855213500052,-15.079019130436564,-12.170909945476254,1108.4545381252371,1148.9791381835937,1189.5037382419505,-0.0118928732759531,-0.0101109820698931,-0.0371516182650378,-0.0119641592537975,0.013764451556049,0.0113653177245329,1.210985992969393,-0.8639653575858843,-0.0101109820698931,-0.0371516182650378,0.0270406361951447,1124.104638671875,1138.1761474609375,1148.9791381835937,0.9876367917035922,0.99059774858947,-0.0223077372762679,0.2504370583248618,13328028.5,1.1202171423927312,-0.001070837580845,-0.0016540861689031,0.0141975852310802,-0.0016183328834358,-0.0126055597915639,0.0090890999193646,0.0112673690575673,4,1,0,0,0,xg_RELIANCE.NS,0.5015254797886578,6.158023850787133
2023-01-23,1109.4237060546875,1125.811961602633,1107.004299933337,1117.960272105855,10954118,35.11768659280473,1146.8393127441404,1143.2272532266416,-16.158746239229686,-12.96847720422694,1102.6788259482507,1146.8393127441404,1190.9997995400302,-0.005056059476819,-0.0056461675896238,-0.0641173014850615,-0.0050688845935011,0.009884018355571,0.0111509830584503,0.8863014141759723,-0.511487110589893,-0.0056461675896238,-0.0641173014850615,0.0584711338954376,1122.8447265625,1130.57548828125,1146.839312744141,0.9931621003649188,0.9858185673597334,-0.0216279731996802,-0.26631559502611,13351165.0,0.8204615851874484,-0.0118928732759531,-0.001070837580845,-0.0016540861689031,-0.0095235236408941,-0.0215942004746135,0.0236113613061519,-0.0073178469426822,0,1,0,0,0,xg_RELIANCE.NS,0.5977435981539317,7.339446314150113
2023-01-24,1102.873046875,1115.51790607312,1089.8171651533376,1113.851719292168,16488755,33.494517066806765,1143.9006225585938,1139.3839954788662,-17.34310073208553,-13.84340190979866,1096.208060677654,1143.9006225585938,1191.5931844395336,-0.0059045603081466,-0.0253549952852125,-0.0556793375869942,-0.0059220611482109,0.0094522463288013,0.010927878290422,0.8648871437323209,-0.6246066274775037,-0.0253549952852125,-0.0556793375869942,0.0303243423017817,1117.1065673828125,1124.0726928710938,1143.9006225585938,0.993802780253928,0.9826663878867812,-0.0242947774013541,0.505256288091839,14195326.3,1.161562238974305,-0.005056059476819,-0.0118928732759531,-0.001070837580845,0.0141975852310802,-0.0016183328834358,-0.0147872860232858,-0.015056372900683,1,1,0,0,0,xg_RELIANCE.NS,0.6174599548621683,7.58153530015958
2023-01-25,1087.6258544921875,1102.3022790893294,1086.4618542855478,1101.275205877952,12385018,30.016816607127307,1140.2052734375002,1134.45464871823,-19.289671869765925,-14.932655901792112,1087.1172638596404,1140.2052734375002,1193.29328301536,-0.0138249750739811,-0.0372369451283806,-0.0568455574889471,-0.0139214300655936,0.0095588940703742,0.0111945211001971,0.8538141266337255,-1.4461431237846285,-0.0372369451283806,-0.0568455574889471,0.0196086123605665,1108.693310546875,1117.5173828125,1140.2052734375,0.9921038612899092,0.9801019244924204,-0.028973164586399,-0.2488809494713215,14282872.8,0.8671237343792022,-0.0059045603081466,-0.005056059476819,-0.0118928732759531,-0.0016540861689031,-0.0095235236408941,-0.0126055597915639,-0.0017869237316955,2,1,0,0,0,xg_RELIANCE.NS,0.5728047338188852,7.033232317901154
2023-01-27,1066.992431640625,1089.817223588686,1055.260418546103,1088.4706538388857,25830975,26.07174702459147,1135.5044982910158,1128.02967566322,-22.24090895018412,-16.394306511470514,1074.1641649151063,1135.5044982910158,1196.8448316669253,-0.0189710669035136,-0.0544890988485295,-0.0543169338012268,-0.019153326379234,0.0091022204527133,0.0117074608571229,0.7774053792199263,-2.0839951094295617,-0.0544890988485295,-0.0543169338012268,-0.0001721650473027,1096.3953125,1111.3889282226562,1135.5044982910156,0.98650911904743,0.978762241713129,-0.03665366747811,1.0856630971388173,15097093.0,1.7109899899270866,-0.0138249750739811,-0.0059045603081466,-0.005056059476819,-0.001070837580845,0.0141975852310802,-0.0215942004746135,0.0090890999193646,4,1,0,0,1,xg_RELIANCE.NS,0.5293550886610242,6.499732103110279
2023-01-30,1077.218017578125,1082.764407064242,1050.3987961919847,1064.4132886312711,21772103,30.91748350777628,1131.225994873047,1123.1904701313065,-23.483957825011203,-17.812236774178654,1066.079469792634,1131.225994873047,1196.37251995346,0.0095835599525078,-0.0339384913423533,-0.0437063219348048,0.009537928948486,0.0102538124698276,0.012046557198925,0.8511113332371217,0.9345426823459916,-0.0339384913423533,-0.0437063219348048,0.0097678305924514,1088.826611328125,1106.465625,1131.2259948730468,0.9840582361771292,0.9781119157575356,-0.0393600764683151,-0.1571319704347203,15212445.0,1.4312033995849167,-0.0189710669035136,-0.0138249750739811,-0.0059045603081466,-0.0118928732759531,-0.0016540861689031,-0.0016183328834358,0.0236113613061519,0,1,0,0,0,xg_RELIANCE.NS,0.552428622954864,6.7830424835984156
2023-01-31,1074.524658203125,1089.954304973748,1068.6586514749204,1087.37502974843,22691594,30.35313971036784,1126.157745361328,1118.5556309000508,-24.40508794403513,-19.13080700814995,1059.879563215052,1126.157745361328,1192.4359275076042,-0.0025002917989205,-0.0314569155689578,-0.0369254721414266,-0.0025034227484077,0.0101042123488171,0.0115256020172169,0.8765993944897882,-0.2474259533213264,-0.0314569155689578,-0.0369254721414266,0.0054685565724688,1081.8468017578125,1102.3457641601562,1126.157745361328,0.9814042353417476,0.9788555543845842,-0.0412377168501788,0.0422325303164328,16119218.9,1.4077353338751788,0.0095835599525078,-0.0189710669035136,-0.0138249750739811,-0.005056059476819,-0.001070837580845,-0.0095235236408941,-0.0147872860232858,1,1,0,1,0,xg_RELIANCE.NS,0.5309340502209247,6.51911951877945
2023-02-01,1068.1566162109375,1086.439272024598,1052.224782493373,1086.439272024598,19347800,29.00507746784887,1121.2013427734375,1113.7557247391828,-25.356642379182176,-20.375974082356397,1053.072708290811,1121.2013427734375,1189.329977256064,-0.0059263805102773,-0.0314781749018454,-0.0560350412108346,-0.0059440111951953,0.0079065024974532,0.0115114697875867,0.6867772635528111,-0.7494629957039022,-0.0314781749018454,-0.0560350412108346,0.0245568663089892,1074.903515625,1096.0050415039063,1121.2013427734375,0.9807468715199053,0.9775274071584638,-0.0433436693138403,-0.1473582684407274,16978898.9,1.1395203018729834,-0.0025002917989205,0.0095835599525078,-0.0189710669035136,-0.0059045603081466,-0.0118928732759531,0.0141975852310802,-0.0126055597915639,2,2,1,0,0,xg_RELIANCE.NS,0.5729846199129386,7.035441064818803
2023-02-02,1062.244873046875,1071.8540341073915,1054.9637127057106,1058.1591593362568,13662663,27.77195258395796,1116.828106689453,1108.8499293399154,-26.284789697537008,-21.55773720539252,1045.2624320453806,1116.828106689453,1188.3937813335256,-0.0055345284336983,-0.0233361328626772,-0.0597041116921416,-0.0055499006811876,0.0077788770977739,0.0112396993374812,0.6920278591418125,-0.7113902140281895,-0.0233361328626772,-0.0597041116921416,0.0363679788294644,1069.8273193359375,1089.2603149414062,1116.828106689453,0.9821594568911528,0.9753159939448834,-0.0442466596413889,-0.2938389377603655,17000336.6,0.8036701461545883,-0.0059263805102773,-0.0025002917989205,0.0095835599525078,-0.0138249750739811,-0.005056059476819,-0.0016540861689031,-0.0215942004746135,3,2,0,0,0,xg_RELIANCE.NS,0.6057999188924307,7.438366543044911
2023-02-03,1063.1805419921875,1072.3104574781505,1046.7466458186898,1072.3104574781505,24699575,28.2915829337694,1112.6043762207032,1104.500463878227,-26.63778862428512,-22.57374748917104,1038.7641874451813,1112.6043762207032,1186.4445649962252,0.0008808411027003,-0.0035725554703104,-0.0578669889906764,0.0008804533898354,0.0079421196523586,0.0112817040844258,0.7039198753179762,0.1108935961248939,-0.0035725554703104,-0.0578669889906764,0.054294433520366,1069.06494140625,1082.730126953125,1112.6043762207032,0.9873789550999844,0.9731492614031816,-0.0409520613807218,0.8078155773878051,18276288.7,1.351454630939303,-0.0055345284336983,-0.0059263805102773,-0.0025002917989205,-0.0189710669035136,-0.0059045603081466,-0.001070837580845,-0.0016183328834358,4,2,0,0,0,xg_RELIANCE.NS,0.6291453116391429,7.725014960989355
2023-02-06,1055.1690673828125,1059.528634971871,1052.5899131464937,1056.7896118119152,14837879,26.53152951144901,1107.4585144042967,1099.8022356405686,-27.24988218388944,-23.508974428114723,1032.6262315891083,1107.4585144042967,1182.290797219485,-0.007535384906841,-0.0204684194244025,-0.0537122434913291,-0.0075639193554346,0.0076933166863484,0.0108912285098941,0.7063124574883919,-0.9793442633067848,-0.0204684194244025,-0.0537122434913291,0.0332438240669266,1064.6551513671875,1076.7408813476563,1107.458514404297,0.9887756374910348,0.972262949214704,-0.0405654073458357,-0.3992658173268163,18267048.0,0.812275688989222,0.0008808411027003,-0.0055345284336983,-0.0059263805102773,0.0095835599525078,-0.0138249750739811,-0.0118928732759531,-0.0095235236408941,0,2,0,0,0,xg_RELIANCE.NS,0.6055070095645818,7.4347700306049616
2023-02-07,1052.6356201171875,1062.4502927137798,1046.7467924098464,1055.4202857843334,15135435,25.98108942792779,1100.818780517578,1095.3101770192943,-27.621001054525323,-24.33137975339684,1031.774760202285,1100.818780517578,1169.862800832871,-0.002400987049316,-0.020370903467717,-0.0511870132462274,-0.0024038740407332,0.0077550974362084,0.0086741968443406,0.8939390742779019,-0.309561228319192,-0.020370903467717,-0.0511870132462274,0.0308161097785103,1060.27734375,1071.0620727539062,1100.818780517578,0.9899308086074072,0.9729685682236626,-0.038514217068832,0.0200538095775009,18685179.7,0.8100235182645416,-0.007535384906841,0.0008808411027003,-0.0055345284336983,-0.0025002917989205,-0.0189710669035136,-0.005056059476819,0.0141975852310802,1,2,0,0,1,xg_RELIANCE.NS,0.5682712209585523,6.977567189314777
2023-02-08,1073.6572265625,1077.2863960062462,1053.137736379797,1055.8766387784026,21160332,37.55733903943237,1096.106591796875,1093.2479912615045,-25.92005719337999,-24.64911524139347,1033.8047023570382,1096.106591796875,1158.4084812367116,0.019970449454268,0.0051496290600856,-0.0264906467659928,0.0197736557532426,0.0110958932044127,0.0101529774288337,1.0927632331449058,1.7996432953258157,0.0051496290600856,-0.0264906467659928,0.0316402758260785,1061.3774658203124,1068.1404907226563,1096.106591796875,0.99366841257205,0.9744859657961064,-0.0323465675239329,0.3980656651097243,19152337.4,1.1048433179753243,-0.002400987049316,-0.007535384906841,0.0008808411027003,-0.0059263805102773,0.0095835599525078,-0.0059045603081466,-0.0016540861689031,2,2,0,0,1,xg_RELIANCE.NS,0.6287714450787398,7.72042440818844
2023-02-09,1075.5289306640625,1082.2850839057578,1065.4632246870067,1074.3421090421186,13172763,38.47990654641725,1092.224090576172,1091.5604616807957,-24.142713873060305,-24.547834967726843,1035.466146630362,1092.224090576172,1148.982034521982,0.0017432976328535,0.0125056453123508,-0.0111223209508687,0.0017417798532397,0.0104216781207153,0.0100301888658467,1.0389275149826018,0.1672600470495852,0.0125056453123508,-0.0111223209508687,0.0236279662632196,1064.03427734375,1066.9307983398437,1092.224090576172,0.997285183818294,0.9768423966706452,-0.026210185917562,-0.3774784346483788,19231111.9,0.6849714706303236,0.019970449454268,-0.002400987049316,-0.007535384906841,-0.0055345284336983,-0.0025002917989205,-0.0138249750739811,-0.001070837580845,3,2,0,0,0,xg_RELIANCE.NS,0.5873447375737982,7.211763007809512
2023-02-10,1066.6728515625,1075.0039060071294,1059.6655455942528,1075.0039060071294,10790445,35.78579022653935,1089.1438842773437,1089.190213098101,-23.18154562879704,-24.274577099940885,1033.9594915668038,1089.1438842773437,1144.3282769878836,-0.0082341616753112,0.0032847756635656,-0.0002995148500103,-0.0082682496373864,0.0087991846721165,0.0091644323057515,0.9600403318231634,-0.9356805546821376,0.0032847756635656,-0.0002995148500103,0.003584290513576,1064.7327392578125,1066.898840332031,1089.1438842773437,0.9979697221589025,0.9795756609696504,-0.0228853157589723,-0.1808518076276024,17727058.9,0.6086991113906319,0.0017432976328535,0.019970449454268,-0.002400987049316,0.0008808411027003,-0.0059263805102773,-0.0189710669035136,-0.0118928732759531,4,2,0,0,0,xg_RELIANCE.NS,0.590557398052423,7.251209936528246
2023-02-13,1060.6014404296875,1072.7670546240695,1056.127767130611,1068.293381324993,10352493,34.02690453578042,1085.851403808594,1086.4674728439663,-22.64864552062363,-23.949390784077437,1032.2028503031656,1085.851403808594,1139.499957314022,-0.0056919149333545,0.0051483437250006,-0.0154254541581062,-0.0057081756134547,0.0082609652211257,0.0091828877737465,0.8995063337708612,-0.6889299072332519,0.0051483437250006,-0.0154254541581062,0.0205737978831068,1065.8192138671875,1065.2371826171875,1085.8514038085937,1.0005463865320303,0.9810156149183008,-0.0188875756507462,-0.0405870193490629,16585097.9,0.6242045155488275,-0.0082341616753112,0.0017432976328535,0.019970449454268,-0.007535384906841,-0.0055345284336983,0.0095835599525078,-0.005056059476819,0,2,0,0,1,xg_RELIANCE.NS,0.513326681071571,6.302925918372499
2023-02-14,1085.5946044921875,1087.329254712915,1060.738368480938,1063.6143185684562,14321920,45.830138368564405,1084.3449707031252,1086.3843425247494,-19.9792702910504,-23.155366685472032,1032.5688421089355,1084.3449707031252,1136.121099297315,0.0235650859123615,0.0313109149501618,0.010302179856509,0.0232917156091865,0.0114246497002515,0.0107811322098582,1.059590948978151,2.0624722909054873,0.0313109149501618,0.010302179856509,0.0210087350936527,1072.4110107421875,1066.3441772460938,1084.344970703125,1.0056893764935837,0.983399384934336,-0.0109930170171764,0.383427160974656,15748130.5,0.9094362026018956,-0.0056919149333545,-0.0082341616753112,0.0017432976328535,-0.002400987049316,0.0008808411027003,-0.0025002917989205,-0.0059045603081466,1,2,0,0,1,xg_RELIANCE.NS,0.610108932865833,7.491275142689277
2023-02-15,1110.1768798828125,1112.5735854842064,1083.2664969637603,1084.6358877756606,33503591,54.460148112925786,1083.2756225585938,1088.6502984636124,-15.69921621630874,-21.664136591639377,1034.8293612153593,1083.2756225585938,1131.7218839018285,0.0226440655553219,0.0340142574527593,0.0393390473214809,0.0223914944186214,0.012947709309575,0.0115581293266942,1.1201284234854985,1.7487507838775551,0.0340142574527593,0.0393390473214809,-0.0053247898687216,1079.71494140625,1070.5462036132812,1083.2756225585938,1.0085645418778029,0.9882491411417096,-0.0032073097691599,1.339322590825811,17163709.6,1.952001739763649,0.0235650859123615,-0.0056919149333545,-0.0082341616753112,0.019970449454268,-0.007535384906841,-0.0059263805102773,-0.0138249750739811,2,2,0,0,0,xg_RELIANCE.NS,0.5760092672933974,7.072579458499091
2023-02-16,1109.3095703125,1124.7163944448257,1107.0270912647763,1118.1656324865594,17264487,54.132469465916095,1082.256494140625,1090.6178481635066,-12.236176138102335,-19.778544500931968,1037.1812537809,1082.256494140625,1127.3317345003495,-0.0007812354824071,0.0314083970085121,0.044306824593681,-0.0007815408058764,0.0126449206067484,0.0115567423227386,1.0940649353179444,-0.0617776678109346,0.0314083970085121,0.044306824593681,-0.0128984275851689,1086.4710693359375,1075.2526733398438,1082.256494140625,1.010433264919257,0.9935285019413604,0.0037992777743054,-0.4846974164649992,17523892.0,0.9851970669528788,0.0226440655553219,0.0235650859123615,-0.0056919149333545,0.0017432976328535,-0.002400987049316,-0.0055345284336983,-0.0189710669035136,3,2,0,0,1,xg_RELIANCE.NS,0.5112482860433494,6.277406165795742
2023-02-17,1113.9429931640625,1117.2754874405753,1100.4306882070916,1104.7217922905263,11809520,55.66711404023035,1081.5295227050783,1092.839290544512,-9.013906719575516,-17.625616944660678,1039.20851828918,1081.5295227050783,1123.8505271209765,0.0041768528601597,0.0443155007951308,0.047745842937227,0.0041681540243452,0.0125853512345598,0.0116108356357222,1.0838382172619343,0.3318557366086293,0.0443155007951308,0.047745842937227,-0.0034303421420962,1095.92509765625,1080.3289184570312,1081.529522705078,1.014436509967255,0.9988899015488324,0.0129230804803417,-0.3159646156876831,16234886.5,0.7274162341695011,-0.0007812354824071,0.0226440655553219,0.0235650859123615,-0.0082341616753112,0.019970449454268,0.0008808411027003,0.0095835599525078,4,2,0,0,0,xg_RELIANCE.NS,0.3976694220721193,4.88281829047009
2023-02-20,1102.16552734375,1118.3026298698114,1100.2025445254703,1116.13425652598,8836937,50.99646611575746,1080.884722900391,1093.7275035730108,-7.326127021557113,-15.565718960039966,1040.359994910199,1080.884722900391,1121.4094508905823,-0.0105727724781136,0.039189166947787,0.0445392699745312,-0.0106290613414978,0.0129461577524842,0.0115467419920132,1.121098632220754,-0.8166095354854961,0.039189166947787,0.0445392699745312,-0.0053501030267442,1104.2379150390625,1085.028564453125,1080.884722900391,1.0177040044983694,1.0038337497652987,0.021188461768491,-0.2517107384550769,15634792.3,0.56520974698202,0.0041768528601597,-0.0007812354824071,0.0226440655553219,-0.0056919149333545,0.0017432976328535,-0.007535384906841,-0.0025002917989205,0,2,0,0,1,xg_RELIANCE.NS,0.44514135355002415,5.465706494688666
2023-02-21,1111.1585693359375,1116.9559918914763,1101.2296696771075,1106.5479683974272,13311592,54.159250503911615,1080.9714660644531,1095.387605074242,-5.2029102100968885,-13.49315721005135,1040.1829583183865,1080.9714660644531,1121.7599738105198,0.0081594295675904,0.0235483528915549,0.0555965883163205,0.0081263213960918,0.0127552619393391,0.0116510730026092,1.0946774824087384,0.639641111666695,0.0235483528915549,0.0555965883163205,-0.0320482354247655,1109.3507080078125,1090.880859375,1080.9714660644531,1.016931132739275,1.009167118302044,0.0255402268645776,0.506358141967064,15452408.0,0.8614574505151001,-0.0105727724781136,0.0041768528601597,-0.0007812354824071,0.0235650859123615,-0.0082341616753112,-0.002400987049316,-0.0059263805102773,1,2,0,0,0,xg_RELIANCE.NS,0.5306629664351525,6.515790993139936
2023-02-22,1085.9598388671875,1109.2868172204337,1084.2023673241313,1107.4380609994969,11024335,45.33066717479437,1080.125805664063,1094.489722578332,-5.490283968310678,-11.892582561703216,1040.5664218662985,1080.125805664063,1119.685189461827,-0.0226778887947645,-0.0218136780313613,0.0114586033608476,-0.0229389871053617,0.0144021738235931,0.0126685077286093,1.1367587543335382,-1.574506360370168,-0.0218136780313613,0.0114586033608476,-0.033272281392209,1104.5072998046876,1092.1111206054688,1080.1258056640625,1.0113506574242612,1.0110962212721488,0.0224515615292537,-0.1718244519513518,14438808.3,0.7635211141351074,0.0081594295675904,-0.0105727724781136,0.0041768528601597,0.0226440655553219,-0.0056919149333545,0.019970449454268,-0.0055345284336983,2,2,0,0,0,xg_RELIANCE.NS,0.5382653138238084,6.609137071111966
2023-02-23,1080.755615234375,1093.1952035465454,1077.948249542989,1085.5489053785018,9851910,43.74465913571617,1079.782293701172,1093.181712355098,-6.068018752795979,-10.72766979992177,1040.378115619261,1079.782293701172,1119.1864717830829,-0.0047922800149232,-0.0257402945420196,0.0048596410764008,-0.0048037998075773,0.014524220027551,0.0123323877172669,1.1776342689054375,-0.3299282217985963,-0.0257402945420196,0.0048596410764008,-0.0305999356184204,1098.7965087890625,1092.6337890625,1079.782293701172,1.0056402426762312,1.0119019319322944,0.0175934455670323,-0.1063488183187466,14106723.0,0.6983840258293369,-0.0226778887947645,0.0081594295675904,-0.0105727724781136,-0.0007812354824071,0.0235650859123615,0.0017432976328535,0.0008808411027003,3,2,0,0,1,xg_RELIANCE.NS,0.5710951167414299,7.012240637193089
2023-02-24,1088.1510009765625,1093.8344379808216,1080.9840672539892,1082.810002251087,9434053,46.60366025549267,1080.8402221679687,1092.7025969857136,-5.861563453482631,-9.754448530633942,1041.7469615397488,1080.8402221679687,1119.9334827961886,0.0068427918744458,-0.0231537810693884,0.0201356483223515,0.0068194862308343,0.014288273756608,0.0115983421951436,1.231817590707009,0.4788761130201858,-0.0231537810693884,0.0201356483223515,-0.04328942939174,1093.6381103515623,1094.7816040039063,1080.8402221679687,0.998955505236696,1.012898651946884,0.0117611325745308,-0.0424138060538514,13971083.8,0.6752556304901216,-0.0047922800149232,-0.0226778887947645,0.0081594295675904,0.0041768528601597,0.0226440655553219,-0.0082341616753112,-0.007535384906841,4,2,0,0,0,xg_RELIANCE.NS,0.5927470094439588,7.27809526881229
2023-02-27,1080.91552734375,1090.8672478016565,1073.543202799622,1087.3750050988056,11199715,44.23497597658371,1081.02509765625,1091.5800189245742,-6.2102010620114925,-9.045599036909453,1041.9690081601673,1081.02509765625,1120.0811871523326,-0.0066493286559669,-0.0192802255857276,0.0191533653827893,-0.0066715339299348,0.0143492685368043,0.011537261724984,1.2436248092495286,-0.463359179580037,-0.0192802255857276,0.0191533653827893,-0.0384335909685169,1089.3881103515623,1096.8130126953124,1081.02509765625,0.993230475698402,1.01460457770434,0.0077369715613799,0.187158371910779,14055806.0,0.7968034703950242,0.0068427918744458,-0.0047922800149232,-0.0226778887947645,-0.0105727724781136,-0.0007812354824071,-0.0056919149333545,-0.002400987049316,0,2,0,0,0,xg_RELIANCE.NS,0.5242309862976983,6.436815370384092
2023-02-28,1060.2362060546875,1080.5274845520237,1056.1734344203933,1075.5516247048563,21994038,38.25107028305211,1080.3106750488282,1088.5948938893468,-8.062211130932155,-8.848921455713993,1040.2442554311708,1080.3106750488282,1120.3770946664856,-0.0191313019065236,-0.0458281695219097,-0.0233589945386307,-0.0193166733355889,0.0135464885888694,0.0123176770866276,1.0996707271087234,-1.4121659362194938,-0.0458281695219097,-0.0233589945386307,-0.0224691749832789,1079.2036376953124,1094.2771728515625,1080.3106750488282,0.9862251214498332,1.0129282234502617,-0.0010441421894421,0.9638033646391896,14823017.8,1.4837759960052477,-0.0066493286559669,0.0068427918744458,-0.0047922800149232,0.0081594295675904,0.0041768528601597,0.0235650859123615,0.019970449454268,1,2,0,1,1,xg_RELIANCE.NS,0.46417608500248825,5.699426086217688
2023-03-01,1069.982421875,1070.712820002187,1060.5557097259696,1070.0280642112666,11551145,42.218354178522254,1080.4019653320315,1086.822277507028,-8.64386321486586,-8.807909807544368,1040.443973183123,1080.4019653320315,1120.35995748094,0.0091924948088499,-0.0147127144304473,-0.0362054540462555,0.0091505009842736,0.0112740119834393,0.0124367646617283,0.9064339364878043,0.8152980078736813,-0.0147127144304473,-0.0362054540462555,0.0214927396158082,1076.008154296875,1090.257727050781,1080.4019653320313,0.9869300878128584,1.009122310061442,-0.0041064329145301,-0.4748056268703364,12627773.2,0.91474124669891,-0.0191313019065236,-0.0066493286559669,0.0068427918744458,-0.0226778887947645,-0.0105727724781136,0.0226440655553219,0.0017432976328535,2,3,1,0,0,xg_RELIANCE.NS,0.5793306826477091,7.113361743337024
2023-03-02,1061.833984375,1073.5203549354069,1059.802538079039,1066.8326656493814,9333535,39.909667724082624,1080.3814208984377,1084.4424400658825,-9.651085779601772,-8.976545001955849,1040.383718664929,1080.3814208984377,1120.3791231319465,-0.0076154872579317,-0.0175077793653393,-0.0427974185097184,-0.0076446331487511,0.0112897166525725,0.0124954680391946,0.9034326032894092,-0.674491043595232,-0.0175077793653393,-0.0427974185097184,0.025289639144379,1072.223828125,1085.510168457031,1080.3814208984377,0.987760280172302,1.0047471637880712,-0.0076825500911416,-0.1919818338355202,11834678.0,0.7886598182053801,0.0091924948088499,-0.0191313019065236,-0.0066493286559669,-0.0047922800149232,0.0081594295675904,-0.0007812354824071,-0.0082341616753112,3,3,0,0,1,xg_RELIANCE.NS,0.5176274573011583,6.355733370169081
2023-03-03,1088.927001953125,1092.6018137297042,1068.909698230002,1072.3789987479977,14643807,49.74919819600877,1081.6687438964846,1084.869541198001,-8.16897002460587,-8.815030006485854,1042.350502290461,1081.6687438964846,1120.986985502508,0.025515304630292,0.0007131372170461,-0.0224571556753381,0.0251952224855296,0.0146020156472317,0.0137339730168835,1.063126635143904,1.7472627056404604,0.0007131372170461,-0.0224571556753381,0.0231702928923842,1072.3790283203125,1083.0085693359374,1081.6687438964843,0.9901851736758256,1.001238665207822,-0.0085310728446531,0.5689454210007248,12118106.7,1.208423672321584,-0.0076154872579317,0.0091924948088499,-0.0191313019065236,0.0068427918744458,-0.0226778887947645,0.0041768528601597,-0.0056919149333545,4,3,0,0,1,xg_RELIANCE.NS,0.5881768894264789,7.221980656090201
2023-03-06,1099.5633544921875,1106.8216933590495,1095.5918675399987,1095.5918675399987,10171916,53.00278165464876,1083.8884582519534,1086.2689519879234,-6.066190583534535,-8.26526212189559,1045.8785393779324,1083.8884582519534,1121.8983771259743,0.00976773697409,0.0172518820173328,-0.0023609637454673,0.0097203410155426,0.0147181566833109,0.0136939465078073,1.0747144338913854,0.6636071063205001,0.0172518820173328,-0.0023609637454673,0.0196128457628002,1076.10859375,1082.7483520507812,1083.8884582519531,0.9938676809914276,0.9989481332765452,-0.0070754126810147,-0.3053776248211958,12251604.6,0.8302517369846534,0.025515304630292,-0.0076154872579317,0.0091924948088499,-0.0066493286559669,-0.0047922800149232,-0.0105727724781136,0.0235650859123615,0,3,0,0,1,xg_RELIANCE.NS,0.582425474153542,7.151361407709337
2023-03-08,1103.51220703125,1104.2654263644915,1088.7444955670887,1099.563420263857,15782657,54.18869909645553,1086.4322875976563,1087.9111667539546,-4.034575256689777,-7.419124748854428,1050.4746767329327,1086.4322875976563,1122.38989846238,0.0035912915094249,0.04081732045126,-0.0068814321517199,0.0035848582200168,0.0145012755089089,0.0136545956190173,1.0619291837196638,0.2476364145212084,0.04081732045126,-0.0068814321517199,0.04769875260298,1084.7637939453125,1081.9837158203125,1086.4322875976563,1.002569426955647,0.9959053391286992,-0.0015119847716343,0.5515913619420372,12498711.1,1.2627427639317734,0.00976773697409,0.025515304630292,-0.0076154872579317,-0.0191313019065236,0.0068427918744458,0.0081594295675904,0.0226440655553219,2,3,0,0,0,xg_RELIANCE.NS,0.472084858213043,5.7965346400674065
2023-03-09,1076.9896240234375,1103.3066574341256,1075.095225544964,1102.8958764013148,16235128,45.824740060231015,1086.5989074707031,1086.8710198272388,-4.512637388626217,-6.837827276808786,1050.8603305897743,1086.5989074707031,1122.3374843516317,-0.0240346983375612,0.0065488946408656,-0.0082601718062679,-0.0243282447763872,0.0147353034156575,0.0142168558147709,1.0363942079331665,-1.6309855775651294,0.0065488946408656,-0.0082601718062679,0.0148090664471335,1086.165234375,1081.0866943359374,1086.5989074707031,1.0046976251448383,0.9949270949042304,-0.0004026715634297,0.0286688736883782,13019790.4,1.2469577083206156,0.0035912915094249,0.00976773697409,0.025515304630292,0.0091924948088499,-0.0066493286559669,-0.0226778887947645,-0.0007812354824071,3,3,0,0,0,xg_RELIANCE.NS,0.4399863626290558,5.402410494143906
2023-03-10,1060.3046875,1070.0280749321848,1056.8124450060086,1068.8868957671646,13334091,41.48659211884174,1085.8376953125,1084.3408929389304,-6.16675351222807,-6.703612523892644,1048.4938572204244,1085.8376953125,1123.1815334045757,-0.0154921980223965,-0.0014402410334418,-0.0189228049765348,-0.0156134561221659,0.0154348278921272,0.0146377743619445,1.0543797937245454,-1.003651901968796,-0.0014402410334418,-0.0189228049765348,0.017482563943093,1085.859375,1079.0416015625,1085.8376953125,1.006318360133314,0.9937411513899927,2.0446658168673357e-05,-0.1786888899182069,13368008.5,0.9974627858741264,-0.0240346983375612,0.0035912915094249,0.00976773697409,-0.0076154872579317,-0.0191313019065236,-0.0047922800149232,0.0041768528601597,4,3,0,0,0,xg_RELIANCE.NS,0.5443989712262323,6.684449712440976
2023-03-13,1042.8665771484375,1070.0281154160118,1038.5298305140532,1063.1806779260546,12771592,37.49175010920041,1084.647381591797,1080.3909581017406,-8.783511374864474,-7.11959229408701,1043.4161734789636,1084.647381591797,1125.8785897046305,-0.016446320154142,-0.0422989095890472,-0.0416159372986694,-0.0165830622196452,0.0157396222905492,0.0149741858351138,1.0510468760690088,-1.0448329075284688,-0.0422989095890472,-0.0416159372986694,-0.0006829722903778,1076.6472900390625,1074.5131591796876,1084.6473815917968,1.0019861374810934,0.9906566663193004,-0.0076712512684119,-0.0421850278357932,13701762.4,0.9321130834964024,-0.0154921980223965,-0.0240346983375612,0.0035912915094249,0.025515304630292,0.0091924948088499,0.0068427918744458,-0.0105727724781136,0,3,0,0,0,xg_RELIANCE.NS,0.6142883275750144,7.542592201020666
2023-03-14,1038.9635009765625,1052.2018311560978,1035.8136967949142,1040.812257084253,16027522,36.64128819581384,1083.5654846191403,1076.4454859945808,-11.044937299474212,-7.904661295164451,1038.702044757326,1083.5654846191403,1128.428924480955,-0.0037426419231378,-0.0551126529163131,-0.0388115678847548,-0.0037496631314741,0.0157147524190908,0.0149485090157742,1.0511885308413171,-0.2381458948533379,-0.0551126529163131,-0.0388115678847548,-0.0163010850315583,1064.5273193359376,1070.317956542969,1083.5654846191403,0.9945897971984564,0.9877741324689496,-0.0183241906624325,0.2549353283443443,14184543.1,1.1299286756722442,-0.016446320154142,-0.0154921980223965,-0.0240346983375612,0.00976773697409,-0.0076154872579317,-0.0066493286559669,0.0081594295675904,1,3,0,0,0,xg_RELIANCE.NS,0.5906573295428857,7.2524369539511175
2023-03-15,1021.2057495117188,1049.1661484530057,1016.800539526596,1042.6839706485125,21728555,32.97619267989926,1080.3460418701172,1071.1845587104988,-14.107414282623722,-9.145211892656306,1027.5549299287302,1080.3460418701172,1133.1371538115045,-0.0170917952826566,-0.0745859057970533,-0.0368129821638589,-0.017239545985503,0.0155060901751234,0.0141880773160499,1.0928187809353715,-1.102192293308223,-0.0745859057970533,-0.0368129821638589,-0.0377729236331944,1048.0660278320313,1066.4149108886718,1080.3460418701172,0.9827938611235754,0.9871049363430534,-0.0316097065194945,0.3557027093770328,14157994.8,1.5347198036828256,-0.0037426419231378,-0.016446320154142,-0.0154921980223965,0.0035912915094249,0.025515304630292,-0.0191313019065236,-0.0226778887947645,2,3,0,0,0,xg_RELIANCE.NS,0.5605171974672217,6.882358743236825
2023-03-16,1016.1157836914062,1028.943333036388,1005.2968594074098,1023.921951504309,18363159,31.988504014834373,1075.642987060547,1065.9399134705852,-16.752059741895437,-10.666581462504134,1017.5485905495945,1075.642987060547,1133.7373835714998,-0.0049842706259206,-0.0565222161608369,-0.0503434795584769,-0.0049967335323355,0.014836551835333,0.0128457730518073,1.1548854934621662,-0.335922710244657,-0.0565222161608369,-0.0503434795584769,-0.00617873660236,1035.891259765625,1061.0282470703123,1075.6429870605468,0.9763088425081092,0.9864130197788278,-0.039121257570185,-0.1548835622065065,14839196.2,1.237476663324848,-0.0170917952826566,-0.0037426419231378,-0.016446320154142,-0.0240346983375612,0.00976773697409,0.0091924948088499,-0.0047922800149232,3,3,0,0,0,xg_RELIANCE.NS,0.6053088656004145,7.432337102854719
2023-03-17,1014.8377075195312,1028.007574780085,1010.0901194945558,1024.7208434439497,34014213,31.731501873920703,1070.9193939208983,1061.073036713342,-18.735123545726083,-12.280289879148524,1009.1070269883184,1070.9193939208983,1132.7317608534786,-0.001257805648124,-0.0428810515661034,-0.0442595335495227,-0.0012585973495893,0.0148507706322705,0.0128392678654448,1.1565779458726309,-0.0846906190020903,-0.0428810515661034,-0.0442595335495227,0.0013784819834192,1026.7978637695312,1056.3286193847655,1070.9193939208983,0.9720439690137014,0.9863754689484964,-0.0434764394586887,0.8523072745816773,17307264.0,1.9653142749771448,-0.0049842706259206,-0.0170917952826566,-0.0037426419231378,-0.0154921980223965,0.0035912915094249,-0.0076154872579317,0.0068427918744458,4,3,0,0,0,xg_RELIANCE.NS,0.5338851050683776,6.555354300197244
2023-03-20,1004.8631591796876,1013.422485602896,995.1625932582816,1011.1400066065016,19524589,29.72436676779235,1065.4654022216798,1055.7197150434702,-20.870990797538525,-13.998430062826523,1000.4696502959872,1065.4654022216798,1130.4611541473723,-0.0098287127744035,-0.0364413039994671,-0.0771987861653338,-0.0098773334196931,0.0105055232240919,0.0127305068547759,0.8251594523668672,-0.9354867033335922,-0.0364413039994671,-0.0771987861653338,0.0407574821658667,1019.1971801757812,1047.9222351074218,1065.4654022216796,0.9725885624244855,0.9835347378923076,-0.0460443012794588,-0.4259873365289974,17795342.2,1.097174124586315,-0.001257805648124,-0.0049842706259206,-0.0170917952826566,-0.016446320154142,-0.0240346983375612,0.025515304630292,-0.0066493286559669,0,3,0,0,1,xg_RELIANCE.NS,0.5309513812375811,6.519332319161943
2023-03-21,1036.1103515625,1038.0733342187905,1012.052976986994,1012.9431232711898,21400360,42.08356377156826,1062.1626434326174,1053.852156616711,-19.813891493662595,-15.16152234899374,998.3161459353312,1062.1626434326174,1126.0091409299034,0.0310959677418374,-0.0027461498035116,-0.0577074551188476,0.0306222828967737,0.015486757888317,0.0149903501130085,1.0330462414374968,2.0077772370973217,-0.0027461498035116,-0.0577074551188476,0.054961305315336,1018.6265502929688,1041.5769348144531,1062.1626434326172,0.9779657327707888,0.9806190617364996,-0.0420187802138971,0.0960722399841553,18918186.6,1.1312056727466082,-0.0098287127744035,-0.001257805648124,-0.0049842706259206,-0.0037426419231378,-0.0154921980223965,0.00976773697409,-0.0191313019065236,1,3,0,0,1,xg_RELIANCE.NS,0.5760471057000562,7.073044060638107
2023-03-22,1039.26025390625,1046.0392280531037,1036.2473765076484,1043.0948141638405,10920094,43.16860091818098,1058.567727661133,1052.462451596667,-18.508606194045797,-15.830939118004151,998.3431781895716,1058.567727661133,1118.7922771326942,0.0030401224531728,0.0176795953246089,-0.0582249591038556,0.0030355106255566,0.0154504835745021,0.0148330291785011,1.0415567738598273,0.1967527867802699,0.0176795953246089,-0.0582249591038556,0.0759045544284645,1022.237451171875,1035.1517395019532,1058.5677276611327,0.9875242557808078,0.9778795559818204,-0.0349578234640492,-0.489723817730169,18431930.3,0.5924552568430344,0.0310959677418374,-0.0098287127744035,-0.001257805648124,-0.0170917952826566,-0.016446320154142,0.0035912915094249,0.0091924948088499,2,3,0,0,0,xg_RELIANCE.NS,0.5930194705944069,7.28144070654275
2023-03-23,1026.11328125,1036.2018087285126,1023.94490772414,1035.3344834675563,16249370,39.81577287791958,1055.5753997802735,1049.9530068017464,-18.323783835653103,-16.329508061533943,995.1347102476568,1055.5753997802735,1116.0160893128902,-0.0126503179611022,0.0098389354038712,-0.0472393991906557,-0.0127310145137133,0.0143434439148191,0.0143011777819717,1.0028853041457364,-0.881896714590194,0.0098389354038712,-0.0472393991906557,0.057078334594527,1024.2369506835937,1030.0641052246094,1055.5753997802735,0.99434292049256,0.975831859513802,-0.0305409253240574,0.4880247367834014,18433354.5,0.8815199642582211,0.0030401224531728,0.0310959677418374,-0.0098287127744035,-0.0049842706259206,-0.0037426419231378,-0.0240346983375612,-0.0076154872579317,3,3,0,0,0,xg_RELIANCE.NS,0.5363814693843817,6.58600612471608
2023-03-24,1005.7990112304688,1027.1174243598298,1003.379605076148,1024.949051064462,12375945,35.25885078382301,1051.8275695800785,1045.7478643663867,-19.59067351270801,-16.98174115176876,988.7239180039402,1051.8275695800785,1114.9312211562162,-0.0197972976188209,-0.008906543600114,-0.0514056732108253,-0.0199958895413212,0.0147607011946855,0.0147997598591033,0.9972934724433664,-1.3411257522234867,-0.008906543600114,-0.0514056732108253,0.0424991296107113,1022.4292114257812,1024.6135375976562,1051.827569580078,0.9978681462895792,0.9741269075184192,-0.0292288596688235,-0.238373856955685,18337539.9,0.6748966910222961,-0.0126503179611022,0.0030401224531728,0.0310959677418374,-0.001257805648124,-0.0170917952826566,-0.0154921980223965,0.025515304630292,4,3,0,0,1,xg_RELIANCE.NS,0.5101748507952769,6.26422589853855
2023-03-27,1021.4339599609376,1028.9433318287538,1004.383890745215,1012.2812828490338,14054323,40.86825896691589,1048.4917175292971,1043.4322544230106,-19.11276297905033,-17.407945517225073,986.4278147061008,1048.4917175292971,1110.5556203524936,0.0155448042361281,0.0164906043473396,-0.0205516387782838,0.0154252214354144,0.0154929121328479,0.015240680292869,1.016483211506307,1.0032846516001797,0.0164906043473396,-0.0205516387782838,0.0370422431256234,1025.7433715820312,1022.4702758789062,1048.491717529297,1.003201164650299,0.9751820246022462,-0.0222709904300966,0.1356161489082248,18465813.0,0.7610996060665859,-0.0197972976188209,-0.0126503179611022,0.0030401224531728,-0.0098287127744035,-0.0049842706259206,-0.016446320154142,0.00976773697409,0,3,0,0,1,xg_RELIANCE.NS,0.6523481684439469,8.009913239080017
2023-03-28,1026.2044677734375,1030.0846702786253,1021.1829653124684,1024.8349561252708,12576424,42.505145046778786,1045.7561645507812,1041.791512837337,-18.139969054770745,-17.554350224734208,984.8984163234948,1045.7561645507812,1106.6139127780675,0.0046704025903763,-0.0095606455182346,-0.0122805403569348,0.0046595300996612,0.0156137421346705,0.015309959084159,1.019775577012988,0.2991021273419738,-0.0095606455182346,-0.0122805403569348,0.0027198948387001,1023.7621948242188,1021.1943725585936,1045.7561645507812,1.0025145284136177,0.9765128881618992,-0.0214323464935627,-0.1051561857515299,18120703.2,0.6940362005376981,0.0155448042361281,-0.0197972976188209,-0.0126503179611022,0.0310959677418374,-0.001257805648124,-0.0037426419231378,0.0035912915094249,1,3,0,0,0,xg_RELIANCE.NS,0.6442620004620747,7.910626528233693
2023-03-29,1020.133056640625,1024.7436572444662,1009.359714078918,1022.0959186617868,18804065,40.95141206335657,1043.751007080078,1039.7288027233644,-17.655414371929737,-17.574563054173314,982.2626767468836,1043.751007080078,1105.2393374132728,-0.0059163756575584,-0.0184046269389519,-0.0010504179707239,-0.0059339467470742,0.0147182808418306,0.0148313067177685,0.9923123302324032,-0.4019473316077172,-0.0184046269389519,-0.0010504179707239,-0.017354208968228,1019.9367553710938,1021.0871032714844,1043.751007080078,0.998873408647798,0.9782861011344108,-0.0233442603922731,0.4951837660689557,17828254.2,1.0547339514599778,0.0046704025903763,0.0155448042361281,-0.0197972976188209,0.0030401224531728,-0.0098287127744035,-0.0170917952826566,-0.0240346983375612,2,3,0,0,1,xg_RELIANCE.NS,0.5299422005259846,6.5069410067716245
2023-03-31,1064.116455078125,1069.7770709600843,1029.2629756900762,1029.3999027039445,28171201,54.05421905594602,1043.4577087402345,1042.0514362809606,-13.565929039966932,-16.772836251332038,982.4420696479768,1043.4577087402345,1104.4733478324922,0.0431153545620222,0.0370360412661552,0.0472393718876593,0.0422117687160978,0.0198695374665479,0.0177999017556112,1.1162096021503292,2.169813203825358,0.0370360412661552,0.0472393718876593,-0.0102033306215041,1027.5373901367188,1025.8871704101562,1043.4577087402345,1.0016085781888693,0.9831612357809008,-0.0149610679616328,0.4981442044579192,18809058.4,1.4977464794302784,-0.0059163756575584,0.0046704025903763,0.0155448042361281,-0.0126503179611022,0.0310959677418374,-0.0049842706259206,-0.0154921980223965,4,3,0,1,0,xg_RELIANCE.NS,0.5115954731969032,6.281669133199058
2023-04-03,1064.299072265625,1072.3106311531849,1056.7896998650788,1070.4846960590223,10293043,54.09976055574542,1043.5809631347656,1044.1702587556906,-10.192751080708604,-15.456819217207352,982.3992921433196,1043.5809631347656,1104.7626341262114,0.0001716139118312,0.0581627744529085,0.0487382015662261,0.0001715991878485,0.0198261967047461,0.0177124032806845,1.1192765382565135,0.0086554803680447,0.0581627744529085,0.0487382015662261,0.0094245728866824,1039.23740234375,1030.8333068847655,1043.5809631347656,1.0081527201370533,0.987784698360434,-0.0040811468357002,-0.6346253395444518,16436941.4,0.626214010837769,0.0431153545620222,-0.0059163756575584,0.0046704025903763,-0.0197972976188209,0.0030401224531728,-0.001257805648124,-0.016446320154142,0,4,0,0,0,xg_RELIANCE.NS,0.6111730480144818,7.5043409723020105
2023-04-05,1061.7427978515625,1071.8541464339423,1053.8454651230938,1071.8541464339423,16262928,53.30329634564659,1042.2217529296877,1045.8438339076783,-7.6377104552807396,-13.892997464822033,984.1531454738538,1042.2217529296877,1100.2903603855211,-0.0024018384312041,0.0394629897484184,0.0566043626460623,-0.0024047274720624,0.0193445567261501,0.0166880636149735,1.159115764217839,-0.1241545262927202,0.0394629897484184,0.0566043626460623,-0.0171413728976439,1047.299169921875,1036.5212707519531,1042.2217529296877,1.0103981456763576,0.9945304517376362,0.0047821534579389,0.5799922335892311,16110775.3,1.0094441575384017,0.0001716139118312,0.0431153545620222,-0.0059163756575584,0.0155448042361281,-0.0126503179611022,-0.0098287127744035,-0.0037426419231378,2,4,0,0,1,xg_RELIANCE.NS,0.5021503550357168,6.165696435391962
2023-04-06,1068.8638916015625,1074.592970502133,1058.2275373074351,1058.2275373074351,18435046,55.27849702541989,1040.6867797851562,1048.036220354715,-4.980794105383893,-12.110556792934403,987.5901518844894,1040.6867797851562,1093.783407685823,0.0067069856884449,0.0415701014444844,0.031612018922182,0.006684593924997,0.0172042024594336,0.016596627371081,1.0365458914573185,0.3898231191558874,0.0415701014444844,0.031612018922182,0.0099580825223024,1055.8310546875,1039.7966247558593,1040.6867797851562,1.015420736661273,0.9991446465482337,0.0141685719026881,0.1335625417513992,15814243.9,1.1657241482154472,-0.0024018384312041,0.0001716139118312,0.0431153545620222,0.0046704025903763,-0.0197972976188209,0.0310959677418374,-0.0170917952826566,3,4,0,0,0,xg_RELIANCE.NS,0.3986644029747117,4.895035249281083
2023-04-10,1061.2861328125,1072.9496819536614,1059.779694186431,1072.7671126043012,12961408,52.72284008521376,1038.5754760742188,1049.298116779266,-3.446896878747566,-10.377824810097035,993.2007938968812,1038.5754760742188,1083.9501582515566,-0.0070895451222589,0.040340890733798,0.0211938047505055,-0.0071147953598522,0.0175132611566305,0.0166032891754308,1.054743203493751,-0.4047869938021879,0.040340890733798,0.0211938047505055,0.0191470859832925,1064.061669921875,1041.9992126464845,1038.5754760742188,1.0211731995644755,1.0032965698219711,0.0240144415908982,-0.2969148002125951,16018375.3,0.8091587166146114,0.0067069856884449,-0.0024018384312041,0.0001716139118312,-0.0059163756575584,0.0155448042361281,0.0030401224531728,-0.0049842706259206,0,4,0,0,1,xg_RELIANCE.NS,0.5385641161894621,6.612805941724766
2023-04-11,1066.535888671875,1068.6586196822263,1060.9210357303307,1065.4631729553812,10542367,54.29919214929448,1038.0527893066408,1050.9398093404668,-1.7870607280281092,-8.659671993683252,994.3305383205638,1038.0527893066408,1081.7750402927177,0.0049465979975285,0.002273654901401,0.0393939033443098,0.0049344037783871,0.0167173577449493,0.0158080261603813,1.0574565172676058,0.2958782239854197,0.002273654901401,0.0393939033443098,-0.0371202484429087,1064.545556640625,1046.041473388672,1038.0527893066403,1.0176896267716888,1.0076958360541253,0.0248400148699871,-0.1866341218484905,15447675.0,0.6824565509048655,-0.0070895451222589,0.0067069856884449,-0.0024018384312041,0.0431153545620222,0.0046704025903763,-0.0126503179611022,-0.001257805648124,1,4,0,0,1,xg_RELIANCE.NS,0.5567063559769247,6.835566997384337
2023-04-12,1071.2379150390625,1080.8927189104256,1063.660079131172,1066.5359087914262,18179087,55.72318830719117,1038.5994506835937,1052.8729622641426,-0.091163512526009,-6.9459702974518045,993.4554794195468,1038.5994506835937,1083.7434219476404,0.0044086902439286,0.0065196362134061,0.0650616107969099,0.0043990004382248,0.0144941818950819,0.0154278410987789,0.9394212956298444,0.3041486664906552,0.0065196362134061,0.0650616107969099,-0.0585419745835038,1065.9333251953126,1052.585363769531,1038.5994506835937,1.0126811201117023,1.013466127944447,0.0255161567080289,0.7243838124777862,16027989.2,1.1342088376250508,0.0049465979975285,-0.0070895451222589,0.0067069856884449,0.0001716139118312,-0.0059163756575584,-0.0197972976188209,-0.0098287127744035,2,4,0,0,1,xg_RELIANCE.NS,0.5195878148504349,6.379803789382085
2023-04-13,1075.27783203125,1079.9797173840186,1069.1151503508545,1074.1365320735108,12378208,56.96395286625159,1040.2200134277343,1055.0067593848196,1.56084236808465,-5.244607764344514,992.1959690334252,1040.2200134277343,1088.2440578220435,0.0037712602732513,0.0127479406566972,0.0527140022565644,0.0037641668996055,0.0141441858212906,0.014903888038824,0.948962902938156,0.2666108682414798,0.0127479406566972,0.0527140022565644,-0.0399660615998671,1068.64033203125,1057.9697509765624,1040.2200134277343,1.0100859037272456,1.0170634455400829,0.0264306747120679,-0.3190962780474069,15860377.7,0.7804485009205815,0.0044086902439286,0.0049465979975285,-0.0070895451222589,-0.0024018384312041,0.0431153545620222,0.0155448042361281,0.0310959677418374,3,4,0,0,1,xg_RELIANCE.NS,0.5309855019862774,6.519751273717087
2023-04-17,1080.73291015625,1106.9814803229494,1072.333391852291,1106.9814803229494,17929479,58.64900081660878,1042.3084838867187,1057.4568689820987,3.2725245196390915,-3.541181307547794,990.9942839630684,1042.3084838867187,1093.6226838103692,0.0050731801237779,0.011104331101412,0.0531360407162553,0.00506035490364,0.0141429623460287,0.0148667731540411,0.951249538145165,0.3586816762986102,0.011104331101412,0.0531360407162553,-0.0420317096148432,1071.0141357421876,1063.4225952148438,1042.3084838867187,1.0071387805388976,1.0202570655948149,0.0265612822425465,0.4484712972992537,16395683.2,1.0935487580047232,0.0037712602732513,0.0044086902439286,0.0049465979975285,0.0067069856884449,0.0001716139118312,0.0046704025903763,0.0030401224531728,0,4,0,0,0,xg_RELIANCE.NS,0.5267257188756915,6.4674471594670555
2023-04-18,1068.3619384765625,1085.0925121063174,1061.8111761257844,1085.0925121063174,10405576,53.53022101936562,1044.666293334961,1058.4954470291905,3.5894341679800164,-2.1150582124422317,993.1018817384476,1044.666293334961,1096.2307049314743,-0.0114468353498172,0.0066671988310174,0.0472770503043582,-0.0115128546612455,0.014725505009264,0.0145335607879645,1.013137254306139,-0.7772947717477008,0.0066671988310174,0.0472770503043582,-0.0406098514733408,1072.429296875,1068.2454833984375,1044.666293334961,1.0039165281216569,1.022571025995491,0.0259865150003639,-0.4196386855412809,15555834.3,0.6689178991832878,0.0050731801237779,0.0037712602732513,0.0044086902439286,-0.0070895451222589,-0.0024018384312041,-0.0059163756575584,-0.0126503179611022,1,4,0,0,1,xg_RELIANCE.NS,0.5213977343866616,6.4020270424793875
2023-04-19,1073.6800537109375,1076.3733137885806,1064.64142217666,1067.768405195298,12273475,55.3349511021772,1047.5445068359377,1059.9416000464996,4.221057083035248,-0.8478351533467358,996.2646656920966,1047.5445068359377,1098.8243479797784,0.0049778216939835,0.0066984759865502,0.00898736091071,0.0049654733013522,0.0060773130941594,0.0144390621920811,0.4208647451319331,0.8189478917705975,0.0066984759865502,0.00898736091071,-0.0022888849241597,1073.8581298828126,1069.2018432617188,1047.5445068359377,1.0043549182508789,1.0206743830781917,0.0245078810544425,0.179509428406462,13966061.7,0.8788071586422336,-0.0114468353498172,0.0050731801237779,0.0037712602732513,0.0049465979975285,0.0067069856884449,0.0431153545620222,-0.0197972976188209,2,4,0,0,0,xg_RELIANCE.NS,0.44362878384401794,5.447134277122593
2023-04-20,1070.9638671875,1076.8755157885284,1064.595795217696,1074.638679040759,7007330,54.177644841488046,1050.350814819336,1060.991339774214,4.451139278624396,0.2119597330474906,1000.4837717219738,1050.350814819336,1100.217857916698,-0.0025297913601445,-0.000255823517554,0.0062621448195827,-0.0025329966893243,0.0061731541491028,0.0144609238750691,0.4268556661223114,-0.4097389373590788,-0.000255823517554,0.0062621448195827,-0.0065179683371368,1073.8033203125,1069.8683227539063,1050.350814819336,1.0036780204394358,1.0185818944101332,0.0218985030323699,-0.4290671549825946,13637490.4,0.5138284093677152,0.0049778216939835,-0.0114468353498172,0.0050731801237779,0.0044086902439286,-0.0070895451222589,0.0001716139118312,0.0155448042361281,3,4,0,0,1,xg_RELIANCE.NS,0.44717376965276884,5.490661691064132
2023-04-21,1072.3106689453125,1077.7885951677931,1066.5587679261996,1073.0638883289137,7647317,54.683739328129306,1053.723190307617,1062.0693711238423,4.6881150503943445,1.1071907965168617,1007.8455969037592,1053.723190307617,1099.6007837114748,0.0012575604080362,-0.0027594385353713,0.0099533249626313,0.0012567703412482,0.0060804593603816,0.0141610110065876,0.4293499953892987,0.2067859593420602,-0.0027594385353713,0.0099533249626313,-0.0127127634980026,1073.2098876953123,1070.9251098632812,1053.7231903076172,1.0021334618181872,1.016324894159957,0.0181726228713753,0.0913310776001701,12775929.3,0.5985722698073636,-0.0025297913601445,0.0049778216939835,-0.0114468353498172,0.0037712602732513,0.0049465979975285,-0.0024018384312041,0.0046704025903763,4,4,0,0,1,xg_RELIANCE.NS,0.46124509141388054,5.663437628696535
2023-04-24,1076.4190673828125,1086.8727319946267,1071.8539885727766,1084.1794719407253,12936186,56.27039721814136,1055.7386260986327,1063.4360088627918,5.148089504198197,1.9153705380531283,1009.5781950883472,1055.7386260986327,1101.8990571089182,0.0038313508915666,-0.0039915900893716,0.0070684170740669,0.0038240299601524,0.0058443845342372,0.0125723896205939,0.4648217155908984,0.6554489048797077,-0.0039915900893716,0.0070684170740669,-0.0110600071634385,1072.347119140625,1071.6806274414062,1055.7386260986327,1.0006219126129117,1.0151003297110437,0.0154293932031265,0.6915979813573832,12226043.3,1.0580844254002388,0.0012575604080362,-0.0025297913601445,0.0049778216939835,0.0050731801237779,0.0044086902439286,0.0067069856884449,-0.0059163756575584,0,4,0,0,1,xg_RELIANCE.NS,0.44828156680687253,5.5042638739476
2023-04-25,1084.65869140625,1086.735779878646,1072.9952636709509,1080.0709122812248,9236126,59.34482691787105,1058.0085479736326,1065.4572167240735,6.107092608003313,2.7537149520431656,1010.8068238114864,1058.0085479736326,1105.210272135779,0.0076546618999151,0.0152539624847791,0.0220228625166436,0.0076255136277945,0.005505270174627,0.0126349748926365,0.4356822660224844,1.3901718690063285,0.0152539624847791,0.0220228625166436,-0.0067689000318644,1075.6064697265624,1074.0178833007812,1058.0085479736329,1.0014791061214912,1.0151315746529748,0.0162243864289825,-0.2860240259377841,11853515.1,0.7791887825746492,0.0038313508915666,0.0012575604080362,-0.0025297913601445,-0.0114468353498172,0.0037712602732513,-0.0070895451222589,0.0431153545620222,1,4,0,0,0,xg_RELIANCE.NS,0.40579555095597086,4.982595664697249
2023-04-26,1078.290771484375,1089.2467445727557,1074.6159592843226,1086.005534613959,8617834,56.06425208440618,1060.6174224853514,1066.6794600345784,6.280869603165229,3.4591458822675785,1015.1006259205276,1060.6174224853514,1106.1342190501755,-0.0058708974282214,0.0042943125910754,0.0110215539273956,-0.0058881988965255,0.0059492826849985,0.0123017252025532,0.4835743777942681,-0.9866585738897344,0.0042943125910754,0.0110215539273956,-0.0067272413363201,1076.52861328125,1075.1933715820312,1060.6174224853517,1.0012418619148054,1.0137428904972383,0.0147559370966284,-0.0669427853192994,11661061.8,0.739026526726688,0.0076546618999151,0.0038313508915666,0.0012575604080362,0.0049778216939835,0.0050731801237779,0.0049465979975285,0.0001716139118312,2,4,0,0,1,xg_RELIANCE.NS,0.4407074032162298,5.4112638531698005
2023-04-27,1085.115234375,1088.2878596252956,1079.1579437194785,1084.1794457664448,9167125,58.699251769167304,1064.583233642578,1068.4352480669995,6.8898444071378435,4.145285587241632,1025.862966768192,1064.583233642578,1103.303500516964,0.0063289634587435,0.0132136737952359,0.0129544699091719,0.0063090196742692,0.0060966547067402,0.011135205393508,0.5474624875628031,1.0379340522098823,0.0132136737952359,0.0129544699091719,0.000259203886064,1079.35888671875,1076.581103515625,1064.583233642578,1.0025801894479236,1.011270015808905,0.013616667251642,0.063738869883082,10759865.6,0.8519739317189192,-0.0058708974282214,0.0076546618999151,0.0038313508915666,-0.0025297913601445,-0.0114468353498172,0.0044086902439286,-0.0024018384312041,3,4,0,0,1,xg_RELIANCE.NS,0.4621182195339041,5.67415840760923
2023-04-28,1104.949951171875,1106.5021527689444,1087.2607695641375,1087.3748753991613,15565210,65.2267914400701,1068.759033203125,1071.9128388388924,8.87070128399364,5.090368726592033,1031.6522269247696,1068.759033203125,1105.8658394814804,0.0182789036302668,0.0304382705234718,0.027594839451468,0.0181138527367128,0.0081343885138599,0.0113017429183912,0.7196826976064479,2.246838439138554,0.0304382705234718,0.027594839451468,0.0028434310720037,1085.8867431640624,1079.5483154296876,1068.759033203125,1.0058713701311757,1.0100951495064576,0.0155008920926891,0.6979380121902996,11078565.8,1.4049842083348545,0.0063289634587435,-0.0058708974282214,0.0076546618999151,0.0012575604080362,0.0049778216939835,0.0037712602732513,0.0067069856884449,4,4,0,0,1,xg_RELIANCE.NS,0.4656726437880016,5.717801712315848
2023-05-02,1114.3310546875,1116.4994278601828,1108.4194062766874,1112.1170391794085,12981805,67.81752995507122,1073.1653625488282,1075.952668919712,11.069914202617156,6.286277821797058,1036.4074062169457,1073.1653625488282,1109.923318880711,0.0084900709807496,0.0352204717042647,0.0310882959290954,0.0084542330297514,0.0083123782756187,0.011345910296833,0.7325675499469458,1.0212540196383249,0.0352204717042647,0.0310882959290954,0.0041321757751693,1093.469140625,1082.9081298828123,1073.1653625488282,1.0097524530943638,1.009078533163654,0.0182205979011019,-0.1659730257413809,10583798.4,1.2265733444052347,0.0182789036302668,0.0063289634587435,-0.0058708974282214,0.0038313508915666,-0.0025297913601445,0.0050731801237779,-0.0070895451222589,1,5,0,0,0,xg_RELIANCE.NS,0.49812127577299664,6.116225038231845
2023-05-03,1104.767333984375,1116.1340858641377,1101.549066588438,1116.1340858641377,7061872,62.68971055988117,1077.3970764160156,1078.6969227353943,11.903873507812476,7.4097969590001425,1047.4987891436272,1077.3970764160156,1107.295363688404,-0.00858247705015,0.0185391429925798,0.0340759008690678,-0.0086195185974053,0.0077883548382874,0.011485676654627,0.6780337840492965,-1.101821296927449,0.0185391429925798,0.0340759008690678,-0.015536757876488,1097.490869140625,1086.5486694335937,1077.3970764160156,1.010070602463427,1.008494169158154,0.0181882574787403,-0.4560177109423535,10249428.0,0.6890015715998308,0.0084900709807496,0.0182789036302668,0.0063289634587435,0.0076546618999151,0.0012575604080362,-0.0114468353498172,0.0049465979975285,2,5,0,0,1,xg_RELIANCE.NS,0.4084228360916013,5.014855011789342
2023-05-04,1117.5037841796875,1119.717799894209,1102.2568277931216,1105.246884028871,8635233,66.33987687887887,1080.0664428710938,1082.3928143015175,13.437616870678994,8.615360941335913,1045.92825998002,1080.0664428710938,1114.2046257621678,0.0115286267103662,0.0363658984499439,0.0408163775766188,0.0114626784712275,0.0082018604494488,0.0072064513863484,1.1379695831155936,1.4054398196108278,0.0363658984499439,0.0408163775766188,-0.0044504791266748,1105.3334716796876,1090.9310424804687,1080.0664428710938,1.013201961112475,1.0100591955995726,0.0226102400424005,0.2227965899127031,9885603.8,0.8735159910008862,-0.00858247705015,0.0084900709807496,0.0182789036302668,-0.0058708974282214,0.0038313508915666,0.0049778216939835,0.0044086902439286,3,5,0,0,0,xg_RELIANCE.NS,0.4450022778919742,5.463998842228623
2023-05-05,1114.6505126953125,1123.5978590907398,1112.025716258824,1114.30819519152,8746585,64.81017566388915,1082.5840148925784,1085.4649760533075,14.25852101809528,9.743992956687787,1046.0027188236998,1082.5840148925784,1119.165310961457,-0.0025532544272048,0.0272185638766044,0.0407918948960805,-0.0025565195402501,0.0082039513699861,0.0072777011114412,1.127117495879932,-0.3111845898983312,0.0272185638766044,0.0407918948960805,-0.0135733310194761,1111.24052734375,1095.29970703125,1082.584014892578,1.014553843308976,1.011745686213493,0.025708966285655,0.0128950776429541,10059529.3,0.8694825313545366,0.0115286267103662,-0.00858247705015,0.0084900709807496,0.0063289634587435,0.0076546618999151,-0.0025297913601445,0.0037712602732513,4,5,0,0,1,xg_RELIANCE.NS,0.4915251192221631,6.035233561227177
2023-05-08,1128.4139404296875,1133.7777597410543,1115.7461404298203,1118.4165791288924,9153782,68.57446366321714,1085.9175720214846,1089.5553536129628,15.837126525301985,10.962619670410628,1045.3942012747227,1085.9175720214846,1126.4409427682465,0.012347751674284,0.0212353412323584,0.052319978816919,0.0122721399752911,0.0085296986697195,0.0075154427860575,1.1348052413226009,1.447449048706113,0.0212353412323584,0.052319978816919,-0.0310846375845605,1115.9333251953126,1100.9100341796875,1085.9175720214844,1.0136462476943624,1.0138062616762835,0.0265999489180349,0.0465549697396183,10210175.8,0.8965351997170413,-0.0025532544272048,0.0115286267103662,-0.00858247705015,0.0182789036302668,-0.0058708974282214,0.0012575604080362,0.0050731801237779,0,5,0,0,1,xg_RELIANCE.NS,0.568980927311062,6.98628137996298
2023-05-09,1131.9061279296875,1135.2158009724574,1124.4652198090143,1129.8290394334551,6464721,69.4669300075658,1089.0696838378908,1093.588760690746,17.172024697326606,12.204500675793824,1044.523823211903,1089.0696838378908,1133.615544463879,0.0030947752193404,0.0157718598689831,0.0515478239174871,0.0030899962598427,0.00854547230982,0.0074668498750879,1.1443015664156502,0.3621114194431378,0.0157718598689831,0.0515478239174871,-0.035775964048504,1119.44833984375,1106.458740234375,1089.0696838378906,1.0117397957438734,1.0159668905071393,0.0268384941615464,-0.2937650252103447,9563029.3,0.6760118365421429,0.012347751674284,-0.0025532544272048,0.0115286267103662,0.0084900709807496,0.0063289634587435,0.0038313508915666,-0.0114468353498172,1,5,0,0,1,xg_RELIANCE.NS,0.5210037212962016,6.397189118771908
2023-05-10,1139.6895751953125,1141.173192717246,1132.659447469911,1136.6766978121202,10872255,71.4154279891108,1092.9898559570313,1097.9793144530856,18.64309427554599,13.49221939574426,1045.067379581326,1092.9898559570313,1140.9123323327367,0.0068764070390372,0.0316104940259134,0.0507356684873059,0.0068528723798202,0.0085228490257615,0.0071292829891408,1.1953030530122768,0.8067255788147782,0.0316104940259134,0.0507356684873059,-0.0191251744613925,1126.4327880859375,1111.961828613281,1092.9898559570313,1.013013899488531,1.0173578670953336,0.0293438957912508,0.6817825548851992,9726642.2,1.1177809131293923,0.0030947752193404,0.012347751674284,-0.0025532544272048,-0.00858247705015,0.0182789036302668,0.0076546618999151,0.0049778216939835,2,5,0,0,0,xg_RELIANCE.NS,0.5413859130393125,6.64745361767291
2023-05-11,1132.24853515625,1145.5781493917782,1130.5365853892238,1140.762158669685,10557860,67.01259453882122,1096.27548828125,1101.2430497581488,18.98959751148436,14.59169501889228,1046.998181266765,1096.27548828125,1145.5527952957352,-0.0065290059688291,0.0131943633527702,0.0500400866805126,-0.0065504131576163,0.008618074099319,0.0074684316695026,1.1537790933286458,-0.7575066525237221,0.0131943633527702,0.0500400866805126,-0.0368457233277423,1129.38173828125,1117.3576049804688,1096.27548828125,1.0107612220538753,1.0192306741549713,0.0292393842624235,-0.0289171841536093,9920644.8,1.0642312281958664,0.0068764070390372,0.0030947752193404,0.012347751674284,0.0115286267103662,0.0084900709807496,-0.0058708974282214,-0.0025297913601445,3,5,0,0,1,xg_RELIANCE.NS,0.5404401501819233,6.63584098687408
2023-05-12,1134.097412109375,1135.4897449397138,1121.3839680276494,1127.4553650769165,6955341,67.54794898627047,1099.4184631347655,1104.372036648742,19.192157495884885,15.511787514290802,1048.8631183375091,1099.4184631347655,1149.9738079320225,0.0016329250122366,0.0174466338933791,0.0451400700890423,0.0016315932397814,0.0086610948016773,0.0074670658930384,1.1597507206987856,0.1885138698690372,0.0174466338933791,0.0451400700890423,-0.0276934361956631,1133.2711181640625,1122.2558227539062,1099.4184631347655,1.0098153158903875,1.0207722176631675,0.0298498653359346,-0.3412167806733561,9699466.4,0.7170849109801837,-0.0065290059688291,0.0068764070390372,0.0030947752193404,-0.0025532544272048,-0.00858247705015,0.0063289634587435,0.0012575604080362,4,5,0,0,1,xg_RELIANCE.NS,0.5277214183452686,6.479672941264734
2023-05-15,1136.3341064453125,1143.3184701435996,1128.984483334697,1136.6309023578756,6833343,68.21989123437875,1102.471276855469,1107.4160432960343,19.31057005181924,16.27154402179649,1050.6947226519655,1102.471276855469,1154.2478310589718,0.0019722241776192,0.0070188480768051,0.0284032369431326,0.0019702818968383,0.0071780328160942,0.0074666205627984,0.961220880966174,0.2747200393342403,0.0070188480768051,0.0284032369431326,-0.0213843888663274,1134.8551513671875,1125.39423828125,1102.471276855469,1.0084067545079909,1.0207923434442332,0.0284985501429877,-0.0175401896183091,8826279.7,0.7742042210603439,0.0016329250122366,-0.0065290059688291,0.0068764070390372,0.012347751674284,0.0115286267103662,0.0182789036302668,0.0038313508915666,0,5,0,0,0,xg_RELIANCE.NS,0.49473110742524007,6.074598563835239
2023-05-16,1120.1514892578125,1141.0589403639667,1118.485181669263,1138.5026071786638,8717229,58.74287166425894,1104.442205810547,1108.6289429114418,17.892358916276635,16.59570700069252,1053.151092310064,1104.442205810547,1155.73331931103,-0.014241073198201,-0.0103848175938183,0.0052232543873103,-0.0143434504177761,0.0086366931761273,0.0083524790396288,1.0339037346182267,-1.6487125564450569,-0.0103848175938183,0.0052232543873103,-0.0156080719811286,1132.5042236328125,1125.9762817382812,1104.442205810547,1.0057975838393802,1.0194976937810254,0.0250519845676041,0.2756902441455082,8399822.1,1.0377873359959566,0.0019722241776192,0.0016329250122366,-0.0065290059688291,0.0030947752193404,-0.0025532544272048,0.0084900709807496,0.0076546618999151,1,5,0,0,0,xg_RELIANCE.NS,0.4584311929230399,5.628886933430578
2023-05-17,1113.5323486328125,1125.264241675661,1108.8304629473162,1124.35127409302,8798967,55.35552783443927,1106.700726318359,1109.0959339325248,16.049300695651937,16.486425739684403,1058.1967411374962,1106.700726318359,1155.2047114992224,-0.0059091477255328,-0.0229511852453483,0.0079338104764794,-0.0059266758238125,0.0083593655332929,0.0079724723247339,1.0483971340017015,-0.7068049479417164,-0.0229511852453483,0.0079338104764794,-0.0308849957218277,1127.2727783203125,1126.852783203125,1106.700726318359,1.0003727151615969,1.0182091295374904,0.0184745885714154,0.0093766035055404,8573531.6,1.0262943452612894,-0.014241073198201,0.0019722241776192,0.0016329250122366,0.0068764070390372,0.012347751674284,-0.00858247705015,-0.0058708974282214,2,5,0,0,0,xg_RELIANCE.NS,0.5049895679636083,6.200557956156144
2023-05-18,1111.1356201171875,1121.6122266625744,1107.9856952056505,1118.2112689036005,10525531,54.1381937315544,1108.573504638672,1109.2901897596355,14.231219180290507,16.035384427805624,1062.612007621368,1108.573504638672,1154.5350016559755,-0.0021523654149496,-0.018646891016864,-0.0056985615195698,-0.0021546850825018,0.0074863549496052,0.0079965287569663,0.936083529938438,-0.2874667261585013,-0.018646891016864,-0.0056985615195698,-0.0129483294972941,1123.0501953125,1126.215966796875,1108.573504638672,0.9971890191777524,1.0159145623491637,0.0130287342172517,0.1962234885072304,8762561.4,1.2011934090411964,-0.0059091477255328,-0.014241073198201,0.0019722241776192,-0.0065290059688291,0.0030947752193404,0.0115286267103662,0.0063289634587435,3,5,0,0,1,xg_RELIANCE.NS,0.4864091940934472,5.972417233381282
2023-05-19,1114.741943359375,1116.5679991928369,1104.1968724046772,1111.1357155261294,8050447,55.716254172500584,1110.7624084472654,1109.8094043881822,12.932301110021854,15.414767764248872,1068.3064373274108,1110.7624084472654,1153.21837956712,0.0032456193257552,-0.0170668485293512,8.202630602260896e-05,0.003240363672182,0.0075380154520425,0.0079380498841954,0.9494858404969518,0.4305097059956214,-0.0170668485293512,8.202630602260896e-05,-0.0171488748353738,1119.1791015625,1126.2251098632812,1110.7624084472657,0.9937436945428816,1.013920800072475,0.0075503511511101,-0.2351505116463957,8692947.6,0.9260894428949592,-0.0021523654149496,-0.0059091477255328,-0.014241073198201,0.0016329250122366,0.0068764070390372,-0.0025532544272048,0.0182789036302668,4,5,0,0,1,xg_RELIANCE.NS,0.44887169620679734,5.511509828672212
2023-05-22,1120.69921875,1125.7207212869755,1110.3596592183865,1111.5693019532655,7434906,58.27061458894663,1113.1818359375,1110.8465295654985,12.242477854106028,14.780309782220304,1074.6152799639938,1113.1818359375,1151.748391911006,0.0053440847239247,-0.0137590587192896,-0.006836783385315,0.0053298557744518,0.0065239373746255,0.007969514503344,0.8185089396535729,0.8190246767282539,-0.0137590587192896,-0.006836783385315,-0.0069222753339746,1116.0521240234375,1125.4536376953124,1113.1818359375,0.991646467382586,1.0110240765359573,0.0025611582821829,-0.0764604748034487,8521060.0,0.8725329947212116,0.0032456193257552,-0.0021523654149496,-0.0059091477255328,0.0019722241776192,-0.0065290059688291,0.012347751674284,0.0084900709807496,0,5,0,0,0,xg_RELIANCE.NS,0.4537018341609641,5.570817094051601
2023-05-23,1120.49365234375,1126.6335119735163,1119.0784985578175,1123.2783175836105,6092034,58.14597768470369,1115.3855651855467,1111.765303163427,11.546104161318908,14.133468658040025,1080.836181936416,1115.3855651855467,1149.9349484346776,-0.000183426920275,0.0003054614391166,-0.0100825283160287,-0.0001834437450503,0.0063950238653307,0.0079778640631309,0.8014955280264991,-0.0286782732737002,0.0003054614391166,-0.0100825283160287,0.0103879897551454,1116.120556640625,1124.3123901367187,1115.385565185547,0.9927139169078288,1.0080033534858297,0.0006559532519801,-0.1806172129143259,8483791.3,0.7180791917876718,0.0053440847239247,0.0032456193257552,-0.0021523654149496,-0.014241073198201,0.0016329250122366,0.0030947752193404,-0.00858247705015,1,5,0,0,0,xg_RELIANCE.NS,0.4772139579283081,5.859512733210307
2023-05-24,1113.9656982421875,1124.8075631613845,1110.8615367170432,1116.544972955841,8112254,54.18259091673282,1116.8509155273437,1111.9748645994994,10.3481842268302,13.37641177179806,1085.4458718118858,1116.8509155273437,1148.2559592428015,-0.0058259625906027,0.0003891666101187,-0.0225709504701897,-0.0058429997146474,0.0059003480003484,0.0080475777915357,0.7330920012419488,-0.987225730504075,0.0003891666101187,-0.0225709504701897,0.0229601170803085,1116.2072265625,1121.7400024414062,1116.8509155273437,0.9950676842522648,1.0043775644950377,-0.0005778355346663,0.3316166653042316,8207791.2,0.988360181482079,-0.000183426920275,0.0053440847239247,0.0032456193257552,-0.0059091477255328,0.0019722241776192,0.0068764070390372,0.0115286267103662,2,5,0,0,0,xg_RELIANCE.NS,0.44172947159258,5.4238134078631175
2023-05-25,1113.828857421875,1117.960213217733,1102.9186489083418,1111.0671339157268,11487863,54.09934517135097,1118.627819824219,1112.1514353444877,9.28079886540445,12.55728919051934,1092.9008525673137,1118.627819824219,1144.3547870811242,-0.0001228411436082,0.0024238601084567,-0.0162682283636896,-0.000122848689199,0.0057312515738184,0.0078763947216473,0.727556733709025,-0.0214298242193945,0.0024238601084567,-0.0162682283636896,0.0186920884721464,1116.7458740234374,1119.898034667969,1118.6278198242187,0.9971853146028016,1.001135511580563,-0.0016896184617961,0.4161123406638896,8300791.5,1.383947904244868,-0.0058259625906027,-0.000183426920275,0.0053440847239247,-0.0021523654149496,-0.014241073198201,-0.0065290059688291,-0.0025532544272048,3,5,0,0,1,xg_RELIANCE.NS,0.4314370675772993,5.297437237633951
2023-05-26,1144.2088623046875,1145.3500415058625,1118.7591533794464,1122.0687058844728,12626260,66.43050526693689,1121.582501220703,1115.2045236264112,10.762240366444304,12.198279425704332,1098.6381359317718,1121.582501220703,1144.5268665096344,0.0272752898081054,0.0264338478702177,0.0089158568632174,0.026909947420278,0.0108240130121162,0.0097101525163777,1.114596129950758,2.519654228366913,0.0264338478702177,0.0089158568632174,0.0175179910070002,1122.6392578125,1120.9091796875,1121.582501220703,1.00154345968108,0.9993996682968304,0.0009235696616336,0.0990956281425012,8867883.4,1.4238189013624802,-0.0001228411436082,-0.0058259625906027,-0.000183426920275,0.0032456193257552,-0.0059091477255328,0.0016329250122366,0.012347751674284,4,5,0,0,1,xg_RELIANCE.NS,0.46130798606395673,5.664209886080983
2023-05-29,1150.6453857421875,1154.9364899661489,1144.5283465169668,1150.8279550929285,10010304,68.36934301455099,1123.867272949219,1118.5798438279137,12.313722154393645,12.221367971442197,1098.8863774425974,1123.867272949219,1148.84816845584,0.0056253046533265,0.0267209671347756,0.0125942530596425,0.005609541713702,0.0109238966296803,0.0090300299399951,1.2095958824477364,0.5149068997178389,0.0267209671347756,0.0125942530596425,0.0141267140751331,1128.6284912109377,1122.3403076171876,1123.867272949219,1.0056027423688454,0.9986413294801048,0.0041378676008401,-0.2071837582942217,9185579.5,1.0897847000288778,0.0272752898081054,-0.0001228411436082,-0.0058259625906027,0.0053440847239247,-0.0021523654149496,0.0019722241776192,0.0030947752193404,0,5,0,0,0,xg_RELIANCE.NS,0.5191791042587213,6.374785401138077
2023-05-30,1150.3486328125,1158.451475420254,1147.7921790871794,1150.645307987406,11342504,68.17384480103912,1125.668151855469,1121.6054427788267,13.365270647377429,12.450148506629244,1098.4858275628455,1125.668151855469,1152.8504761480924,-0.0002579012903233,0.0266444887093308,0.0269580890123133,-0.0002579345525806,0.0095171055782082,0.0089136343921394,1.0675822652469218,-0.0270958635837987,0.0266444887093308,0.0269580890123133,-0.0003136003029824,1134.5994873046875,1125.3600219726563,1125.6681518554688,1.008210230638756,0.9997262693429636,0.0077640249177177,0.1330828714092997,9448107.0,1.2005054557488393,0.0056253046533265,0.0272752898081054,-0.0001228411436082,-0.000183426920275,0.0032456193257552,-0.014241073198201,0.0068764070390372,1,5,0,0,0,xg_RELIANCE.NS,0.4627763983790219,5.682239913314637
2023-05-31,1127.5009765625,1145.7381091276332,1123.4382047768397,1141.241614387353,27107927,55.10824646918435,1126.8048339843751,1122.1669221867955,12.214217593192188,12.402962323941834,1101.4635914827809,1126.8048339843751,1152.1460764859696,-0.0198615059802692,0.0121505342055603,0.0125444293978869,-0.0200613968740137,0.0116938865605573,0.0098963515481572,1.1815167425001374,-1.6983068520950788,0.0121505342055603,0.0125444293978869,-0.0003938951923265,1137.30654296875,1126.756884765625,1126.804833984375,1.009362852222837,0.999957446740284,0.0093141462425978,1.38994202691046,11279003.0,2.4033974456782747,-0.0002579012903233,0.0056253046533265,0.0272752898081054,-0.0058259625906027,0.0053440847239247,-0.0059091477255328,-0.0065290059688291,2,5,0,1,0,xg_RELIANCE.NS,0.43533643531484406,5.345315960647006
2023-06-01,1124.465087890625,1134.3483427772612,1122.0685033285554,1132.1799698648445,14592692,53.63726563549083,1127.152899169922,1122.38579511097,10.931022883544756,12.10857443586242,1102.1607315059346,1127.152899169922,1152.1450668339094,-0.0026925818557875,0.0095492502262592,0.0119962563814053,-0.0026962133745511,0.011712884022739,0.009611798620259,1.2184676373074188,-0.2298624308180548,0.0095492502262592,0.0119962563814053,-0.002447006155146,1139.4337890625,1128.0898315429688,1127.152899169922,1.010055899098049,1.000831238045643,0.0109215395167275,-0.4616817434988666,11685719.1,1.2487628596171505,-0.0198615059802692,-0.0002579012903233,0.0056253046533265,-0.0001228411436082,-0.000183426920275,-0.0021523654149496,0.0016329250122366,3,6,1,0,0,xg_RELIANCE.NS,0.5185449572257105,6.36699897210992
2023-06-02,1120.7904052734375,1133.412563645759,1118.8731857024295,1128.003101699598,15800644,51.833742709543465,1127.459893798828,1122.233853221681,9.507963766825696,11.588452302055074,1102.9685339536356,1127.459893798828,1151.9512536440204,-0.003267938379555,-0.0204669425336211,0.0054258852912942,-0.0032732897519993,0.0117708279883173,0.0096244970672102,1.2228800140010787,-0.277606704990784,-0.0204669425336211,0.0054258852912942,-0.0258928278249154,1134.75009765625,1128.694677734375,1127.459893798828,1.0053649760571477,1.0010951910062065,0.0065045202235144,0.0827778726502279,12460738.8,1.2680342838097796,-0.0026925818557875,-0.0198615059802692,-0.0002579012903233,0.0272752898081054,-0.0058259625906027,0.0032456193257552,0.0019722241776192,4,6,0,0,1,xg_RELIANCE.NS,0.49908727501953176,6.1280861432798135
2023-06-05,1130.8563232421875,1133.8235582589482,1122.274114564264,1126.268543700321,10908682,56.18027509123289,1127.5820129394533,1123.0550408426818,9.087657758164369,11.088293393276937,1103.0463069501618,1127.5820129394533,1152.1177189287448,0.0089810886329761,-0.0171982287029601,0.0090631851278673,0.0089409985129478,0.0119877780121562,0.009430518681972,1.271033692068095,0.7491246083520512,-0.0171982287029601,0.0090631851278673,-0.0262614138308274,1130.79228515625,1129.7103881835938,1127.582012939453,1.0009576763956254,1.0018875569313068,0.0028387976003822,-0.3096052287489041,12808116.4,0.851700723144517,-0.003267938379555,-0.0026925818557875,-0.0198615059802692,0.0056253046533265,-0.0001228411436082,0.0053440847239247,-0.014241073198201,0,6,0,0,0,xg_RELIANCE.NS,0.5351505008718662,6.570891571687124
2023-06-06,1131.8148193359375,1135.6265579862757,1123.8946668621782,1133.6865172838243,7493309,56.58205748452526,1127.5774475097655,1123.8893054610871,8.731256354205698,10.616885985462687,1103.0450955614765,1127.5774475097655,1152.1097994580546,0.000847584325303,-0.0161114752066501,0.0101037314834464,0.000847225328548,0.0119812166538754,0.0094069467354143,1.2735208851443176,0.0707368552736807,-0.0161114752066501,0.0101037314834464,-0.0262152066900965,1127.0855224609377,1130.8425048828126,1127.5774475097655,0.9966777138234078,1.0028956391246189,-0.0004346338645015,-0.313087593899978,12948243.9,0.5787123765871772,0.0089810886329761,-0.003267938379555,-0.0026925818557875,-0.0002579012903233,0.0272752898081054,-0.000183426920275,-0.0059091477255328,1,6,0,0,1,xg_RELIANCE.NS,0.5562154776438726,6.829539705442872
2023-06-07,1140.3970947265625,1141.241598708449,1128.733545665894,1135.3071289198083,10312545,60.10895955214641,1127.612823486328,1125.4614758673229,9.037148945180206,10.300938577406193,1103.0050066878405,1127.612823486328,1152.220640284816,0.0075827558042227,0.0114377889085115,0.0237272983594405,0.007554151221468,0.011873531955493,0.0094352561153991,1.2582884366731542,0.6385730260900959,0.0114377889085115,0.0237272983594405,-0.0122895094509289,1129.66474609375,1133.48564453125,1127.612823486328,0.9966290720522708,1.0052081893027471,0.0017993053620623,0.3762337840331955,13168273.0,0.7831357232644871,0.000847584325303,0.0089810886329761,-0.003267938379555,-0.0198615059802692,0.0056253046533265,-0.0058259625906027,-0.0021523654149496,2,6,0,0,0,xg_RELIANCE.NS,0.48047708098403236,5.899579271033413
2023-06-08,1141.081787109375,1148.9335976883085,1137.133121023714,1143.9805586437908,12071109,60.385435136598566,1128.0544860839843,1126.949124557042,9.22844026556777,10.086438915038508,1102.7880785229906,1128.0544860839843,1153.320893644978,0.0006003982174092,0.014777425637928,0.0244677891993039,0.0006002180505104,0.0118585767277153,0.0093064921270796,1.2740893643319258,0.050625602514641,0.014777425637928,0.0244677891993039,-0.0096903635613758,1132.9880859375,1136.2109375,1128.0544860839843,0.9971635094715852,1.0072305473863503,0.0043236163342977,0.1705266740654223,13226597.6,0.9126390145867208,0.0075827558042227,0.000847584325303,0.0089810886329761,-0.0026925818557875,-0.0002579012903233,-0.0001228411436082,0.0032456193257552,3,6,0,0,0,xg_RELIANCE.NS,0.4725282670067357,5.801979073176486
2023-06-09,1133.001708984375,1145.144501301207,1131.1984746215855,1144.4369244051345,5877018,55.497146708392904,1127.9997009277345,1127.5255611691691,8.62858033549469,9.794867199129746,1102.783762156091,1127.9997009277345,1153.215639699378,-0.0070810683478427,0.0108952607494514,-0.0097946744598174,-0.0071062580963054,0.0083295161219389,0.0094500655649321,0.8813309001733454,-0.850015562564519,0.0108952607494514,-0.0097946744598174,0.0206899352092688,1135.4303466796875,1135.0902221679687,1127.9997009277345,1.0002996453542423,1.006285924751933,0.0065583711772279,-0.5131335488727672,12551673.4,0.4682258542513965,0.0006003982174092,0.0075827558042227,0.000847584325303,-0.003267938379555,-0.0198615059802692,0.0272752898081054,0.0053440847239247,4,6,0,0,0,xg_RELIANCE.NS,0.5045568835567146,6.195245203355154
2023-06-12,1134.0059814453125,1136.311281503828,1125.264025708016,1130.057315904061,6391969,55.97418441681808,1127.8832946777345,1128.1427440526113,8.140386109836982,9.463970981271194,1102.8082534880064,1127.8832946777345,1152.958335867463,0.0008863821236755,0.0027851974989137,-0.0144609316676156,0.0008859895190225,0.0080436093379788,0.0094412167700438,0.8518772163225306,0.1101833645906078,0.0027851974989137,-0.0144609316676156,0.0172461291665293,1136.0602783203126,1133.4262817382812,1127.8832946777345,1.0023239240385284,1.0049145040862857,0.0072107059189904,0.0876211371140942,12189839.9,0.5243685768177706,-0.0070810683478427,0.0006003982174092,0.0075827558042227,0.0089810886329761,-0.0026925818557875,0.0056253046533265,-0.000183426920275,0,6,0,0,1,xg_RELIANCE.NS,0.5542697298711458,6.805648673631055
2023-06-13,1150.759521484375,1151.946463788879,1134.9647365494957,1138.959165682283,11248016,63.08346290543978,1129.4136962890627,1130.2967228556363,9.001594555986458,9.371495696214248,1102.646483876213,1129.4136962890627,1156.180908701912,0.0147737669052765,0.0167383407822427,0.0003571862130791,0.014665697901643,0.0095497418630296,0.0093765128186576,1.0183661753070987,1.5468711349497233,0.0167383407822427,0.0003571862130791,0.0163811545691636,1139.84921875,1133.467370605469,1129.4136962890625,1.00563037658607,1.0035891846625602,0.0090683781155916,0.7597106619259262,12180391.1,0.9234527781295198,0.0008863821236755,-0.0070810683478427,0.0006003982174092,0.000847584325303,-0.003267938379555,-0.0002579012903233,-0.0058259625906027,1,6,0,0,1,xg_RELIANCE.NS,0.49276615236463583,6.050471693682949
2023-06-14,1164.910888671875,1166.3488637759135,1149.0019986007082,1150.827933567815,13277380,67.8116374118828,1131.9826232910157,1133.5933100762306,10.70263223609254,9.637723004189906,1101.968089507878,1131.9826232910157,1161.9971570741534,0.0122974148145618,0.0214958404038991,0.0331794941973615,0.0122224158452901,0.0072200355493286,0.0095133350623482,0.7588586592772986,1.7029987915937066,0.0214958404038991,0.0331794941973615,-0.0116836537934623,1144.7519775390624,1137.2083618164063,1131.9826232910157,1.0066334508045711,1.0046164476537616,0.0109616575587212,0.1804197291326754,10797336.4,1.2296903151038965,0.0147737669052765,0.0008863821236755,-0.0070810683478427,0.0075827558042227,0.0089810886329761,-0.0198615059802692,-0.0001228411436082,2,6,0,0,0,xg_RELIANCE.NS,0.47664096120832977,5.8524771435737915
2023-06-15,1165.23046875,1169.7954267696327,1157.4471223513988,1164.888030487722,11813494,67.91158831995372,1134.6873657226563,1136.6063728070658,11.938880313791287,10.097954466110185,1102.886497858149,1134.6873657226563,1166.4882335871637,0.0002743386479022,0.0211629717636623,0.0362531316431053,0.0002743010239365,0.0070044937052074,0.0094689220656779,0.7396569535238254,0.0391605016643363,0.0211629717636623,0.0362531316431053,-0.015090159879443,1149.5817138671875,1141.2848999023438,1134.6873657226563,1.0072697132552562,1.0058144070155268,0.0127823195015739,-0.1102541314626831,10519416.6,1.1230179818145882,0.0122974148145618,0.0147737669052765,0.0008863821236755,0.0006003982174092,0.000847584325303,-0.0026925818557875,0.0272752898081054,3,6,0,0,1,xg_RELIANCE.NS,0.4285139832348133,5.261545894473327
2023-06-16,1176.5745849609375,1178.857064328992,1168.7227738269123,1168.7227738269123,24171579,71.31642853905444,1137.7789978027342,1140.4128692026727,13.676338872247925,10.813631347337733,1102.3293814605445,1137.7789978027342,1173.228614144924,0.0097355128579044,0.0384579084312426,0.049772178120931,0.0096884281021161,0.0067938464654535,0.0096088004676349,0.7069706065526222,1.4327789314154245,0.0384579084312426,0.049772178120931,-0.0113142696896884,1158.2962890625,1146.8633178710938,1137.7789978027345,1.0099689047624516,1.007984257123662,0.0174381560863365,1.0460990626481887,11356510.1,2.128433716621964,0.0002743386479022,0.0122974148145618,0.0147737669052765,-0.0070810683478427,0.0075827558042227,-0.003267938379555,0.0056253046533265,4,6,0,0,0,xg_RELIANCE.NS,0.5600754918538012,6.876935222773585
2023-06-19,1164.88818359375,1179.5874324568545,1160.7113056227922,1179.5874324568545,6798554,63.80537905626904,1139.9884460449216,1142.7438515256324,13.949491321835694,11.440803342237324,1103.5271802517152,1139.9884460449216,1176.449711838128,-0.0099325631511711,0.0272328388507065,0.0300938851842755,-0.0099822201443089,0.0080456958169899,0.0099910363545602,0.8052108230488971,-1.2343654311126566,0.0272328388507065,0.0300938851842755,-0.0028610463335689,1164.4727294921877,1150.26650390625,1139.9884460449218,1.0123503775322449,1.0090159316061376,0.0210185696722668,-0.718737696035497,10945497.3,0.6211279226206906,0.0097355128579044,0.0002743386479022,0.0122974148145618,0.0008863821236755,0.0006003982174092,0.0089810886329761,-0.0002579012903233,0,6,0,0,1,xg_RELIANCE.NS,0.4153334461141997,5.099707532862812
2023-06-20,1167.3074951171875,1170.457299404325,1157.2189687814275,1162.9480481347905,6921096,64.63574817789825,1142.3291381835936,1145.0832461533996,14.197524601053829,11.992147594000627,1105.134146422805,1142.3291381835936,1179.524129944382,0.0020768615885293,0.0143800449389002,0.0313590838137942,0.0020747078929366,0.0080185269840748,0.0099780196485616,0.8035385505259125,0.2589755720821938,0.0143800449389002,0.0313590838137942,-0.016979038874894,1167.78232421875,1153.815771484375,1142.3291381835938,1.0121046644356466,1.01005544979711,0.0218050394961277,0.0180247152556263,10888276.0,0.6356466349676813,-0.0099325631511711,0.0097355128579044,0.0002743386479022,0.0147737669052765,-0.0070810683478427,0.000847584325303,-0.0198615059802692,1,6,0,0,1,xg_RELIANCE.NS,0.531815621922533,6.529943972936735
2023-06-21,1170.5943603515625,1173.1278723617306,1163.1534517577868,1167.2618659292657,6961603,65.78424058661481,1145.1605712890623,1147.5128760770342,14.49225759234514,12.49216959366953,1108.4380900127185,1145.1605712890623,1181.8830525654062,0.0028157664095569,0.0048788896515228,0.0264796058887193,0.0028118095652791,0.0078640396831676,0.0098024920016686,0.8021671953043986,0.3580104516933474,0.0048788896515228,0.0264796058887193,-0.0216007162371965,1168.9190185546877,1156.835498046875,1145.1605712890623,1.0104453230629709,1.0101950128658992,0.0202960547823667,0.0058526857595964,10553181.8,0.6596686318811773,0.0020768615885293,-0.0099325631511711,0.0097355128579044,0.0122974148145618,0.0008863821236755,0.0075827558042227,-0.0026925818557875,2,6,0,0,0,xg_RELIANCE.NS,0.4912031584197707,6.031280337751897
2023-06-22,1157.4471435546875,1174.702723824018,1155.8494202932393,1166.8053921892115,7619166,57.71082110979565,1147.341485595703,1148.4589967891916,13.509238993835652,12.695583473702754,1113.376414318506,1147.341485595703,1181.3065568729,-0.0112312319640139,-0.0066796444171787,0.0143419662202914,-0.0112947785016741,0.0090120364119716,0.010264408245566,0.8779033620863751,-1.2461096849776414,-0.0066796444171787,0.0143419662202914,-0.0210216106374702,1167.362353515625,1158.4720336914063,1147.341485595703,1.0076741773350284,1.0097011641568283,0.0172974360266984,0.094455687863844,10107987.5,0.7537767532853841,0.0028157664095569,0.0020768615885293,-0.0099325631511711,0.0002743386479022,0.0147737669052765,0.0006003982174092,-0.003267938379555,3,6,0,0,0,xg_RELIANCE.NS,0.47344587447569014,5.813245995610543
2023-06-23,1147.9749755859375,1156.4885999942844,1146.719569774206,1154.4343325060674,6628570,52.69327793648183,1147.5297912597655,1148.4128995317387,11.829501746854476,12.5223671283331,1113.5961016872104,1147.5297912597655,1181.463480832321,-0.0081836721629116,-0.0243075192517009,0.0132155728299692,-0.0082173422303011,0.0091340847673967,0.0085896050069534,1.063264433646225,-0.8958507087005089,-0.0243075192517009,0.0132155728299692,-0.0375230920816701,1161.642431640625,1159.9693603515625,1147.5297912597655,1.0014423409326567,1.0108403016518992,0.012293508727101,-0.1300137049120598,10183142.7,0.6509355898547262,-0.0112312319640139,0.0028157664095569,0.0020768615885293,0.0097355128579044,0.0122974148145618,-0.0070810683478427,0.0089810886329761,4,6,0,0,0,xg_RELIANCE.NS,0.5185248471207157,6.3667520484516205
2023-06-26,1139.210205078125,1148.271658359126,1136.0832218598148,1144.437098137329,12641159,48.49201433673084,1146.9580322265626,1147.5364524409183,9.679475182392936,11.953788739145068,1112.8604230020069,1146.9580322265626,1181.0556414511184,-0.0076349839449583,-0.022043298985493,0.0045892382562036,-0.0076642796449402,0.0095693875392565,0.0086602275437185,1.1048534969152968,-0.7977716590514798,-0.022043298985493,0.0045892382562036,-0.0266325372416966,1156.5068359375,1160.4897827148438,1146.9580322265624,0.9965678743262814,1.0117979473599503,0.0083819506429744,0.9070718118689248,10808061.7,1.1696046294775344,-0.0081836721629116,-0.0112312319640139,0.0028157664095569,-0.0099325631511711,0.0002743386479022,0.0008863821236755,0.000847584325303,0,6,0,0,0,xg_RELIANCE.NS,0.48269147067675033,5.926768845825187
2023-06-27,1139.62109375,1145.578264166708,1135.1474200849475,1139.666736088607,9689466,48.698515711884895,1146.4216552734376,1146.7826087560688,7.917451469731986,11.146521285262452,1112.2113043479817,1146.4216552734376,1180.6320061988938,0.0003606785385554,-0.0237181732174246,-0.0096791966752597,0.0003606135096871,0.0081625060140026,0.0086621051470394,0.9422148150645748,0.0441818181963505,-0.0237181732174246,-0.0096791966752597,-0.0140389765421649,1150.9695556640625,1159.3759399414062,1146.4216552734374,0.9927492162052556,1.011299755729823,0.0039907127163291,-0.2334986056262721,10652206.7,0.9096205390005332,-0.0076349839449583,-0.0081836721629116,-0.0112312319640139,0.0020768615885293,0.0097355128579044,0.0147737669052765,0.0075827558042227,1,6,0,0,1,xg_RELIANCE.NS,0.47298356981959805,5.807569548025577
2023-06-28,1154.708251953125,1158.519990797568,1140.2600374666351,1147.1760589375283,11354006,55.718535235023715,1147.7820190429688,1147.5374319176933,7.650255181489229,10.447268064507808,1114.5909697278178,1147.7820190429688,1180.97306835812,0.013238749515841,-0.0135709763659432,-0.0087582980105732,0.0131518831000603,0.0083357452148956,0.0078815394239039,1.0574948968370952,1.5879997738430018,-0.0135709763659432,-0.0087582980105732,-0.00481267835537,1147.792333984375,1158.3556762695312,1147.7820190429688,0.9908807437114866,1.0092122520227131,8.932941622962205e-06,0.1717886207557775,10459869.3,1.0854825882001138,0.0003606785385554,-0.0076349839449583,-0.0081836721629116,0.0028157664095569,-0.0099325631511711,0.0122974148145618,0.0006003982174092,2,6,0,0,1,xg_RELIANCE.NS,0.5123097535662092,6.2904394863069175
2023-06-30,1164.180419921875,1167.1020122895738,1156.5113003301233,1162.4229485666156,11151555,59.46850401924171,1149.7677856445316,1149.122478394282,8.109345503803524,9.979683552366952,1117.717889585423,1149.7677856445316,1181.81768170364,0.0082030832920163,0.0058173510597716,-0.0009011511939363,0.008169620876373,0.0088175246101789,0.0079727248802053,1.105822528699018,0.9302103985226468,0.0058173510597716,-0.0009011511939363,0.0067185022537079,1149.1389892578125,1158.2506713867188,1149.7677856445312,0.992133238206547,1.007377912173311,-0.0005401193629084,-0.0178307991029773,10393675.4,1.0729173820455202,0.013238749515841,0.0003606785385554,-0.0076349839449583,-0.0112312319640139,0.0020768615885293,0.0002743386479022,-0.0070810683478427,4,6,0,1,1,xg_RELIANCE.NS,0.530205211752881,6.510170412800877
2023-07-03,1194.058349609375,1196.934300105854,1166.5087289327182,1167.7413136446191,12154387,68.52333227484569,1153.4311828613284,1153.4020851766718,10.760042050445008,10.135755251982564,1118.6908343267608,1153.4311828613284,1188.171531395896,0.025664346501812,0.0401431869191366,0.014859886378574,0.0253405455650552,0.0117378886131577,0.0094912501234528,1.2365759920460395,2.186267145685802,0.0401431869191366,0.014859886378574,0.0252833005405626,1158.3556640625,1159.9990478515624,1153.431182861328,0.9985832886741536,1.0056941975280582,0.0041241545714937,0.0899275482208534,9191956.2,1.3222851301226477,0.0082030832920163,0.013238749515841,0.0003606785385554,-0.0081836721629116,0.0028157664095569,0.0097355128579044,0.0008863821236755,0,7,0,0,0,xg_RELIANCE.NS,0.4967981074625885,6.099978402033955
2023-07-04,1181.7557373046875,1198.3037415268395,1174.6799673322105,1198.3037415268395,8061643,62.34694806680204,1155.9761535644534,1156.1024329983877,11.732772072078888,10.45515861600183,1120.7450228703285,1155.9761535644534,1191.2072842585785,-0.0103031918906745,0.0373465160660537,0.0144799766608501,-0.0103566371939924,0.0117786450449948,0.0098473734165503,1.1959990291595417,-0.8746606414131567,0.0373465160660537,0.0144799766608501,0.0228665394052036,1166.8647705078124,1161.6858032226562,1155.9761535644532,1.0044581480386428,1.0049392451916912,0.0092139319485714,-0.3367297750186825,9318265.1,0.8651441994281892,0.025664346501812,0.0082030832920163,0.013238749515841,-0.0076349839449583,-0.0112312319640139,-0.0099325631511711,0.0147737669052765,1,7,0,0,0,xg_RELIANCE.NS,0.4499894873744815,5.525234723913226
2023-07-05,1179.8155517578125,1190.9997357239995,1175.8440646341217,1190.9997357239995,10248062,61.406913745350515,1158.3761901855469,1158.3608252611898,12.206403047430513,10.805407502287569,1123.5376210376264,1158.3761901855469,1193.214759333467,-0.0016417822106792,0.0352700193320834,0.0107153056867583,-0.0016431314120248,0.011817069908965,0.0098816991782116,1.1957330376925823,-0.1389213486911089,0.0352700193320834,0.0107153056867583,0.024554713645325,1174.903662109375,1162.936608886719,1158.3761901855469,1.0102903744978091,1.0039369064556147,0.014008521839879,0.271212580363581,9650961.7,1.0618695129625204,-0.0103031918906745,0.025664346501812,0.0082030832920163,0.0003606785385554,-0.0081836721629116,0.0020768615885293,0.0122974148145618,2,7,0,0,1,xg_RELIANCE.NS,0.43050893185374,5.286041043117863
2023-07-06,1204.5804443359375,1207.1824197013011,1175.958111582341,1175.958111582341,19117987,68.03238297805432,1161.5853576660156,1162.762693744499,14.413924124979076,11.527110826825869,1122.193111204721,1161.5853576660156,1200.9776041273103,0.0209904781651908,0.0431902970282376,0.029033186162086,0.0207732131500018,0.0133973360745082,0.0106929399179425,1.2527970212390929,1.5666481306680689,0.0431902970282376,0.029033186162086,0.0141571108661515,1184.8781005859375,1166.3352172851562,1161.5853576660156,1.0158984167038556,1.004089118021154,0.0193368097825652,0.8655221836089595,10866600.1,1.7593347343294836,-0.0016417822106792,-0.0103031918906745,0.025664346501812,0.013238749515841,-0.0076349839449583,0.0028157664095569,0.0002743386479022,3,7,0,0,0,xg_RELIANCE.NS,0.4925385166437033,6.047676648854151
2023-07-07,1202.2294921875,1216.5406584496827,1199.6730384312104,1202.8686056265724,13375267,66.85894888935671,1164.6427429199218,1166.5214364533565,15.791661844835517,12.380021030427798,1122.5516004346878,1164.6427429199218,1206.733885405156,-0.0019516771665121,0.0326831405291787,0.0386906208911443,-0.0019535841700335,0.0126041230271628,0.0107356555451775,1.1739338171116152,-0.1548320601319359,0.0326831405291787,0.0386906208911443,-0.0060074803619656,1192.4879150390625,1170.8134521484376,1164.6427429199218,1.01851231112083,1.0052983709090435,0.0231612785246811,-0.3003830894957717,11442210.2,1.1689408572479143,0.0209904781651908,-0.0016417822106792,-0.0103031918906745,0.0082030832920163,0.0003606785385554,-0.0112312319640139,0.0097355128579044,4,7,0,0,1,xg_RELIANCE.NS,0.5041528045233566,6.190283684099803
2023-07-10,1248.5411376953125,1258.1047776229054,1221.128565671655,1227.4738168988026,33240016,75.73701467552443,1170.4197143554686,1174.332836571638,20.385500305804044,13.981116885503049,1116.547110346874,1170.4197143554686,1224.2923183640632,0.0385214684956254,0.0456282459762213,0.0876030961023737,0.0377980367208605,0.0158698837941793,0.0131315043647445,1.2084430626030136,2.4271785361917466,0.0456282459762213,0.0876030961023737,-0.0419748501261523,1203.38447265625,1180.870068359375,1170.4197143554688,1.0190659454415294,1.0089287234961355,0.0264026208712921,1.4851852303210098,14103354.8,2.3568871712706003,-0.0019516771665121,0.0209904781651908,-0.0016417822106792,0.025664346501812,0.013238749515841,-0.0081836721629116,-0.0099325631511711,0,7,0,0,1,xg_RELIANCE.NS,0.5295429784884509,6.5020391245583244
2023-07-11,1262.076171875,1264.4955779542368,1249.705166712445,1256.6895309307056,20069348,77.62367881771955,1176.823223876953,1182.6893446957677,24.832065925673987,16.151306693537236,1111.8688746859775,1176.823223876953,1241.7775730679284,0.0108406793905659,0.0679670358559079,0.1078518839185163,0.0107823404693991,0.0148175294628025,0.0131580763934437,1.1260311149333482,0.7315624278224241,0.0679670358559079,0.1078518839185163,-0.0398848480626083,1219.4485595703125,1193.1566650390623,1176.823223876953,1.0220355761331552,1.013879264812858,0.033773980242439,-0.3962292918270557,14846173.7,1.3518195600795544,0.0385214684956254,-0.0019516771665121,0.0209904781651908,-0.0103031918906745,0.0082030832920163,-0.0076349839449583,0.0020768615885293,1,7,0,0,1,xg_RELIANCE.NS,0.4357317631647435,5.350170027741636
2023-07-12,1263.468505859375,1279.103541836806,1260.683840337917,1262.806571231475,18733835,77.81478849689273,1182.4586730957033,1190.382598139921,28.143925279873656,18.54983041080452,1108.142856157914,1182.4586730957033,1256.7744900334924,0.0011032091528251,0.0709034170442384,0.1086742012661829,0.0011026010647983,0.0147634356274564,0.0130021552029786,1.1353733303186724,0.0747207127086908,0.0709034170442384,0.1086742012661829,-0.0377707842219445,1236.179150390625,1205.54140625,1182.458673095703,1.0254140952619188,1.019520963970661,0.0425182559326105,-0.0665449121715364,15750610.6,1.189403730163884,0.0108406793905659,0.0385214684956254,-0.0019516771665121,-0.0016417822106792,0.025664346501812,0.0003606785385554,0.0028157664095569,2,7,0,0,0,xg_RELIANCE.NS,0.3695789379608622,4.53790685903061
2023-07-13,1252.170166015625,1277.733978890264,1249.545369524751,1270.8408996155135,14682934,72.41035049084628,1186.8216369628908,1196.2671284137973,29.516666321641196,20.743197592971857,1106.815648362453,1186.8216369628908,1266.8276255633286,-0.0089423201222298,0.0395073005737884,0.0844039296485918,-0.0089825426347482,0.0159215083083006,0.0132198848567583,1.2042694933661549,-0.5616150388546562,0.0395073005737884,0.0844039296485918,-0.0448966290748034,1245.6970947265625,1215.28759765625,1186.8216369628906,1.0250224696845085,1.0239850368469896,0.0470187354415351,-0.2162344762831529,16083503.4,0.912918885570608,0.0011032091528251,0.0108406793905659,0.0385214684956254,0.0209904781651908,-0.0103031918906745,0.013238749515841,-0.0112312319640139,3,7,0,0,0,xg_RELIANCE.NS,0.40550642311185003,4.979045583531336
2023-07-14,1251.120361328125,1260.341562579208,1243.9989491216202,1255.3657025022662,15124144,71.91059241382143,1191.116131591797,1201.4912458342094,30.172058315799177,22.62896973753732,1106.8810654663175,1191.116131591797,1275.3511977172766,-0.0008383881967419,0.0406668356235933,0.0746790960563348,-0.0008387398406828,0.0161790097818519,0.013237391374899,1.222128076114183,-0.0518162972733392,0.0406668356235933,0.0746790960563348,-0.0340122604327415,1255.4752685546875,1223.981591796875,1191.1161315917968,1.0257305150411438,1.0275921543948503,0.0514412033823591,0.0300491713713348,16480762.3,0.9176847359784494,-0.0089423201222298,0.0011032091528251,0.0108406793905659,-0.0019516771665121,-0.0016417822106792,0.0082030832920163,-0.0081836721629116,4,7,0,0,1,xg_RELIANCE.NS,0.3559113144105912,4.3700877646914424
2023-07-17,1276.6842041015625,1285.060901535764,1245.3228457945552,1253.9963391795925,22220040,76.21543016043172,1196.1216125488284,1208.6524799549095,32.38098185650165,24.579372161330188,1103.9967694545696,1196.1216125488284,1288.246455643087,0.0204327605589442,0.0225407602173199,0.0691975015452284,0.0202268123747559,0.0155948345379641,0.0137043302471574,1.1378663816728276,1.310142173489068,0.0225407602173199,0.0691975015452284,-0.0466567413279084,1261.1038818359375,1232.2441772460938,1196.121612548828,1.0234204430605154,1.030199742499671,0.0508992506356254,0.4691767018351584,17487327.6,1.2706366866483778,-0.0008383881967419,-0.0089423201222298,0.0011032091528251,0.0385214684956254,0.0209904781651908,0.025664346501812,-0.0076349839449583,0,7,0,0,1,xg_RELIANCE.NS,0.3253271550566661,3.9945575267519655
2023-07-18,1287.52587890625,1295.286283587151,1274.995004828538,1285.9509768018002,25867313,77.77133325366933,1202.2534973144532,1216.16423223599,34.607468867323405,26.584991502528833,1102.844295680217,1202.2534973144532,1301.662698948689,0.0084920568217705,0.0201649532717511,0.0895025412297128,0.0084562021508389,0.0143875466101252,0.0133196379708723,1.0800944100114322,0.5901955945845617,0.0201649532717511,0.0895025412297128,-0.0693375879579616,1266.1938232421876,1242.82119140625,1202.2534973144532,1.0188061098390924,1.0337430451917298,0.0496613908701016,0.1641434038822613,19267894.6,1.3425085374921375,0.0204327605589442,-0.0008383881967419,-0.0089423201222298,0.0108406793905659,-0.0019516771665121,-0.0103031918906745,0.0003606785385554,1,7,0,0,1,xg_RELIANCE.NS,0.293333865254778,3.6017251590960018
2023-07-19,1297.294921875,1303.7543992835303,1276.8210735612868,1291.8854597114334,39122156,79.09815388407874,1208.752868652344,1223.8909645825622,36.73677728792654,28.615348659608376,1102.221714560602,1208.752868652344,1315.284022744086,0.0075874536805806,0.026772662601999,0.0995743529080919,0.007558813732194,0.0139394282025212,0.0133107890211503,1.0471491232601178,0.544276945467744,0.026772662601999,0.0995743529080919,-0.0728016903060928,1272.9591064453125,1254.5691284179688,1208.7528686523438,1.0146584015266928,1.0379037443912802,0.0494923989220357,0.512416693608648,22155304.0,1.7658144523766517,0.0084920568217705,0.0204327605589442,-0.0008383881967419,0.0011032091528251,0.0385214684956254,-0.0016417822106792,0.013238749515841,2,7,0,0,0,xg_RELIANCE.NS,0.36790433924839266,4.517345154336702
2023-07-20,1295.723876953125,1301.213635792283,1276.014839753512,1276.014839753512,38717624,78.28883458691746,1215.009344482422,1230.7321943321397,37.86106061756072,30.46449105119885,1103.340447625,1215.009344482422,1326.678241339844,-0.0012110160113818,0.0347825815688349,0.0756640480473955,-0.0012117498838186,0.0136937132299769,0.0133818211735234,1.0232306815149417,-0.0884294538370473,0.0347825815688349,0.0756640480473955,-0.0408814664785606,1281.6698486328123,1263.6834716796875,1215.009344482422,1.014233292874534,1.040060701934766,0.0514465352812219,-0.0103402276704791,24115267.7,1.6055232926150929,0.0075874536805806,0.0084920568217705,0.0204327605589442,-0.0089423201222298,0.0108406793905659,0.0209904781651908,0.0082030832920163,3,7,0,0,0,xg_RELIANCE.NS,0.2814953454954318,3.456364873379732
2023-07-21,1255.6134033203125,1293.2755748788927,1248.1205739980844,1290.3576048302098,30249238,61.099932147505065,1219.9176574707033,1233.1018332833942,35.11074839949924,31.39374252085893,1110.2908466066328,1219.9176574707033,1329.5444683347737,-0.0309560349594943,0.0035912148271792,0.0444040937938383,-0.0314452965617997,0.0182192354310951,0.0152509136214673,1.194554066019046,-1.6989920397331415,0.0035912148271792,0.0444040937938383,-0.040812878966659,1282.56845703125,1269.0218627929687,1219.917657470703,1.0106748312503198,1.0402520653927374,0.0498965680000507,-0.218721737676878,25802664.8,1.1723299990316824,-0.0012110160113818,0.0075874536805806,0.0084920568217705,-0.0008383881967419,0.0011032091528251,-0.0019516771665121,0.025664346501812,4,7,0,0,0,xg_RELIANCE.NS,0.3398197858945633,4.172506544213714
2023-07-24,1230.2166748046875,1243.8423605772516,1221.2648606691866,1227.0514151401742,23727866,53.1437425545716,1224.029742431641,1232.827056285422,30.52987303766895,31.220968624220937,1119.7247096895308,1224.029742431641,1328.334775173751,-0.0202265509817484,-0.0363970425478675,-0.0146766993392386,-0.0204339085136284,0.0152629720039404,0.0159851769634014,0.954760605921184,-1.325117143593221,-0.0363970425478675,-0.0146766993392386,-0.0217203432086289,1273.274951171875,1267.1894165039062,1224.029742431641,1.0048023875426284,1.0352603148241522,0.0400297035057281,-0.2155879761334814,24851449.8,0.9547879979219178,-0.0309560349594943,-0.0012110160113818,0.0075874536805806,0.0204327605589442,-0.0089423201222298,0.0385214684956254,-0.0103031918906745,0,7,0,0,0,xg_RELIANCE.NS,0.35431992195322193,4.350547715175768
2023-07-25,1229.425537109375,1239.0203294862108,1226.556952345633,1233.4810641733905,12026020,52.91259863606474,1228.5405090332033,1232.5031020781794,26.529838644157053,30.28274262820816,1132.179745354537,1228.5405090332033,1324.9012727118693,-0.0006430880929476,-0.0451255720360596,-0.0258705738157766,-0.0006432949627903,0.0146622082621722,0.0158022580627727,0.9277965470115012,-0.0438572569828858,-0.0451255720360596,-0.0258705738157766,-0.0192549982202829,1261.6548828125,1263.9243530273438,1228.540509033203,0.9982044255976176,1.0288015281010034,0.0269348348311972,-0.4931689179296612,24047117.0,0.5001023615429451,-0.0202265509817484,-0.0309560349594943,-0.0012110160113818,0.0084920568217705,-0.0008383881967419,0.0108406793905659,-0.0016417822106792,1,7,0,0,1,xg_RELIANCE.NS,0.3616848416868526,4.440978517211873
2023-07-26,1249.4063720703125,1259.6936470475673,1229.029726310642,1229.029726310642,12911012,57.893682306751366,1234.0297729492188,1234.1129373155254,24.687486980663607,29.16369149869925,1146.9342825243225,1234.0297729492188,1321.125263374115,0.0162521717321053,-0.0369141580662887,-0.0111297857634352,0.0161215188833621,0.0158154167119698,0.0160111680912936,0.9877123835946524,1.0275508054745242,-0.0369141580662887,-0.0111297857634352,-0.0257843723028534,1252.0771728515624,1262.5181396484377,1234.0297729492188,0.9917300461126186,1.023085639685284,0.0144447797816481,0.0735897661903106,23464834.7,0.5502281249822506,-0.0006430880929476,-0.0202265509817484,-0.0309560349594943,0.0075874536805806,0.0204327605589442,0.0011032091528251,0.0209904781651908,2,7,0,0,0,xg_RELIANCE.NS,0.3137714134448288,3.852669356904215
2023-07-27,1237.7838134765625,1255.06933898356,1231.6758304667376,1253.2889256301971,17226898,54.2957130395252,1238.183551025391,1234.4625445689576,22.03555451340344,27.73806410164009,1159.4985322818309,1238.183551025391,1316.8685697689505,-0.0093024646372589,-0.044716366277673,-0.0114891353663532,-0.0093460027798002,0.0158358957131834,0.0161732828201147,0.9790786948209848,-0.5873919236277527,-0.044716366277673,-0.0114891353663532,-0.0332272309113198,1240.48916015625,1261.079504394531,1238.183551025391,0.98367244557815,1.018491566416126,0.0018626912920952,0.3342794507510334,23719231.1,0.7262839983037761,0.0162521717321053,-0.0006430880929476,-0.0202265509817484,-0.0012110160113818,0.0084920568217705,-0.0089423201222298,-0.0019516771665121,3,7,0,0,1,xg_RELIANCE.NS,0.23262404475326373,2.8562943929804465
2023-07-28,1250.2225341796875,1257.6412248805652,1236.7204929547063,1242.4081558253793,20827852,57.350617803590744,1242.4856567382812,1235.9634959604557,20.698974835732088,26.33024624845849,1171.8388118939642,1242.4856567382812,1313.1325015825985,0.0100491867543399,-0.004293414777486,-0.0007176185251148,0.0099990294241454,0.0162209889741836,0.0162061498275836,1.0008538914458869,0.6194793234253017,-0.004293414777486,-0.0007176185251148,-0.0035757962523711,1239.410986328125,1260.9897216796876,1242.4856567382812,0.9828874613483616,1.014892779519067,-0.0024592985057444,0.2090309003977384,24289601.9,0.857480171381448,-0.0093024646372589,0.0162521717321053,-0.0006430880929476,-0.0309560349594943,0.0075874536805806,-0.0008383881967419,0.0385214684956254,4,7,0,0,1,xg_RELIANCE.NS,0.27699259816113114,3.401077501957693
2023-07-31,1260.8065185546875,1263.1062644351005,1245.3261593927457,1250.222567835286,8551174,59.812086696356594,1245.8230651855467,1238.3294981122872,20.260217718345984,25.11624054243599,1178.5845685998752,1245.8230651855467,1313.0615617712183,0.0084656803774094,0.0248654114161284,-0.0124366585690222,0.0084300474685914,0.0149408794358221,0.0154161463555805,0.9691079718143808,0.5665739985234775,0.0248654114161284,-0.0124366585690222,0.0373020699851506,1245.528955078125,1259.401953125,1245.823065185547,0.988984455667667,1.010899531658158,-0.0002332714045285,-0.5894356268711722,22922715.3,0.3730436768980692,0.0100491867543399,-0.0093024646372589,0.0162521717321053,-0.0202265509817484,-0.0012110160113818,0.0204327605589442,0.0108406793905659,0,7,0,1,0,xg_RELIANCE.NS,0.3859151036913213,4.7384918786411205
2023-08-01,1242.9769287109375,1265.628689467438,1239.0697997346808,1263.6503718598296,9536632,54.143145689005785,1248.8841247558591,1238.772110550254,18.26327300672301,23.745647035293395,1188.7248632526407,1248.8841247558591,1309.0433862590776,-0.0141414162929525,0.0110225395459284,-0.0346004308924312,-0.0142423588979436,0.0150321234004399,0.01561097956616,0.9628582548892768,-0.9406838430221824,0.0110225395459284,-0.0346004308924312,0.0456229704383597,1248.2392333984376,1254.9470581054688,1248.8841247558594,0.994654894273263,1.004854680453877,-0.00051882809932,0.115242421683853,21289647.2,0.4479469251138907,0.0084656803774094,0.0100491867543399,-0.0093024646372589,-0.0006430880929476,-0.0309560349594943,0.0084920568217705,0.0011032091528251,1,8,1,0,0,xg_RELIANCE.NS,0.30113083126791507,3.697460878630945
2023-08-02,1229.697509765625,1242.383422770223,1218.4458286875906,1240.998576334311,12748214,50.31791178793023,1251.3782226562498,1237.9078628564798,15.431259849481194,22.082769598130955,1199.7435801257036,1251.3782226562498,1303.012865186796,-0.0106835602806274,-0.0157745812293474,-0.0521064339107065,-0.0107410392641194,0.0146521329734318,0.015870395463416,0.9231786207586732,-0.7290973404798956,-0.0157745812293474,-0.0521064339107065,0.036331852681359,1244.2974609375,1248.1873168945312,1251.37822265625,0.9968835959920592,0.9974500868690638,-0.0057581329249821,0.3367627061629306,18652253.0,0.6834677826855189,-0.0141414162929525,0.0084656803774094,0.0100491867543399,0.0162521717321053,-0.0202265509817484,0.0075874536805806,-0.0089423201222298,2,8,0,0,0,xg_RELIANCE.NS,0.28302100062626995,3.4750977614629774
2023-08-03,1224.5291748046875,1236.8936606795558,1215.7010043381908,1224.23249959185,10168350,48.87074128557827,1252.3756591796875,1236.6337020896424,12.62430248040505,20.191076174585778,1203.8715319729288,1252.3756591796875,1300.8797863864463,-0.0042029319567562,-0.0107083632275386,-0.0549458904128947,-0.0042117891013013,0.0145911479555506,0.0152889590594429,0.9542960774992592,-0.2880269559737778,-0.0107083632275386,-0.0549458904128947,0.0442375271853561,1241.646533203125,1241.0678466796876,1252.3756591796875,1.0004662811344165,0.9909709100323728,-0.0087618377718716,-0.2023706222691272,15797325.6,0.6436754079436937,-0.0106835602806274,-0.0141414162929525,0.0084656803774094,-0.0093024646372589,-0.0006430880929476,-0.0012110160113818,-0.0008383881967419,3,8,0,0,1,xg_RELIANCE.NS,0.2820769350414551,3.4635059707718105
2023-08-04,1241.1717529296875,1244.3617658987637,1222.4024889169664,1235.8550243989196,22885610,53.50769543449113,1254.322772216797,1237.065897407742,11.608865731352124,18.474634085939044,1211.500855400658,1254.322772216797,1297.1446890329355,0.0135910017232987,-0.0072393362002057,-0.0115016695046706,0.0134994724432582,0.0126385345709288,0.0155278035692157,0.8138769039479244,1.0752770718756004,-0.0072393362002057,-0.0115016695046706,0.0042623333044649,1239.836376953125,1239.623681640625,1254.322772216797,1.000171580549525,0.9882812535164344,-0.011671547656058,1.2506709544813073,15060962.8,1.519531672968376,-0.0042029319567562,-0.0106835602806274,-0.0141414162929525,0.0100491867543399,0.0162521717321053,-0.0309560349594943,0.0204327605589442,4,8,0,0,1,xg_RELIANCE.NS,0.4551874796784721,5.589058720647491
2023-08-07,1248.244384765625,1250.494624650405,1238.9215138972052,1246.834785043854,5982870,55.36049240231371,1254.3079345703125,1238.1305152513498,11.245199413663611,17.02874715148396,1211.477377961518,1254.3079345703125,1297.138491179107,0.0056983506265293,-0.0099635698294635,0.0146540933236818,0.0056821764416259,0.0108010091991988,0.0129534716729824,0.8337668622739155,0.5275269185062317,-0.0099635698294635,0.0146540933236818,-0.0246176631531453,1237.3239501953126,1241.4264526367188,1254.3079345703125,0.9966953318638468,0.989730207727653,-0.013606297438453,-0.7385750259660984,13286463.2,0.4502981651279138,0.0135910017232987,-0.0042029319567562,-0.0106835602806274,0.0084656803774094,-0.0093024646372589,-0.0202265509817484,0.0084920568217705,0,8,0,0,0,xg_RELIANCE.NS,0.43405970894098855,5.329639565771825
2023-08-08,1240.7265625,1253.4867351589849,1236.2259624118224,1250.2967221809697,9844072,52.94520361179801,1253.2404541015624,1238.3777578464594,10.23241292233456,15.66948030565408,1210.1616117731107,1253.2404541015624,1296.319296430014,-0.0060227166710119,-0.0018104649884944,0.0091921186355019,-0.0060409263804892,0.0110511428425308,0.0127627989438676,0.8658192510812247,-0.5449365572651989,-0.0018104649884944,0.0091921186355019,-0.0110025836239964,1236.873876953125,1242.556555175781,1253.2404541015626,0.9954266240848472,0.9914749808061052,-0.0131911233652156,0.645376215762669,13068268.4,0.7532805187869608,0.0056983506265293,0.0135910017232987,-0.0042029319567562,-0.0141414162929525,0.0100491867543399,-0.0006430880929476,0.0075874536805806,1,8,0,0,1,xg_RELIANCE.NS,0.43360788675575623,5.324091828109228
2023-08-09,1248.911865234375,1250.7912910864598,1227.1009863432985,1238.8472469851745,11486586,55.23519171533889,1252.5126220703123,1239.381006169118,9.975269160960352,14.530638076715334,1209.670155515897,1252.5126220703123,1295.355088624728,0.0065971850541202,0.0156252698864227,-0.0003957934319784,0.0065755188671605,0.0099328565886109,0.0128640731764663,0.7720792919220053,0.6641111631995801,0.0156252698864227,-0.0003957934319784,0.0160210633184012,1240.716748046875,1242.5071044921874,1252.5126220703123,0.9985590774983584,0.9920116433145506,-0.0094449210963528,0.1668531071288386,12925825.8,0.8886539380717254,-0.0060227166710119,0.0056983506265293,0.0135910017232987,-0.0106835602806274,0.0084656803774094,0.0162521717321053,-0.0012110160113818,2,8,0,0,1,xg_RELIANCE.NS,0.279954055677119,3.437440013438129
2023-08-10,1254.475830078125,1261.177404750792,1240.6276075945868,1248.788167272386,15470598,56.775109530240016,1252.6279052734376,1240.8186084461663,10.103974017379867,13.645305264848242,1209.7769111256416,1252.6279052734376,1295.4788994212336,0.0044550500308568,0.0244556486604037,0.0134854054640443,0.0044451556711626,0.0094410835272939,0.0127496433140242,0.7404397797646622,0.4718291273296649,0.0244556486604037,0.0134854054640443,0.0109702431963594,1246.7060791015624,1244.1763061523438,1252.6279052734376,1.0020332913725405,0.9932529052837532,-0.0047205582043827,0.3468403927851147,12750195.8,1.2133616018664424,0.0065971850541202,-0.0060227166710119,0.0056983506265293,-0.0042029319567562,-0.0141414162929525,-0.0093024646372589,-0.0309560349594943,3,8,0,0,1,xg_RELIANCE.NS,0.32808877581177476,4.028466325331759
2023-08-11,1259.767822265625,1265.55449762201,1242.5565564009414,1252.4975295128647,22179330,58.24632087207943,1253.0602783203128,1242.623295476591,10.511819375487676,13.01860808697613,1210.0989655664712,1253.0602783203128,1296.0215910741545,0.0042184887589029,0.0149826720532777,0.007634871252901,0.0042096158798727,0.0090167488407781,0.0127787100473787,0.7055519105949968,0.4677984310038681,0.0149826720532777,0.007634871252901,0.0073478008003766,1250.42529296875,1245.1308349609376,1253.0602783203126,1.0042521298639098,0.9936719378177048,-0.0020916436386061,0.4336440000573991,12885343.6,1.721283551957301,0.0044550500308568,0.0065971850541202,-0.0060227166710119,0.0135910017232987,-0.0106835602806274,0.0100491867543399,-0.0202265509817484,4,8,0,0,1,xg_RELIANCE.NS,0.3582359078781522,4.3986304860356435
2023-08-14,1274.6546630859375,1277.1523130180672,1248.81289137336,1255.737002454242,9575812,62.14919314122522,1252.9588012695317,1245.6739019155764,11.899117777044694,12.794710024989843,1210.2234467414726,1252.9588012695317,1295.6941557975904,0.0118171305515164,0.0211579388160207,0.0109835603857162,0.0117478535008235,0.0093880763277899,0.0122007947616849,0.7694012652359645,1.258604162854646,0.0211579388160207,0.0109835603857162,0.0101743784303045,1255.7073486328125,1246.5156494140624,1252.9588012695312,1.0073739140162987,0.9948576506674118,0.0021563074634089,-0.568255127634604,12987807.4,0.7372924239698274,0.0042184887589029,0.0044550500308568,0.0065971850541202,0.0056983506265293,-0.0042029319567562,0.0084656803774094,-0.0006430880929476,0,8,0,0,0,xg_RELIANCE.NS,0.38886172997757396,4.774672283588336
2023-08-16,1273.6160888671875,1277.3996937112483,1261.672044700447,1261.672044700447,10203112,61.71577661843261,1252.2633117675782,1248.3350625776343,12.767580771901976,12.78928417437227,1211.488857527757,1252.2633117675782,1293.0377660073991,-0.0008147887022478,0.0265082793914854,0.0246498220912476,-0.0008151208229802,0.0077885891816888,0.0120358935352433,0.6470597383689024,-0.1045997013761862,0.0265082793914854,0.0246498220912476,0.0018584573002378,1262.28525390625,1249.5795654296876,1252.2633117675782,1.010167970754382,0.9978568833625712,0.0078688878275602,0.065508804892995,13054455.4,0.7815808233562327,0.0118171305515164,0.0042184887589029,0.0044550500308568,-0.0060227166710119,0.0135910017232987,-0.0141414162929525,0.0162521717321053,2,8,0,0,0,xg_RELIANCE.NS,0.2748434974644926,3.3746895837342357
2023-08-17,1255.2425537109375,1275.0752365265755,1252.695518025622,1269.6348629683328,13673744,54.47762015889279,1250.160693359375,1248.9929188760443,11.836805889062134,12.598788517310243,1215.2480159652716,1250.160693359375,1285.0733707534785,-0.0144262743827241,0.0050689633534504,0.0207734371603154,-0.014531344819912,0.0085439466360622,0.0122643178234625,0.6965939863146778,-1.688281389826466,0.0050689633534504,0.0207734371603154,-0.015704473806865,1263.5513916015625,1252.1340698242188,1250.160693359375,1.0091182901675588,1.001578498248526,0.0106678173095708,0.34015425881829,13147008.4,1.0400650538870089,-0.0008147887022478,0.0118171305515164,0.0042184887589029,0.0065971850541202,0.0056983506265293,-0.0106835602806274,-0.0093024646372589,3,8,0,0,1,xg_RELIANCE.NS,0.30313797110533275,3.7221057182029873
2023-08-18,1264.5406494140625,1274.827925208279,1240.6771930744892,1251.9041214413387,18639978,57.21247869691389,1248.601531982422,1250.4736551177602,11.714402365843624,12.42191128701692,1220.0508892341334,1248.601531982422,1277.1521747307104,0.0074074095684826,0.0080231273449968,0.0326749867889075,0.0073801094428072,0.008380935348025,0.0124280712082638,0.6743010163504983,0.883734992089623,0.0080231273449968,0.0326749867889075,-0.0246518594439106,1265.56435546875,1256.1352172851562,1248.601531982422,1.007506467499552,1.0060336985897915,0.0134142176403644,0.3631948938052372,13994171.2,1.331981561008677,-0.0144262743827241,-0.0008147887022478,0.0118171305515164,0.0044550500308568,-0.0060227166710119,-0.0042029319567562,0.0100491867543399,4,8,0,0,0,xg_RELIANCE.NS,0.2981217292485177,3.6605133600069473
2023-08-21,1250.74267578125,1268.3374245054663,1248.5836072167706,1260.6443643964944,9221746,52.20069650360928,1248.357995605469,1250.4992761333308,10.384311653401255,12.014391360293788,1219.9765963441769,1248.357995605469,1276.7393948667604,-0.0109114512366256,-0.0071641347912377,0.0077111993799174,-0.0109714177339803,0.0086012671515164,0.0105661196991143,0.8139651481602198,-1.2684390108370591,-0.0071641347912377,0.0077111993799174,-0.0148753341711552,1263.759326171875,1257.0923095703124,1248.357995605469,1.0053035219059143,1.0069966419853846,0.0123137483549813,-0.5052705534309108,12627784.8,0.7302742441413215,0.0074074095684826,-0.0144262743827241,-0.0008147887022478,0.0042184887589029,0.0065971850541202,0.0135910017232987,0.0084656803774094,0,8,0,0,0,xg_RELIANCE.NS,0.39186097477199583,4.81149876942547
2023-08-22,1250.44482421875,1259.6517042081298,1240.319812990251,1249.204008079304,7713044,52.094609186929176,1249.3694030761717,1250.494090236704,9.200117817830687,11.451536651801169,1222.298612463155,1249.3694030761717,1276.4401936891884,-0.0002381397614932,-0.0189932532852274,0.0017628274398671,-0.0002381681212684,0.0084289033147681,0.0094530007631054,0.8915699845997783,-0.0282494060253378,-0.0189932532852274,0.0017628274398671,-0.0207560807250946,1258.9173583984375,1257.312353515625,1249.369403076172,1.0012765363183815,1.0063575676016203,0.0076356470412286,-0.1636026409749303,12800802.2,0.6025437999502404,-0.0109114512366256,0.0074074095684826,-0.0144262743827241,0.0118171305515164,0.0044550500308568,0.0056983506265293,-0.0141414162929525,1,8,0,0,1,xg_RELIANCE.NS,0.3638171942110113,4.46716079155532
2023-08-23,1251.8345947265625,1262.0838090060652,1249.228880766707,1252.8272476636505,9517952,52.57887842265654,1250.489855957031,1250.6217573309764,8.278350861037552,10.816899493648446,1225.091378244785,1250.489855957031,1275.8883336692777,0.0011114208967042,-0.017102087772775,0.0089528446978521,0.0011108037257487,0.0081398863336471,0.0094464736959806,0.8615939663436312,0.1365233281922414,-0.017102087772775,0.0089528446978521,-0.0260549324706271,1254.5610595703124,1258.4231567382812,1250.4898559570313,0.9969310027813068,1.0063441544475211,0.0032521897305213,0.2340072220513716,12768190.2,0.7454425295136389,-0.0002381397614932,-0.0109114512366256,0.0074074095684826,-0.0008147887022478,0.0042184887589029,-0.0060227166710119,-0.0106835602806274,2,8,0,0,0,xg_RELIANCE.NS,0.3363627660236134,4.130059227624884
2023-08-24,1230.7904052734375,1260.6195534341234,1226.4227081001463,1260.6195534341234,14140020,45.13808249286242,1249.5590576171871,1248.7330571350203,5.783089831835923,9.81013756128594,1222.672514742257,1249.5590576171871,1276.4456004921176,-0.016810678936159,-0.0194800187144794,-0.0145097988620171,-0.0169535821971082,0.0095670065602441,0.0095196262128847,1.0048715647818052,-1.756967747702938,-0.0194800187144794,-0.0145097988620171,-0.0049702198524622,1249.6706298828126,1256.6110107421875,1249.5590576171876,0.99447690590004,1.0056435532854666,9.06509062363162e-05,0.4856158131497197,13033533.6,1.0848953502524377,0.0011114208967042,-0.0002381397614932,-0.0109114512366256,-0.0144262743827241,0.0118171305515164,0.0065971850541202,-0.0042029319567562,3,8,0,0,0,xg_RELIANCE.NS,0.41104345495117306,5.047032506436007
2023-08-25,1225.1075439453125,1243.2978613921046,1212.32713678729,1218.9778633049934,22222400,43.35383484104057,1248.925244140625,1246.48300825981,3.308875417176978,8.509885132464149,1220.3267710577225,1248.925244140625,1277.5237172235277,-0.0046172453926974,-0.0311837389229217,-0.0234108026863965,-0.0046279377958668,0.0093763227797223,0.0093531713525745,1.0023680801123829,-0.4923841805554407,-0.0311837389229217,-0.0234108026863965,-0.0077729362365251,1241.7840087890625,1253.6741821289063,1248.925244140625,0.9905157388503824,1.003802419728932,-0.0058290681392467,0.5715960797792365,13708713.8,1.6210419390328492,-0.016810678936159,0.0011114208967042,-0.0002381397614932,0.0074074095684826,-0.0008147887022478,0.0044550500308568,0.0135910017232987,4,8,0,0,0,xg_RELIANCE.NS,0.4441172678421344,5.453132170016084
2023-08-28,1212.8978271484375,1232.8749678308825,1206.6193456890517,1226.9190501118926,12580826,39.72092517674198,1247.0590087890623,1243.2844195825364,0.3586858558878703,6.879645277148893,1214.2548682492682,1247.0590087890623,1279.863149328857,-0.0099662408065459,-0.0302579014577667,-0.037205264564461,-0.0100162362394913,0.0093490904981892,0.0092381708620123,1.0118971320931842,-1.065897790879785,-0.0302579014577667,-0.037205264564461,0.0069473631066943,1234.2150390625,1248.9871826171875,1247.0590087890623,0.988172702041879,1.0015461768966307,-0.0105894902596694,-0.4338673590611275,12748863.4,0.9868194210943552,-0.0046172453926974,-0.016810678936159,0.0011114208967042,-0.0109114512366256,-0.0144262743827241,0.0042184887589029,0.0056983506265293,0,8,0,0,0,xg_RELIANCE.NS,0.4156771595238712,5.103927847602323
2023-08-29,1201.2838134765625,1217.7121468384466,1195.228533637356,1217.0173382536789,16876644,36.58083500012879,1244.0828735351563,1239.284361858158,-2.8832778352532387,4.927060654668467,1206.1334414368189,1244.0828735351563,1282.0323056334937,-0.0095754262328756,-0.0393148180471715,-0.0575613550353664,-0.0096215653976585,0.0076934614205384,0.0090962841422767,0.8456877129719973,-1.2444569813965785,-0.0393148180471715,-0.0575613550353664,0.0182465369881948,1224.3828369140624,1241.65009765625,1244.0828735351563,0.9860932957080408,0.9980445226514586,-0.0163991526399421,0.3414575481768844,13478946.6,1.252074401719104,-0.0099662408065459,-0.0046172453926974,-0.016810678936159,-0.0002381397614932,0.0074074095684826,0.0118171305515164,-0.0060227166710119,1,8,0,0,0,xg_RELIANCE.NS,0.3392869395356776,4.1659639442480945
2023-08-30,1200.1422119140625,1212.5255327642965,1198.628391987628,1207.0659417448908,12168946,36.27725435485257,1241.9411376953124,1235.5565380539583,-5.481487942013246,2.8453509353321245,1199.1969165029393,1241.9411376953124,1284.6853588876854,-0.0009503179429315,-0.0412933010720886,-0.057689187185501,-0.0009507697813102,0.0076836520393111,0.0086663468855834,0.8865056563146769,-0.1236644077142541,-0.0412933010720886,-0.057689187185501,0.0163958861134124,1214.0443603515623,1234.3027099609376,1241.9411376953126,0.9835872112684448,0.9938496056676648,-0.0232445597420146,-0.2789475206089552,13675530.0,0.8898335932866303,-0.0095754262328756,-0.0099662408065459,-0.0046172453926974,0.0011114208967042,-0.0109114512366256,-0.0008147887022478,0.0065971850541202,2,8,0,0,0,xg_RELIANCE.NS,0.3637297960858433,4.466087666138989
2023-08-31,1194.65771484375,1203.5915905675504,1191.133748727762,1202.5989377093504,21638600,34.78375886772115,1240.1891479492188,1231.6614120339386,-7.892165279790333,0.6978476923076329,1192.7205956875312,1240.1891479492188,1287.6577002109063,-0.0045698726499799,-0.0293573059026732,-0.0482654437487619,-0.004580346439436,0.0070762368134834,0.0084382171816715,0.838494455250154,-0.6457142484300579,-0.0293573059026732,-0.0482654437487619,0.0189081378460886,1206.817822265625,1228.244226074219,1240.1891479492188,0.982555257860175,0.9903684676690226,-0.0279337966590358,0.7781819395040457,14472015.6,1.4952029211465545,-0.0009503179429315,-0.0095754262328756,-0.0099662408065459,-0.016810678936159,-0.0002381397614932,-0.0144262743827241,0.0044550500308568,3,8,0,1,1,xg_RELIANCE.NS,0.49608508068624835,6.0912234412754245
2023-09-01,1197.4619140625,1203.9141576589248,1192.0023233270636,1194.4343955405525,18112842,36.22935524461959,1238.8357849121096,1228.4043169890397,-9.467236586469651,-1.3351691634478244,1188.0591816547942,1238.8357849121096,1289.612388169425,0.0023472825596047,-0.0225658800481981,-0.0530459304591308,0.0023445319952912,0.0062274164482214,0.008451236888627,0.7367773206405072,0.3768666689387749,-0.0225658800481981,-0.0530459304591308,0.0304800504109327,1201.2886962890625,1221.5363525390626,1238.8357849121094,0.983424434149738,0.9860357340466444,-0.0313555597736423,-0.1629383601526901,14419302.0,1.2561524822767942,-0.0045698726499799,-0.0009503179429315,-0.0095754262328756,-0.0046172453926974,0.0011114208967042,0.0074074095684826,0.0042184887589029,4,9,1,0,0,xg_RELIANCE.NS,0.3999498318834645,4.910818498981431
2023-09-04,1196.494140625,1202.921543874001,1193.8140262826475,1197.4619529612137,9347626,35.93332356272569,1236.601904296875,1225.365252573417,-10.670579376330124,-3.2022512060242847,1182.4397598659148,1236.601904296875,1290.7640487278354,-0.0008081872384706,-0.0135243762139496,-0.0433730584289568,-0.0008085139978444,0.006054314955971,0.0077167872299431,0.7844625377183029,-0.1334674157078652,-0.0135243762139496,-0.0433730584289568,0.0298486822150072,1198.007958984375,1216.1114990234375,1236.601904296875,0.9851135853467382,0.9834300713897992,-0.0322558581794142,-0.4839227328323187,14431890.0,0.6477062948788657,0.0023472825596047,-0.0045698726499799,-0.0009503179429315,-0.0099662408065459,-0.016810678936159,-0.0109114512366256,0.0118171305515164,0,9,0,0,1,xg_RELIANCE.NS,0.4202406384518398,5.159960917134179
2023-09-05,1202.8968505859375,1208.033756715794,1197.3627378820318,1201.1100268699734,8675876,39.457922620092766,1234.3345275878908,1223.2254047650856,-10.981009777469808,-4.758002920313389,1178.455017501043,1234.3345275878908,1290.2140376747386,0.0053512255041991,0.0013427610455407,-0.0380248474078169,0.0053369585714184,0.0067050587335602,0.0076993984330779,0.870741792367248,0.7979687796975514,0.0013427610455407,-0.0380248474078169,0.0393676084533577,1198.33056640625,1211.3567016601562,1234.3345275878903,0.9892466560542786,0.9813844420502138,-0.0299310461774863,-0.0718631661129788,14528173.2,0.59717597529739,-0.0008081872384706,0.0023472825596047,-0.0045698726499799,-0.0095754262328756,-0.0046172453926974,-0.0002381397614932,-0.0008147887022478,1,9,0,0,1,xg_RELIANCE.NS,0.4077340204870751,5.006397329991691
2023-09-06,1205.4281005859375,1209.125708635972,1199.745186611218,1201.6560920331103,8200370,40.843515921080886,1232.5696044921876,1221.5304234146906,-10.897161689730638,-5.985834674196839,1175.327013306454,1232.5696044921876,1289.8121956779212,0.0021042951428187,0.0044043852631803,-0.0370707874156182,0.002102084214882,0.0067934387633576,0.0076803708551923,0.8844044756367291,0.3097084565935287,0.0044043852631803,-0.0370707874156182,0.0414751726787985,1199.387744140625,1206.7160522460938,1232.5696044921874,0.9939270650358646,0.9790246715870092,-0.0275270340349899,-0.0548078372719942,14396415.0,0.5696119485302021,0.0053512255041991,-0.0008081872384706,0.0023472825596047,-0.0009503179429315,-0.0099662408065459,0.0011114208967042,-0.0144262743827241,2,9,0,0,1,xg_RELIANCE.NS,0.4080698402667319,5.0105207221143875
2023-09-07,1207.06591796875,1210.1679582595823,1196.6430625915527,1201.9537313347682,13652572,41.77210730167531,1230.4773071289062,1220.1528514674585,-10.57663246578204,-6.90399423251388,1172.6933045314595,1230.4773071289062,1288.2613097263527,0.0013587018437817,0.0103864085677651,-0.019275814308462,0.0013577796436665,0.0051407369376962,0.0074794841865291,0.6872198121819025,0.2642495834083825,0.0103864085677651,-0.019275814308462,0.0296622228762272,1201.869384765625,1204.343603515625,1230.4773071289062,0.9979455873367222,0.9787613282570328,-0.0237003811783722,0.6648726825740789,14347670.2,0.9515532354513592,0.0021042951428187,0.0053512255041991,-0.0008081872384706,-0.0045698726499799,-0.0095754262328756,-0.016810678936159,0.0074074095684826,3,9,0,0,1,xg_RELIANCE.NS,0.5219321898000232,6.408589399359141
2023-09-08,1215.1064453125,1218.9778160313297,1202.5742018862825,1211.0365924741222,23109288,46.23413888773326,1228.5088378906248,1219.6722413574623,-9.563564568135234,-7.435908299638151,1171.4898310720175,1228.5088378906248,1285.527844709232,0.0066612164456441,0.0147349414981718,-0.0081634454723911,0.0066391285771683,0.0056937596634207,0.0075901130630492,0.7500559688849704,1.169709845427058,0.0147349414981718,-0.0081634454723911,0.022898386970563,1205.398291015625,1203.3434936523438,1228.508837890625,1.001707573418663,0.9795155366716852,-0.0190193599615516,0.692669190830856,14436359.0,1.6007698340002765,0.0013587018437817,0.0021042951428187,0.0053512255041991,0.0023472825596047,-0.0009503179429315,-0.0046172453926974,-0.0109114512366256,4,9,0,0,1,xg_RELIANCE.NS,0.5187236369679085,6.369192906732287
2023-09-11,1228.20947265625,1229.326207160582,1216.9924464989117,1216.9924464989117,13271074,52.60768701719365,1226.9309204101562,1220.485311004966,-7.61560816998599,-7.471848273707719,1171.84015711493,1226.9309204101562,1282.0216837053824,0.0107834399153237,0.0265068845340799,0.0126240192414315,0.0107257132510056,0.0057645243194802,0.0079850990337943,0.7218197889967068,1.870331182003545,0.0265068845340799,0.0126240192414315,0.0138828652926483,1211.741357421875,1204.874658203125,1226.9309204101562,1.0056990983850471,0.9820232240950796,-0.0123672413594326,-0.4257255351181741,14505383.8,0.9149067810256136,0.0066612164456441,0.0013587018437817,0.0021042951428187,-0.0008081872384706,-0.0045698726499799,-0.0099662408065459,-0.0002381397614932,0,9,0,0,0,xg_RELIANCE.NS,0.42990945757279264,5.278680346465795
2023-09-12,1210.4659423828125,1232.3787090583842,1209.0265228175713,1232.3787090583842,16255666,44.85368574830905,1223.7214843749998,1219.5310854219038,-7.41808225968748,-7.461095070903672,1173.0341180567707,1223.7214843749998,1274.408850693229,-0.0144466645702248,0.0062923864113435,0.0076435966282411,-0.0145520336815332,0.0068806277253615,0.0078842041222708,0.8725998235008313,-2.099309225487893,0.0062923864113435,0.0076435966282411,-0.0013512102168975,1213.25517578125,1205.79287109375,1223.721484375,1.0061887118977004,0.9853491063855866,-0.0086465122456456,0.2248945337807626,14443286.0,1.1254825252369076,0.0107834399153237,0.0066612164456441,0.0013587018437817,0.0053512255041991,0.0023472825596047,-0.0095754262328756,0.0011114208967042,1,9,0,0,1,xg_RELIANCE.NS,0.39702740799184727,4.874935265223751
2023-09-13,1216.52099609375,1222.278310335504,1204.2120756300535,1211.0365644667,12803338,47.68733539718474,1220.866729736328,1219.244410247794,-6.695764714738516,-7.308028999670641,1175.9032913998344,1220.866729736328,1265.8301680728218,0.0050022503722972,0.0092024530558234,0.013647369467628,0.0049897806849479,0.0069708949251457,0.0080570088404902,0.865089014313083,0.717487917704481,0.0092024530558234,0.013647369467628,-0.0044449164118045,1215.4737548828125,1207.430749511719,1220.866729736328,1.006661256038366,0.9889947199826542,-0.0044331128446056,-0.2123769029211106,14506725.2,0.8825794811360401,-0.0144466645702248,0.0107834399153237,0.0066612164456441,0.0021042951428187,-0.0008081872384706,-0.0009503179429315,-0.016810678936159,2,9,0,0,0,xg_RELIANCE.NS,0.35904835789292544,4.408606223600671
2023-09-14,1217.6376953125,1223.8417758931353,1213.5181615722684,1220.9630582690309,9209636,48.215816774736666,1218.9864868164063,1219.091389777766,-5.96445998013769,-7.0393151957640505,1177.0312491180237,1218.9864868164063,1260.941724514789,0.000917944879156,0.0087582435941362,0.0192356188582061,0.0009175238254046,0.0066596561887732,0.0075522423960415,0.8816950177930652,0.1378159828611657,0.0087582435941362,0.0192356188582061,-0.0104773752640698,1217.5881103515626,1209.7287475585938,1218.9864868164063,1.0064967975745225,0.9924053799136112,-0.0011484339473285,-0.2806847714244519,13263828.8,0.6943421947665146,0.0050022503722972,-0.0144466645702248,0.0107834399153237,0.0013587018437817,0.0053512255041991,-0.0045698726499799,-0.0046172453926974,3,9,0,0,1,xg_RELIANCE.NS,0.4012966701084565,4.927355768266628
2023-09-15,1219.8961181640625,1224.9337835939812,1215.7517434819515,1224.9337835939812,25468592,49.330680158119584,1216.7542602539063,1219.1680305764608,-5.1433702884580725,-6.6601262143028555,1180.6633272921267,1216.7542602539063,1252.845193215686,0.0018547576674545,0.0039417722373538,0.0187347955188423,0.0018530397283642,0.0066580248710974,0.0073058938706551,0.9111976975382692,0.2785329238677084,0.0039417722373538,0.0187347955188423,-0.0147930232814885,1218.546044921875,1211.97216796875,1216.7542602539063,1.0054241154432966,0.996069796144245,0.001468801024357,1.7654287313852577,13999403.8,1.8192626174550504,0.000917944879156,0.0050022503722972,-0.0144466645702248,0.0066612164456441,0.0021042951428187,0.0023472825596047,-0.0099662408065459,4,9,0,0,0,xg_RELIANCE.NS,0.5052599824322405,6.20387826352744
2023-09-18,1209.274658203125,1216.4962329024152,1207.0908701058952,1211.061482045193,7516300,44.48050049271093,1214.6808593749995,1218.225804636143,-5.28874844384427,-6.385850660211139,1182.2304418691913,1214.6808593749995,1247.1312768808082,-0.0087068561025693,-0.0154166002417931,0.0106816382497694,-0.0087449822413567,0.0074352518086206,0.0071761917114219,1.0359555808977523,-1.1708662275900474,-0.0154166002417931,0.0106816382497694,-0.0260982384915625,1214.75908203125,1213.2502197265626,1214.680859375,1.001243653024046,0.9988222094409444,6.468559951989972e-05,-0.7048796415600831,13816271.2,0.544017983665481,0.0018547576674545,0.000917944879156,0.0050022503722972,0.0107834399153237,0.0013587018437817,-0.0008081872384706,-0.0095754262328756,0,9,0,0,0,xg_RELIANCE.NS,0.5327781946757468,6.541763005490987
2023-09-20,1182.323974609375,1204.8821081322808,1168.8487603007638,1202.623798606989,57081884,35.06087346960196,1211.274816894531,1214.8065827288317,-7.492290152051737,-6.607138558579258,1180.3665489315242,1211.274816894531,1242.183084857538,-0.0222866520942366,-0.0232488720153826,-0.0171027764903876,-0.0225387522104636,0.0102705754774812,0.0085149820711787,1.2060353570072286,-2.169740381414377,-0.0232488720153826,-0.0171027764903876,-0.006146095524995,1209.1306884765625,1211.1929321289062,1211.274816894531,0.9982973450408772,0.9999323978634056,-0.0018134863743055,6.594412676449849,18656872.0,3.059563468088163,-0.0087068561025693,0.0018547576674545,0.000917944879156,-0.0144466645702248,0.0066612164456441,0.0053512255041991,-0.0009503179429315,2,9,0,0,0,xg_RELIANCE.NS,0.47900633321014974,5.881520567667279
2023-09-21,1173.712890625,1186.269974873086,1171.3304992731428,1178.750555955457,12226182,32.679578415893154,1207.3687316894532,1210.892897766562,-9.820253572881713,-7.249761561439749,1178.3553860126997,1207.3687316894532,1236.3820773662069,-0.0072831847863188,-0.0351889573679425,-0.0263103290403809,-0.0073098366625083,0.010315600195563,0.0085208815313071,1.2104838770248338,-0.705967532739246,-0.0351889573679425,-0.0263103290403809,-0.0088786283275615,1200.5690673828126,1208.0214111328123,1207.3687316894532,0.9938309506095496,1.0005405800450424,-0.005793294391629,-0.7858132713349125,19059453.2,0.641476010445009,-0.0222866520942366,-0.0087068561025693,0.0018547576674545,0.0050022503722972,0.0107834399153237,0.0021042951428187,-0.0045698726499799,3,9,0,0,0,xg_RELIANCE.NS,0.5178978597007381,6.359053529349476
2023-09-22,1168.8240966796875,1182.47307577697,1166.3673046768697,1179.2717940052096,19176786,31.37663534642232,1204.2704162597656,1206.886345282098,-11.922234076885845,-8.184256064528968,1172.669115472152,1204.2704162597656,1235.8717170473792,-0.0041652383511858,-0.0400887709215381,-0.0316816345485222,-0.0041739371198135,0.010226715994405,0.0079031432710419,1.2938424372787156,-0.4072500989922307,-0.0400887709215381,-0.0316816345485222,-0.0084071363730159,1190.80634765625,1204.1972290039062,1204.2704162597656,0.9888798271370106,0.9999392268921736,-0.0115193283931803,0.5685015976369401,19611874.6,0.9778150427292158,-0.0072831847863188,-0.0222866520942366,-0.0087068561025693,0.000917944879156,-0.0144466645702248,0.0013587018437817,0.0023472825596047,4,9,0,0,0,xg_RELIANCE.NS,0.5000407385259312,6.139793327161552
2023-09-25,1161.6273193359375,1171.6779308453931,1158.9720452955405,1166.5657437194718,14254884,29.51129421037079,1201.0964050292969,1202.575961858654,-14.00732088007294,-9.348869027637765,1165.774393452416,1201.0964050292969,1236.4184166061775,-0.0061572800938944,-0.0477653776911916,-0.0440118856935276,-0.0061763143158852,0.0096447488847313,0.0079317980428643,1.215806684175816,-0.638341321910331,-0.0477653776911916,-0.0440118856935276,-0.0037534919976639,1179.152587890625,1198.84931640625,1201.0964050292969,0.9835703050866568,0.9981291355018316,-0.0188905828688812,-0.2566593797313063,18726434.2,0.7612172102684258,-0.0041652383511858,-0.0072831847863188,-0.0222866520942366,0.0018547576674545,0.0050022503722972,0.0066612164456441,-0.0008081872384706,0,9,0,0,0,xg_RELIANCE.NS,0.4150701581856801,5.09647472932882
2023-09-26,1162.6446533203125,1166.4663425671888,1159.220049449067,1160.684188171601,10087782,30.14351503320389,1198.583746337891,1198.7729800930977,-15.400153460681622,-10.559125914246534,1159.8150504604112,1198.583746337891,1237.3524422153707,0.0008757834526107,-0.0385603093279904,-0.0533824406956742,0.0008754001780442,0.0083246991538538,0.0077726812914053,1.0708824869187363,0.1051903793815755,-0.0385603093279904,-0.0533824406956742,0.0148221313676837,1169.8265869140623,1192.2928344726563,1198.5837463378907,0.9811571059482797,0.9947513789633344,-0.024734263682117,-0.292328018944244,18408105.0,0.548007630334543,-0.0061572800938944,-0.0041652383511858,-0.0072831847863188,-0.0087068561025693,0.000917944879156,0.0107834399153237,0.0053512255041991,1,9,0,0,1,xg_RELIANCE.NS,0.4555383030229756,5.593366335334935
2023-09-27,1175.7476806640625,1177.1871000752485,1160.6594050312617,1163.1410372849095,11722778,37.87255464591066,1197.3069396972658,1196.5800944331895,-15.270647991164878,-11.501430329630203,1157.2519859090207,1197.3069396972658,1237.3618934855108,0.0112700190091012,-0.005562175923469,-0.0286817336226798,0.0112069854953382,0.0091630325684621,0.0081058305436819,1.1302854449823545,1.2298100126670128,-0.005562175923469,-0.0286817336226798,0.0231195576992108,1168.511328125,1188.8210083007812,1197.3069396972655,0.982916116022537,0.9929124845809127,-0.0244913190524021,0.1620768569344579,17954816.2,0.6529043722541336,0.0008757834526107,-0.0061572800938944,-0.0041652383511858,-0.0222866520942366,0.0018547576674545,-0.0144466645702248,0.0021042951428187,2,9,0,0,0,xg_RELIANCE.NS,0.4630211720763335,5.685245388264236
2023-09-28,1158.4755859375,1182.7459002555731,1153.9589668880435,1182.7459002555731,14518346,32.731596787503705,1195.2236083984376,1192.9510936240763,-16.372990031797144,-12.475742270063591,1151.6130672670795,1195.2236083984376,1238.8341495297957,-0.0146903072917883,-0.0129821396776056,-0.0477142690858882,-0.0147992783853263,0.0093968257026518,0.0086608730784484,1.0848491564754046,-1.563160219883959,-0.0129821396776056,-0.0477142690858882,0.0347321294082826,1165.4638671875,1183.0164672851563,1195.2236083984376,0.9851628438123632,0.9897867302590864,-0.025688708136956,0.2384731673669842,18126317.0,0.8009539941290446,0.0112700190091012,0.0008757834526107,-0.0061572800938944,-0.0072831847863188,-0.0087068561025693,0.0050022503722972,0.0013587018437817,3,9,0,0,1,xg_RELIANCE.NS,0.4536321998500813,5.5699620831607675
2023-09-29,1163.8856201171875,1175.847137006539,1158.475709840611,1162.2973995824232,12342014,35.67687457759664,1193.6850036621097,1190.182953290087,-16.618491866599243,-13.304292189370722,1147.8745708174667,1193.6850036621097,1239.4954365067526,0.0046699595963513,-0.004225166623899,-0.0441445558085463,0.0046590891648818,0.0097214475889773,0.0087473842649721,1.1112277758421387,0.4803275670671416,-0.004225166623899,-0.0441445558085463,0.0399193891846473,1164.476171875,1177.641259765625,1193.6850036621097,0.988820799389073,0.9865594827385248,-0.0250959641413633,-0.1499021996031779,18439554.8,0.6693227756235921,-0.0146903072917883,0.0112700190091012,0.0008757834526107,-0.0041652383511858,-0.0222866520942366,0.000917944879156,0.0066612164456441,4,9,0,0,0,xg_RELIANCE.NS,0.49321778791315535,6.0560171397105735
2023-10-03,1150.55908203125,1159.220075299941,1149.492028660551,1156.415758225436,8859056,31.96424504955602,1191.3398620605471,1186.4092512654358,-17.684537745546095,-14.180341300605797,1141.7013453317315,1191.3398620605471,1240.9783787893628,-0.0114500410139921,-0.0095282171144311,-0.0568384759164283,-0.0115160974502899,0.0096712120098259,0.0089880638310129,1.0758864539886257,-1.1838079027176145,-0.0095282171144311,-0.0568384759164283,0.0473102588019971,1162.2625244140625,1170.7075561523438,1191.339862060547,0.992786386579722,0.9826814273867096,-0.0252723550668514,-0.2822033745870002,16778601.2,0.52799729216995,0.0046699595963513,-0.0146903072917883,0.0112700190091012,-0.0061572800938944,-0.0072831847863188,0.0018547576674545,0.0107834399153237,1,10,0,0,0,xg_RELIANCE.NS,0.5151859400028475,6.325754989486521
2023-10-04,1148.5738525390625,1150.981084388904,1139.1189302205564,1146.0178196869251,10286386,31.439380964730137,1188.94384765625,1182.8058799581622,-18.476591567510468,-15.039591353986731,1135.8471862253027,1188.94384765625,1242.0405090871973,-0.0017254476742581,-0.0121024087119535,-0.0501960454163974,-0.0017269379736326,0.0096894148064975,0.0089842314278969,1.0783712010371058,-0.1780571532501637,-0.0121024087119535,-0.0501960454163974,0.0380936367044438,1159.4483642578125,1164.6374755859374,1188.94384765625,0.9955444407063114,0.9795563330276468,-0.0256800930416743,0.1611153603724822,17055609.8,0.6031086616439476,-0.0114500410139921,0.0046699595963513,-0.0146903072917883,0.0008757834526107,-0.0041652383511858,-0.0087068561025693,-0.0144466645702248,2,10,0,0,0,xg_RELIANCE.NS,0.4607751939053097,5.6576679516176664
2023-10-05,1148.549072265625,1156.14276991832,1146.017758932428,1151.105104982258,10953682,31.43244286403412,1186.2264587402342,1179.5433268445872,-18.888563882115477,-15.80938585961248,1130.6323830439865,1186.2264587402342,1241.820534436482,-2.1574819401237733e-05,-0.0231330317258849,-0.0285665376572514,-2.1575052141287188e-05,0.0076415699198658,0.0088317871467834,0.8651368806785502,-0.002822979655725,-0.0231330317258849,-0.0285665376572514,0.0054335059313664,1154.008642578125,1161.2599853515626,1186.2264587402344,0.9937556250409832,0.978953029411276,-0.0280508834494607,0.0648717635134439,12442789.6,0.8803236534674764,-0.0017254476742581,-0.0114500410139921,0.0046699595963513,0.0112700190091012,-0.0061572800938944,-0.0222866520942366,0.0050022503722972,3,10,0,0,1,xg_RELIANCE.NS,0.5297525691595715,6.504612601686958
2023-10-06,1150.4847412109375,1153.8597853939605,1147.5316229908371,1150.0132553057874,5431026,32.682145116418035,1183.4792907714843,1176.7758424985254,-18.84166758729839,-16.415842205149662,1126.468378362915,1183.4792907714843,1240.4902031800536,0.0016853167113655,-0.0068977238912599,-0.0197903163538517,0.0016838981587401,0.00759190307361,0.0088213516500033,0.8605305450057857,0.2219594659680321,-0.0068977238912599,-0.0197903163538517,0.0128925924625917,1152.4104736328125,1158.9371704101563,1183.4792907714843,0.9943683773857784,0.9792627377997214,-0.0270049797496406,-0.5041826118377364,11763274.0,0.4616934027040038,-2.1574819401237733e-05,-0.0017254476742581,-0.0114500410139921,-0.0146903072917883,0.0008757834526107,-0.0072831847863188,0.000917944879156,4,10,0,0,0,xg_RELIANCE.NS,0.5208701307180025,6.395548815337798
2023-10-09,1140.6822509765625,1147.4818990309532,1139.0691900320726,1145.5711149238573,7576878,29.7273084223187,1180.1601074218747,1173.338357591672,-19.372170650371345,-17.007107894194,1121.2336095749856,1180.1601074218747,1239.0866052687638,-0.0085203131195442,-0.0199361249418037,-0.0240770581159888,-0.0085568184934183,0.0078522192148179,0.0088825063971148,0.8839098959131906,-1.0849452799518913,-0.0199361249418037,-0.0240770581159888,0.004140933174185,1147.7697998046874,1156.1229858398438,1180.160107421875,0.9927748292028912,0.9796323215546222,-0.0283955567726748,0.3951098742668513,10603283.2,0.7145784807482352,0.0016853167113655,-2.1574819401237733e-05,-0.0017254476742581,0.0046699595963513,0.0112700190091012,-0.0041652383511858,0.0018547576674545,0,10,0,0,1,xg_RELIANCE.NS,0.5540087396867729,6.802444083146705
2023-10-10,1145.719970703125,1150.435072150941,1143.4121010954177,1144.8018394410435,10236032,33.07608765836018,1176.690783691406,1170.708035030858,-19.16517209595486,-17.438720734546173,1118.2591231176582,1176.690783691406,1235.122444265154,0.0044164093219207,-0.0042058781714902,-0.0136940207655466,0.0044066856050362,0.0080015082708497,0.0087703130593867,0.9122360833178584,0.5518781327609721,-0.0042058781714902,-0.0136940207655466,0.0094881425940563,1146.8019775390626,1154.5322509765624,1176.6907836914063,0.9933044110019784,0.9811687717606404,-0.0260873572222024,0.3509564229488715,10201398.0,1.0033950248778645,-0.0085203131195442,0.0016853167113655,-2.1574819401237733e-05,-0.0114500410139921,-0.0146903072917883,-0.0061572800938944,-0.0087068561025693,1,10,0,0,1,xg_RELIANCE.NS,0.5051034267210864,6.20195598072803
2023-10-11,1163.910400390625,1166.2182699823193,1148.0031129607796,1148.722762099973,9814118,43.538787571603166,1173.4758300781248,1170.0606412555976,-17.333498813623464,-17.41767635036163,1120.1246116781383,1173.4758300781248,1226.8270484781112,0.0158768548621324,0.013352687611388,0.0010886792165583,0.0157521359659096,0.0096924655674053,0.0092493944889267,1.0477894298462394,1.6378925320082665,0.013352687611388,0.0010886792165583,0.0122640083948297,1149.869287109375,1154.6588256835937,1173.475830078125,0.9958519880784844,0.9839647277666737,-0.0202820964232533,-0.0412185112356038,10174031.6,0.9646242891558382,0.0044164093219207,-0.0085203131195442,0.0016853167113655,-0.0017254476742581,0.0046699595963513,0.0008757834526107,-0.0222866520942366,2,10,0,0,1,xg_RELIANCE.NS,0.5102442687694545,6.2650782531204925
2023-10-12,1166.0693359375,1171.0078811502246,1160.485663265934,1163.3148210249558,12554450,44.6449055373618,1171.2559997558592,1169.6805169395884,-15.528671624996376,-17.03987540528858,1120.7674200954975,1171.2559997558592,1221.7445794162209,0.0018548984063984,0.0152542578240166,-0.0082316511320661,0.0018531802067451,0.0089187871882154,0.008864867882839,1.0059688804385192,0.2079532131494182,0.0152542578240166,-0.0082316511320661,0.0234859089560828,1153.37333984375,1153.6909912109377,1171.2559997558594,0.9997246651229772,0.985003271233118,-0.0153358461293659,0.2792234615479454,10257198.8,1.2239647729162444,0.0158768548621324,0.0044164093219207,-0.0085203131195442,-2.1574819401237733e-05,-0.0114500410139921,0.0112700190091012,-0.0072831847863188,3,10,0,0,0,xg_RELIANCE.NS,0.4996575913048475,6.135088820968186
2023-10-13,1166.0198974609375,1170.0897506197043,1156.0188455521982,1161.4040366702477,10150316,44.623346792541206,1168.7309448242188,1169.3318865130502,-13.94161212064114,-16.42022274835909,1122.9415228391751,1168.7309448242188,1214.5203668092624,-4.239754450174882e-05,0.0135031397579845,0.006512274937009,-4.239844330289344e-05,0.0074669610131215,0.0087310213711451,0.8551239965806756,-0.0056772584146133,0.0135031397579845,0.006512274937009,0.0069908648209755,1156.48037109375,1154.4454223632813,1168.7309448242188,1.0017627067430377,0.9877768937973264,-0.0105063161933557,-0.1914965609803695,9820395.8,1.033595407631021,0.0018548984063984,0.0158768548621324,0.0044164093219207,0.0016853167113655,-0.0017254476742581,-0.0146903072917883,-0.0041652383511858,4,10,0,0,0,xg_RELIANCE.NS,0.5094778310372959,6.25566748133525
2023-10-16,1163.4140625,1168.6254903286665,1159.418610263332,1163.885548402189,5929036,43.432828195406955,1166.0197631835938,1168.768284226093,-12.747183535814884,-15.685614905850253,1126.4202498592367,1166.0197631835938,1205.6192765079509,-0.0022348117443037,0.0199282591659302,-0.0004051580404782,-0.0022373126628192,0.0073751122605723,0.0087024334965524,0.8473796305209673,-0.3029796273911793,0.0199282591659302,-0.0004051580404782,0.0203334172064084,1161.0267333984375,1154.3982666015625,1166.0197631835938,1.005741923726539,0.99003319073229,-0.0042917048590826,-0.4158767076808249,9179098.0,0.6459279550125028,-4.239754450174882e-05,0.0018548984063984,0.0158768548621324,-0.0085203131195442,-2.1574819401237733e-05,0.0046699595963513,-0.0061572800938944,0,10,0,0,1,xg_RELIANCE.NS,0.4480850208814191,5.501850567853507
2023-10-17,1168.972900390625,1171.18152891328,1162.0491704758838,1169.3451452373686,7928180,46.69965315769293,1163.473602294922,1168.787771479858,-11.222670556020148,-14.793026035884232,1132.9519012948303,1163.473602294922,1193.995303295014,0.0047780391090339,0.0202954738348759,0.0160042353730034,0.0047666605107004,0.0062844126214564,0.0087988257728767,0.7141519370561421,0.7601790680731451,0.0202954738348759,0.0160042353730034,0.0042912384618725,1165.6773193359377,1156.2396484375,1163.473602294922,1.0081623830416049,0.993782451236407,0.0018851737626074,0.337178590246374,9086010.4,0.872569989574206,-0.0022348117443037,-4.239754450174882e-05,0.0018548984063984,0.0044164093219207,0.0016853167113655,-0.0114500410139921,0.0008757834526107,1,10,0,0,0,xg_RELIANCE.NS,0.4995200177021917,6.133399611624824
2023-10-18,1153.4627685546875,1174.8048077319042,1151.9737890772074,1168.9729714451066,8918320,39.79413011447274,1160.6830078125,1167.3282473917466,-11.137633347298106,-14.061947498167008,1138.8139750551632,1160.6830078125,1182.5520405698371,-0.01326817057158,-0.0089763196827101,0.0042565099360545,-0.0133569791732917,0.0078335435292665,0.0090352231164562,0.8669046158234608,-1.693547367758653,-0.0089763196827101,0.0042565099360545,-0.0132328296187647,1163.58779296875,1156.7285400390624,1160.6830078125,1.005929872647091,0.996592982108965,0.0025183172230949,0.1248886881983002,8949203.8,0.9965489890842584,0.0047780391090339,-0.0022348117443037,-4.239754450174882e-05,0.0158768548621324,-0.0085203131195442,-0.0017254476742581,0.0112700190091012,2,10,0,0,0,xg_RELIANCE.NS,0.49094324922571664,6.028089020300393
2023-10-19,1144.603271484375,1152.37085365543,1142.0472385636656,1147.5068298823098,12032556,36.47617520477476,1158.79697265625,1165.163963971997,-11.65082466405306,-13.57972293134422,1138.3246898558218,1158.79697265625,1179.2692554566784,-0.0076807828668918,-0.0184089091373512,-0.0034354655595746,-0.0077104319962062,0.0082484859657649,0.0078489040397296,1.0507753883382516,-0.93106199571305,-0.0184089091373512,-0.0034354655595746,-0.0149734435777766,1159.294580078125,1156.3339599609376,1158.79697265625,1.0025603504002316,0.9978745088626988,0.0004347422677112,0.3491953641493017,9057091.2,1.3285232238799445,-0.01326817057158,0.0047780391090339,-0.0022348117443037,0.0018548984063984,0.0044164093219207,-2.1574819401237733e-05,-0.0146903072917883,3,10,0,0,0,xg_RELIANCE.NS,0.44624570032325833,5.479266311773098
2023-10-20,1141.104248046875,1148.846868358942,1139.7145096810816,1141.5508934053469,8913312,35.226927123419166,1157.1665405273438,1162.8725624553188,-12.199249079156743,-13.303628160906726,1136.502944563469,1157.1665405273438,1177.8301364912184,-0.0030569748703953,-0.0213681168463055,-0.0081535137564615,-0.0030616569625347,0.008257119353027,0.0077437662634943,1.0661547517512304,-0.3701780925792503,-0.0213681168463055,-0.0081535137564615,-0.013214603089844,1154.3114501953123,1155.395910644531,1157.1665405273438,0.9990613949389748,0.998469857344816,-0.0025020416293411,-0.2592336989746817,9405319.8,0.9476883497357582,-0.0076807828668918,-0.01326817057158,0.0047780391090339,-4.239754450174882e-05,0.0158768548621324,0.0016853167113655,0.0046699595963513,4,10,0,0,0,xg_RELIANCE.NS,0.5540159294383363,6.802532363131259
2023-10-23,1123.2861328125,1144.6530132953733,1119.340361294045,1136.5877075106362,7853962,29.656819709384585,1154.8896423339847,1159.10242629886,-13.911291655793091,-13.425160859884,1130.025916716247,1154.8896423339847,1179.7533679517226,-0.015614800545062,-0.0344915288382119,-0.0152506257979987,-0.0157379956707695,0.009241430002947,0.0083593179473807,1.1053921706222154,-1.689469169913446,-0.0344915288382119,-0.0152506257979987,-0.0192409030402131,1146.2858642578126,1153.656298828125,1154.8896423339845,0.9936112388258104,0.998932068086292,-0.0076594714604278,-0.1188503218556693,9433028.2,0.8326024086304722,-0.0030569748703953,-0.0076807828668918,-0.01326817057158,-0.0022348117443037,0.0018548984063984,-0.0085203131195442,-0.0114500410139921,0,10,0,0,0,xg_RELIANCE.NS,0.4619765750354098,5.672419213420277
2023-10-25,1120.6802978515625,1132.219887961399,1113.2602415640138,1116.7593673158804,11620688,28.93620971841546,1152.842291259766,1155.4431759705458,-15.301975191001477,-13.800523726107496,1123.9048884912693,1152.842291259766,1181.7796940282626,-0.0023198318619076,-0.0413119949341211,-0.0218549676114974,-0.0023225268405795,0.0090049669319519,0.0083015492319884,1.084602653996587,-0.2575883166611673,-0.0413119949341211,-0.0218549676114974,-0.0194570273226237,1136.62734375,1151.1523315429688,1152.8422912597655,0.9873822191946569,0.9985340928853762,-0.0144688432025183,0.4795956486675132,9571493.8,1.2140934573868485,-0.015614800545062,-0.0030569748703953,-0.0076807828668918,0.0047780391090339,-4.239754450174882e-05,0.0044164093219207,-0.0017254476742581,2,10,0,0,0,xg_RELIANCE.NS,0.5136599330303938,6.30701778128566
2023-10-26,1105.0709228515625,1120.7052071856403,1101.9937228681183,1117.230921778067,15222534,25.01516055270024,1149.9636047363283,1150.6458185306426,-17.46235288734988,-14.532889558355974,1114.429177572605,1149.9636047363283,1185.4980319000515,-0.0139284816819965,-0.0419535393966473,-0.050553270697912,-0.0140263932188711,0.0070984694926133,0.0087044080066086,0.8154091671779905,-1.9619045756148992,-0.0419535393966473,-0.050553270697912,0.0085997313012646,1126.948974609375,1145.2683837890625,1149.963604736328,0.9840042653416498,0.9959170699594948,-0.0208263828601745,0.3099511836132249,10112335.4,1.5053430684269524,-0.0023198318619076,-0.015614800545062,-0.0030569748703953,-0.01326817057158,-0.0022348117443037,0.0158768548621324,-2.1574819401237733e-05,3,10,0,0,1,xg_RELIANCE.NS,0.540637415648603,6.638263127917169
2023-10-27,1124.5765380859375,1128.3982276638756,1109.761144511754,1111.7712909465938,11771084,36.580137308237155,1147.405047607422,1148.1630299168612,-17.399951828614576,-15.106302012407696,1112.3214962633492,1147.405047607422,1182.4885989514946,0.0176510075788096,-0.0174966592332607,-0.0355834739605797,0.0174970377197434,0.0099966779097677,0.0093301521519711,1.0713229992349913,1.7655107254020053,-0.0174966592332607,-0.0355834739605797,0.0180868147273189,1122.9436279296874,1141.1191040039062,1147.405047607422,0.98407223574608,0.9945216001824088,-0.0217516717175769,-0.2267329473529177,10033998.8,1.1731199330020674,-0.0139284816819965,-0.0023198318619076,-0.015614800545062,-0.0076807828668918,0.0047780391090339,0.0018548984063984,0.0016853167113655,4,10,0,0,1,xg_RELIANCE.NS,0.5837790168580368,7.1679809985242455
2023-10-30,1147.7548828125,1153.958963260135,1126.636168734061,1128.6463150337838,16813304,47.03398253048298,1146.8690124511722,1148.124158764065,-15.303787296391192,-15.145799069204395,1112.1721814937698,1146.8690124511722,1181.565843408575,0.0206107311877701,0.0058282446822963,-0.0156644107773893,0.0204012041797287,0.0126010660904531,0.0101428228159722,1.2422403583993824,1.6355041339914893,0.0058282446822963,-0.0156644107773893,0.0214926554596857,1124.2737548828125,1139.2926025390625,1146.8690124511718,0.9868173921056114,0.9933938315275288,-0.0196864835050765,0.4283564708229082,10700297.6,1.5712931199220506,0.0176510075788096,-0.0139284816819965,-0.0023198318619076,-0.0030569748703953,-0.01326817057158,-4.239754450174882e-05,-0.0085203131195442,0,10,0,0,0,xg_RELIANCE.NS,0.542059086007498,6.655719230011366
2023-10-31,1135.5452880859375,1155.448028104718,1133.0636557231696,1155.448028104718,12808438,43.01196832742957,1145.4519958496094,1146.9261710804335,-14.461075777293672,-15.008854410822252,1111.3719478237297,1145.4519958496094,1179.532043875489,-0.0106378068256557,0.0109136531782358,-0.0239543042433033,-0.0106947927901144,0.0129308960146831,0.0103149395308985,1.2534869922368388,-0.8226022551973289,0.0109136531782358,-0.0239543042433033,0.0348679574215392,1126.7255859375,1136.5057250976563,1145.4519958496094,0.9913945535476156,0.9921897462448284,-0.0164911167424017,-0.2381962522059911,11388237.8,1.124707634749151,0.0206107311877701,0.0176510075788096,-0.0139284816819965,-0.015614800545062,-0.0076807828668918,-0.0022348117443037,0.0044164093219207,1,10,0,1,1,xg_RELIANCE.NS,0.5282307750674433,6.485927121700455
2023-11-01,1140.2603759765625,1150.236586425296,1129.2419526519689,1136.1656826268284,10309190,44.96906363711472,1144.937060546875,1146.2913334514935,-13.25990075792447,-14.659063680242696,1110.8707061957462,1144.937060546875,1179.003414898004,0.0041522675846532,0.01747160020796,-0.0245621813854435,0.0041436707110689,0.0128940475071421,0.0100848851743239,1.2784249755259098,0.3220048303314463,0.01747160020796,-0.0245621813854435,0.0420337815934035,1130.6416015625,1133.63447265625,1144.937060546875,0.997359932883183,0.9901282015578862,-0.0125370128486065,-0.1951251198623906,11626338.8,0.8867099245378186,-0.0106378068256557,0.0206107311877701,0.0176510075788096,-0.0023198318619076,-0.0030569748703953,0.0047780391090339,0.0158768548621324,2,11,1,0,1,xg_RELIANCE.NS,0.4981793681980282,6.1169383310819825
2023-11-02,1151.57666015625,1153.6116471680004,1145.4966608528323,1148.4746196953226,10562104,49.45549476139561,1145.0872009277346,1146.7946978995656,-11.264975714080038,-13.980246087010164,1110.9270192645656,1145.0872009277346,1179.2473825909035,0.0099242983603597,0.0420839389970397,-0.001635170592286,0.0098753759256622,0.0128093756380079,0.0103376468454434,1.23897990031969,0.7747078337745779,0.0420839389970397,-0.001635170592286,0.0437191095893257,1139.9427490234375,1133.4458618164062,1145.0872009277343,1.0057319784084082,0.9898336658536604,-0.0044673117147049,0.0245328682466807,11790717.2,0.8957982640783806,0.0041522675846532,-0.0106378068256557,0.0206107311877701,-0.0139284816819965,-0.015614800545062,-0.01326817057158,0.0018548984063984,3,11,0,0,0,xg_RELIANCE.NS,0.46847625655196584,5.7522261133974
2023-11-03,1151.3284912109375,1158.897469898072,1149.3680258840427,1155.0509397455935,8850156,49.36045583158805,1145.226171875,1147.2264877387438,-9.593421413667327,-13.1028811523416,1110.9841741275625,1145.226171875,1179.4681696224377,-0.0002155036255065,0.0237884681202158,0.0058755901665743,-0.0002155268497494,0.0125323768413685,0.0103379379931379,1.2121532066142966,-0.0171943785169923,0.0237884681202158,0.0058755901665743,0.0179128779536414,1145.2931396484375,1134.1183837890626,1145.226171875,1.0098532534337732,0.9903007909190972,5.816565293804165e-05,-0.1620839938709181,11472477.2,0.7714250240566378,0.0099242983603597,0.0041522675846532,-0.0106378068256557,0.0176510075788096,-0.0023198318619076,-0.0076807828668918,-4.239754450174882e-05,4,11,0,0,1,xg_RELIANCE.NS,0.5039223055376919,6.1874534824280865
2023-11-06,1160.9075927734375,1161.4039192346488,1154.256866662586,1157.5822297180116,10647304,53.10641027985832,1145.747314453125,1148.5294501230003,-7.410327504783709,-11.964370422830022,1110.8572131138983,1145.747314453125,1180.6374157923517,0.0083200421388207,0.0114595112230824,0.0173545447407263,0.0082856213778903,0.0126734226282253,0.0104943404058344,1.2075284972348403,0.6564434832946475,0.0114595112230824,0.0173545447407263,-0.0058950335176439,1147.923681640625,1136.098718261719,1145.747314453125,1.010408394260843,0.9915787747702366,0.0018747118212059,0.203063991188404,11645876.4,0.9142552809506964,-0.0002155036255065,0.0099242983603597,0.0041522675846532,0.0206107311877701,-0.0139284816819965,-0.0030569748703953,-0.0022348117443037,0,11,0,0,0,xg_RELIANCE.NS,0.5199365012251246,6.384085165101396
2023-11-07,1153.3634033203125,1160.9572220726066,1151.2540159543112,1158.4507493206686,6960204,49.97121154826503,1146.3813720703126,1148.9898266179823,-6.217293800297739,-10.814955098323566,1111.4180065066253,1146.3813720703126,1181.344737634,-0.0064985271007675,0.0156912413985785,0.0267761433433746,-0.00651973445565,0.0115610759318085,0.0104122607556553,1.110226297322845,-0.5620553903204716,0.0156912413985785,0.0267761433433746,-0.011084901944796,1151.4873046875,1139.1064453125,1146.3813720703124,1.0108689222380824,0.9936540082253132,0.004426993783996,-0.3462942356111932,11556500.6,0.6022760903936091,0.0083200421388207,-0.0002155036255065,0.0099242983603597,-0.0106378068256557,0.0176510075788096,-0.015614800545062,0.0047780391090339,1,11,0,0,1,xg_RELIANCE.NS,0.5363575300229626,6.585712183202573
2023-11-08,1159.368896484375,1161.900209827792,1152.3459257444151,1157.4332718147846,7884494,52.38121261374265,1147.063818359375,1149.9783094624006,-4.732657753207604,-9.598495629300372,1111.6252158423656,1147.063818359375,1182.502420876385,0.0052069392411566,0.01675803256028,0.0345224224134053,0.0051934300072415,0.0114419282038467,0.0104289807095062,1.0970229497565718,0.4550355598146879,0.01675803256028,0.0345224224134053,-0.0177643898531252,1155.3090087890623,1142.9753051757812,1147.063818359375,1.0107908749711654,0.996435670694032,0.0071117919884601,0.1327963950481911,11182881.2,0.7050503228094112,-0.0064985271007675,0.0083200421388207,-0.0002155036255065,0.0041522675846532,0.0206107311877701,-0.0023198318619076,-0.01326817057158,2,11,0,0,0,xg_RELIANCE.NS,0.5229229815798256,6.420754921664725
2023-11-09,1146.787109375,1159.3689122452763,1143.6353879313751,1159.344192861405,14513610,47.246189793599335,1146.2076538085937,1149.674385644553,-4.5192232663127925,-8.582641156702858,1111.6667307365728,1146.2076538085937,1180.7485768806146,-0.0108522724281525,-0.0041591245697877,0.0377497820825758,-0.0109115878651229,0.0109534585037043,0.0100809961569917,1.0864374805487502,-0.9906717364881876,-0.0041591245697877,0.0377497820825758,-0.0419089066523635,1154.3510986328124,1147.146923828125,1146.2076538085937,1.006280080306232,1.000819458861935,0.0071010955369535,0.8407788756006409,11111988.8,1.3061217268324363,0.0052069392411566,-0.0064985271007675,0.0083200421388207,0.0099242983603597,-0.0106378068256557,-0.0139284816819965,-0.0076807828668918,3,11,0,0,1,xg_RELIANCE.NS,0.533894582653126,6.555470671538841
2023-11-10,1148.946044921875,1149.6658152095554,1140.5830169850344,1144.3054653415224,7734954,48.18484407907765,1145.3514892578128,1149.6050198614407,-4.128278615959971,-7.69176864855428,1112.057076874355,1145.3514892578128,1178.6459016412705,0.0018825948855072,-0.0020693019474891,0.0216699406493177,0.0018808250246946,0.009807579174001,0.0100813664211276,0.9727457587188272,0.1919334953728381,-0.0020693019474891,0.0216699406493177,-0.0237392425968068,1153.874609375,1149.5838745117187,1145.3514892578123,1.0037324243653851,1.0036952719698726,0.0074182074561796,-0.4670551296334957,10708375.8,0.7223274700537944,-0.0108522724281525,0.0052069392411566,-0.0064985271007675,-0.0002155036255065,0.0041522675846532,0.0176510075788096,-0.0030569748703953,4,11,0,0,0,xg_RELIANCE.NS,0.5354349161313511,6.574383788976211
2023-11-13,1148.7972412109375,1153.7605056745233,1147.3578218124285,1152.9166537769547,3854810,48.12128935196946,1144.4903564453127,1149.528088561393,-3.7868074210748546,-6.910776403058396,1112.5848409337937,1144.4903564453127,1176.3958719568318,-0.0001295132278797,-0.0104317963271891,0.0009081716088048,-0.0001295216154417,0.0073689174229303,0.010081090149706,0.7308918402346639,-0.0175732264620543,-0.0104317963271891,0.0009081716088048,-0.011339967935994,1151.4525390625,1149.6881103515625,1144.4903564453125,1.0015347020596723,1.0045415445197754,0.006060410286021,-0.5016376309413088,9412526.4,0.4095404183938958,0.0018825948855072,-0.0108522724281525,0.0052069392411566,0.0083200421388207,0.0099242983603597,0.0206107311877701,-0.015614800545062,0,11,0,0,1,xg_RELIANCE.NS,0.4885861188547666,5.99914679178223
2023-11-15,1169.5684814453125,1172.2982770196893,1154.9516911953865,1161.4039352802763,12220648,56.70555134240459,1144.7980773925783,1151.4366974074806,-1.8191534756613237,-5.892451817578982,1112.017367470242,1144.7980773925783,1177.5787873149145,0.0180808583875777,0.0140502794508206,0.0299619871759797,0.0179193436455316,0.0082554161830969,0.010907477368197,0.7567890462114472,2.1899160588093856,0.0140502794508206,0.0299619871759797,-0.0159117077251591,1154.6935546875,1153.0904296875,1144.798077392578,1.0013902855827486,1.0072435064826533,0.0084607934053535,2.170233552367043,9353747.4,1.3064975434336288,-0.0001295132278797,0.0018825948855072,-0.0108522724281525,-0.0064985271007675,-0.0002155036255065,-0.0106378068256557,-0.0023198318619076,2,11,0,0,1,xg_RELIANCE.NS,0.4897457119349923,6.013384955411017
2023-11-16,1171.6778564453125,1178.353423134986,1164.8533675821152,1166.9131951067154,13134910,57.475094874555126,1144.9333251953126,1153.364426839655,-0.0885439346602652,-4.731670240995238,1111.713275463474,1144.9333251953126,1178.1533749271512,0.0018035497993185,0.0106169485814762,0.0275529003117755,0.0018019253562622,0.0082519942491572,0.0108636861040075,0.7595244050459408,0.2185327827536877,0.0106169485814762,0.0275529003117755,-0.0169359517302993,1157.1553466796877,1156.232177734375,1144.9333251953126,1.0007984286919962,1.009868568143158,0.0104312131676317,0.0748128904457439,9636319.4,1.363062955343576,0.0180808583875777,-0.0001295132278797,0.0018825948855072,0.0052069392411566,0.0083200421388207,0.0041522675846532,-0.0139284816819965,3,11,0,0,0,xg_RELIANCE.NS,0.46649399614045656,5.72788675800176
2023-11-17,1169.121826171875,1177.9067803474445,1167.384683548377,1167.8064883385834,7758634,56.17217091708815,1145.716278076172,1154.8651315379616,1.064455928182042,-3.572445007159782,1110.9477579342474,1145.716278076172,1180.4847982180963,-0.0021815128274184,0.0194759049995316,0.0152357777147413,-0.0021838957928039,0.0079659502608025,0.0104154250038521,0.7647489669302672,-0.2738203146756764,0.0194759049995316,0.0152357777147413,0.0042401272847902,1161.6222900390626,1157.9866943359375,1145.716278076172,1.0031395833137875,1.0107098210041752,0.0136050936752867,-0.4093119785365868,9355972.4,0.8292707233722889,0.0018035497993185,0.0180808583875777,-0.0001295132278797,-0.0108522724281525,-0.0064985271007675,0.0099242983603597,0.0176510075788096,4,11,0,0,0,xg_RELIANCE.NS,0.4906850531100184,6.024918737029202
2023-11-20,1166.044677734375,1170.5363354915237,1159.617152805321,1165.647592311094,4490186,54.5683806428133,1146.788348388672,1155.9298502233344,1.710202316555069,-2.515915542416812,1110.8613586222214,1146.788348388672,1182.7153381551225,-0.0026320169281037,0.0148820154680655,0.0127819181369857,-0.0026354867744586,0.0080612605862604,0.0102609893268094,0.785545602274249,-0.3264614061953321,0.0148820154680655,0.0127819181369857,0.0021000973310798,1165.0420166015624,1159.4583129882812,1146.788348388672,1.004815786432968,1.0110482153201257,0.0156543471802104,-0.4212659084060416,8919975.4,0.5033854689778064,-0.0021815128274184,0.0018035497993185,0.0180808583875777,0.0018825948855072,0.0052069392411566,-0.0002155036255065,0.0206107311877701,0,11,0,0,1,xg_RELIANCE.NS,0.44586599549863215,5.474604073341478
2023-11-21,1180.7109375,1185.227556641674,1171.4296571663483,1174.3083747965666,8214450,60.37532529329483,1148.768682861328,1158.289953773493,3.3665975330047786,-1.339412927332494,1109.9138805900318,1148.768682861328,1187.6234851326242,0.0125777854362505,0.0277800948193629,0.0170585022010683,0.0124993421698818,0.0085696479520851,0.0105294423293187,0.8137975294946226,1.4675419532534266,0.0277800948193629,0.0170585022010683,0.0107215926182946,1171.424755859375,1161.4386474609375,1148.7686828613282,1.0085980507194834,1.0110291695696747,0.0191885009941705,0.8294231018492331,8676690.0,0.9467262285501792,-0.0026320169281037,-0.0021815128274184,0.0018035497993185,-0.0001295132278797,-0.0108522724281525,0.0083200421388207,-0.0106378068256557,1,11,0,0,1,xg_RELIANCE.NS,0.43624910720703725,5.356522281176198
2023-11-22,1185.326904296875,1188.4289448727577,1177.385680422616,1178.7754188353035,8534814,62.020698530514295,1151.8707214355468,1160.8649014423866,4.9942025606519564,-0.0726898297356038,1111.6980815866386,1151.8707214355468,1192.043361284455,0.0039094808477413,0.013473706842791,0.0277132956399914,0.0039018586868273,0.0080777215979966,0.0097067286240837,0.832091821969227,0.4839232049673325,0.013473706842791,0.0277132956399914,-0.0142395887972004,1174.5764404296874,1164.6349975585938,1151.8707214355468,1.008536101776036,1.0110813443605366,0.0191556598536919,0.039000054781513,8834151.0,0.9661159289669188,0.0125777854362505,-0.0026320169281037,-0.0021815128274184,0.0180808583875777,0.0018825948855072,-0.0064985271007675,0.0041522675846532,2,11,0,0,1,xg_RELIANCE.NS,0.4672932031950159,5.737699890737843
2023-11-23,1188.9500732421875,1191.1835423841578,1185.3268657327444,1185.3268657327444,8531542,63.30857408918792,1155.284210205078,1163.5396797090343,6.501505417714952,1.2421492197545074,1114.6711648300782,1155.284210205078,1195.8972555800776,0.0030566832931728,0.0147414382732093,0.0255148959468494,0.0030520211348736,0.0080340439702144,0.0096335075560676,0.8338821598779856,0.3804189876874201,0.0147414382732093,0.0255148959468494,-0.01077345767364,1178.0308837890625,1167.593115234375,1155.284210205078,1.0089395598676447,1.010654438899595,0.019131731513297,-0.0003833709791449,8898855.8,0.9587234799331212,0.0039094808477413,0.0125777854362505,-0.0026320169281037,0.0018035497993185,-0.0001295132278797,0.0052069392411566,0.0099242983603597,3,11,0,0,0,xg_RELIANCE.NS,0.4419882986711268,5.426991438466054
2023-11-24,1188.1558837890625,1192.474021001291,1186.7414260587238,1187.0144298509326,6749486,62.80582985307002,1159.438458251953,1165.8840800976084,7.544995330347319,2.50271844187307,1123.7534044141964,1159.438458251953,1195.1235120897095,-0.0006679754440481,0.0162806451740891,0.0360736304723625,-0.0006681986390431,0.0066770201354005,0.0088294959718331,0.7561319496320905,-0.1000259703481881,0.0162806451740891,0.0360736304723625,-0.0197929852982734,1181.8376953125,1171.7299926757812,1159.438458251953,1.0086263069989672,1.010601282315889,0.0188521029657448,-0.2088785356738559,8122443.4,0.8309674401669784,0.0030566832931728,0.0039094808477413,0.0125777854362505,-0.0021815128274184,0.0180808583875777,-0.0108522724281525,-0.0002155036255065,4,11,0,0,0,xg_RELIANCE.NS,0.43276507507745765,5.3137432922404795
2023-11-28,1188.404052734375,1191.034607263244,1178.899449291774,1188.155889499075,13792174,62.90496060671437,1162.6298339843752,1168.028839396348,8.296358507330979,3.661446454964652,1128.6989004966165,1162.6298339843752,1196.560767472134,0.0002088690118009,0.0191754016179244,0.0343427857094742,0.0002088472017058,0.0067446529327349,0.0082157473832106,0.8208421919501055,0.0309634981051814,0.0191754016179244,0.0343427857094742,-0.0151673840915498,1186.3095703125,1175.6757934570312,1162.629833984375,1.0090448207870306,1.011221077501467,0.0199256610356055,1.0434406412577193,8728165.4,1.5801916402728138,-0.0006679754440481,0.0030566832931728,0.0039094808477413,-0.0026320169281037,0.0018035497993185,0.0018825948855072,0.0083200421388207,1,11,0,0,1,xg_RELIANCE.NS,0.4223751469100013,5.186169663299188
2023-11-29,1191.5308837890625,1197.1145563492605,1190.2156671664848,1195.1540911072586,12531306,64.19964102892668,1164.8186340332034,1170.2671293385113,9.039921781326484,4.737141520237018,1129.3165102441344,1164.8186340332034,1200.3207578222723,0.0026311177982716,0.0091639248400394,0.0371985943603763,0.0026276624674324,0.0066396973339619,0.0070672296421104,0.9393720450740046,0.3962110703066557,0.0091639248400394,0.0371985943603763,-0.0280346695203368,1188.4735595703123,1179.9491577148438,1164.8186340332031,1.0072243806436352,1.0129895961822408,0.0198525492363965,-0.0914190902753981,9595815.0,1.3059136717411386,0.0002088690118009,-0.0006679754440481,0.0030566832931728,0.0125777854362505,-0.0021815128274184,-0.0001295132278797,-0.0064985271007675,2,11,0,0,0,xg_RELIANCE.NS,0.45959384646901424,5.643162675251969
2023-11-30,1179.9913330078125,1191.530923348677,1176.2440439527552,1188.5529645510346,28439984,56.379143431182555,1167.040936279297,1171.193243973683,8.59893258288912,5.509499732767439,1133.759320569991,1167.040936279297,1200.3225519886034,-0.0096846426208897,-0.0045013500239644,0.0089117069482069,-0.0097318437703082,0.0056846165644927,0.0069809389361347,0.8141888115165533,-1.703358380051759,-0.0045013500239644,0.0089117069482069,-0.0134130569721714,1187.4064453125,1180.9914428710938,1167.0409362792968,1.0054318788507144,1.0119537422879723,0.0172590327263601,1.2695147656597006,11217748.6,2.535266657696132,0.0026311177982716,0.0002088690118009,-0.0006679754440481,0.0039094808477413,-0.0026320169281037,0.0180808583875777,0.0052069392411566,3,11,0,1,1,xg_RELIANCE.NS,0.4658377416024528,5.719828880067189
2023-12-01,1188.3544921875,1189.3967050711567,1180.0658643673892,1180.2643464861462,14342842,60.16634235656311,1169.445642089844,1172.827648565475,8.822581292659379,6.172116044745827,1137.3837601814157,1169.445642089844,1201.5075239982723,0.0070874750904903,-0.000500930247696,0.0142331235931878,0.0070624769850455,0.0060137592089456,0.0070601964437375,0.8516629238206714,1.1783472694882382,-0.000500930247696,0.0142331235931878,-0.0147340538408838,1187.2873291015626,1182.6591064453123,1169.4456420898437,1.0039134038126685,1.0112989128180905,0.0150137750385209,-0.4956803773166679,11338541.8,1.264963542313592,-0.0096846426208897,0.0026311177982716,0.0002088690118009,0.0030566832931728,0.0125777854362505,0.0018035497993185,-0.0108522724281525,4,12,1,0,1,xg_RELIANCE.NS,0.4896354225121982,6.012030757222838
2023-12-04,1201.209228515625,1215.9997806950958,1190.4886500919326,1215.9997806950958,15590990,65.17168572872035,1171.9272705078126,1175.5306561797752,9.922711455632909,6.922235126923244,1138.0566634557413,1171.9272705078126,1205.797877559884,0.0108172573189522,0.0109862223506691,0.0274457303126531,0.0107591693174553,0.006529035888775,0.0071149492257058,0.9175214271048124,1.6565387240132607,0.0109862223506691,0.0274457303126531,-0.016459507961984,1189.897998046875,1185.8678466796875,1171.9272705078124,1.0033984827048574,1.0118954277476917,0.0149605306989438,0.0870223627925343,12121777.4,1.2861966925740371,0.0070874750904903,-0.0096846426208897,0.0026311177982716,-0.0006679754440481,0.0039094808477413,-0.0021815128274184,0.0018825948855072,0,12,0,0,1,xg_RELIANCE.NS,0.4220719788927325,5.182447188656576
2023-12-05,1209.9197998046875,1211.4584602643838,1201.9288955146308,1210.540207865299,12693624,68.09706684269224,1174.8568359375004,1178.8058127154811,11.366417851897497,7.811071671918095,1138.447580010278,1174.8568359375004,1211.2660918647227,0.0072515021382464,0.0181047405727095,0.0376273078623041,0.007225336414339,0.0063733052146571,0.0071806685539925,0.8874407342446882,1.1376145154725648,0.0181047405727095,0.0376273078623041,-0.0195225672895946,1194.2011474609376,1190.2553588867188,1174.8568359375,1.0033150773443351,1.0131067228603483,0.0159880940261993,-0.1858359219010467,12942121.2,0.98079934531899,0.0108172573189522,0.0070874750904903,-0.0096846426208897,0.0002088690118009,0.0030566832931728,-0.0026320169281037,-0.0001295132278797,1,12,0,0,1,xg_RELIANCE.NS,0.42133842101195623,5.173440134961804
2023-12-06,1221.5091552734375,1227.3905513904704,1208.5549856031337,1214.560584514323,16422442,71.52414563510855,1177.8869140625002,1182.8727977210008,13.29250201340824,8.907357740216124,1136.604851812206,1177.8869140625002,1219.1689763127945,0.0095786146078613,0.0251594582165124,0.034553942440664,0.0095330305359579,0.0059677578866377,0.0072395445045999,0.8242139638595427,1.6047919499809065,0.0251594582165124,0.034553942440664,-0.0093944842241515,1200.1968017578124,1194.3351806640626,1177.8869140625,1.0049078526603317,1.0139642154142223,0.0182642001486418,0.2937551955217832,13762920.4,1.1932381734910569,0.0072515021382464,0.0108172573189522,0.0070874750904903,0.0026311177982716,-0.0006679754440481,0.0125777854362505,0.0180808583875777,2,12,0,0,0,xg_RELIANCE.NS,0.32825500273943103,4.030507356996953
2023-12-07,1219.4990234375,1221.4346482742724,1212.0292855470004,1220.9631623446442,8142096,70.11722964477924,1181.1936950683596,1186.3610096940008,14.489708409293144,10.023827874031529,1137.6495004407905,1181.1936950683596,1224.7378896959287,-0.0016456134014709,0.0334813395018604,0.0288292782495269,-0.0016469689105047,0.0061720628677584,0.0069967748545537,0.8820036363047563,-0.2665797249637467,0.0334813395018604,0.0288292782495269,0.0046520612523335,1208.09833984375,1197.752392578125,1181.1936950683594,1.0086378013767567,1.0140186131867284,0.0220620470031638,-0.5042091791220819,13723648.6,0.5932894551088554,0.0095786146078613,0.0072515021382464,0.0108172573189522,-0.0096846426208897,0.0002088690118009,0.0039094808477413,0.0018035497993185,3,12,0,0,0,xg_RELIANCE.NS,0.4118582917011345,5.057037549734853
2023-12-08,1218.853759765625,1229.251775342433,1213.5182500771466,1222.874052744466,10204894,69.64364854828696,1184.167938232422,1189.4555573198695,15.21109172102706,11.061280643430637,1138.8120440546302,1184.167938232422,1229.523832410214,-0.0005291219258676,0.0256651258346174,0.0251513391490798,-0.0005292619602723,0.0062630732277345,0.007011113348712,0.8931791196565437,-0.0844693072113057,0.0256651258346174,0.0251513391490798,0.0005137866855375,1214.198193359375,1200.742761230469,1184.167938232422,1.0112059240025046,1.0139970205769864,0.0246381117392849,0.2533497517101248,13890983.8,0.7346415593688378,-0.0016456134014709,0.0095786146078613,0.0072515021382464,0.0070874750904903,0.0026311177982716,0.0030566832931728,-0.0021815128274184,4,12,0,0,1,xg_RELIANCE.NS,0.3305571077131781,4.058773951430648
2023-12-11,1220.6405029296875,1224.7351961410227,1217.1909371644088,1218.9777608532804,7066138,70.242982130834,1187.8606079101564,1192.4255521398525,15.7454645199914,11.998117418742789,1143.3002955666425,1187.8606079101564,1232.4209202536706,0.0014659208701182,0.0161764278468576,0.0273403680306918,0.0014648474570169,0.0061787486292474,0.0062763720741793,0.984289055393488,0.2372136729284296,0.0161764278468576,0.0273403680306918,-0.0111639401838341,1218.0844482421876,1203.9912231445312,1187.8606079101562,1.0117054217894117,1.013579552286656,0.0247606402208434,-0.3075736014504413,13922649.0,0.5075282728164369,-0.0005291219258676,-0.0016456134014709,0.0095786146078613,0.0108172573189522,-0.0096846426208897,-0.0006679754440481,-0.0026320169281037,0,12,0,0,0,xg_RELIANCE.NS,0.40552831156660735,4.979314342810545
2023-12-12,1203.1202392578125,1223.41994400905,1201.1844932637518,1220.9631521449137,9197124,58.12465617359201,1190.5693176269533,1193.4440937701345,14.587069302962163,12.515907795586664,1149.521276987978,1190.5693176269533,1231.6173582659285,-0.0143533363261535,-0.0056198440160848,0.0123831507386542,-0.0144573418753397,0.0082160103237094,0.0073979071590522,1.1104356558464887,-1.7467832898710542,-0.0056198440160848,0.0123831507386542,-0.0180029947547391,1216.7245361328123,1205.462841796875,1190.569317626953,1.009342216072916,1.0125095817181042,0.0217394884172127,0.301577184028956,13463144.0,0.6831334493636343,0.0014659208701182,-0.0005291219258676,-0.0016456134014709,0.0072515021382464,0.0070874750904903,0.0002088690118009,0.0125777854362505,1,12,0,0,1,xg_RELIANCE.NS,0.36882031937847054,4.528592095350035
2023-12-13,1208.03369140625,1210.2176004047435,1194.3103140708777,1202.102614795848,10031182,60.19847211788672,1193.531140136719,1194.8335792592884,13.90521659145611,12.793769554760551,1156.8586983876614,1193.531140136719,1230.2035818857764,0.0040839244392303,-0.0110318156920985,0.0138500880184562,0.0040756078549959,0.0082556605507966,0.00738409331546,1.1178816838392702,0.4946218164238706,-0.0110318156920985,0.0138500880184562,-0.0248819037105547,1214.029443359375,1207.1131225585937,1193.5311401367187,1.0057296376549378,1.0113796632238008,0.016968320808002,0.0906868277518058,13213131.6,0.7591827814686445,-0.0143533363261535,0.0014659208701182,-0.0005291219258676,0.0095786146078613,0.0108172573189522,0.0026311177982716,0.0039094808477413,2,12,0,0,1,xg_RELIANCE.NS,0.3329311014362664,4.08792323807219
2023-12-14,1223.0228271484375,1228.3831772791464,1212.3518080035872,1217.9851619285064,16972354,65.76800286105504,1196.203857421875,1197.5182695344454,14.408252029493724,13.116666049707188,1159.0957503186116,1196.203857421875,1233.3119645251384,0.0124078788934594,0.0028895502523689,0.0364676357672366,0.01233153205035,0.0079062667155893,0.0068451013431883,1.1548568037859606,1.569174196311991,0.0028895502523689,0.0364676357672366,-0.0335780855148677,1214.7342041015625,1211.4162719726562,1196.203857421875,1.0027388868761875,1.0127172425138036,0.0151512680453334,0.6919595317879788,12066368.6,1.406583418974835,0.0040839244392303,-0.0143533363261535,0.0014659208701182,-0.0016456134014709,0.0072515021382464,-0.0096846426208897,0.0030566832931728,3,12,0,0,1,xg_RELIANCE.NS,0.4719478682528511,5.794852597028366
2023-12-15,1238.6324462890625,1240.8162343922088,1225.951280138882,1229.8970515295573,15932152,70.41147251489666,1199.5515869140625,1201.4339054158374,15.883383292399458,13.670009498245642,1159.775053935457,1199.5515869140625,1239.328119892668,0.0127631461932888,0.0162272843357687,0.0423088854648177,0.0126823837059122,0.0083730665449394,0.0072343131554766,1.1572500546989613,1.5241276296044923,0.0162272843357687,0.0423088854648177,-0.026081601129049,1218.68994140625,1216.4440673828126,1199.5515869140625,1.0018462616438004,1.0140823293079102,0.015451197447254,-0.0612880216851474,12225299.6,1.3032115793709216,0.0124078788934594,0.0040839244392303,-0.0143533363261535,-0.0005291219258676,0.0095786146078613,0.0070874750904903,-0.0006679754440481,4,12,0,0,1,xg_RELIANCE.NS,0.3652583064389283,4.484855612314803
2023-12-18,1251.239013671875,1258.1379030406688,1236.3243792186838,1238.6323699765337,14165188,73.53388191931482,1203.6574462890624,1206.1772490592696,17.863757796240407,14.508759157844596,1160.3135877259442,1203.6574462890624,1247.0013048521805,0.0101778113600865,0.02506758596716,0.0416495178097104,0.0101263662096062,0.008319047723558,0.00731318091154,1.1373861029924173,1.223287617842411,0.02506758596716,0.0416495178097104,-0.0165819318425504,1224.8096435546877,1221.4470458984374,1203.6574462890626,1.002752962289721,1.0147796199526875,0.0169050013902234,-0.1109055449634174,12082719.4,1.1723509858218528,0.0127631461932888,0.0124078788934594,0.0040839244392303,0.0014659208701182,-0.0016456134014709,0.0108172573189522,0.0002088690118009,0,12,0,0,1,xg_RELIANCE.NS,0.3708552231312914,4.553577836551474
2023-12-19,1269.6527099609375,1277.4945707453207,1253.3234974409622,1268.1140495332209,16820604,77.30169039713863,1208.837847900391,1212.2225310499043,20.68065652406108,15.743138631087891,1160.0036469674767,1208.837847900391,1257.6720488333046,0.0147163700043413,0.0552999347298552,0.049369313706489,0.0146091350241928,0.0089427949675001,0.0075808647018905,1.1794980943501026,1.6454279260445286,0.0552999347298552,0.049369313706489,0.0059306210233662,1238.1161376953123,1227.4203369140623,1208.837847900391,1.0087140488548048,1.0153721932564796,0.0230600774252847,0.1874606958975764,12495417.4,1.3461418263625713,0.0101778113600865,0.0127631461932888,0.0124078788934594,-0.0143533363261535,-0.0005291219258676,0.0072515021382464,0.0026311177982716,1,12,0,0,0,xg_RELIANCE.NS,0.32000386202790265,3.9291950142637306
2023-12-20,1254.2913818359375,1289.8780864366483,1250.742696068458,1276.080186427869,17736722,68.5359342657854,1212.5168701171874,1216.229088267622,21.42654637179453,16.87982017922922,1161.5640587641085,1212.5168701171874,1263.4696814702666,-0.012098842466514,0.0382917221255971,0.0268374792124759,-0.0121726292212036,0.0102110638321892,0.0081483346861052,1.2529935541362909,-1.184759776802173,0.0382917221255971,0.0268374792124759,0.0114542429131212,1247.36767578125,1230.6985595703125,1212.5168701171874,1.0135444346475528,1.0149949991634903,0.0277852548209735,0.0544640370821405,12626845.4,1.404683548275533,0.0147163700043413,0.0101778113600865,0.0127631461932888,0.0040839244392303,0.0014659208701182,0.0095786146078613,-0.0096846426208897,2,12,0,0,1,xg_RELIANCE.NS,0.309570144498996,3.8010837138718574
2023-12-21,1271.8614501953125,1277.2962009364337,1249.8741628164655,1254.2170195322976,13765454,72.3921579944856,1216.8435974121091,1221.5274084512116,23.168356732769094,18.1375274899372,1161.1376566170193,1216.8435974121091,1272.549538207199,0.0140079638701313,0.039932715860051,0.0429376537016112,0.0139107590534663,0.0106609974614161,0.008508734966156,1.2528001757770164,1.3138217225077864,0.039932715860051,0.0429376537016112,-0.0030049378415601,1257.135400390625,1235.9348022460938,1216.8435974121094,1.017153492325002,1.0156891196819264,0.0316793963464559,-0.2239008989372444,13189181.2,1.0436928412204207,-0.012098842466514,0.0147163700043413,0.0101778113600865,0.0124078788934594,-0.0143533363261535,-0.0016456134014709,0.0070874750904903,3,12,0,0,0,xg_RELIANCE.NS,0.3177899292179779,3.9020110493467297
2023-12-22,1273.1021728515625,1280.968874306117,1264.4660199985942,1270.3972179591544,16541784,72.64709727037746,1221.0512023925778,1226.4392907750546,24.36797113935586,19.383616219820933,1161.62788415224,1221.0512023925778,1280.4745206329155,0.0009755171493399,0.0278288580811614,0.0445077292097528,0.0009750416417046,0.0105962519242225,0.0085279667297861,1.2423840143750078,0.0920537849166523,0.0278288580811614,0.0445077292097528,-0.0166788711285914,1264.029345703125,1241.3596435546874,1221.051202392578,1.0182619938276083,1.0166319324876107,0.0337585970922367,0.2016882261929029,13822870.2,1.1966967612847008,0.0140079638701313,-0.012098842466514,0.0147163700043413,0.0127631461932888,0.0040839244392303,-0.0005291219258676,0.0108172573189522,4,12,0,0,1,xg_RELIANCE.NS,0.340946173778669,4.186336994978616
2023-12-26,1279.554443359375,1286.453332624264,1271.935783794956,1274.5663382448713,7465664,73.99212634123268,1225.6211303710936,1231.497876735466,25.544853337283712,20.61586364331349,1162.8840625926846,1225.6211303710936,1288.3581981495026,0.0050681482173267,0.0226299127329843,0.0482647759830079,0.0050553483835704,0.0105459815992265,0.0084781528942172,1.243754149830094,0.4805306778669619,0.0226299127329843,0.0482647759830079,-0.0256348632500236,1269.692431640625,1247.2510375976562,1225.6211303710938,1.017992684204291,1.0176481187298176,0.0344426933127013,-0.5486784254950978,13862822.8,0.5385385146811125,0.0009755171493399,0.0140079638701313,-0.012098842466514,0.0101778113600865,0.0124078788934594,0.0014659208701182,0.0072515021382464,1,12,0,0,1,xg_RELIANCE.NS,0.4621697726299731,5.674791406744805
2023-12-27,1283.922119140625,1290.399082341518,1277.0976304877347,1281.514887400953,9204156,74.89216272217546,1230.3970336914062,1236.4906617264337,26.5242211804632,21.797535150743432,1165.0986532456348,1230.3970336914062,1295.6954141371775,0.0034134348904943,0.0112388285928413,0.0671602698103208,0.0034076223450263,0.0082013507358813,0.0084379627855581,0.971843453311175,0.4161532468444999,0.0112388285928413,0.0671602698103208,-0.0559214412174795,1272.5463134765623,1255.3312255859375,1230.3970336914062,1.0137135821524632,1.0202651593036798,0.0328285330993193,0.2328650204456026,13863526.0,0.6639116195980255,0.0050681482173267,0.0009755171493399,0.0140079638701313,0.0147163700043413,0.0127631461932888,-0.0143533363261535,0.0095786146078613,2,12,0,0,1,xg_RELIANCE.NS,0.35442887375126353,4.351885489223079
2023-12-28,1293.203369140625,1296.4046504171113,1283.9220890250845,1285.3862277761266,12302636,76.73465421526127,1235.4806579589842,1241.8918719563565,27.729646457250965,22.98395741204494,1167.1615671964475,1235.4806579589842,1303.799748721521,0.0072288263140229,0.0310230843233021,0.0705027337732862,0.0072028235866845,0.0081563878463178,0.0084639710994252,0.9635458586351971,0.8861692554297309,0.0310230843233021,0.0705027337732862,-0.039479649449984,1280.3287109375,1263.848193359375,1235.4806579589845,1.0130399502604177,1.0229607280515858,0.0346798145200615,0.3366392312342381,14090671.4,0.8731050246476635,0.0034134348904943,0.0050681482173267,0.0009755171493399,-0.012098842466514,0.0101778113600865,0.0040839244392303,-0.0016456134014709,3,12,0,0,0,xg_RELIANCE.NS,0.31372831407223084,3.8521401575412555
2023-12-29,1282.9791259765625,1297.397434632089,1280.174929799553,1295.9581362918193,10864584,70.58933224366001,1240.6300476074218,1245.8049437678046,27.54245146207677,23.895656222051308,1174.4288689283055,1240.6300476074218,1306.831226286538,-0.0079061371227766,0.0087412632716736,0.0490230415142105,-0.0079375563375281,0.0090980992325765,0.0083192228339962,1.0934922554480038,-0.8688922849056512,0.0087412632716736,0.0490230415142105,-0.0402817782425368,1282.55224609375,1269.8438232421877,1240.6300476074218,1.0100078628717626,1.0235475319101814,0.0326756668425282,-0.1168897462299949,13479894.4,0.8059843554856924,0.0072288263140229,0.0034134348904943,0.0050681482173267,0.0140079638701313,0.0147163700043413,0.0124078788934594,-0.0005291219258676,4,12,0,0,1,xg_RELIANCE.NS,0.32343138358682516,3.971280133284655
2024-01-01,1285.6097412109375,1293.8488097378856,1277.122509429243,1280.795398303561,4030540,71.22779719077006,1245.4928100585937,1249.5958768576268,27.291764274160418,24.57487783247313,1181.1993361375512,1245.4928100585937,1309.7862839796362,0.0020503959738025,0.0098244811972632,0.0379267433713841,0.0020482967809396,0.0086819918555015,0.0083042533276894,1.0453614733889025,0.2361393409004978,0.0098244811972632,0.0379267433713841,-0.0281022621741209,1285.053759765625,1274.541552734375,1245.4928100585937,1.008247833904432,1.0233230914230766,0.0307721297053709,-0.6290203103956857,12289733.2,0.3279599267459827,-0.0079061371227766,0.0072288263140229,0.0034134348904943,0.0009755171493399,-0.012098842466514,0.0127631461932888,0.0014659208701182,0,1,1,0,1,xg_RELIANCE.NS,0.4299036912376701,5.278609544022754
2024-01-02,1296.255859375,1297.8937610136477,1277.0480485996618,1283.0039664322292,7448800,73.7147258089829,1250.2451416015626,1254.0396847164243,27.633602663961028,25.186622798770713,1185.6834620324769,1250.2451416015626,1314.8068211706486,0.0082809874744995,0.0130525247302308,0.0359778149588054,0.0082468882187258,0.0085459332658315,0.0082131107404798,1.0403966461903786,0.9688840683482136,0.0130525247302308,0.0359778149588054,-0.0229252902285745,1288.39404296875,1279.0432373046874,1250.2451416015624,1.0073107815211684,1.023033959297162,0.02943007053066,0.8480898341165204,11618094.4,0.6411378444299229,0.0020503959738025,-0.0079061371227766,0.0072288263140229,0.0050681482173267,0.0140079638701313,0.0101778113600865,-0.0143533363261535,1,1,0,0,0,xg_RELIANCE.NS,0.4275047589883594,5.249154047536508
2024-01-03,1282.16015625,1307.3238832997818,1279.132516403198,1295.412048372221,9037536,65.62656088086933,1253.8571594238283,1256.7178248624791,26.46206835922999,25.44171191086257,1190.7273829133997,1253.8571594238283,1316.9869359342574,-0.0108741673359118,-0.001372328480332,0.0098510767479458,-0.0109337232342658,0.0086691616660295,0.0087969461872066,0.985361978985007,-1.2542058331527748,-0.001372328480332,0.0098510767479458,-0.0112234052282779,1288.041650390625,1280.2939819335938,1253.857159423828,1.006051476119047,1.021084397302412,0.0266616387977442,0.2132875093974868,10839787.6,0.8337373695402636,0.0082809874744995,0.0020503959738025,-0.0079061371227766,0.0034134348904943,0.0009755171493399,0.0147163700043413,0.0040839244392303,2,1,0,0,1,xg_RELIANCE.NS,0.30701018657031515,3.7696510496960087
2024-01-04,1288.7860107421875,1295.337616733607,1280.0755785995668,1284.4928354763,9612778,67.43532654414517,1257.2210021972658,1259.7719378034035,25.771195762487196,25.507608681187495,1194.1791217842583,1257.2210021972658,1320.2628826102732,0.0051677276507846,-0.0034158265465802,0.0275012883017335,0.0051544207707809,0.0073926501719041,0.0086762316670884,0.8519595252877087,0.6989413254121778,-0.0034158265465802,0.0275012883017335,-0.0309171148483138,1287.1581787109376,1283.7434448242188,1257.2210021972655,1.0026599815566624,1.0210960861937557,0.0232289738281934,0.0636503135367869,10027393.2,0.9586517460987808,-0.0108741673359118,0.0082809874744995,0.0020503959738025,0.0072288263140229,0.0050681482173267,-0.012098842466514,0.0124078788934594,3,1,0,0,1,xg_RELIANCE.NS,0.31859437275991664,3.91188847874465
2024-01-05,1294.2705078125,1300.3009471094986,1289.456165302221,1291.888116528752,8086406,68.89440110070822,1260.9595764160156,1263.0575158995082,25.373734710676672,25.480833887085332,1198.4708351992983,1260.9595764160156,1323.4483176327328,0.0042555529192578,0.0088009084538633,0.0176191027833623,0.0042465236611937,0.0063043652728896,0.00862011290833,0.7312704682011708,0.6749098164946719,0.0088009084538633,0.0176191027833623,-0.0088181943294989,1289.416455078125,1285.9843505859376,1260.9595764160156,1.0026688540110331,1.019845817929429,0.0219868091641874,-0.1587857329067622,9459488.4,0.8548460189452893,0.0051677276507846,-0.0108741673359118,0.0082809874744995,-0.0079061371227766,0.0034134348904943,0.0140079638701313,0.0127631461932888,4,1,0,0,0,xg_RELIANCE.NS,0.2904778398185538,3.566657204498491
2024-01-08,1284.17041015625,1306.3064992127524,1275.0379299096924,1295.412156841061,7734652,63.2720720286197,1264.2254089355467,1265.0682677334837,23.967468435846055,25.17816079683748,1204.2244739152095,1264.2254089355467,1324.2263439558835,-0.0078036991457995,-0.001119570744176,0.0086939112513619,-0.0078343073481006,0.0069996230896567,0.0089255974810017,0.7841311434232255,-1.1147149397786236,-0.001119570744176,0.0086939112513619,-0.0098134819955379,1289.1285888671875,1287.0911743164063,1264.225408935547,1.001582960548124,1.018086778844377,0.0193924262190486,-0.0434994236005463,8578775.2,0.901603296470468,0.0042555529192578,0.0051677276507846,-0.0108741673359118,0.0020503959738025,0.0072288263140229,0.0009755171493399,0.0101778113600865,0,1,0,0,0,xg_RELIANCE.NS,0.3354460033796551,4.118802678447392
2024-01-09,1280.7703857421875,1293.8237954235035,1279.132484246134,1290.4487513775189,5403074,61.45394897627228,1267.231903076172,1266.5637075438365,22.321332302183464,24.606795097906677,1210.4890017322746,1267.231903076172,1323.9748044200692,-0.0026476427016012,-0.0119463094579791,0.0009502857726164,-0.0026511539065188,0.0069123717488213,0.009001425919128,0.7678343383125402,-0.3829741546955911,-0.0119463094579791,0.0009502857726164,-0.0128965952305956,1286.031494140625,1287.2127685546875,1267.231903076172,0.9990823005777134,1.0157673314805384,0.014678346153014,-0.3014457534741058,8372516.2,0.6453345530701218,-0.0078036991457995,0.0042555529192578,0.0051677276507846,0.0082809874744995,-0.0079061371227766,0.0050681482173267,0.0147163700043413,1,1,0,0,1,xg_RELIANCE.NS,0.34117200114422286,4.18910983575996
2024-01-10,1315.3148193359375,1319.7320764251056,1278.0654937339266,1279.0333061103788,11102740,70.6741848791954,1272.841632080078,1271.2066705716556,23.53293166018648,24.39202241036264,1220.7968633760283,1272.841632080078,1324.8864007841275,0.0269716055104849,0.0258584412597149,0.0244506265039852,0.0266142825705228,0.0109790447196385,0.0096611352694996,1.136295902862793,2.4564203697863323,0.0258584412597149,0.0244506265039852,0.0014078147557297,1292.6624267578125,1290.3520385742188,1272.8416320800782,1.0017905099651303,1.013756940418051,0.0150692399920964,1.0548931959843602,8562374.6,1.2966893553102317,-0.0026476427016012,-0.0078036991457995,0.0042555529192578,-0.0108741673359118,0.0020503959738025,0.0034134348904943,-0.012098842466514,2,1,0,0,1,xg_RELIANCE.NS,0.40508620767065634,4.9738859320009094
2024-01-11,1349.9088134765625,1352.489686993197,1318.7394856296971,1319.7321386109766,23725852,76.68798808139945,1279.9353881835937,1278.7021127530754,26.973643719296433,24.9083466721494,1226.428912390926,1279.9353881835937,1333.4418639762614,0.0263009232710464,0.0474266497501594,0.0438488219943473,0.0259610012803968,0.0133068793739859,0.0108174079913814,1.2300219574439153,1.976342175332547,0.0474266497501594,0.0438488219943473,0.003577827755812,1304.8869873046874,1296.0225830078125,1279.9353881835937,1.0068396989474535,1.0125687554018246,0.0184839145222211,1.1369366480706566,9704696.2,2.444780497095577,0.0269716055104849,-0.0026476427016012,-0.0078036991457995,0.0051677276507846,0.0082809874744995,0.0072288263140229,0.0140079638701313,3,1,0,0,1,xg_RELIANCE.NS,0.4663202752314069,5.725753710839811
2024-01-12,1360.6541748046875,1363.2350482099334,1335.8626919019084,1349.9087552154865,15012164,78.18446488596489,1286.8169555664062,1286.507071043705,30.21914616535196,25.97050657078991,1228.908965865981,1286.8169555664062,1344.7249452668316,0.0079600645768445,0.0512904115418539,0.0605427222122583,0.0079285503889918,0.0126067245787814,0.0107158177877448,1.1763496243444422,0.6313640916808345,0.0512904115418539,0.0605427222122583,-0.0092523106704043,1318.163720703125,1303.790087890625,1286.8169555664062,1.011024499224223,1.013190012962448,0.0230380104784658,-0.3672655464596172,10119454.2,1.4834954240910063,0.0263009232710464,0.0269716055104849,-0.0026476427016012,0.0042555529192578,-0.0108741673359118,-0.0079061371227766,0.0009755171493399,4,1,0,0,1,xg_RELIANCE.NS,0.33539055433674986,4.118121842592637
2024-01-15,1383.8822021484375,1386.190071634762,1355.9638397810568,1364.897715738619,8610594,81.02072376304072,1294.079443359375,1295.7808930536796,34.27048905318361,27.630503067268652,1226.0649199586087,1294.079443359375,1362.0939667601417,0.0170712204275449,0.0776468537225174,0.0764403518325362,0.0169271445333656,0.0129777233866918,0.0109130928484986,1.1890794376444231,1.3153235429186731,0.0776468537225174,0.0764403518325362,0.0012065018899811,1338.1060791015625,1313.617333984375,1294.079443359375,1.018642221355979,1.0150979066434132,0.031813860799595,-0.4264255306563397,10577459.6,0.8140512302215918,0.0079600645768445,0.0263009232710464,0.0269716055104849,-0.0078036991457995,0.0051677276507846,0.0020503959738025,0.0050681482173267,0,1,0,0,0,xg_RELIANCE.NS,0.3122526655908362,3.834021280415341
2024-01-16,1364.5255126953125,1386.0413130880693,1360.4308194226976,1379.7627106993225,9069024,72.55523236882671,1299.743768310547,1302.327999686216,35.50994783738156,29.206392021291236,1227.9853463293737,1299.743768310547,1371.5021902917204,-0.0139872378032424,0.0653943344455065,0.0526668040314426,-0.0140859810588471,0.014628291049381,0.011691396128655,1.251094376928512,-0.9561118003619308,0.0653943344455065,0.0526668040314426,0.0127275304140639,1354.8571044921875,1320.4442993164062,1299.7437683105468,1.0260615348891255,1.015926624547519,0.0403901104588193,0.0532402294197125,10739482.0,0.8444563713593594,0.0170712204275449,0.0079600645768445,0.0263009232710464,-0.0026476427016012,0.0042555529192578,0.0082809874744995,0.0034134348904943,1,1,0,0,0,xg_RELIANCE.NS,0.32223812325506807,3.9566285834047665
2024-01-17,1351.5714111328125,1376.0900120502974,1345.0696069219948,1349.5117047016763,12197382,67.4741702415113,1303.8397033691408,1307.0178483954155,35.04298638597106,30.3737108942272,1229.9918698725553,1303.8397033691408,1377.6875368657263,-0.0094934843225554,0.0275649534726445,0.0541361814625587,-0.0095388346951077,0.0144648872645668,0.0118204712850134,1.2236114199172945,-0.6562669920571748,0.0275649534726445,0.0541361814625587,-0.0265712279899141,1362.1084228515624,1327.3854248046875,1303.8397033691406,1.026158941779841,1.0180587547493027,0.0431118319035649,0.3449497983465475,11055466.6,1.1032896612431444,-0.0139872378032424,0.0170712204275449,0.0079600645768445,0.0269716055104849,-0.0078036991457995,-0.0108741673359118,0.0072288263140229,2,1,0,0,1,xg_RELIANCE.NS,0.34456391731447655,4.230757770945815
2024-01-18,1357.8995361328125,1360.92717605878,1341.3222805612156,1341.4712027363942,10279438,68.62989437900782,1309.0201110839846,1311.8637234180248,34.78259081707711,31.255486878797186,1235.2711288572864,1309.0201110839846,1382.7690933106828,0.0046820500551252,0.0059194536523328,0.0536268432575737,0.0046711233517395,0.0144664926094211,0.0112598681951702,1.2846693841621994,0.323625536333526,0.0059194536523328,0.0536268432575737,-0.0477073896052409,1363.7065673828124,1334.29677734375,1309.0201110839844,1.0220414157767883,1.0193096088025984,0.0402728293542029,-0.1572422672340671,11122132.6,0.9242326422181908,-0.0094934843225554,-0.0139872378032424,0.0170712204275449,0.0263009232710464,-0.0026476427016012,0.0051677276507846,-0.0079061371227766,3,1,0,0,0,xg_RELIANCE.NS,0.3541013996344386,4.3478645700411205
2024-01-19,1357.4031982421875,1365.890429247957,1349.015329468004,1365.890429247957,10422704,68.42453020242118,1313.2971984863284,1316.2008162584214,34.14260048758524,31.8329096005548,1238.7048024953242,1313.2971984863284,1387.8895944773326,-0.0003655188601349,-0.0023892746758864,0.0487785899845547,-0.0003655856784359,0.0145780367061924,0.0110465865282924,1.3195675515967746,-0.0250715371324679,-0.0023892746758864,0.0487785899845547,-0.0511678646604412,1363.0563720703126,1340.6100463867188,1313.2971984863282,1.0167433667561214,1.0207971569054366,0.0366576221777152,0.0139371432562753,11355762.4,0.917833927205018,0.0046820500551252,-0.0094934843225554,-0.0139872378032424,0.0079600645768445,0.0269716055104849,0.0042555529192578,0.0020503959738025,4,1,0,0,0,xg_RELIANCE.NS,0.31994984921253955,3.9285318132526985
2024-01-23,1318.8138427734375,1361.671682300463,1312.8332056966303,1361.671682300463,20055420,54.715758113354994,1315.582781982422,1316.4496759265182,30.17374095571745,31.501075871587332,1243.4142121308032,1315.582781982422,1387.751351834041,-0.0284288084179575,-0.0470187124843308,0.0269772861476946,-0.0288407327856328,0.0176958015282134,0.0131341713576165,1.3472075122912184,-1.6064376589540437,-0.0470187124843308,0.0269772861476946,-0.0739959986320255,1350.0427001953126,1344.0743896484375,1315.582781982422,1.0044404614750797,1.021657023834777,0.0261294786991484,0.9242050815220312,12587839.2,1.5932377019876778,-0.0003655188601349,0.0046820500551252,-0.0094934843225554,0.0170712204275449,0.0263009232710464,-0.0078036991457995,0.0082809874744995,1,1,0,0,1,xg_RELIANCE.NS,0.4641314965942329,5.698878603602008
2024-01-24,1334.00146484375,1339.5851376107455,1314.1980872328545,1325.4149927095905,21919128,58.26017123083657,1318.305133056641,1318.1212748710166,27.931923528031348,30.787245402876135,1247.7697077792948,1318.305133056641,1388.840558333987,0.011516122729174,-0.022369715749227,0.0415617660231235,0.0114503169244102,0.0177774086816584,0.0132955419369915,1.336994894304136,0.6477589156252715,-0.022369715749227,0.0415617660231235,-0.0639314817723506,1343.937890625,1349.3974975585938,1318.305133056641,0.995954041012028,1.0235851046334483,0.0192149395963081,0.0929278967979727,14239444.6,1.539324644726555,-0.0284288084179575,-0.0003655188601349,0.0046820500551252,-0.0139872378032424,0.0079600645768445,-0.0026476427016012,-0.0108741673359118,2,1,0,0,1,xg_RELIANCE.NS,0.3172956675080597,3.8959422143206615
2024-01-25,1343.1337890625,1354.1274927557365,1325.390118278632,1333.0831783387705,11808872,60.27367235812603,1321.2657165527346,1320.5034190797294,26.585705839710045,29.94693749024292,1251.8449719497164,1321.2657165527346,1390.6864611557528,0.0068458127366597,-0.0062428237241571,0.021150046602993,0.0068224865579029,0.0159624188748434,0.0133345376211739,1.1969835283954815,0.4288437702682823,-0.0062428237241571,0.021150046602993,-0.0273928703271502,1342.2503662109375,1352.17939453125,1321.2657165527344,0.9926570184692436,1.0233970181707064,0.0156236480900761,-0.4612526556713388,14310057.8,0.8252148359595846,0.011516122729174,-0.0284288084179575,-0.0003655188601349,-0.0094934843225554,0.0170712204275449,0.0269716055104849,0.0051677276507846,3,1,0,0,1,xg_RELIANCE.NS,0.29877087854459544,3.6684839956158357
2024-01-29,1437.4111328125,1441.8283899094502,1350.1817560391485,1354.474931519067,23893438,74.14164148400697,1328.4761047363284,1331.637487054279,32.74870566122809,30.507291124439956,1243.1854470365454,1328.4761047363284,1413.766762436111,0.0701920720911988,0.0585548448643926,0.0648209112070197,0.0678381389917159,0.0261230539914661,0.0202094528102164,1.2925516432893014,2.6868751731307903,0.0585548448643926,0.0648209112070197,-0.006266066342627,1358.152685546875,1360.9296264648438,1328.476104736328,0.997959526441362,1.0244291347151908,0.0206458542953403,1.0233463450192364,14326816.4,1.6677423185236275,0.0068458127366597,0.011516122729174,-0.0284288084179575,0.0046820500551252,-0.0139872378032424,0.0263009232710464,0.0042555529192578,0,1,0,0,0,xg_RELIANCE.NS,0.4241520354435493,5.207987342381794
2024-01-30,1397.2830810546875,1449.2484377227322,1394.1066401470152,1449.223597164783,14093978,63.9143985330601,1334.1913024902346,1337.889448387651,34.00296400611069,31.206425700774105,1246.4536401839969,1334.1913024902346,1421.9289647964724,-0.0279168922807048,0.0293795409235397,0.0269200704545353,-0.0283139764079436,0.0282892219819234,0.021369599394265,1.3237449011147069,-0.9868035782307696,0.0293795409235397,0.0269200704545353,0.0024594704690044,1366.128662109375,1364.5925170898438,1334.1913024902344,1.0011257170182988,1.0227862485258796,0.0228567568391609,-0.4101318529380325,14234997.8,0.9900934442012356,0.0701920720911988,0.0068458127366597,0.011516122729174,-0.0003655188601349,-0.0094934843225554,0.0079600645768445,-0.0078036991457995,1,1,0,0,1,xg_RELIANCE.NS,0.35774766818274084,4.392635592833984
2024-01-31,1416.1434326171875,1423.7124109217216,1392.1956815880876,1393.6846609266845,15130226,66.26947933962776,1340.717987060547,1345.3422087904644,36.102676349609965,32.18567583054128,1248.8725288804517,1340.717987060547,1432.5634452406423,0.0134978744237452,0.073800855501386,0.0233121218111378,0.0134075896445171,0.0281139198289812,0.0214539898329033,1.310367427248361,0.4800964934579498,0.073800855501386,0.0233121218111378,0.0504887336902482,1385.594580078125,1367.8186401367188,1340.7179870605469,1.0129958310406044,1.0202135373268086,0.0316892992503177,0.0735241675558171,14886961.0,1.0163408099207745,-0.0279168922807048,0.0701920720911988,0.0068458127366597,-0.0284288084179575,0.0046820500551252,0.0170712204275449,-0.0026476427016012,2,1,0,1,0,xg_RELIANCE.NS,0.2993103655291171,3.6751081330759576
2024-02-01,1416.1683349609375,1432.745590517861,1407.631543948549,1424.4569627393994,13349362,66.27260923436847,1346.713610839844,1352.0875541400333,37.33831012365249,33.216202689163524,1251.4953374892364,1346.713610839844,1441.9318841904517,1.758461973300207e-05,0.0615942877744977,0.0378467253159791,1.7584465124897974e-05,0.0275357004708301,0.0214682840903192,1.2825625835957082,0.0006385884812753,0.0615942877744977,0.0378467253159791,0.0237475624585186,1402.0279541015625,1372.9829223632812,1346.7136108398438,1.0211546926514474,1.0195062345193462,0.0390591583614559,-0.1177024057671048,15314994.8,0.8716530546911533,0.0134978744237452,-0.0279168922807048,0.0701920720911988,0.011516122729174,-0.0003655188601349,-0.0139872378032424,0.0269716055104849,3,2,1,0,1,xg_RELIANCE.NS,0.3195459001501053,3.9235718898565404
2024-02-02,1446.990234375,1464.0639387350582,1422.6455164089482,1422.6455164089482,19652588,69.98496355968881,1354.9551147460938,1361.1259046386017,40.33961847396813,34.64088584612445,1254.8543518279416,1354.9551147460938,1455.055877664246,0.0217642907648494,0.0773239763292614,0.0705984326512298,0.0215308299216685,0.0276009376461186,0.0214667671072771,1.285692056756221,0.7885059028785212,0.0773239763292614,0.0705984326512298,0.0067255436780315,1422.7992431640623,1382.5248046875,1354.9551147460938,1.029131078400916,1.0203473086609016,0.0468863761525472,0.4721743256344386,16060515.4,1.2236586130977325,1.758461973300207e-05,0.0134978744237452,-0.0279168922807048,0.0068458127366597,-0.0284288084179575,-0.0094934843225554,0.0263009232710464,4,2,0,0,0,xg_RELIANCE.NS,0.33922565994334675,4.16521151748944
2024-02-05,1428.452392578125,1459.6961190035065,1421.007495677393,1450.0177530325548,8814432,65.32752296994174,1361.938433837891,1367.5379511090323,40.75255793872134,35.86322026464383,1261.7870351687664,1361.938433837891,1462.089832507015,-0.0128113109242109,-0.0062325524200205,0.0519573463043085,-0.0128940834779029,0.0283218268255628,0.0218881098892883,1.2938775020460038,-0.4523316476534776,-0.0062325524200205,0.0519573463043085,-0.0581898987243291,1421.0074951171875,1389.5800903320312,1361.938433837891,1.022616476015893,1.0202958194051748,0.0413517885413645,-0.5514874682153821,15914014.8,0.5538785850569553,0.0217642907648494,1.758461973300207e-05,0.0134978744237452,0.0701920720911988,0.011516122729174,0.0046820500551252,0.0079600645768445,0,2,0,0,0,xg_RELIANCE.NS,0.45908262428357555,5.636885589564699
2024-02-06,1417.3099365234375,1431.256637826339,1409.3934322746634,1431.256637826339,9047984,62.62960525900832,1368.0904052734377,1372.2781401961186,39.7228125014592,36.635138712006906,1270.353855347504,1368.0904052734377,1465.8269551993708,-0.0078003692055688,0.0143327116318001,0.0441333410432716,-0.0078309512232692,0.0285872475398931,0.0220858528604775,1.294310589221496,-0.2728523038945942,0.0143327116318001,0.0441333410432716,-0.0298006294114714,1425.0128662109375,1395.5707641601562,1368.0904052734377,1.0210968177371496,1.0200866542012086,0.0401623240412234,0.0264965456651091,15776542.8,0.5735086650289077,-0.0128113109242109,0.0217642907648494,1.758461973300207e-05,-0.0279168922807048,0.0068458127366597,-0.0003655188601349,0.0170712204275449,1,2,0,0,1,xg_RELIANCE.NS,0.35057436567660094,4.304557579449031
2024-02-07,1431.554443359375,1438.8504181404362,1418.7491963623445,1425.3752031215413,9296568,64.6400639328741,1375.4596069335937,1377.923502402143,39.59966419990178,37.22804380958589,1282.2444358769574,1375.4596069335937,1468.6747779902296,0.0100503823961597,0.0108823798403712,0.0854863642838676,0.0100002131695786,0.0261174095094305,0.0219106621133362,1.191941048302969,0.384800705132174,0.0108823798403712,0.0854863642838676,-0.0746039844434964,1428.095068359375,1406.84482421875,1375.4596069335937,1.01510489556119,1.022817985440609,0.0367680472579608,0.0274739654712032,14700657.6,0.6323913020053856,-0.0078003692055688,-0.0128113109242109,0.0217642907648494,0.0134978744237452,0.0701920720911988,-0.0284288084179575,-0.0139872378032424,2,2,0,0,1,xg_RELIANCE.NS,0.31596304631777355,3.879579510122054
2024-02-08,1439.4708251953125,1448.752105824393,1417.0368932886952,1439.3467435794869,14694634,65.74307492859396,1383.39462890625,1383.7851521919686,39.68340850667778,37.719116749004264,1297.3772872933744,1383.39462890625,1469.4119705191254,0.0055299202015401,0.0164546047663307,0.0790624022020216,0.0055146863284196,0.0261101051757665,0.0218233851661972,1.1963730009772382,0.2117842260722253,0.0164546047663307,0.0790624022020216,-0.0626077974356908,1432.75556640625,1417.3917602539063,1383.39462890625,1.0108394916516177,1.0245751506022076,0.0342910301730515,0.5806514834291536,13978208.2,1.0512530497291457,0.0100503823961597,-0.0078003692055688,-0.0128113109242109,1.758461973300207e-05,-0.0279168922807048,0.011516122729174,-0.0094934843225554,3,2,0,0,1,xg_RELIANCE.NS,0.4405796596313624,5.409695342547509
2024-02-09,1450.0177001953125,1461.160204582695,1440.2896534634558,1443.31729322881,12556798,67.21059372395956,1390.1297729492185,1390.0930139065729,40.138133721312215,38.20292014346585,1305.4735649479755,1390.1297729492185,1474.7859809504614,0.0073269112616916,0.002092250347232,0.0795780077928178,0.0073001998428159,0.0261083144797648,0.0212686268873416,1.2274928290022291,0.2806244211187578,0.002092250347232,0.0795780077928178,-0.0774857574455858,1433.3610595703126,1428.0801513671877,1390.1297729492187,1.0036979074305243,1.027299881749497,0.0298143164840475,-0.1454841270629809,14053000.8,0.8935314370720812,0.0055299202015401,0.0100503823961597,-0.0078003692055688,0.0217642907648494,0.0134978744237452,0.0068458127366597,0.0046820500551252,4,2,0,0,0,xg_RELIANCE.NS,0.33154475395352717,4.070900850958809
2024-02-12,1441.679443359375,1450.2659153474915,1431.7529141646626,1450.017752117624,6674430,64.84548457989364,1394.718304443359,1395.006007187792,39.37182519633507,38.436701154039696,1309.296441236158,1394.718304443359,1480.140167650561,-0.0057504517598746,0.0092597071137787,0.0029694430837776,-0.0057670492669572,0.0144415293370647,0.0207890011705603,0.6946382166401566,-0.3981609886792409,0.0092597071137787,0.0029694430837776,0.0062902640300011,1436.0064697265625,1428.506982421875,1394.718304443359,1.0052498779473749,1.0242261665820762,0.028638935980799,-0.4684608289469975,12331100.0,0.5412680133969766,0.0073269112616916,0.0055299202015401,0.0100503823961597,-0.0128113109242109,1.758461973300207e-05,0.0701920720911988,-0.0003655188601349,0,2,0,0,1,xg_RELIANCE.NS,0.34505824979434085,4.236827474926769
2024-02-13,1454.335693359375,1468.1335924657844,1443.3172707540573,1444.806250056761,7715594,66.75762574003576,1399.4023803710936,1400.6564534898475,39.332374640340504,38.615835851299856,1311.604398524381,1399.4023803710936,1487.2003622178063,0.0087788239322526,0.026123966171266,0.0408311050768777,0.008740514104331,0.0106008192281332,0.0207990603026546,0.5096532930137867,0.8280488228809715,0.026123966171266,0.0408311050768777,-0.0147071389056117,1443.41162109375,1434.2122436523437,1399.4023803710938,1.0064142371410658,1.0248748063955837,0.0302607169194885,0.1559929462141336,11693261.6,0.6598324970339619,-0.0057504517598746,0.0073269112616916,0.0055299202015401,-0.0078003692055688,0.0217642907648494,-0.0279168922807048,-0.0284288084179575,1,2,0,0,1,xg_RELIANCE.NS,0.3632018175315814,4.459604835932199
2024-02-14,1470.4912109375,1472.749520552248,1446.7916226083244,1446.7916226083244,7117888,69.07030292200399,1403.7328308105468,1407.3073827705764,40.14199313244194,38.92106730752827,1310.7665136993933,1403.7328308105468,1496.6991479217004,0.0111085203037322,0.0271989429104446,0.0383773119788239,0.0110472738463336,0.0103892857483509,0.0206369365600467,0.5034071947126592,1.0691255825659296,0.0271989429104446,0.0383773119788239,-0.0111783690683793,1451.198974609375,1439.647021484375,1403.7328308105468,1.00802415658325,1.0255847764514352,0.0322791074477531,-0.0774672695323263,10892027.8,0.6534952105061048,0.0087788239322526,-0.0057504517598746,0.0073269112616916,0.0100503823961597,-0.0128113109242109,0.0134978744237452,0.011516122729174,2,2,0,0,0,xg_RELIANCE.NS,0.2824546089934945,3.4681432729592485
2024-02-15,1459.79541015625,1473.8166331337911,1455.7503978374216,1472.4517353218182,10006782,65.80617807419628,1408.4963256835936,1412.306242521593,39.46562473051358,39.02997879212534,1314.234676510724,1408.4963256835936,1502.757974856463,-0.0072736244199861,0.0141194837750044,0.0308064190663575,-0.0073002062017861,0.0109277940619648,0.0203951931267448,0.5357761614659182,-0.665546846133764,0.0141194837750044,0.0308064190663575,-0.016686935291353,1455.2638916015626,1444.0097290039062,1408.4963256835938,1.0077936889008494,1.0252136996545422,0.0320370687512731,0.4058639304243057,10557769.8,0.9478121032719478,0.0111085203037322,0.0087788239322526,-0.0057504517598746,0.0055299202015401,-0.0078003692055688,1.758461973300207e-05,0.0068458127366597,3,2,0,0,0,xg_RELIANCE.NS,0.30566898703759005,3.753183015580043
2024-02-16,1449.843994140625,1466.1483668657747,1447.8339689108675,1465.6271998466532,9767498,62.83104795603084,1413.4099548339843,1415.8812664853103,37.69211060547127,38.76240515479453,1321.42450214039,1413.4099548339843,1505.3954075275788,-0.0068169936323884,-0.0001197958167435,0.0019722038876492,-0.0068403354747568,0.0090836394809572,0.0203135581826068,0.4471492512564008,-0.750386809149426,-0.0001197958167435,0.0019722038876492,-0.0020919997043928,1455.229150390625,1444.2951049804688,1413.4099548339843,1.007570506451522,1.0218515159319874,0.0288439278471669,-0.0239121827576537,9569260.8,1.020716041096819,-0.0072736244199861,0.0111085203037322,0.0087788239322526,0.0073269112616916,0.0100503823961597,0.0217642907648494,0.0701920720911988,4,2,0,0,1,xg_RELIANCE.NS,0.31634661746389287,3.884289221515525
2024-02-19,1463.17041015625,1468.630001238923,1442.8458657695369,1451.30825618237,6729828,65.10615232724344,1418.673498535156,1420.384994453971,36.93614143632317,38.39715241110026,1328.0245107996018,1418.673498535156,1509.3224862707104,0.009191620663659,0.0149068968804861,0.0243046374933535,0.0091496348010879,0.0081938359626394,0.0203499423512145,0.4026268573332395,1.121635711265486,0.0149068968804861,0.0243046374933535,-0.0093977406128673,1459.52734375,1447.7669067382812,1418.6734985351563,1.0081231563983004,1.020507472813981,0.027921453940885,-0.3109977601223977,9360800.4,0.7189372395975114,-0.0068169936323884,-0.0072736244199861,0.0111085203037322,-0.0057504517598746,0.0055299202015401,-0.0128113109242109,-0.0279168922807048,0,2,0,0,0,xg_RELIANCE.NS,0.3774069883562716,4.634024250833731
2024-02-20,1460.21728515625,1464.659382736365,1451.0600862084646,1464.1878968342885,7117496,64.16881018753496,1423.8142028808593,1424.1785459494265,35.68735628743116,37.85519318636644,1336.184377594736,1423.8142028808593,1511.444028166983,-0.0020183055777382,0.0040441775744972,0.0302737937039101,-0.0020203451011573,0.0075717496502075,0.0203716604523335,0.3716622906430606,-0.2665221578641482,0.0040441775744972,0.0302737937039101,-0.0262296161294128,1460.703662109375,1452.0576416015624,1423.8142028808593,1.005954323203228,1.0198364636787278,0.0252629931199372,0.0576044439768743,9167751.6,0.7763622216814016,0.009191620663659,-0.0068169936323884,-0.0072736244199861,0.0087788239322526,0.0073269112616916,-0.0078003692055688,0.0134978744237452,1,2,0,0,0,xg_RELIANCE.NS,0.3022682842495862,3.711427193150461
2024-02-21,1456.916748046875,1477.5888193115914,1446.8414171157522,1463.170510366537,12720292,63.075794699118966,1430.719348144531,1427.2964699587071,34.0389791359853,37.091950376290214,1357.317401977882,1430.719348144531,1504.1212943111802,-0.0022603054647595,-0.0092312438113593,0.0177166190256679,-0.00226286381098,0.0072961356614883,0.0189823366004311,0.3843442180402934,-0.3097524247340765,-0.0092312438113593,0.0177166190256679,-0.0269478628370272,1457.98876953125,1454.5938720703125,1430.7193481445313,1.002333914315276,1.0166870769985348,0.0187172131992275,0.787186392517818,9510124.0,1.3375526964736382,-0.0020183055777382,0.009191620663659,-0.0068169936323884,0.0111085203037322,-0.0057504517598746,0.0100503823961597,1.758461973300207e-05,2,2,0,0,1,xg_RELIANCE.NS,0.40516437082417817,4.9748456650215385
2024-02-22,1470.863525390625,1474.0399663973683,1447.2880175600008,1457.36346935178,18493728,65.7320191821663,1437.562451171875,1431.4457133331755,33.47217039647944,36.367994380328064,1377.8915785882712,1437.562451171875,1497.2333237554788,0.0095728032246502,0.0075819633062075,0.0218085004890966,0.0095272742730445,0.0076312276568866,0.0189530322002914,0.4026176370413309,1.2542607027730135,0.0075819633062075,0.0218085004890966,-0.0142265371828891,1460.202392578125,1457.7331420898438,1437.562451171875,1.0016938974747749,1.014031175411911,0.0153922787637537,0.4538760588200334,9890033.4,1.8699358487503317,-0.0022603054647595,-0.0020183055777382,0.009191620663659,-0.0072736244199861,0.0087788239322526,0.0055299202015401,0.0217642907648494,3,2,0,0,1,xg_RELIANCE.NS,0.3238797251536641,3.97678513387417
2024-02-23,1482.6512451171875,1486.5474563697878,1472.4517119404402,1478.556551746289,14438584,67.8379220478816,1444.5383239746093,1436.3224306459388,33.586971158284996,35.811789735919454,1400.8748187986334,1444.5383239746093,1488.2018291505851,0.0080141491872482,0.0226281248942294,0.0225056183227827,0.0079822064427723,0.0076855707686702,0.0189606205041053,0.4053224652927883,1.042616978160562,0.0226281248942294,0.0225056183227827,0.0001225065714467,1466.7638427734375,1460.996496582031,1444.5383239746093,1.0039475427934963,1.01139337900163,0.0149903889212136,-0.2192713118739498,10078212.0,1.4326533317614838,0.0095728032246502,-0.0022603054647595,-0.0020183055777382,-0.0068169936323884,0.0111085203037322,0.0073269112616916,-0.0128113109242109,4,2,0,0,0,xg_RELIANCE.NS,0.30829314481523035,3.785403963137378
2024-02-26,1476.3974609375,1483.5446346905887,1471.607959051116,1482.5768223248915,7513106,65.53683495806118,1446.4876403808594,1440.139100197516,32.795279898547506,35.20848776844507,1400.7329303780978,1446.4876403808594,1492.242350383621,-0.0042179738494019,0.0090399933524061,0.0240816484815971,-0.0042268945949173,0.0075217493502528,0.011254363724152,0.6682813220964633,-0.5606957846149871,0.0090399933524061,0.0240816484815971,-0.0150416551291909,1469.4092529296877,1464.4682983398438,1446.4876403808594,1.0033738897560602,1.0124305645323386,0.0155253670879879,-0.4796507746188961,10162079.6,0.7393276077073103,0.0080141491872482,0.0095728032246502,-0.0022603054647595,0.009191620663659,-0.0072736244199861,-0.0057504517598746,-0.0078003692055688,0,2,0,0,0,xg_RELIANCE.NS,0.33058858795339274,4.059160484274706
2024-02-27,1474.73486328125,1488.9297276070065,1467.1907251784094,1472.1291493159845,10826044,64.90649098063471,1450.3602294921875,1443.4339347769192,31.6686447122313,34.50051915720232,1409.2673383668794,1450.3602294921875,1491.4531206174956,-0.0011261179324937,0.0099420670283645,0.014026452087382,-0.0011267524797204,0.0072363256285323,0.0089372164761988,0.8095939103513098,-0.1555986272130881,0.0099420670283645,0.014026452087382,-0.0040843850590175,1472.3127685546874,1466.508215332031,1450.3602294921875,1.0039580775354482,1.0111337759485433,0.0148857530998189,0.4409545133530659,10473124.6,1.0336976225795085,-0.0042179738494019,0.0080141491872482,0.0095728032246502,-0.0020183055777382,-0.0068169936323884,0.0087788239322526,0.0100503823961597,1,2,0,0,0,xg_RELIANCE.NS,0.3279964009153989,4.027332092200999
2024-02-28,1444.930419921875,1480.3185210789975,1439.5205099276588,1472.1042938560004,8647950,54.741887403135266,1451.799578857422,1443.5764571716768,28.04749465767736,33.20991425729733,1413.8571537993812,1451.799578857422,1489.7420039154626,-0.020210035106284,-0.0082271880950429,-0.017382484727215,-0.0204170518246868,0.00911056284198,0.0099252149247543,0.9178284886074494,-2.21806461271053,-0.0082271880950429,-0.017382484727215,0.009155296632172,1469.9155029296876,1463.9521362304688,1451.799578857422,1.0040734710866803,1.008370685286058,0.0125375753894399,-0.2011902039193633,10626130.8,0.813838090530486,-0.0011261179324937,-0.0042179738494019,0.0080141491872482,-0.0022603054647595,0.009191620663659,0.0111085203037322,0.0055299202015401,2,2,0,0,1,xg_RELIANCE.NS,0.3243351195472784,3.982376733205421
2024-02-29,1450.0675048828125,1468.1088998815817,1443.8385832706604,1454.2365988812116,23628976,56.020311307544794,1453.4945373535156,1444.194652191785,25.300577664153707,31.628046938668607,1419.422823373867,1453.4945373535156,1487.5662513331642,0.0035552472908801,-0.0141386472292115,-0.0066638826274951,0.0035489423385879,0.0090194891050524,0.0099372980840027,0.90754865962118,0.3941302128383344,-0.0141386472292115,-0.0066638826274951,-0.0074747646017163,1465.756298828125,1462.979345703125,1453.4945373535156,1.0018981492344072,1.0065255204652364,0.008455993554314,1.732321070311461,11988350.2,1.9709948079426336,-0.020210035106284,-0.0011261179324937,-0.0042179738494019,0.0095728032246502,-0.0020183055777382,-0.0072736244199861,0.0073269112616916,3,2,0,1,1,xg_RELIANCE.NS,0.416860708956588,5.118460161370962
2024-03-01,1481.1622314453125,1488.979373154373,1451.7548888255135,1452.7475417409498,12132926,62.85918457088929,1455.2031372070314,1447.7153740254544,25.340600056958237,30.370557562326535,1419.1359568666269,1455.2031372070314,1491.270317547436,0.0214436406979638,-0.0010042912497316,0.0216011084166685,0.0212169606726506,0.0110622027328676,0.0099026238774166,1.1169853449395306,1.9382850713073445,-0.0010042912497316,0.0216011084166685,-0.0226053996664001,1465.45849609375,1466.1111694335937,1455.2031372070312,0.9995548268416128,1.0074958828411391,0.0069238592971086,-0.4865234109171722,12224893.0,0.992477071169376,0.0035552472908801,-0.020210035106284,-0.0011261179324937,0.0080141491872482,-0.0022603054647595,-0.0068169936323884,-0.0057504517598746,4,3,1,0,1,xg_RELIANCE.NS,0.3880383574900862,4.764562433500224
2024-03-04,1496.3250732421875,1501.337897909408,1476.2982516112518,1479.524373681886,10024420,65.66314251565655,1458.5967712402344,1452.3448691889528,26.292746290878313,29.554995308036897,1420.4169381503566,1458.5967712402344,1496.776604330112,0.0102371242494343,0.0134974577184883,0.022659467998944,0.0101850797820697,0.0111403461998943,0.0095181491080037,1.1703090342946223,0.9188408712702436,0.0134974577184883,0.022659467998944,-0.0091620102804557,1469.4440185546875,1469.4266357421875,1458.5967712402344,1.0000118296566003,1.0074248515528692,0.0072492585390885,-0.1737838012034359,12554352.2,0.7984816612042477,0.0214436406979638,0.0035552472908801,-0.020210035106284,-0.0042179738494019,0.0095728032246502,0.009191620663659,0.0087788239322526,0,3,0,0,0,xg_RELIANCE.NS,0.30775941176633936,3.7788504758720665
2024-03-05,1489.177978515625,1496.3251528023525,1475.1320355384912,1494.712091681268,7107668,63.239642187028224,1462.190173339844,1455.8527843629215,26.16895876045305,28.877787998520127,1426.9573235226012,1462.190173339844,1497.4230231570868,-0.0047764318424982,0.0097937029862027,0.0198331396661122,-0.0047878754473442,0.0112922186994345,0.0093710237057467,1.2048858447200046,-0.4229469002258278,0.0097937029862027,0.0198331396661122,-0.0100394366799094,1472.3326416015625,1472.322705078125,1462.1901733398438,1.000006748876047,1.006929694866665,0.0068107831354237,-0.2909646642898043,12553369.4,0.5661960365795843,0.0102371242494343,0.0214436406979638,0.0035552472908801,-0.0011261179324937,0.0080141491872482,-0.0020183055777382,0.0111085203037322,1,3,0,0,1,xg_RELIANCE.NS,0.34697564788046975,4.260370412667063
2024-03-06,1491.957275390625,1497.9131926576536,1467.6372798835923,1482.477391937893,7805676,63.79918059735529,1465.2103149414063,1459.291307317941,25.995462767835537,28.30132295238321,1430.686372335985,1465.2103149414063,1499.734257546828,0.001866329555699,0.0325461038264338,0.0240511528134499,0.0018645901265896,0.0111932570133649,0.0092019553906664,1.2162676594865391,0.1667220569860837,0.0325461038264338,0.0240511528134499,0.0084949510129839,1481.7380126953126,1475.8267578125,1465.2103149414063,1.0040053853553748,1.0072456784960038,0.0110778626348928,0.0982049245969283,12061907.8,0.6471344441879544,-0.0047764318424982,0.0102371242494343,0.0214436406979638,-0.020210035106284,-0.0042179738494019,-0.0022603054647595,-0.0072736244199861,2,3,0,0,0,xg_RELIANCE.NS,0.29766155203104994,3.654863034360582
2024-03-07,1468.059326171875,1492.056638756749,1464.7091224345347,1491.9325571368477,8315726,55.91766752205724,1466.6397399902346,1460.1263567326014,23.656899157675525,27.37243819344167,1434.3050826017218,1466.6397399902346,1498.9743973787474,-0.0160178509216981,0.0124075749773571,-0.0019064985774294,-0.0161475232750252,0.0122552349209583,0.0100065696565448,1.224596514593684,-1.3069144827101302,0.0124075749773571,-0.0019064985774294,0.0143140735547865,1485.336376953125,1475.546337890625,1466.6397399902344,1.0066348570770711,1.0060727918776085,0.0127356140379177,0.0653434756964035,11044107.6,0.7529559020231972,0.001866329555699,-0.0047764318424982,0.0102371242494343,0.0035552472908801,-0.0011261179324937,0.0095728032246502,-0.0068169936323884,3,3,0,0,0,xg_RELIANCE.NS,0.30046037102924134,3.6892285747757207
2024-03-11,1455.8248291015625,1478.060279979328,1452.747629113329,1478.060279979328,11277130,52.352022271700626,1466.930096435547,1459.7166874344073,20.57912563233799,26.013775681220935,1435.1239342443394,1466.930096435547,1498.7362586267548,-0.0083337892769056,-0.0171064329118262,-0.0180935443206704,-0.0083687094456523,0.0121389599037276,0.0101003029647344,1.2017221883262963,-0.6864758486019984,-0.0171064329118262,-0.0180935443206704,0.0009871114088442,1480.268896484375,1472.8636962890623,1466.9300964355468,1.005027756617242,1.0040449097526416,0.0091623660911595,0.3561209207710787,10727962.2,1.051190318325222,-0.0160178509216981,0.001866329555699,-0.0047764318424982,0.0214436406979638,-0.020210035106284,0.0080141491872482,0.009191620663659,0,3,0,0,1,xg_RELIANCE.NS,0.3194824857317828,3.9227932504528584
2024-03-12,1464.5849609375,1477.0675227494196,1454.261346490045,1455.8247263461558,9432678,54.585064769982495,1468.0753723144533,1460.18033252994,18.63205859361756,24.537432263700264,1438.5281832192247,1468.0753723144533,1497.6225614096818,0.0060172980023589,-0.0212120433402309,-0.00800089427985,0.0059992663630765,0.0123383617863815,0.0100751861724585,1.2245071275187625,0.4876506667468011,-0.0212120433402309,-0.00800089427985,-0.0132111490603809,1473.9208740234376,1471.6824462890625,1468.075372314453,1.0015209991394676,1.0024570087085671,0.0039912342847237,-0.1635568624286498,10919919.4,0.8638047273498315,-0.0083337892769056,-0.0160178509216981,0.001866329555699,0.0102371242494343,0.0035552472908801,-0.0042179738494019,-0.0020183055777382,1,3,0,0,0,xg_RELIANCE.NS,0.3122446750543705,3.833923167924312
2024-03-13,1421.6527099609375,1472.2034859914554,1417.2850129833478,1468.9029635812572,13522134,43.76085870421087,1466.4412231445312,1456.511035142416,13.469452618214746,22.32383633460316,1430.7236209579714,1466.4412231445312,1502.158825331091,-0.0293135954018542,-0.0453439881121495,-0.035994370677727,-0.0297518241329814,0.0153016949783043,0.0119254041159,1.2830099357361573,-1.9155838526098905,-0.0453439881121495,-0.035994370677727,-0.0093496174344225,1460.4158203125,1466.3742309570312,1466.4412231445312,0.995936637102084,0.9999543164864416,-0.0042383085473784,0.4335413548517186,11189528.4,1.208463262848396,0.0060172980023589,-0.0083337892769056,-0.0160178509216981,-0.0047764318424982,0.0214436406979638,-0.0011261179324937,-0.0022603054647595,2,3,0,0,0,xg_RELIANCE.NS,0.32404569564178365,3.9788230168243994
2024-03-14,1420.957763671875,1437.8825438227764,1415.0266869213976,1429.1223094125826,18571102,43.610107204989966,1463.96455078125,1453.125009288079,9.215740510515843,19.702217169785698,1422.9524516220122,1463.96455078125,1504.9766499404875,-0.0004888298556977,-0.0475881668261317,-0.0165908724181308,-0.0004889493719613,0.0141434110507878,0.0115790983443451,1.2213550032322884,-0.0345599299923151,-0.0475881668261317,-0.0165908724181308,-0.0309972944080009,1446.21591796875,1463.976965332031,1463.96455078125,0.9878679461604418,1.00000848008975,-0.012490612505354,0.3733854434514552,12181843.6,1.524490266809736,-0.0293135954018542,0.0060172980023589,-0.0083337892769056,0.001866329555699,0.0102371242494343,-0.020210035106284,0.0095728032246502,3,3,0,0,0,xg_RELIANCE.NS,0.29088999400417637,3.5717178752072556
2024-03-15,1407.80517578125,1422.694969713975,1402.5193474045138,1415.4733954219128,19223818,40.74897978050903,1461.3650390625,1448.8088346683808,4.728828109955202,16.7075393578196,1413.2624999869506,1461.3650390625,1509.4675781380497,-0.0092561427418065,-0.0410434028900891,-0.0291450770114167,-0.0092992470234776,0.0142065559851064,0.0116381301222571,1.2205857169634786,-0.6514943704258193,-0.0410434028900891,-0.0291450770114167,-0.0118983258786723,1434.165087890625,1459.750732421875,1461.3650390625,0.9824725934620352,0.998895343328002,-0.0193208205508838,0.0351468641979351,11741327.8,1.6372780257441035,-0.0004888298556977,-0.0293135954018542,0.0060172980023589,-0.0160178509216981,-0.0047764318424982,0.0035552472908801,0.0080141491872482,4,3,0,0,1,xg_RELIANCE.NS,0.31593624346698995,3.8792504090074624
2024-03-18,1428.899169921875,1431.1326391984185,1406.1178317705178,1409.56727675182,9169392,46.77958119831137,1460.3177978515623,1446.9126761210946,2.8422629058054554,13.93448406741677,1410.285867707784,1460.3177978515623,1510.349727995341,0.0149836032027081,-0.0184951229306236,-0.035285170262841,0.0148724578831753,0.0130807805079546,0.0121480262962861,1.0766937356908437,1.1453794988837394,-0.0184951229306236,-0.035285170262841,0.0167900473322174,1428.7799560546875,1454.5244262695312,1460.3177978515623,0.9823004208455464,0.9960328008118816,-0.0220714256546172,-0.5230192046137765,11444974.4,0.8011719100043769,-0.0092561427418065,-0.0004888298556977,-0.0293135954018542,-0.0083337892769056,0.001866329555699,0.0214436406979638,-0.0042179738494019,0,3,0,0,0,xg_RELIANCE.NS,0.4204644892491187,5.162709488451517
2024-03-19,1414.778564453125,1427.0378036957163,1406.8373411480031,1418.252849649116,8275764,43.58179730594825,1457.8982055664064,1443.852284533669,0.2053642280579879,11.188660099545016,1403.922055850736,1457.8982055664064,1511.874355282077,-0.0098821566741633,-0.0340071746008461,-0.0544978562795651,-0.0099313092749842,0.0122527777341782,0.0120826946780656,1.0139926620638204,-0.806457966558349,-0.0340071746008461,-0.0544978562795651,0.020490681678719,1418.8186767578125,1446.369775390625,1457.8982055664062,0.9809515525686564,0.992092431329043,-0.027622364227507,-0.0974577158441911,11270108.8,0.734310923422431,0.0149836032027081,-0.0092561427418065,-0.0004888298556977,0.0060172980023589,-0.0160178509216981,0.0102371242494343,-0.0011261179324937,1,3,0,0,1,xg_RELIANCE.NS,0.2786391576757915,3.421294924943444
2024-03-20,1433.1427001953125,1434.3835163859578,1413.562644941621,1417.4587350761735,8488806,48.51133582484175,1456.544476318359,1442.8323241204923,-0.397977061148822,8.871332667406248,1401.4664020398186,1456.544476318359,1511.6225505969,0.0129802190983052,0.0080821357803275,-0.0376283286005659,0.0128966980258464,0.0135865782171837,0.0125138148984301,1.0856395661823242,0.9553004141598694,0.0080821357803275,-0.0376283286005659,0.0457104643808935,1421.1166748046876,1440.7662475585937,1456.544476318359,0.98636172051698,0.9891673553287932,-0.0247203586278209,0.0257428800531285,11408222.6,0.7440954036082059,-0.0098821566741633,0.0149836032027081,-0.0092561427418065,-0.0293135954018542,-0.0083337892769056,-0.0047764318424982,-0.020210035106284,2,3,0,0,1,xg_RELIANCE.NS,0.3018769166660865,3.7066217525283185
2024-03-21,1440.3145751953125,1447.1887452733042,1434.060934378195,1441.8532357214951,13006936,50.33637558022702,1455.7143676757812,1442.5925385085704,-0.2940296146737182,7.038260210990256,1400.1615246263434,1455.7143676757812,1511.267210725219,0.0050042992920542,0.0136223693752992,-0.0346140610372314,0.0049918194044309,0.0137656226838635,0.0125763257936236,1.0944792962938392,0.3635095845199569,0.0136223693752992,-0.0346140610372314,0.0482364304125306,1424.988037109375,1435.6019775390623,1455.7143676757812,0.9926066273272468,0.9861838348351054,-0.0213330692444319,0.5322456420844108,11928348.6,1.0904221897068729,0.0129802190983052,-0.0098821566741633,0.0149836032027081,-0.0004888298556977,0.0060172980023589,0.001866329555699,0.0035552472908801,3,3,0,0,1,xg_RELIANCE.NS,0.38845185296283186,4.769639573318591
2024-03-22,1444.3348388671875,1449.2732629085035,1436.716179238339,1439.321893152815,19527608,51.37680050279717,1454.3879333496095,1442.7584718760577,0.111466251570846,5.6529014191063744,1399.0918491679647,1454.3879333496095,1509.6840175312543,0.0027912400118077,0.0259479533918218,-0.016160441803501,0.002787351735134,0.013124739506502,0.0123804216762696,1.060034933763465,0.212653924026533,0.0259479533918218,-0.016160441803501,0.0421083951953229,1432.2939697265624,1433.2295288085938,1454.3879333496093,0.9993472370871336,0.985452021392748,-0.015296981716771,0.5013226789153111,13049536.8,1.496421543483329,0.0050042992920542,0.0129802190983052,-0.0098821566741633,-0.0092561427418065,-0.0293135954018542,-0.0160178509216981,0.0214436406979638,4,3,0,0,0,xg_RELIANCE.NS,0.41960141690198105,5.152112180213323
2024-03-26,1430.983642578125,1441.7291835759677,1428.4276096750873,1434.3835274360674,11415906,47.795738510979675,1451.8045532226563,1441.637059561969,-0.6371605230237947,4.394889030680341,1397.2453832673636,1451.8045532226563,1506.363723177949,-0.0092438373220533,0.0014587961838929,-0.0170633073614823,-0.0092868267160035,0.0131800438019517,0.0123324129909069,1.068645298075148,-0.7012978229148007,0.0014587961838929,-0.0170633073614823,0.0185221035453753,1432.7108642578123,1430.74541015625,1451.8045532226563,1.00137372735052,0.9854945054279792,-0.0133430518677653,-0.4153966015704534,13063414.4,0.8738837834003892,0.0027912400118077,0.0050042992920542,0.0129802190983052,0.0149836032027081,-0.0004888298556977,-0.0083337892769056,0.0102371242494343,1,3,0,0,1,xg_RELIANCE.NS,0.314292533822378,3.859067978396849
2024-03-27,1481.8818359375,1488.979328303771,1436.368725370371,1437.3613782559069,16326644,59.41081314507893,1452.0787719726563,1445.4698954072576,2.8438243577199955,4.084676096088272,1396.947030648747,1452.0787719726563,1507.2105132965658,0.0355686758708677,0.0474302291329338,0.0118100864486059,0.0349507211134021,0.0176446140691987,0.0148556142615942,1.187660509892332,2.015723325432723,0.0474302291329338,0.0118100864486059,0.0356201426843278,1446.1315185546875,1432.47509765625,1452.0787719726563,1.009533443841908,0.986499579296394,-0.004013311502807,0.4301662960434327,13752811.0,1.1871495943628407,-0.0092438373220533,0.0027912400118077,0.0050042992920542,-0.0098821566741633,-0.0092561427418065,0.0060172980023589,-0.0047764318424982,2,3,0,0,0,xg_RELIANCE.NS,0.37167107779413816,4.56359537838146
2024-03-28,1474.933349609375,1494.8856495085238,1467.786296896486,1481.90676076149,21854364,57.5290046199686,1452.0886962890625,1448.275938664602,4.984388253976704,4.2646185276659585,1396.939714225815,1452.0886962890625,1507.2376783523102,-0.0046889611301086,0.029160145328422,0.037477957362668,-0.0046999887940444,0.0142957772137294,0.0148947991676443,0.959718713500232,-0.3279732949608914,0.029160145328422,0.037477957362668,-0.0083178120342459,1454.4896484375,1437.8031616210938,1452.0886962890625,1.0116055432772817,0.9901620784567248,0.001627837725056,0.338570498627887,14586034.0,1.4983074905761566,0.0355686758708677,-0.0092438373220533,0.0027912400118077,0.0129802190983052,0.0149836032027081,-0.0293135954018542,0.001866329555699,3,3,0,0,0,xg_RELIANCE.NS,0.34452282560735553,4.230253222876538
2024-04-01,1473.8662109375,1482.99856900626,1471.60790139039,1481.5095896793896,5013880,57.22919682476066,1453.535485839844,1450.713107452497,6.5195382130712005,4.715602464747008,1397.6637270740152,1453.535485839844,1509.4072446056723,-0.0007235165386677,0.0232946582087025,0.0372343560225922,-0.0007237784030742,0.01430374839587,0.0141122944950744,1.013494645127833,-0.0505787671789209,0.0232946582087025,0.0372343560225922,-0.0139396978138897,1461.1999755859374,1443.0940063476562,1453.5354858398437,1.0125466318608765,0.9928164949573596,0.0052002615225289,-0.7705776292551914,13230311.8,0.3789691487089231,-0.0046889611301086,0.0355686758708677,-0.0092438373220533,0.0050042992920542,-0.0098821566741633,-0.0004888298556977,-0.0160178509216981,0,4,1,0,1,xg_RELIANCE.NS,0.5105726283063654,6.269110044009328
2024-04-02,1476.025146484375,1483.0233977342266,1464.1629930776332,1473.0968689675983,8910166,57.7093763657772,1454.8333679199218,1453.1237778364855,7.820217076920926,5.3365253871817915,1398.1014558622817,1454.8333679199218,1511.565279977562,0.0014648110736603,0.0219411086435072,0.0484583888997758,0.0014637392844374,0.0136050307380639,0.014100781273952,0.964773915703424,0.1076589566685632,0.0219411086435072,0.0484583888997758,-0.0265172802562685,1467.538037109375,1449.9160034179688,1454.8333679199218,1.0121538307390667,0.9966199809473824,0.0086073528081234,0.7770999704819421,12198946.6,0.730404541651102,-0.0007235165386677,-0.0046889611301086,0.0355686758708677,0.0027912400118077,0.0129802190983052,-0.0092561427418065,-0.0083337892769056,1,4,0,0,0,xg_RELIANCE.NS,0.3911680961450287,4.802991199456418
2024-04-03,1460.7880859375,1473.5436523631188,1458.1079713887636,1471.186101560143,7008292,53.172186384679115,1453.8146606445312,1453.853711941344,7.534656176460885,5.77615154503761,1398.3559684037546,1453.8146606445312,1509.2733528853078,-0.0103230358799556,0.0208279413352887,0.0223171212405199,-0.0103766879692024,0.0138568758669322,0.0134486403634715,1.0302785422104497,-0.744921947568351,0.0208279413352887,0.0223171212405199,-0.0014891799052312,1473.49892578125,1453.104895019531,1453.8146606445312,1.0140347959955391,0.9995117908463758,0.0134750997261083,-0.2134498953218155,11982836.6,0.5848608500594438,0.0014648110736603,-0.0007235165386677,-0.0046889611301086,-0.0092438373220533,0.0050042992920542,0.0149836032027081,0.0060172980023589,2,4,0,0,0,xg_RELIANCE.NS,0.30874717367771476,3.790978795676899
2024-04-04,1452.1767578125,1468.8780939901114,1439.3466709144527,1468.8780939901114,14490272,50.74401659431993,1451.6072448730467,1453.6940020243112,6.5381175444597375,5.928544744922036,1399.8842784833282,1451.6072448730467,1503.3302112627653,-0.00589498792323,-0.0200455106504543,0.0264339553192418,-0.0059124319532193,0.0135208558618325,0.0132462843941186,1.0206511357026031,-0.4359599735025689,-0.0200455106504543,0.0264339553192418,-0.0464794659696962,1467.55791015625,1456.8447143554688,1451.607244873047,1.0073536978205129,1.0036080485964232,0.0109839695459873,1.067589649518028,12604287.4,1.1496304027468345,-0.0103230358799556,0.0014648110736603,-0.0007235165386677,0.0355686758708677,0.0027912400118077,-0.0098821566741633,-0.0293135954018542,3,4,0,0,0,xg_RELIANCE.NS,0.3905247062614919,4.795091281291055
2024-04-05,1449.3724365234375,1459.9938949751336,1445.3025839763254,1450.1417667351743,7442298,49.94414290373537,1449.6169677734374,1453.2824243575612,5.459138655366132,5.834663527010855,1401.0117477137835,1449.6169677734374,1498.222187833091,-0.0019311156675492,-0.0173302156959886,0.0113245780241655,-0.0019329826754024,0.0130752408104374,0.0132235233549052,0.9887116880917746,-0.1476812560692366,-0.0173302156959886,0.0113245780241655,-0.0286547937201542,1462.4457275390623,1458.467687988281,1449.6169677734374,1.002727547263161,1.0061055578208624,0.0088512513708326,-0.4863934921304444,12499636.6,0.5954011495021707,-0.00589498792323,-0.0103230358799556,0.0014648110736603,-0.0046889611301086,-0.0092438373220533,0.0129802190983052,-0.0004888298556977,4,4,0,0,1,xg_RELIANCE.NS,0.31505556429457937,3.8684369138468955
2024-04-08,1475.057373046875,1480.0206375610207,1450.265891033407,1452.226356281804,8357118,56.67956465895329,1448.77197265625,1455.3562289946387,6.600513223839016,5.987833466376488,1402.7469166258152,1448.77197265625,1494.7970286866848,0.0177214191992274,0.0008081887626809,0.0241216734523783,0.0175662256673838,0.0140669408843343,0.0138804518261283,1.0133623673178664,1.2597024216217405,0.0008081887626809,0.0241216734523783,-0.0233134846896974,1462.6839599609375,1461.9419677734377,1448.77197265625,1.0005075387422049,1.0090904540988883,0.0094314889433425,0.1229217104716848,12034654.8,0.6944210813590852,-0.0019311156675492,-0.00589498792323,-0.0103230358799556,-0.0007235165386677,0.0355686758708677,0.0050042992920542,-0.0092561427418065,0,4,0,0,0,xg_RELIANCE.NS,0.3135343656253099,3.849758744811307
2024-04-09,1452.896484375,1478.8543827139297,1451.7549092714803,1478.060211901015,7071414,50.38063331934339,1448.0138305664063,1455.1219676022922,5.651712855241385,5.920609344149468,1402.8347332335964,1448.0138305664063,1493.1929278992163,-0.0150237469245684,-0.0156695583164442,0.0059277428456461,-0.0151377466535249,0.0151116034422078,0.0138235400133445,1.093099909843004,-0.9941203699296906,-0.0156695583164442,0.0059277428456461,-0.0215973011620903,1458.0582275390625,1462.7981323242188,1448.0138305664063,0.9967597000020604,1.0102100556263538,0.0069133603671544,-0.1538453806683117,10789035.4,0.6554259707034925,0.0177214191992274,-0.0019311156675492,-0.00589498792323,0.0014648110736603,-0.0046889611301086,0.0027912400118077,0.0149836032027081,1,4,0,0,1,xg_RELIANCE.NS,0.28072995818622243,3.4469669993032497
2024-04-10,1468.7044677734375,1476.0749645358123,1455.5766564963697,1455.5766564963697,9138330,54.28352987918443,1448.6578125,1456.4155390471633,6.1049794716825545,5.957483369656085,1402.6503463201295,1448.6578125,1494.6652786798702,0.0108803232497582,0.0054192541082076,0.0263600673501431,0.0108215584021857,0.0149807467182918,0.0139126141561145,1.0766970069892554,0.7262386325403591,0.0054192541082076,0.0263600673501431,-0.0209408132419355,1459.64150390625,1466.57021484375,1448.6578125,0.9952755682153016,1.0123648263856306,0.00747848981688,0.2922917538133109,10561277.8,0.8652674584508263,-0.0150237469245684,0.0177214191992274,-0.0019311156675492,-0.0103230358799556,-0.0007235165386677,-0.0092438373220533,-0.0098821566741633,2,4,0,0,0,xg_RELIANCE.NS,0.28971320890930935,3.5572686179442035
2024-04-12,1456.370849609375,1475.5538200544618,1452.325715995779,1465.0317226594827,15551012,50.91834582839069,1448.2471069335938,1456.411282910231,5.40665210142879,5.847317116010626,1402.6938846471032,1448.2471069335938,1493.8003292200844,-0.0083976173795946,0.0028881413879622,-0.0172152635314445,-0.0084330760200295,0.0098304922034513,0.0139866830143651,0.7027963239769984,-0.8541549142099416,0.0028881413879622,-0.0172152635314445,0.0201034049194067,1460.480322265625,1464.0191162109377,1448.2471069335938,0.9975828225833068,1.010890413108256,0.0083997941426199,0.7017345620042175,10483714.6,1.4833494227321409,0.0108803232497582,-0.0150237469245684,0.0177214191992274,-0.00589498792323,0.0014648110736603,0.0355686758708677,0.0129802190983052,4,4,0,0,0,xg_RELIANCE.NS,0.41902921064211857,5.145086296309502
2024-04-15,1454.062744140625,1471.2356878788278,1435.6986653849476,1450.2658952456557,12902062,50.290037901982714,1449.867608642578,1456.1876125512208,4.613792875358968,5.600612267880295,1406.0239979137982,1449.867608642578,1493.711219371358,-0.0015848336083965,0.0032360954982957,-0.014150202430691,-0.0015860907856337,0.0097741786973769,0.012209058918309,0.800502173066548,-0.1621283515586089,0.0032360954982957,-0.014150202430691,0.0173862979289868,1461.4183837890623,1461.9320556640623,1449.867608642578,0.999648634919106,1.0083210680406742,0.0079437941677758,-0.1703393965614584,9588484.4,1.3455788695863815,-0.0083976173795946,0.0108803232497582,-0.0150237469245684,-0.0019311156675492,-0.0103230358799556,-0.0046889611301086,0.0050042992920542,0,4,0,0,0,xg_RELIANCE.NS,0.3082835787565834,3.7852865054613876
2024-04-16,1454.98095703125,1460.3661473678603,1440.2649265731254,1442.6720371000315,9366184,50.551449131507965,1451.5687683105468,1456.0726929778905,4.013275787800239,5.283144971864284,1409.8599183864785,1451.5687683105468,1493.2776182346151,0.0006314809277145,-0.0136106000908664,-0.0128134112622321,0.0006312816275322,0.0097936824276927,0.012203482111593,0.8024660397830127,0.0644718123712913,-0.0136106000908664,-0.0128134112622321,-0.0007971888286343,1457.4031005859374,1460.0435302734377,1451.5687683105468,0.9981915404350954,1.0058383468616194,0.0040099028425052,-0.2740552634144837,10023714.8,0.9344024831990496,-0.0015848336083965,-0.0083976173795946,0.0108803232497582,0.0177214191992274,-0.00589498792323,-0.0007235165386677,0.0027912400118077,1,4,0,0,0,xg_RELIANCE.NS,0.3211792299009139,3.9436268700460175
2024-04-18,1453.5665283203125,1475.082330158598,1448.628103973215,1452.7476380801534,19005692,50.11426485607016,1453.8568359374997,1455.8340106295495,3.3842179355604003,4.903359564603508,1417.590953132796,1453.8568359374997,1490.1227187422037,-0.0009721286757068,0.0004611780347179,-0.0152156067378356,-0.0009726014992432,0.0097489594616237,0.0119662663028231,0.8146354576670432,-0.099705919756198,0.0004611780347179,-0.0152156067378356,0.0156767847725535,1457.537109375,1457.7976684570312,1453.8568359375,0.999821265263576,1.0027106056264403,0.0025318919814099,1.029182001976472,11033267.4,1.7225805657531943,0.0006314809277145,-0.0015848336083965,-0.0083976173795946,-0.0150237469245684,-0.0019311156675492,0.0014648110736603,-0.0092438373220533,3,4,0,0,1,xg_RELIANCE.NS,0.466700667980369,5.73042439600971
2024-04-19,1459.323974609375,1463.1705049395248,1432.42310285773,1446.0720814485835,15741778,51.936400608194255,1455.378076171875,1456.1663881514376,3.3120832204197086,4.585104295766748,1421.0177906837591,1455.378076171875,1489.7383616599907,0.0039609100628614,-0.0063869167486658,-0.0010022749652872,0.0039530863112444,0.0093490952283783,0.0115679147076823,0.8081220637031807,0.4236224301587628,-0.0063869167486658,-0.0010022749652872,-0.0053846417833786,1455.6610107421875,1457.6512573242187,1455.378076171875,0.9986346208861476,1.0015619179576505,0.0001938805743175,-0.1717334996273748,11906616.0,1.322103442321368,-0.0009721286757068,0.0006314809277145,-0.0015848336083965,0.0108803232497582,0.0177214191992274,-0.0103230358799556,0.0355686758708677,4,4,0,0,1,xg_RELIANCE.NS,0.3126926731779435,3.8394239515160717
2024-04-22,1468.9774169921875,1471.930535229808,1457.0160218672338,1461.6317610616636,10350362,54.91025133006832,1458.088018798828,1457.3864861362708,3.987898055671394,4.465663047747678,1429.0771869649782,1458.088018798828,1487.0988506326778,0.0066150097927339,0.0086561519589558,0.0115692935376512,0.0065932266265908,0.0093186471605448,0.0113280263148032,0.8225461660697615,0.7097918707415178,0.0086561519589558,0.0115692935376512,-0.0029131415786953,1458.18232421875,1459.3313232421874,1458.0880187988282,0.9992126537646812,1.0008526950549823,6.419800524560421e-05,-0.3424909181161111,11492625.0,0.9006090427556019,0.0039609100628614,-0.0009721286757068,0.0006314809277145,-0.0083976173795946,-0.0150237469245684,-0.00589498792323,-0.0046889611301086,0,4,0,0,0,xg_RELIANCE.NS,0.3559033512130363,4.369989987883588
2024-04-23,1448.603271484375,1482.527235777458,1444.8561033979945,1468.1337674689391,14605554,48.14019070543596,1458.8610473632812,1456.549989502757,2.8466485207791266,4.141860142353968,1431.8972323290716,1458.8610473632812,1485.8248623974907,-0.0138696111132393,-0.0037546334766156,-0.0005306883308112,-0.0139666928722084,0.01045802034946,0.0115400083027212,0.9061617559874868,-1.326090843102273,-0.0037546334766156,-0.0005306883308112,-0.0032239451458043,1457.0904296875,1459.2544067382812,1458.8610473632812,0.9985170666329404,1.000269634572608,-0.0012222930257272,0.4111152827311741,12208950.6,1.196298885835348,0.0066150097927339,0.0039609100628614,-0.0009721286757068,-0.0015848336083965,0.0108803232497582,-0.0019311156675492,-0.0007235165386677,1,4,0,0,0,xg_RELIANCE.NS,0.28520939900955933,3.5019681997206686
2024-04-24,1439.5205078125,1457.7605053579202,1438.8504186169605,1452.7475596039474,10462776,45.4499225681211,1458.8213439941403,1454.928134103685,1.1955157601209976,3.552591265907374,1431.7404589554149,1458.8213439941403,1485.9022290328662,-0.0062700146069447,-0.0106258773656361,-0.0240918528890643,-0.0062897537013935,0.0085104579770253,0.0115887663825831,0.7343079831026401,-0.736655767304397,-0.0106258773656361,-0.0240918528890643,0.0134659755234282,1453.99833984375,1455.7007202148438,1458.8213439941403,0.998830542330952,0.9978608595273548,-0.0033504240642736,-0.283644016515909,12419516.4,0.8424463290695567,-0.0138696111132393,0.0066150097927339,0.0039609100628614,0.0006314809277145,-0.0083976173795946,0.0177214191992274,0.0014648110736603,2,4,0,0,1,xg_RELIANCE.NS,0.3168803071723823,3.890842176621978
2024-04-25,1449.2484130859375,1457.189636393573,1430.9091747445573,1431.9018276580116,15943926,48.75316759833226,1459.0670227050782,1454.3872082924709,0.6642843511033334,2.974929882946566,1432.454389758801,1459.0670227050782,1485.6796556513557,0.0067577399701099,-0.0029707035421109,-0.0025108955306143,0.0067350087954727,0.0076669901089421,0.0116720498051492,0.6568112221674962,0.8812922127050434,-0.0029707035421109,-0.0025108955306143,-0.0004598080114965,1453.134716796875,1455.3359130859376,1459.0670227050782,0.9984874995049114,0.9974428113574776,-0.0040933671927032,0.5238714849672783,13306767.6,1.198181743250615,-0.0062700146069447,-0.0138696111132393,0.0066150097927339,-0.0009721286757068,-0.0015848336083965,-0.0150237469245684,-0.0103230358799556,3,4,0,0,0,xg_RELIANCE.NS,0.4549243982248036,5.585828452332762
2024-04-26,1441.8780517578125,1454.236532179651,1439.3467383348082,1453.194198141131,9413848,46.45777007355462,1459.6117431640623,1453.1958600510748,-0.3474418371354204,2.3104555389301686,1435.052670753646,1459.6117431640623,1484.170815574479,-0.0050856438838052,-0.0119547976700871,-0.0182653601212869,-0.0050986197832258,0.0066987154558248,0.0115305181588597,0.5809049045877906,-0.7590835636734021,-0.0119547976700871,-0.0182653601212869,0.0063105624511998,1449.6455322265624,1452.653271484375,1459.6117431640623,0.9979294857782964,0.9952326557303496,-0.006911965214638,-0.4095652476058907,13334319.4,0.705986388776565,0.0067577399701099,-0.0062700146069447,-0.0138696111132393,0.0039609100628614,0.0006314809277145,0.0108803232497582,-0.00589498792323,4,4,0,0,1,xg_RELIANCE.NS,0.30398311695796487,3.7324829144325697
2024-04-29,1454.2613525390625,1457.1152296530197,1439.3467183436048,1439.3467183436048,7247974,50.66095176959562,1458.2307189941405,1453.2973355261213,-0.1483036962297319,1.8187036918981887,1435.943227711598,1458.2307189941405,1480.518210276683,0.0085883135305051,-0.0100178969961682,-0.0014484614759202,0.0085516437705415,0.0069930189129593,0.0083419457938887,0.8381954151112703,1.2279511447404992,-0.0100178969961682,-0.0014484614759202,-0.008569435520248,1446.7023193359375,1452.4423217773438,1458.2307189941407,0.9960480341591932,0.9960305340290804,-0.0079273231307943,-0.2300731858003231,12504015.6,0.5796517080480467,-0.0050856438838052,0.0067577399701099,-0.0062700146069447,0.0066150097927339,-0.0009721286757068,-0.0083976173795946,-0.0019311156675492,0,4,0,0,1,xg_RELIANCE.NS,0.3789703273923122,4.6532198439965375
2024-04-30,1456.221923828125,1472.178772035999,1452.1272302795285,1457.214576809603,11474262,51.31262364998017,1457.295147705078,1453.5758677453598,0.1658051346184947,1.48812398044225,1436.4345588894423,1457.295147705078,1478.1557365207134,0.0013481560832511,0.0052593090832544,0.0014849288286911,0.0013472481367831,0.0069863931599431,0.0083070560854509,0.8409179100485065,0.1929412088874184,0.0052593090832544,0.0014849288286911,0.0037743802545633,1448.2260498046876,1452.6582397460938,1457.295147705078,0.9969489107484903,0.9968181408095084,-0.0062278267838116,0.583099221934295,12361235.6,0.9282455549992972,0.0085883135305051,-0.0050856438838052,0.0067577399701099,-0.0138696111132393,0.0039609100628614,-0.0015848336083965,0.0177214191992274,1,4,0,1,0,xg_RELIANCE.NS,0.4461955651781157,5.478650723070245
2024-05-02,1455.775146484375,1466.4708844514234,1453.3679147531318,1461.1850562736174,14512646,51.14683676170596,1456.390594482422,1453.7853228633612,0.3743719218543901,1.265373568724678,1437.0413079532284,1456.390594482422,1475.7398810116154,-0.0003068058078506,0.0112917034412907,0.0005458418196382,-0.0003068528823817,0.006985813687028,0.0083072668365936,0.8408268324097552,-0.0439121209744469,0.0112917034412907,0.0005458418196382,0.0107458616216524,1451.4769775390623,1452.7376586914063,1456.390594482422,0.9991322031580848,0.9974917883946416,-0.00337525816073,0.2647999496612505,12875881.8,1.1271186102375428,0.0013481560832511,0.0085883135305051,-0.0050856438838052,-0.0062700146069447,0.0066150097927339,0.0006314809277145,-0.0150237469245684,3,5,0,0,0,xg_RELIANCE.NS,0.3532341337161615,4.337215770678074
2024-05-03,1423.46435546875,1464.1134460205978,1405.745524232649,1460.1925152681529,17226958,40.8640941083738,1453.7625549316406,1450.8976116829222,-2.0439863961939864,0.6035015757409453,1431.572630858312,1453.7625549316406,1475.9524790049693,-0.0221949049574406,-0.0177913305851303,-0.0207091813584531,-0.0224449181306116,0.0099392236277649,0.0095862305930783,1.036714777147507,-2.232837588829089,-0.0177913305851303,-0.0207091813584531,0.0029178507733227,1446.320166015625,1449.72744140625,1453.7625549316406,0.997649713116198,0.9972243654841004,-0.0052283633850211,0.1870308143670009,12698008.4,1.3566661367146868,-0.0003068058078506,0.0013481560832511,0.0085883135305051,0.0067577399701099,-0.0138696111132393,-0.0009721286757068,0.0108803232497582,4,5,0,0,0,xg_RELIANCE.NS,0.33638771297842546,4.130365540960752
2024-05-06,1409.095703125,1429.4202480421582,1407.5818831415145,1424.9533097670264,7394208,37.27517998465825,1451.1779357910157,1446.916477534549,-5.061635562870833,-0.5295258519814103,1421.6161186270645,1451.1779357910157,1480.739752954967,-0.0100941427079277,-0.0227358677059041,-0.0344188626777134,-0.0101454340195603,0.0099890914428296,0.0095756096760958,1.043071794788024,-1.010415446714735,-0.0227358677059041,-0.0344188626777134,0.0116829949718092,1439.7636962890624,1444.7046142578124,1451.1779357910157,0.9965799804887532,0.9955392640877808,-0.008100400474318,-0.5707769183624875,11863251.4,0.6232867997722257,-0.0221949049574406,-0.0003068058078506,0.0013481560832511,-0.0050856438838052,-0.0062700146069447,0.0039609100628614,-0.0083976173795946,0,5,0,0,0,xg_RELIANCE.NS,0.49252082151052484,6.047459377635545
2024-05-07,1391.17822265625,1410.311631866643,1381.772860502106,1405.571689953147,14517472,33.34269173021621,1448.1280090332032,1441.608072308044,-8.79752283269886,-2.1831252481249006,1408.222972342979,1448.1280090332032,1488.0330457234274,-0.012715588039204,-0.0433781244153073,-0.0529614638291959,-0.0127971230432111,0.0096906083278804,0.0098483435196536,0.9838836779876268,-1.3120204210713222,-0.0433781244153073,-0.0529614638291959,0.0095833394138886,1427.1470703125,1436.9246948242187,1448.1280090332032,0.993195450988533,0.9922635884817504,-0.0150814168731329,0.96335726557868,12279962.4,1.1822081800510087,-0.0100941427079277,-0.0221949049574406,-0.0003068058078506,0.0085883135305051,0.0067577399701099,0.0066150097927339,-0.0015848336083965,1,5,0,0,1,xg_RELIANCE.NS,0.5157531507148193,6.332719535124794
2024-05-08,1408.1278076171875,1422.42191231512,1387.2324157830617,1387.2324157830617,9439002,39.8115502715617,1446.0657775878906,1438.4194756708196,-10.272139724338786,-3.800928143367678,1402.3505066904083,1446.0657775878906,1489.7810484853728,0.0121836186657484,-0.0330266392944472,-0.0279410275152233,0.0121099957760959,0.0106140504045254,0.0103536384401845,1.0250527303140031,1.14776832906552,-0.0330266392944472,-0.0279410275152233,-0.0050856117792239,1417.5282470703123,1432.8771484375,1446.0657775878906,0.9892880548873818,0.9908796478315184,-0.0202662928487072,-0.3498177919681884,11763307.2,0.8024105669874199,-0.012715588039204,-0.0100941427079277,-0.0221949049574406,0.0013481560832511,-0.0050856438838052,-0.0138696111132393,0.0006314809277145,2,5,0,0,0,xg_RELIANCE.NS,0.38036283085424477,4.6703178178312825
2024-05-09,1383.8822021484375,1413.2895438420787,1379.7875090012217,1402.6185253372132,11009612,34.63382514370517,1441.5070190429688,1433.225449621069,-13.244527301058724,-5.6896479749058875,1391.9022502175726,1441.5070190429688,1491.111787868365,-0.0172183272978452,-0.0493846487965915,-0.0386505821640642,-0.0173682865531956,0.0115385567327443,0.0098965996136778,1.1657934431696764,-1.4921134057937375,-0.0493846487965915,-0.0386505821640642,-0.0107340666325272,1403.149658203125,1427.3133178710937,1441.5070190429688,0.9830705288282394,0.9901535677701392,-0.0277172152227227,0.1663957693832463,11817990.8,0.9315976113299282,0.0121836186657484,-0.012715588039204,-0.0100941427079277,-0.0003068058078506,0.0085883135305051,-0.0062700146069447,-0.0009721286757068,3,5,0,0,1,xg_RELIANCE.NS,0.4052530909331449,4.975935022529939
2024-05-10,1397.0845947265625,1399.6406275450738,1377.8766636438304,1386.4879762578594,10505096,39.265813037964946,1438.716424560547,1429.7834634406397,-14.369203888540824,-7.425559157632875,1385.6506447479003,1438.716424560547,1491.7822043731935,0.0095401129934531,-0.0185320838142803,-0.0359937039698395,0.0094948934874654,0.0118526773896239,0.0098681427725984,1.2009834757414473,0.8048230671271736,-0.0185320838142803,-0.0359937039698395,0.0174616201555591,1397.8737060546875,1422.0969360351562,1438.7164245605468,0.9829665409110552,0.9884483917458112,-0.0292342487062159,-0.0458250481488358,11274107.8,0.9317895647582036,-0.0172183272978452,0.0121836186657484,-0.012715588039204,-0.0221949049574406,0.0013481560832511,0.0067577399701099,0.0039609100628614,4,5,0,0,0,xg_RELIANCE.NS,0.37321026641785954,4.582494438624083
2024-05-13,1392.394287109375,1396.6379028351903,1373.8317248456565,1389.614931468387,8456620,38.22937135959604,1434.9009155273438,1426.2225895043289,-15.460764741203777,-9.032600274347056,1379.972855039584,1434.9009155273438,1489.8289760151035,-0.0033572108910882,-0.0118525774924909,-0.0343189665645518,-0.0033628589683054,0.0118411299650925,0.0093992879002996,1.2596560967792385,-0.2834972172222705,-0.0118525774924909,-0.0343189665645518,0.0224663890720608,1394.5334228515626,1417.1485595703125,1434.9009155273438,0.9840418024165322,0.9876281659834978,-0.0289914236574358,-0.1949983131996128,11178385.0,0.756515364249777,0.0095401129934531,-0.0172183272978452,0.0121836186657484,-0.0100941427079277,-0.0003068058078506,-0.0050856438838052,0.0066150097927339,0,5,0,0,1,xg_RELIANCE.NS,0.3946721388675422,4.846015890183016
2024-05-14,1409.6416015625,1416.590172271951,1389.7389824487905,1390.681954289976,7188300,44.075120436382456,1432.5644531249998,1424.6434477955834,-14.7639310398647,-10.178866427450584,1377.5064360141766,1432.5644531249998,1487.622470235823,0.0123868035173646,0.0132717567063382,-0.0306820716225861,0.0123107147533882,0.0123204624919592,0.0098645979389675,1.2488307924343212,1.0053030251439743,0.0132717567063382,-0.0306820716225861,0.0439538283289244,1398.2260986328124,1412.6865844726562,1432.564453125,0.9897638400486108,0.9861242762173932,-0.0243596347143314,-0.1499795426541573,11172417.6,0.6433970029905932,-0.0033572108910882,0.0095401129934531,-0.0172183272978452,-0.012715588039204,-0.0221949049574406,0.0085883135305051,-0.0138696111132393,1,5,0,0,0,xg_RELIANCE.NS,0.407797159464721,5.007172587373273
2024-05-15,1405.86962890625,1419.468926315315,1402.6435067088078,1410.063563528233,5046534,43.114150676400214,1430.1547973632807,1422.8554650442184,-14.350626887008048,-11.013218519362075,1374.8405977310892,1430.1547973632807,1485.4689969954725,-0.0026758380655543,-0.0016036745377244,-0.0345773498516686,-0.0026794245195063,0.0122264687590757,0.0098676255734199,1.238923157851518,-0.2188382663883943,-0.0016036745377244,-0.0345773498516686,0.0329736753139441,1397.774462890625,1407.6513549804688,1430.1547973632812,0.992983424443206,0.9842650303139904,-0.0230322455275228,-0.2979516714661324,10529644.8,0.4792691582530419,0.0123868035173646,-0.0033572108910882,0.0095401129934531,0.0121836186657484,-0.0100941427079277,0.0013481560832511,-0.0062700146069447,2,5,0,0,1,xg_RELIANCE.NS,0.4242407112358192,5.20907615574381
2024-05-16,1414.8778076171875,1417.012035618308,1387.75361519461,1408.1278405018506,14711774,46.13465064556999,1428.1496398925776,1422.0956881464058,-13.144672033760571,-11.439509222241776,1373.724368446873,1428.1496398925776,1482.5749113382822,0.0064075491252668,0.022397575039718,-0.0280931701341051,0.0063871080540165,0.0125967284788798,0.0100208622724446,1.2569249243740668,0.5086273399215694,0.022397575039718,-0.0280931701341051,0.0504907451738232,1403.973583984375,1403.56162109375,1428.149639892578,1.0002935125073482,0.982783303575473,-0.0170870274295405,1.9152233988713836,10549557.6,1.394539425994376,-0.0026758380655543,0.0123868035173646,-0.0033572108910882,-0.0172183272978452,-0.012715588039204,-0.0003068058078506,0.0067577399701099,3,5,0,0,1,xg_RELIANCE.NS,0.475487165229527,5.838310160154716
2024-05-17,1425.15185546875,1426.6408349602225,1402.8668442157614,1412.5948920294334,10916476,49.43253231426138,1426.7289062499997,1422.3867517009148,-11.230456613185424,-11.397698700430508,1373.629947732809,1426.7289062499997,1479.8278647671902,0.0072614382643156,0.0200898792013957,0.0011854880619361,0.0072352009586378,0.010877381030779,0.0102045845783262,1.0658263568634234,0.6675109323501679,0.0200898792013957,0.0011854880619361,0.0189043911394595,1409.5870361328125,1403.73037109375,1426.72890625,1.004172215091777,0.9838802346714212,-0.012028100760918,-0.2579769101945149,9918509.4,1.1006165906339616,0.0064075491252668,-0.0026758380655543,0.0123868035173646,0.0095401129934531,0.0121836186657484,-0.0221949049574406,-0.0050856438838052,4,5,0,0,0,xg_RELIANCE.NS,0.36670292908268576,4.50259353601789
2024-05-21,1425.57373046875,1431.231803864575,1415.1260338425998,1415.1260338425998,11176128,49.56906903330166,1425.0413940429682,1422.6902734883276,-9.569078929108628,-11.031974746166131,1374.2071657691913,1425.0413940429682,1475.8756223167452,0.0002960210860205,0.023829057377315,0.0116940441356865,0.0002959772804231,0.0102669166640087,0.0101447347058342,1.011944128413378,0.0288297125606965,0.023829057377315,0.0116940441356865,0.0121350132416284,1416.2229248046874,1405.378173828125,1425.0413940429687,1.0077166069450347,0.9862016497927424,-0.0061859089079746,0.0237853314567815,10296701.4,1.085408575604505,0.0072614382643156,0.0064075491252668,-0.0026758380655543,-0.0033572108910882,-0.0172183272978452,-0.0100941427079277,0.0085883135305051,1,5,0,0,1,xg_RELIANCE.NS,0.41099838152401524,5.046479068473908
2024-05-22,1449.91845703125,1457.9837617014118,1425.722543020764,1425.722543020764,10281604,56.81532550989424,1424.0884460449215,1425.2834338257487,-6.216350944528813,-10.068849985838668,1376.0864809919567,1424.0884460449215,1472.0904110978863,0.0170771430773315,0.0285724083512473,0.0422233711097375,0.016932967756384,0.0100979570212544,0.0108123552835934,0.9338412321081826,1.690980864795312,0.0285724083512473,0.0422233711097375,-0.0136509627584902,1424.2782958984376,1411.252197265625,1424.088446044922,1.0092301706654925,0.9909863401989204,0.0001309382969745,-0.0800388112949315,9873114.6,1.0413739145698724,0.0002960210860205,0.0072614382643156,0.0064075491252668,0.0123868035173646,0.0095401129934531,-0.012715588039204,0.0013481560832511,2,5,0,0,1,xg_RELIANCE.NS,0.3737890238468429,4.5896007616228705
2024-05-23,1475.1319580078125,1481.2615172416956,1444.3100355832012,1447.8340020088174,14608260,62.780228136020895,1425.4148803710937,1430.0309123192785,-1.5073947425876213,-8.356558937188458,1373.2730273580926,1425.4148803710937,1477.5567333840947,0.0173895992938719,0.0492665377197512,0.0475838556899237,0.0172401305253693,0.0106736358393616,0.0110494959841648,0.9658965402690368,1.629057848488798,0.0492665377197512,0.0475838556899237,0.0016826820298274,1438.13076171875,1417.9526123046876,1425.4148803710937,1.014230482202974,0.9947648448397962,0.0086201653205515,0.4208152735701549,10390040.4,1.405986833313814,0.0170771430773315,0.0002960210860205,0.0072614382643156,-0.0026758380655543,-0.0033572108910882,0.0121836186657484,-0.0003068058078506,3,5,0,0,0,xg_RELIANCE.NS,0.30809541599795554,3.7829761328040528
2024-05-24,1469.37451171875,1477.5638984586112,1465.2549777906745,1472.724715385057,7094776,60.7178351996974,1426.9075805664063,1433.777921785895,1.7398532300915122,-6.337276503732465,1371.4608999586574,1426.9075805664063,1482.3542611741552,-0.0039030042416259,0.0385168979315189,0.0617771580829553,-0.0039106408396074,0.0081712342517905,0.0109803736285031,0.7440994658975413,-0.4775932898363501,0.0385168979315189,0.0617771580829553,-0.0232602601514364,1449.0301025390625,1426.5018432617187,1426.9075805664063,1.0157926604748246,0.999715652709248,0.0150557409266471,-0.5143312071389747,9998556.8,0.7095800065864796,0.0173895992938719,0.0170771430773315,0.0002960210860205,0.0064075491252668,0.0123868035173646,-0.0172183272978452,-0.0221949049574406,4,5,0,0,0,xg_RELIANCE.NS,0.4231256230898257,5.195384449787711
2024-05-27,1455.4774169921875,1473.990419113941,1450.8119965034373,1469.3497180106694,6629010,55.94082472223237,1427.219030761719,1435.8445403769704,3.1555658432614564,-4.438708034333681,1371.1771834543042,1427.219030761719,1483.260878069134,-0.0094578302643257,0.0212788282224585,0.0417961965123905,-0.0095028395593024,0.009385848179362,0.0111369543118738,0.8426904902416421,-1.0075618656664591,0.0212788282224585,0.0417961965123905,-0.020517368289932,1455.09521484375,1432.3411254882812,1427.2190307617188,1.0158859429158065,1.0035888638086816,0.0191526050192098,-0.0656491480492125,9610948.2,0.6897352750272143,-0.0039030042416259,0.0173895992938719,0.0170771430773315,0.0072614382643156,-0.0026758380655543,0.0095401129934531,-0.0100941427079277,0,5,0,0,0,xg_RELIANCE.NS,0.3448836901877169,4.234684129744332
2024-05-28,1445.501220703125,1467.637430621861,1442.0766163922278,1457.2145743340495,7820162,52.733435734681734,1427.4001892089848,1436.7642242175566,3.432959601537732,-2.8643745071593982,1371.1358389167951,1427.4001892089848,1483.6645395011744,-0.0068542432693176,0.013978575648853,0.0381407293073576,-0.0068778414884898,0.0097542404441274,0.011188648109182,0.871720035246085,-0.7026216635637911,0.013978575648853,0.0381407293073576,-0.0241621536585046,1459.080712890625,1437.6518188476562,1427.4001892089843,1.0149054825111583,1.007182029059666,0.021916635716316,0.1796877663482179,9547302.4,0.8190965020652515,-0.0094578302643257,-0.0039030042416259,0.0173895992938719,0.0002960210860205,0.0064075491252668,-0.0033572108910882,-0.012715588039204,1,5,0,0,0,xg_RELIANCE.NS,0.2791934737103795,3.428101142173534
2024-05-29,1430.1895751953125,1447.287997987601,1427.8815843874524,1435.87248908715,7383556,48.168569253754335,1426.1966003417974,1436.1380671678191,2.389727040002299,-1.8135541977270588,1371.339364872048,1426.1966003417974,1481.0538358115468,-0.0105926202541458,-0.013606890608409,0.014576736107984,-0.0106491214071136,0.0102012157566116,0.0112523184569165,0.9065073378725704,-1.0382666380370555,-0.013606890608409,0.014576736107984,-0.028183626716393,1455.1349365234375,1439.7066162109377,1426.196600341797,1.0107162946525208,1.0094727584302912,0.0202339163167852,-0.055830812712064,9566828.0,0.7717872632391037,-0.0068542432693176,-0.0094578302643257,-0.0039030042416259,0.0170771430773315,0.0072614382643156,0.0123868035173646,0.0121836186657484,2,5,0,0,0,xg_RELIANCE.NS,0.3485686573970605,4.27993031738383
2024-05-30,1414.3814697265625,1429.817270893488,1409.6663684202383,1424.9532474164846,13206858,43.93954470383519,1424.1045776367191,1434.0660102686518,0.2841007844258456,-1.394023201296478,1370.902285586575,1424.1045776367191,1477.306869686863,-0.0110531538915679,-0.0411830873512457,0.0060545022420994,-0.0111146938912751,0.0109016949190453,0.0114688284284582,0.9504671309639444,-1.0138001635045029,-0.0411830873512457,0.0060545022420994,-0.0472375895933452,1442.9848388671876,1440.5578002929688,1424.104577636719,1.0016847908315274,1.01155338092063,0.0133487758674602,0.7886852893104623,10382860.4,1.2719864749408292,-0.0105926202541458,-0.0068542432693176,-0.0094578302643257,0.0173895992938719,0.0002960210860205,-0.0026758380655543,-0.0172183272978452,3,5,0,0,1,xg_RELIANCE.NS,0.43197692720124015,5.304065950579314
2024-05-31,1419.8907470703125,1431.653659822201,1411.800601617005,1420.7841589242364,31069832,45.727895117625955,1422.310357666016,1432.7159852021432,-0.9293574998937402,-1.3010900610159304,1371.2270503545076,1422.310357666016,1473.3936649775244,0.0038951849000221,-0.033676754465106,0.0035430193520156,0.0038876183098004,0.0107827477917369,0.0115281297057084,0.9352612093866972,0.3612088278814214,-0.033676754465106,0.0035430193520156,-0.0372197738171217,1433.0880859375,1441.0590942382812,1422.3103576660155,0.9944686457809736,1.0131818885176591,0.0075905334926101,1.3525528933528324,12018666.2,2.585131451607951,-0.0110531538915679,-0.0105926202541458,-0.0068542432693176,-0.0039030042416259,0.0170771430773315,0.0064075491252668,0.0095401129934531,4,5,0,1,1,xg_RELIANCE.NS,0.43836851113338043,5.382545565044793
2024-06-03,1499.228515625,1503.3728901534053,1448.2806515244756,1472.1043222829317,21527942,63.69096984473133,1426.0985656738285,1439.050511909082,4.4594570908270725,-0.1489806306473298,1364.5001954414488,1426.0985656738285,1487.6969359062075,0.0558759670195658,0.0300596203843728,0.0519780821054225,0.0543707229117389,0.0206559274871145,0.0162783059267647,1.2688457100099215,2.7049505331526364,0.0300596203843728,0.0519780821054225,-0.0219184617210497,1441.8383056640623,1448.4667602539062,1426.098565673828,0.995423813116235,1.0156848868083037,0.0104985596433062,-0.3071110909128829,13079812.8,1.6458906812487677,0.0038951849000221,-0.0110531538915679,-0.0105926202541458,-0.0094578302643257,0.0173895992938719,0.0072614382643156,-0.0033572108910882,0,6,0,0,0,xg_RELIANCE.NS,0.3972201130859601,4.87730141133903
2024-06-04,1387.0091552734375,1487.0437791255476,1349.3131842665357,1487.0437791255476,36709098,42.34294948415722,1424.99423828125,1434.094192229497,-0.3213289654659093,-0.1834502976110457,1361.3542968948584,1424.99423828125,1488.6341796676418,-0.0748514046938203,-0.0404649021335559,-0.0270519681803002,-0.0778009107972605,0.0327780188617755,0.0237066189706457,1.3825943002694816,-2.2835157150205787,-0.0404649021335559,-0.0270519681803002,-0.0134129339532557,1430.139892578125,1444.610302734375,1424.99423828125,0.9899831739197344,1.013765714924423,0.0037098920921401,0.705183802520464,15633109.8,2.348163511267454,0.0558759670195658,0.0038951849000221,-0.0110531538915679,-0.0068542432693176,-0.0039030042416259,0.0002960210860205,0.0123868035173646,1,6,0,0,1,xg_RELIANCE.NS,0.4935349881534855,6.059911910214061
2024-06-05,1410.3116455078125,1420.6352601794422,1373.9308915121778,1411.5524616660985,17464890,46.36327508213614,1425.950909423828,1431.8291877798124,-2.2044090881331613,-0.5876420557154689,1363.8958381476232,1425.950909423828,1488.005980700033,0.0168005309451479,-0.0138988075652736,-0.0273165786195546,0.0166609630656182,0.032760010719707,0.0238257702615501,1.3749245222955253,0.5128208982588507,-0.0138988075652736,-0.0273165786195546,0.0134177710542809,1426.164306640625,1440.6496215820312,1425.950909423828,0.9899452894552532,1.0103080071418042,0.000151312100043,-0.5242353816484404,16351438.4,1.0680950245942236,-0.0748514046938203,0.0558759670195658,0.0038951849000221,-0.0105926202541458,-0.0094578302643257,0.0170771430773315,-0.0026758380655543,2,6,0,0,1,xg_RELIANCE.NS,0.41726099860568494,5.123375152344901
2024-06-06,1421.0819091796875,1433.0929853880773,1410.9072166555904,1424.4569533735907,17855722,48.162404232111825,1426.598614501953,1430.8056374369437,-2.795468958698621,-1.029207436312099,1365.058545987369,1426.598614501953,1488.1386830165372,0.0076367969492281,0.0047373637144867,-0.0366408229004274,0.0076077842312756,0.0322507508241263,0.0237345328952976,1.358754023614767,0.2367870504417808,0.0047373637144867,-0.0366408229004274,0.0413781866149142,1427.50439453125,1435.2446166992188,1426.598614501953,0.9946070362655184,1.006060571003908,0.0006373876294152,0.0223781541137677,16676184.6,1.070731850737544,0.0168005309451479,-0.0748514046938203,0.0558759670195658,-0.0110531538915679,-0.0068542432693176,0.0173895992938719,0.0064075491252668,3,6,0,0,1,xg_RELIANCE.NS,0.31006542932423375,3.8071651113076017
2024-06-07,1459.1500244140625,1461.1850112482905,1416.0193060772324,1418.004611799037,18558696,54.03160723209981,1430.3620056152342,1433.505102863336,-0.1899201325113608,-0.8613499755519517,1370.6420533728874,1430.3620056152342,1490.081957857581,0.0267881217743104,0.0276495057276444,-0.0069583943529329,0.0264356017499522,0.0336133065002358,0.024021122719962,1.3992646233675126,0.796926206825731,0.0276495057276444,-0.0069583943529329,0.0346079000805774,1435.35625,1434.22216796875,1430.3620056152345,1.000790729676739,1.0026987310473583,0.0034227079472318,0.039369676566425,17822576.6,1.0413026363426576,0.0076367969492281,0.0168005309451479,-0.0748514046938203,0.0038951849000221,-0.0105926202541458,-0.0039030042416259,0.0072614382643156,4,6,0,0,0,xg_RELIANCE.NS,0.3401732327749409,4.17684637221262
2024-06-10,1460.5894775390625,1482.3781598703026,1457.2888339961758,1459.150058153404,9251760,54.242575282253405,1433.5372497558594,1436.084567118167,1.968456776980247,-0.2953886250455119,1374.5182237752313,1433.5372497558594,1492.5562757364876,0.0009865011142895,-0.0257726141700483,0.0035122912160596,0.0009860148418443,0.0334549281793155,0.0239733473723034,1.39544687743887,0.0294865863234206,-0.0257726141700483,0.0035122912160596,-0.029284905386108,1427.6284423828124,1434.7333740234376,1433.5372497558594,0.9950479080160374,1.000834386597057,-0.004045494962077,-0.5014865268551196,18084851.6,0.5115751129525159,0.0267881217743104,0.0076367969492281,0.0168005309451479,0.0558759670195658,-0.0110531538915679,-0.0094578302643257,0.0002960210860205,0,6,0,0,0,xg_RELIANCE.NS,0.4498953202022111,5.524078484168345
2024-06-11,1445.9727783203125,1462.847878399236,1443.9874724286744,1458.20717740815,11774902,51.650382038074945,1436.216174316406,1437.0263015183712,2.4710557652347234,0.2579002530105351,1380.27676717108,1436.216174316406,1492.1555814617325,-0.0100073973169911,0.0425113437951683,0.0003262242953749,-0.0100578079187814,0.0335504702588159,0.0241046627881431,1.391808661461838,-0.2982700084316471,0.0425113437951683,0.0003262242953749,0.0421851194997933,1439.4211669921874,1434.7805297851562,1436.2161743164063,1.0032343881943575,0.999000398020212,0.0022164958592817,0.272720217558605,18480325.6,0.6371587955138281,0.0009865011142895,0.0267881217743104,0.0076367969492281,-0.0748514046938203,0.0038951849000221,-0.0068542432693176,0.0170771430773315,1,6,0,0,1,xg_RELIANCE.NS,0.30495242836951114,3.744384688184239
2024-06-12,1452.57373046875,1465.155654220818,1444.4837064170613,1446.7915758989443,10081742,52.74858806312719,1438.3627807617186,1438.5070090374547,3.3632414030273594,0.8789684830139,1383.4312724368513,1438.3627807617186,1493.294289086586,0.0045650597628161,0.0299664865532045,0.0156511805579204,0.0045546714809177,0.0333329312996742,0.0239933759170251,1.389197677611734,0.1369493361516824,0.0299664865532045,0.0156511805579204,0.014315305995284,1447.873583984375,1437.0189453125,1438.3627807617188,1.007553580770304,0.9990657186996263,0.0065475528182566,-0.1437939780730234,18750144.2,0.5376887714815262,-0.0100073973169911,0.0009865011142895,0.0267881217743104,0.0168005309451479,0.0558759670195658,-0.0105926202541458,0.0173895992938719,2,6,0,0,1,xg_RELIANCE.NS,0.30872806921300816,3.790744219859596
2024-06-13,1454.4847412109375,1461.433311890669,1449.3725542618724,1461.1851486521073,9181160,53.08085117427717,1440.7935363769527,1440.0286978158815,4.176365008617495,1.538447788134619,1387.6424575316016,1440.7935363769527,1493.9446152223038,0.0013156032648138,0.0235052123424268,0.0283539287969658,0.0013147386171104,0.0330201452338455,0.0239709588322656,1.3774487710783692,0.039841236743824,0.0235052123424268,0.0283539287969658,-0.0048487164545389,1454.554150390625,1441.0292724609376,1440.7935363769532,1.0093855677939074,1.0001636154508142,0.009460817032852,-0.0893280149402752,18347574.4,0.5004018405833254,0.0045650597628161,-0.0100073973169911,0.0009865011142895,0.0076367969492281,-0.0748514046938203,-0.0110531538915679,-0.0039030042416259,3,6,0,0,1,xg_RELIANCE.NS,0.34034247516140215,4.178924429448779
2024-06-14,1466.6944580078125,1468.8038455887872,1446.518713499826,1459.199879544848,8157998,55.24618350018936,1443.3843688964844,1442.568294024637,5.739828261652519,2.3787238828381994,1390.5013577993757,1443.3843688964844,1496.2673799935933,0.0083945306890671,0.0051704303652939,0.0329628959369381,0.0083594925654981,0.0330597792580248,0.0239943862770032,1.377755660041564,0.2539120637039896,0.0051704303652939,0.0329628959369381,-0.0277924655716441,1456.063037109375,1445.7096435546875,1443.3843688964844,1.0071614612248354,1.0016109878340866,0.0086443827094784,-0.1114414736264263,16056391.0,0.5080841641187918,0.0013156032648138,0.0045650597628161,-0.0100073973169911,0.0267881217743104,0.0168005309451479,0.0038951849000221,-0.0094578302643257,4,6,0,0,1,xg_RELIANCE.NS,0.3813000010502458,4.6818249428963
2024-06-18,1470.1439208984375,1476.4720837189377,1460.5399547367645,1476.4224025999808,7196766,55.86588060908376,1445.6339721679683,1445.1945442030942,7.1745235393607345,3.3378838141427067,1392.191734037871,1445.6339721679683,1499.0762102980664,0.0023518619517457,0.0065414981459905,-0.0193997075318685,0.0023491006530411,0.0275579037740261,0.0239636611416526,1.1499392213866175,0.0853394594730703,0.0065414981459905,-0.0193997075318685,0.0259412056778591,1457.97392578125,1442.801184082031,1445.6339721679688,1.010516169425569,0.9980404527422048,0.0083937044787697,-0.1178269472485774,14623273.4,0.4921446657763718,0.0083945306890671,0.0013156032648138,0.0045650597628161,0.0009865011142895,0.0076367969492281,0.0558759670195658,-0.0068542432693176,1,6,0,0,0,xg_RELIANCE.NS,0.3210090061821542,3.9415367634366114
2024-06-19,1447.9332275390625,1476.571240472528,1445.3026730272272,1476.571240472528,8725874,50.97176331600473,1446.751947021484,1445.455371187472,6.445018391639223,3.9593107296420103,1394.1477210546616,1446.751947021484,1499.3561729883063,-0.015107836072132,0.0013557995338109,0.0439247801890783,-0.0152231220490488,0.0119951055843014,0.0242613395763759,0.4943919586378622,-1.2593950566676206,0.0013557995338109,0.0439247801890783,-0.0425689806552673,1458.366015625,1448.8935913085938,1446.7519470214845,1.0065376949509806,1.0014803120130709,0.00802113549342,0.2124715462473005,11824951.0,0.7379205207699602,0.0023518619517457,0.0083945306890671,0.0013156032648138,-0.0100073973169911,0.0267881217743104,-0.0748514046938203,-0.0105926202541458,2,6,0,0,1,xg_RELIANCE.NS,0.3397958002379714,4.172212034260936
2024-06-20,1462.87255859375,1471.9553570393568,1439.4459739347103,1448.2806091505108,16113776,53.89731428609019,1447.3996520996093,1447.114150940451,6.991762780076215,4.565801139728851,1394.3144600025605,1447.3996520996093,1500.4848441966583,0.0103176933649618,0.0070900553334918,0.0372690059345088,0.0102648292794542,0.0114096844033839,0.0240728546267844,0.4739450570034434,0.9042133670704264,0.0070900553334918,0.0372690059345088,-0.030178950601017,1460.42578125,1454.1496826171874,1447.3996520996093,1.0043159921621805,1.0046635568191455,0.0089044866375186,0.8466661333867531,11689839.6,1.3784428658883072,-0.015107836072132,0.0023518619517457,0.0083945306890671,0.0045650597628161,0.0009865011142895,0.0168005309451479,-0.0110531538915679,3,6,0,0,0,xg_RELIANCE.NS,0.3938924032177084,4.8364418387689
2024-06-21,1443.515869140625,1463.8652545834836,1429.9909727182371,1462.7982011333013,31170360,49.7546504858205,1445.81884765625,1446.7714574357058,5.796322184669862,4.811905348717054,1394.3525524612264,1445.81884765625,1497.2851428512736,-0.013231972490982,-0.0075414143301223,0.0157865354671127,-0.0133202950251014,0.0124734226679933,0.0239305109204997,0.5212133370696861,-1.060728247162288,-0.0075414143301223,0.0157865354671127,-0.023327949797235,1458.2320068359377,1456.3930786132812,1445.81884765625,1.0012626592708112,1.007313662409487,0.0085992537006728,0.9343920382162444,13021303.4,2.3937972292387877,0.0103176933649618,-0.015107836072132,0.0023518619517457,0.0013156032648138,-0.0100073973169911,0.0076367969492281,0.0038951849000221,4,6,0,0,0,xg_RELIANCE.NS,0.40552388454485616,4.979259985242225
2024-06-24,1430.88427734375,1438.8503408924523,1426.9385064042085,1434.9045699529108,8878386,47.20482398465873,1443.8943359374998,1445.2583926650434,3.786020125444793,4.606728304062602,1393.2650330136985,1443.8943359374998,1494.5236388613012,-0.0087505735592605,-0.0244155696290711,-0.0193713782663732,-0.0087890846554516,0.0091245378847487,0.0239880035197009,0.3803633559541236,-0.9589104412009682,-0.0244155696290711,-0.0193713782663732,-0.0050441913626978,1451.069970703125,1453.56650390625,1443.8943359375,0.9982824774811362,1.0066986674357097,0.0050148253630583,-0.715165753619785,12053272.4,0.7365954825678098,-0.013231972490982,0.0103176933649618,-0.015107836072132,0.0083945306890671,0.0045650597628161,0.0267881217743104,0.0558759670195658,0,6,0,0,1,xg_RELIANCE.NS,0.39488576938000447,4.8486389708519235
2024-06-25,1443.46630859375,1445.2282918111714,1430.412898092634,1432.3982039886682,7045386,49.95592764348042,1443.293780517578,1445.087717991587,3.171546416645242,4.3196919265791305,1392.9588975654892,1443.293780517578,1493.628663469667,0.008793185758779,-0.0181462589651659,-0.0117234645385527,0.0087547508467693,0.0097153523027553,0.023998427210221,0.4048160073844458,0.9049883623801456,-0.0181462589651659,-0.0117234645385527,-0.0064227944266131,1445.7344482421877,1451.8541870117188,1443.2937805175782,0.9957848805863024,1.0059311601073142,0.0016908380265466,-0.2064564437725505,11832635.0,0.5954198705528738,-0.0087505735592605,-0.013231972490982,0.0103176933649618,0.0023518619517457,0.0013156032648138,0.0009865011142895,-0.0748514046938203,1,6,0,0,1,xg_RELIANCE.NS,0.3882226573591164,4.766825375334531
2024-06-26,1502.9013671875,1507.8149506909176,1434.5075565031482,1435.425808927042,22014882,60.44220626939684,1446.1637878417969,1450.5937798197692,7.395236402509909,4.934800821765286,1389.190932155176,1446.1637878417969,1503.1366435284176,0.0411752309284259,0.0379631730268823,0.039370443012985,0.0403501048891428,0.0159828500863289,0.0256379102141743,0.623382583456799,2.5760521217377623,0.0379631730268823,0.039370443012985,-0.0014072699861027,1456.728076171875,1457.5470458984375,1446.1637878417969,0.9994381178097358,1.0078713477355346,0.0070292625721992,2.124723329566329,12856633.0,1.7123365036552174,0.008793185758779,-0.0087505735592605,-0.013231972490982,-0.015107836072132,0.0083945306890671,-0.0100073973169911,0.0168005309451479,2,6,0,0,1,xg_RELIANCE.NS,0.4304270828147068,5.285036052634144
2024-06-27,1519.3050537109375,1526.2039433921725,1494.935374795845,1502.6284353235128,28383030,62.76144281018167,1450.6195617675785,1457.1377106665473,11.928675214928944,6.333575700398018,1385.5439850863354,1450.6195617675785,1515.6951384488211,0.0109146793539318,0.0385764944360127,0.0459400592496279,0.0108555441466684,0.0161339884661158,0.0255210067267495,0.6321598704543024,0.6764603133651544,0.0385764944360127,0.0459400592496279,-0.0073635648136152,1468.0145751953123,1464.2201782226562,1450.619561767578,1.0025914114756036,1.009375729387315,0.011449322428861,0.2892655976988656,14686761.8,1.9325587482461972,0.0411752309284259,0.008793185758779,-0.0087505735592605,0.0103176933649618,0.0023518619517457,0.0045650597628161,0.0076367969492281,3,6,0,0,1,xg_RELIANCE.NS,0.3327045503568838,4.085141511108193
2024-06-28,1553.89892578125,1569.3842873036351,1519.7764812043604,1519.7764812043604,28957336,67.13725983398638,1457.5954345703126,1466.3530644869952,18.104200544057676,8.687700669129951,1380.1417235437568,1457.5954345703126,1535.0491455968684,0.0227695366284843,0.0764681975448873,0.0683501048540013,0.0225141797016235,0.0170467598186024,0.0256373802720299,0.6648922294517787,1.3356321810469378,0.0764681975448873,0.0683501048540013,0.0081180926908859,1490.0911865234375,1474.1615966796876,1457.5954345703126,1.010805864078693,1.0113654047731415,0.020912397462909,0.0202341328603745,16664379.4,1.7376786320646458,0.0109146793539318,0.0411752309284259,0.008793185758779,-0.013231972490982,-0.015107836072132,0.0013156032648138,0.0267881217743104,4,6,0,0,0,xg_RELIANCE.NS,0.3298257910067865,4.049794416188816
2024-07-01,1548.6875,1567.7960689891884,1544.2454023527885,1551.0450507194453,7724306,65.88131480595402,1464.035272216797,1474.1944392977575,22.320533140807584,11.414267163465478,1378.7588694000342,1464.035272216797,1549.3116750335598,-0.0033537739776928,0.082328965746228,0.0559032875214906,-0.0033594104835454,0.0173243711831752,0.0257054420380268,0.673931116470639,-0.1935758802645308,0.082328965746228,0.0559032875214906,0.0264256782247374,1513.6518310546876,1482.3609008789062,1464.0352722167968,1.021108847485945,1.0125172043391832,0.032037811913566,-0.7332521886681841,16621010.2,0.464731439729189,0.0227695366284843,0.0109146793539318,0.0411752309284259,-0.0087505735592605,0.0103176933649618,0.0083945306890671,0.0009865011142895,0,7,1,0,1,xg_RELIANCE.NS,0.44725701233394183,5.49168379350304
2024-07-02,1553.675537109375,1561.939323957406,1545.5605512562322,1557.968712393485,7749246,66.52676466766547,1466.7576232910158,1481.764067660769,25.7674686695982,14.284907464692024,1373.6352963074198,1466.7576232910158,1559.8799502746117,0.0032208157613302,0.0763503989386442,0.056818665862244,0.0032156400446208,0.0173085089471174,0.022706309237083,0.7622439438509572,0.1860720469408018,0.0763503989386442,0.056818665862244,0.0195317330764002,1535.6936767578125,1490.7140625,1466.7576232910155,1.030173200474395,1.0163329229237157,0.0443696587995798,0.0032287690311596,16676258.2,0.4646873361555133,-0.0033537739776928,0.0227695366284843,0.0109146793539318,0.008793185758779,-0.013231972490982,0.0023518619517457,-0.0100073973169911,1,7,0,0,0,xg_RELIANCE.NS,0.3733703876306254,4.584460500742492
2024-07-03,1541.019287109375,1563.4283787351976,1531.440162014497,1554.8170660210362,9049620,63.256839834101974,1474.4581298828125,1487.4074218939693,27.16479743238733,16.860885458231085,1383.6605905062256,1474.4581298828125,1565.2556692593994,-0.0081460058407992,0.025362888579447,0.0642889173339322,-0.008179365837047,0.0165008813030633,0.0140776509567143,1.1720498898506853,-0.4936410395393584,0.025362888579447,0.0642889173339322,-0.0389260287544852,1543.3172607421875,1500.0226684570312,1474.4581298828125,1.0288626253426494,1.0173382601079697,0.0446841460294375,0.1678065194988003,16708632.8,0.5416134347030152,0.0032208157613302,-0.0033537739776928,0.0227695366284843,0.0411752309284259,-0.0087505735592605,-0.015107836072132,0.0045650597628161,2,7,0,0,1,xg_RELIANCE.NS,0.38543944791008694,4.73265149811481
2024-07-04,1542.6075439453125,1555.983518377374,1539.4062623766438,1545.5606622734106,6837176,63.4993014049574,1481.0729248046878,1492.6645763750496,28.076698889492036,19.104048144483276,1390.6768624344315,1481.0729248046878,1571.468987174944,0.0010306534442645,0.0153375980534378,0.0545057632554206,0.0010301226856572,0.0165154054562641,0.0138435139746929,1.192920566691866,0.0624018008636174,0.0153375980534378,0.0545057632554206,-0.0391681652019828,1547.9777587890626,1507.9961669921877,1481.0729248046875,1.0265130592981688,1.018178201583862,0.0433712607247219,-0.2444792157018748,15780972.8,0.4332544062175664,-0.0081460058407992,0.0032208157613302,-0.0033537739776928,0.0109146793539318,0.008793185758779,0.0103176933649618,0.0013156032648138,3,7,0,0,1,xg_RELIANCE.NS,0.3775743300591627,4.6360789703627745
2024-07-05,1576.9532470703125,1586.755694667964,1536.6267221432645,1542.4088769403463,12269710,68.36136377396335,1488.866491699219,1500.6920688222174,31.21101738705852,21.525441992998324,1393.5071171643629,1488.866491699219,1584.2258662340753,0.0222647057962381,0.014836435566407,0.0924391485970481,0.0220204658732408,0.0158573491996867,0.0143890107849849,1.1019692366202294,1.403973737485739,0.014836435566407,0.0924391485970481,-0.0776027130306411,1552.588623046875,1521.3399047851562,1488.8664916992188,1.0205402607027072,1.021810829424253,0.0404083833595194,0.7945581626098261,13890907.8,0.8832907234471109,0.0010306534442645,-0.0081460058407992,0.0032208157613302,0.0227695366284843,0.0411752309284259,-0.013231972490982,0.0083945306890671,4,7,0,0,1,xg_RELIANCE.NS,0.3960130901386728,4.862480875997585
2024-07-08,1589.1380615234375,1596.9800437158897,1570.8980643748455,1577.325467706802,9500806,69.89354508447623,1495.3658935546875,1509.115496698524,34.28300690834067,24.07695497606679,1391.2200709101085,1495.3658935546875,1599.5117161992666,0.0077268076753462,0.0261192535766172,0.1105985904558717,0.0076971087838986,0.0146164146404846,0.0134953525917442,1.0829899812654276,0.5286028935613524,0.0261192535766172,0.1105985904558717,-0.0844793368792544,1560.6787353515624,1537.165283203125,1495.3658935546875,1.0152966323175348,1.027952616699766,0.0410995390383276,-0.225669881358239,13953149.8,0.6809076184360408,0.0222647057962381,0.0010306534442645,-0.0081460058407992,-0.0033537739776928,0.0109146793539318,-0.0087505735592605,0.0023518619517457,0,7,0,0,0,xg_RELIANCE.NS,0.3170861833182343,3.893370044631793
2024-07-09,1578.5911865234375,1588.7410386525216,1568.887979750272,1585.8623208770043,6960002,66.87468013425853,1501.2659790039063,1515.7322290628017,35.45780061409346,26.35312410367213,1392.163416063599,1501.2659790039063,1610.3685419442136,-0.0066368525525649,0.0160365847430528,0.0936113833244425,-0.006658974392387,0.015613433119323,0.0137017730823222,1.1394360123693277,-0.4250460136366895,0.0160365847430528,0.0936113833244425,-0.0775747985813897,1565.661865234375,1550.6777709960938,1501.2659790039063,1.00966293224714,1.0329134161988889,0.0407932634998989,-0.2674303632765472,13944611.4,0.4991176735121855,0.0077268076753462,0.0222647057962381,0.0010306534442645,0.0032208157613302,0.0227695366284843,0.008793185758779,-0.015107836072132,1,7,0,0,0,xg_RELIANCE.NS,0.33233227805050913,4.080570533492841
2024-07-10,1572.5855712890625,1585.7630632323037,1551.6654591589945,1583.281430895477,7134578,65.14910660549631,1507.596618652344,1521.1468330843502,35.4950651156978,28.181512306077263,1397.3160099399372,1507.596618652344,1617.8772273647508,-0.0038044145220406,0.0204840292679913,0.0463664519994204,-0.0038116697139853,0.0112006576329404,0.0134361167047912,0.8335610889608993,-0.3396296018593752,0.0204840292679913,0.0463664519994204,-0.0258824227314291,1571.9751220703124,1557.64619140625,1507.5966186523438,1.0091990920294462,1.0331982521947058,0.0409379970116329,0.0250827514130025,12456581.0,0.5727557184430806,-0.0066368525525649,0.0077268076753462,0.0222647057962381,-0.0081460058407992,-0.0033537739776928,0.0411752309284259,0.0103176933649618,2,7,0,0,0,xg_RELIANCE.NS,0.30320571468279567,3.7229375135604834
2024-07-11,1569.036865234375,1592.463449956501,1558.9614138424097,1575.8365135146928,11940946,64.09664978072112,1513.419775390625,1525.7077885272097,34.836671121245445,29.512544069110906,1403.0731323792538,1513.419775390625,1623.7664184019964,-0.0022566060120839,0.0171328873586782,0.0327332627519183,-0.0022591559843414,0.0111497169756244,0.0135151321461011,0.8249192043332242,-0.2023731762735037,0.0171328873586782,0.0327332627519183,-0.0156003753932401,1577.260986328125,1562.6193725585938,1513.419775390625,1.0093699169654844,1.0325088901096655,0.0406881523003372,0.6736723601592134,10812372.6,1.1043779604856474,-0.0038044145220406,-0.0066368525525649,0.0077268076753462,0.0010306534442645,0.0032208157613302,0.0109146793539318,-0.013231972490982,3,7,0,0,1,xg_RELIANCE.NS,0.41529046095386024,5.099179735864917
2024-07-12,1584.9937744140625,1593.3569240772113,1562.9320865975435,1572.8586162043875,12924784,66.70150649364713,1519.945227050781,1531.3540728973862,35.196752101506945,30.64938567559011,1408.8400787419162,1519.945227050781,1631.0503753596463,0.0101698752484722,0.0050987734472711,0.0200108566373962,0.0101185100255767,0.0092534459425696,0.0135692285565666,0.6818931533833271,1.09891778628169,0.0050987734472711,0.0200108566373962,-0.014912083190125,1578.869091796875,1565.728857421875,1519.945227050781,1.0083924073524688,1.0301218948921795,0.0371760859236664,0.0823919645897401,9209117.4,1.4034769499190656,-0.0022566060120839,-0.0038044145220406,-0.0066368525525649,0.0222647057962381,-0.0081460058407992,0.0227695366284843,-0.0087505735592605,4,7,0,0,0,xg_RELIANCE.NS,0.32737604322475716,4.019714976802194
2024-07-15,1585.4901123046875,1594.0517441522056,1573.8512804915936,1592.6620057625546,5329688,66.78223605610934,1525.885009765625,1536.509886174272,35.11735814738563,31.542980169949217,1414.0669727931636,1525.885009765625,1637.7030467380864,0.000313148164136,-0.0022955521027876,0.0237637433663586,0.0003130991434838,0.0090879435995054,0.0135640932686213,0.6699506903153847,0.0344537470947799,-0.0022955521027876,0.0237637433663586,-0.0260592954691463,1578.139501953125,1569.4091186523438,1525.885009765625,1.0055628473143308,1.0285238459046164,0.0329579426462283,-0.5876381377050479,8969655.6,0.594190929694046,0.0101698752484722,-0.0022566060120839,-0.0038044145220406,0.0077268076753462,0.0010306534442645,-0.0033537739776928,0.008793185758779,0,7,0,0,0,xg_RELIANCE.NS,0.3912474349131566,4.8039653673623635
2024-07-16,1564.669189453125,1588.24469666931,1557.5965372882697,1581.792452589091,9386838,60.18990650673344,1530.6112731933592,1539.1917245817815,32.994028774688786,31.83318989089713,1420.7396343070316,1530.6112731933592,1640.482912079687,-0.0131321682109369,-0.0088192542750559,0.0070758997494442,-0.0132191575435749,0.0103105310652321,0.0140939397137143,0.7315058648459529,-1.273542030554054,-0.0088192542750559,0.0070758997494442,-0.0158951540245001,1575.3551025390625,1570.5084838867188,1530.6112731933597,1.003086018765304,1.02606619420104,0.0285963510033335,0.7612359297579896,9133414.8,1.0277468181998008,0.000313148164136,0.0101698752484722,-0.0022566060120839,-0.0066368525525649,0.0222647057962381,0.0032208157613302,0.0411752309284259,1,7,0,0,1,xg_RELIANCE.NS,0.40199590757629716,4.935941415811676
2024-07-18,1575.0177001953125,1582.1895936713806,1546.379565062024,1564.4210812674708,12298374,62.18780056922749,1536.9654968261718,1542.6037222592608,31.779973527369062,31.82254661819152,1432.668664087971,1536.9654968261718,1641.2623295643727,0.0066138649702718,0.0015465796905769,0.0220622891422153,0.0065920893267268,0.0099450604238942,0.0134290137488986,0.7405100701933284,0.6649733350083785,0.0015465796905769,0.0220622891422153,-0.0205157094516383,1575.8415283203126,1573.9083251953125,1536.9654968261718,1.0012282819107396,1.0240362119028876,0.0246829172074192,0.3101721793856462,9458290.2,1.300274546450129,-0.0131321682109369,0.000313148164136,0.0101698752484722,-0.0038044145220406,0.0077268076753462,-0.0081460058407992,0.0109146793539318,3,7,0,0,0,xg_RELIANCE.NS,0.2803261945439719,3.4420093526048063
2024-07-19,1543.7242431640625,1578.293333314245,1541.3915329908289,1574.3475621142547,13140390,53.45198480295679,1541.0080810546874,1542.710438535909,27.970281550168693,31.05209360458696,1442.7080498103276,1541.0080810546874,1639.3081122990473,-0.0198686383190292,-0.016132585939293,0.0007239036416832,-0.0200686737688133,0.0121715764767698,0.0143797609199401,0.8463791689835327,-1.6322459223769623,-0.016132585939293,0.0007239036416832,-0.0168564895809762,1570.77900390625,1574.0199951171876,1541.0080810546874,0.9979409466074182,1.021422284846103,0.019285130089389,0.068465636188979,10088611.6,1.3024973624714324,0.0066138649702718,-0.0131321682109369,0.000313148164136,-0.0022566060120839,-0.0066368525525649,0.0010306534442645,0.0227695366284843,4,7,0,0,0,xg_RELIANCE.NS,0.3341120501137891,4.102423618243911
2024-07-22,1489.6495361328125,1526.203933085127,1488.2597977476694,1525.9557698439748,19674376,42.37476269034889,1543.3147644042965,1537.6570192594234,20.353078653286047,28.91229061432678,1452.7896185303302,1543.3147644042965,1633.8399102782628,-0.035028734743724,-0.0601543298278863,-0.0553622696802801,-0.0356569550229952,0.0139534589885687,0.0163491447925493,0.8534150104240832,-2.51021804373921,-0.0601543298278863,-0.0553622696802801,-0.0047920601476062,1551.71015625,1565.2896240234377,1543.314764404297,0.9913246292794476,1.01423874126392,0.0056358167757348,0.4972444501266706,10829078.2,1.8168098555238232,-0.0198686383190292,0.0066138649702718,-0.0131321682109369,0.0101698752484722,-0.0038044145220406,0.0222647057962381,-0.0033537739776928,0,7,0,0,0,xg_RELIANCE.NS,0.3743602360322301,4.596614439697525
2024-07-23,1476.96826171875,1494.6870915999891,1452.2511804820083,1489.9719903646578,18052044,40.26723981334536,1545.6189636230465,1531.877137588883,13.14162909530978,25.75815831052338,1465.381989620997,1545.6189636230465,1625.855937625096,-0.0085129247561031,-0.0684468794499063,-0.0705853081746435,-0.0085493666655986,0.013153420824121,0.0163412335162451,0.8048728964156402,-0.6471531411320754,-0.0684468794499063,-0.0705853081746435,0.0021384287247372,1530.0057861328123,1554.0726440429687,1545.618963623047,0.9845136853786028,1.005469446622281,-0.010571098848167,-0.082459133646729,11684202.0,1.5449958841860536,-0.035028734743724,-0.0198686383190292,0.0066138649702718,0.000313148164136,-0.0022566060120839,0.0077268076753462,0.0032208157613302,1,7,0,0,1,xg_RELIANCE.NS,0.31553113011600653,3.8742761897939553
2024-07-24,1484.7109375,1498.4095963901725,1465.552808673545,1474.0895996286229,11913362,42.15877893456954,1547.681195068359,1527.385118532799,7.959520198017117,22.19843068802213,1476.940848906435,1547.681195068359,1618.4215412302833,0.0052422763453561,-0.0511023368339422,-0.05947090660641,0.0052285834485008,0.0137349305851422,0.0162794283376067,0.8436467579551014,0.3816469741792761,-0.0511023368339422,-0.05947090660641,0.0083685697724678,1514.0141357421876,1544.684619140625,1547.681195068359,0.9801445013316048,0.9980638286894724,-0.0226758343835341,-0.340054677464779,12179538.0,0.9781456406637938,-0.0085129247561031,-0.035028734743724,-0.0198686383190292,-0.0131321682109369,0.0101698752484722,-0.0066368525525649,-0.0081460058407992,2,7,0,0,0,xg_RELIANCE.NS,0.36306171683855837,4.457884597491849
2024-07-25,1481.435302734375,1489.4509269223795,1466.2228234080762,1470.119034748078,12519876,41.5591827993282,1546.6078918457029,1523.0089455996158,3.5474523889429292,18.46823502820629,1472.4385558613656,1546.6078918457029,1620.77722783004,-0.0022062441131743,-0.0594167274750834,-0.0579620404884999,-0.0022086814552917,0.0137729038459479,0.0133454777162508,1.0319504620442237,-0.1601756581031616,-0.0594167274750834,-0.0579620404884999,-0.0014546869865834,1495.29765625,1535.5695922851562,1546.607891845703,0.973773942752262,0.9928628971708052,-0.0346354886379422,0.0509103979212584,12718067.8,0.9844165164773704,0.0052422763453561,-0.0085129247561031,-0.035028734743724,0.0066138649702718,0.000313148164136,-0.0038044145220406,0.0010306534442645,3,7,0,0,1,xg_RELIANCE.NS,0.31394862989679884,3.8548453243913374
2024-07-26,1497.9381103515625,1501.3131545447015,1479.4002684339398,1481.4352554076795,9859940,45.74569225216273,1545.539544677734,1520.6212470045632,1.3667405833307384,15.04793613923118,1469.1325255061724,1545.539544677734,1621.9465638492957,0.0111397423746599,-0.0296595282578806,-0.0453136293086345,0.0110781524199552,0.0147778879043518,0.0133558191851719,1.1063927496119372,0.7537605296660886,-0.0296595282578806,-0.0453136293086345,0.0156541010507539,1486.1404296875,1528.459716796875,1545.5395446777345,0.9723124615949568,0.988948954467276,-0.0396539179955127,-0.212457056283944,12509967.2,0.7881667347616397,-0.0022062441131743,0.0052422763453561,-0.0085129247561031,-0.0198686383190292,-0.0131321682109369,-0.0022566060120839,0.0222647057962381,4,7,0,0,1,xg_RELIANCE.NS,0.30434960685154266,3.7369828921937707
2024-07-29,1508.931640625,1516.2772962786505,1500.6678537480493,1500.8414953005092,7538550,48.39766567433493,1543.2911804199216,1519.5079511588906,0.5196070755800974,12.142270326500965,1465.2900855575244,1543.2911804199216,1621.2922752823188,0.0073391084701472,0.0129440543057157,-0.0479889164341866,0.0073123082601282,0.0144893789217122,0.0123404928775,1.174037781776634,0.5064814736590801,0.0129440543057157,-0.0479889164341866,0.0609329707399024,1489.9968505859374,1520.8535034179688,1543.2911804199218,0.9797109631120392,0.9854611512807012,-0.0353192473397336,-0.2354365239545068,11971343.8,0.6297162729550353,0.0111397423746599,-0.0022062441131743,0.0052422763453561,-0.035028734743724,0.0066138649702718,0.0101698752484722,0.0077268076753462,0,7,0,0,0,xg_RELIANCE.NS,0.34112106276862836,4.18848438452274
2024-07-30,1502.0328369140625,1513.7957501477324,1498.9059558839842,1505.879367098864,8228208,46.85003904809137,1540.958447265625,1517.843654564145,-0.7003548812290319,9.573745284954963,1460.8741376608036,1540.958447265625,1621.0427568704465,-0.0045719789586227,0.0169702869350387,-0.0526381556989405,-0.0045824624200694,0.0143793907972852,0.0123536730234576,1.1638827486557728,-0.3179314820488615,0.0169702869350387,-0.0526381556989405,0.0696084426339793,1495.009765625,1512.5077758789062,1540.958447265625,0.9884311270771892,0.9815370288295552,-0.030590996755455,0.0914841713592136,12261195.8,0.6710771228365285,0.0073391084701472,0.0111397423746599,-0.0022062441131743,-0.0085129247561031,-0.0198686383190292,0.000313148164136,-0.0066368525525649,1,7,0,0,0,xg_RELIANCE.NS,0.29749825087669485,3.6528579270551598
2024-07-31,1494.364501953125,1499.3524857083617,1490.1208866802615,1492.9499231376883,10057346,45.12281018401704,1537.9928955078126,1515.607544791667,-2.259903307165814,7.20701556653081,1455.5339864627183,1537.9928955078126,1620.4518045529069,-0.0051053044730314,0.0065019824460779,-0.0449326208849121,-0.0051183810655563,0.0141151256494022,0.0123280676545389,1.1448656171665774,-0.361664708846487,0.0065019824460779,-0.0449326208849121,0.05143460333099,1496.940478515625,1505.4773071289062,1537.9928955078126,0.9943294870185976,0.9788584274518574,-0.0274714883407176,0.2223008946784037,12328246.6,0.8157969520174251,-0.0045719789586227,0.0073391084701472,0.0111397423746599,0.0052422763453561,-0.035028734743724,-0.0131321682109369,-0.0038044145220406,2,7,0,1,1,xg_RELIANCE.NS,0.32295754378516345,3.965462050420122
2024-08-01,1504.1671142578125,1506.8472288436842,1493.2479314401046,1500.8913109431162,10764222,47.7734847659636,1536.1502868652344,1514.517979978919,-2.674043077458464,5.230803837732956,1452.3402123757749,1536.1502868652344,1619.960361354694,0.0065597197282694,0.0153444510749001,-0.0449839934679553,0.0065382983944131,0.0141104000549738,0.012372606537873,1.1403627561442895,0.4648525095110809,0.0153444510749001,-0.0449839934679553,0.0603284445428554,1501.4868408203124,1498.3922485351563,1536.1502868652344,1.0020652751562091,0.975420348742616,-0.0230449434217458,0.0702845462411256,12174831.4,0.8841372538431305,-0.0051053044730314,-0.0045719789586227,0.0073391084701472,-0.0022062441131743,-0.0085129247561031,0.0066138649702718,-0.0022566060120839,3,8,1,0,0,xg_RELIANCE.NS,0.3232477181433299,3.9690249812989857
2024-08-02,1488.309326171875,1498.2358556077295,1482.303848567256,1493.9426800961044,10268248,44.0654151216612,1533.4353759765625,1512.0219177115814,-4.233046869272812,3.3380336963318027,1447.0284350863062,1533.4353759765625,1619.8423168668187,-0.0105425706596185,-0.0064280253724419,-0.0358969014301462,-0.0105985372597698,0.0132647183559786,0.0125354950330697,1.058088271162547,-0.7947229374779516,-0.0064280253724419,-0.0358969014301462,0.0294688760577043,1499.561083984375,1492.8507568359375,1533.4353759765625,1.0044949752128336,0.9735335314572492,-0.0227602497656293,-0.0460761585927901,11887617.2,0.8637768046567933,0.0065597197282694,-0.0051053044730314,-0.0045719789586227,0.0111397423746599,0.0052422763453561,-0.0198686383190292,0.0101698752484722,4,8,0,0,0,xg_RELIANCE.NS,0.32434879606129957,3.982544661462174
2024-08-05,1436.69140625,1472.997761203301,1422.7198642160924,1469.126390399314,17046704,34.64032533454016,1526.422283935547,1504.8475832866689,-9.523917561821008,0.7656434447012405,1432.4500834707126,1526.422283935547,1620.3944844003815,-0.0346822525493695,-0.0478750875321813,-0.0355507309593731,-0.0352979598717047,0.01317355150192,0.0132492616208581,0.9942106713713946,-2.6325186511521874,-0.0478750875321813,-0.0355507309593731,-0.0123243565728082,1485.113037109375,1487.5549438476562,1526.4222839355468,0.9983584426589548,0.9745369675895456,-0.0287530409428672,0.6601375424512537,11624850.0,1.4664020611017374,-0.0105425706596185,0.0065597197282694,-0.0051053044730314,0.0073391084701472,-0.0022062441131743,-0.035028734743724,0.000313148164136,0,8,0,0,1,xg_RELIANCE.NS,0.4647647841172026,5.706654479062008
2024-08-06,1445.352294921875,1466.6446510309138,1440.6619130584993,1444.4588830824964,10236186,37.07239210156093,1519.232995605469,1499.1813653471647,-12.869754847835113,-1.9614362138060295,1423.4794350424802,1519.232995605469,1614.9865561684576,0.0060283569834118,-0.0377358873915421,-0.0214059892932861,0.006010259136552,0.0133640790134767,0.0131715635932875,1.01453896341687,0.4510528502924041,-0.0377358873915421,-0.0214059892932861,-0.0163298980982559,1473.7769287109377,1484.3933471679688,1519.232995605469,0.9928479749135994,0.9770676067869268,-0.0314498181891275,-0.3995211039037224,10843264.2,0.944013335024988,-0.0346822525493695,-0.0105425706596185,0.0065597197282694,-0.0045719789586227,0.0111397423746599,-0.0085129247561031,-0.0131321682109369,1,8,0,0,1,xg_RELIANCE.NS,0.37384192379219866,4.590250298163553
2024-08-07,1454.062744140625,1461.6814036613468,1450.7622216985117,1458.207118491354,8174568,39.510259682308345,1513.0065734863283,1494.8843538036847,-14.649622814039049,-4.499073533852633,1417.3097540801823,1513.0065734863283,1608.703392892474,0.0060265232562009,-0.0269691616468578,-0.0206425322163931,0.0060084363958008,0.0134140300564336,0.0133737005919602,1.002940586535224,0.4492366570070168,-0.0269691616468578,-0.0206425322163931,-0.0063266294304646,1465.7165771484374,1481.328527832031,1513.006573486328,0.9894608451870952,0.9790628499509404,-0.0325226655647792,-0.2014048982697266,10469384.8,0.7808069104499071,0.0060283569834118,-0.0346822525493695,-0.0105425706596185,-0.0051053044730314,0.0073391084701472,0.0052422763453561,0.0066138649702718,2,8,0,0,0,xg_RELIANCE.NS,0.3416882193055647,4.195448264968167
2024-08-08,1438.4781494140625,1454.2365143735713,1435.3017085687702,1446.8164580997684,12387192,36.76582530003253,1506.3012023925785,1489.5123343380064,-17.120374528550883,-7.023333732792284,1409.395904186907,1506.3012023925785,1603.20650059825,-0.0107179657751105,-0.0436713209729773,-0.0289969823461232,-0.0107758169059088,0.0136955625677344,0.013457088510615,1.0176454521704297,-0.7825296107768864,-0.0436713209729773,-0.0289969823461232,-0.014674338626854,1452.5787841796875,1477.0328125,1506.301202392578,0.9834438151181476,0.9805693643169848,-0.0373467043866973,0.5153329203451484,10456116.4,1.1846838277353926,0.0060265232562009,0.0060283569834118,-0.0346822525493695,0.0065597197282694,-0.0045719789586227,-0.0022062441131743,-0.0198686383190292,3,8,0,0,1,xg_RELIANCE.NS,0.45006868429897945,5.526207150179928
2024-08-09,1463.46826171875,1465.6520496932055,1445.3026646483625,1449.2732763644294,6249776,43.538396138034145,1501.0227722167972,1487.0319464695058,-16.867531448338013,-8.99217327590143,1407.049443628058,1501.0227722167972,1594.9961008055363,0.0173726047315121,-0.0166907940549021,-0.0230115305796729,0.0172234263008395,0.0145201204665945,0.0143074764278256,1.014791514654718,1.1963680606794325,-0.0166907940549021,-0.0230115305796729,0.0063207365247708,1447.6105712890626,1473.5858276367187,1501.022772216797,0.9823727564010885,0.9817211670016452,-0.0364969998495253,-0.4954646702820139,10095100.0,0.6190900535902943,-0.0107179657751105,0.0060265232562009,0.0060283569834118,-0.0105425706596185,-0.0051053044730314,0.0111397423746599,-0.035028734743724,4,8,0,0,0,xg_RELIANCE.NS,0.42729618677235676,5.246593075596863
2024-08-12,1449.8936767578125,1462.1777566892652,1447.0397996020206,1459.199797918004,8184584,40.97139818717885,1494.2677673339847,1483.4949684017254,-17.56008531174075,-10.705755683069295,1406.490970037987,1494.2677673339847,1582.0445646299825,-0.0092756264799312,0.0091893571927688,-0.0391256716193809,-0.0093189129841251,0.0142516817596649,0.0139956713671983,1.0182193598589622,-0.6507986803003817,0.0091893571927688,-0.0391256716193809,0.0483150288121497,1450.251025390625,1467.68203125,1494.2677673339845,0.9881234453456316,0.9822081847275488,-0.0303585998400846,0.3095803753606529,10159703.4,0.805592808939599,0.0173726047315121,-0.0107179657751105,0.0060265232562009,-0.0346822525493695,0.0065597197282694,0.0073391084701472,-0.0085129247561031,0,8,0,0,1,xg_RELIANCE.NS,0.38085204880866164,4.676324722670498
2024-08-13,1452.8717041015625,1459.2742672925806,1447.28803114191,1450.0178268110735,6265064,41.78234911918535,1487.6368469238282,1480.578467039805,-17.665006125312857,-12.097605771518008,1409.3521103577457,1487.6368469238282,1565.9215834899107,0.0020539625708344,0.0052024749994215,-0.032729732402856,0.002051856073665,0.0143700322386045,0.0140315684783661,1.0240486095441943,0.1429238023220733,0.0052024749994215,-0.032729732402856,0.0379322074022775,1451.7549072265624,1462.76591796875,1487.6368469238282,0.9924724724530922,0.9832815858208226,-0.0246972527553317,-0.2345287188695235,9963389.0,0.6288085309124607,-0.0092756264799312,0.0173726047315121,-0.0107179657751105,0.0060283569834118,-0.0105425706596185,-0.0045719789586227,0.0052422763453561,1,8,0,0,0,xg_RELIANCE.NS,0.40102077471383263,4.9239681628729155
2024-08-14,1451.109619140625,1461.1850703208015,1443.0194737625147,1452.7972017764512,6267466,41.41975359516031,1481.9588684082032,1477.771910097026,-17.686463612883472,-13.215377339791102,1411.0759513439623,1481.9588684082032,1552.841785472444,-0.0012128290171548,-0.0020309474346276,-0.0289453361318247,-0.0012135650894808,0.0143662564967494,0.0138874442804622,1.0344035808934628,-0.0844161874209734,-0.0020309474346276,-0.0289453361318247,0.026914388697197,1451.1642822265626,1458.4404296875,1481.9588684082032,0.9950110081201626,0.9841301676975928,-0.0212214058644844,0.0003833959238086,9584401.0,0.6539235993985796,0.0020539625708344,-0.0092756264799312,0.0173726047315121,0.0060265232562009,-0.0346822525493695,-0.0051053044730314,-0.0022062441131743,2,8,0,0,1,xg_RELIANCE.NS,0.3675735611339956,4.513283666735645
2024-08-16,1467.339599609375,1469.5235088888628,1447.337738823352,1457.8598362701878,9416902,46.06270938448869,1476.5749633789062,1476.7783567172496,-16.20702059722953,-13.813705991278788,1420.6805312032473,1476.5749633789062,1532.4693955545652,0.011184530964905,0.0200638780693809,-0.0244836589627269,0.0111224465925996,0.0147711753962703,0.0141014974474559,1.047415569568852,0.7571349963613955,0.0200638780693809,-0.0244836589627269,0.0445475370321079,1456.936572265625,1454.7576782226563,1476.5749633789062,1.0014977711240751,0.9852243972047824,-0.0133836714544534,0.5025054782905882,9449669.0,0.9965324711372432,-0.0012128290171548,0.0020539625708344,-0.0092756264799312,-0.0107179657751105,0.0060283569834118,0.0065597197282694,0.0111397423746599,4,8,0,0,1,xg_RELIANCE.NS,0.413696590725072,5.079609262819213
2024-08-19,1482.4791259765625,1492.3397678065596,1474.6105280885963,1476.6025720306277,13797742,50.04048721902157,1473.512707519531,1477.3212871228984,-13.655505924936053,-13.78206597801024,1427.2226017323717,1473.512707519531,1519.8028133066905,0.0103176704092344,0.0129902812073869,-0.0039173309558628,0.0102648065581574,0.0149615507201324,0.013863886026243,1.0790965531064287,0.6895662779843977,0.0129902812073869,-0.0039173309558628,0.0169076121632498,1460.7387451171876,1454.174658203125,1473.5127075195312,1.004513960463438,0.9868762249434828,-0.0086166221017978,0.4652103207615412,9802618.4,1.407556780951362,0.011184530964905,-0.0012128290171548,0.0020539625708344,0.0173726047315121,0.0060265232562009,-0.0105425706596185,0.0073391084701472,0,8,0,0,1,xg_RELIANCE.NS,0.39917309618174507,4.901281282688927
2024-08-20,1489.9990234375,1497.942395948273,1484.0976661921163,1491.268975771349,8411808,51.93654133808371,1473.5301818847654,1478.528690581432,-10.900959806740277,-13.205844743756249,1427.214170641024,1473.5301818847654,1519.846193128507,0.005072514903698,0.027660888051715,0.0371044310250603,0.0050596930410877,0.0088352660118259,0.0115280219294592,0.7663500048733389,0.574056382742364,0.027660888051715,0.0371044310250603,-0.0094435429733452,1468.759814453125,1459.505419921875,1473.5301818847656,1.0063407743506327,0.9904822024446408,-0.0032015909786538,-0.3903489426023475,8939128.8,0.9410098218966324,0.0103176704092344,0.011184530964905,-0.0012128290171548,-0.0092756264799312,-0.0107179657751105,-0.0346822525493695,-0.0045719789586227,1,8,0,0,1,xg_RELIANCE.NS,0.39840834096374894,4.891891169798913
2024-08-21,1492.7132568359375,1501.8766102174725,1484.072717714687,1487.30978907883,7769996,52.63526841013152,1474.3174316406248,1479.8796016532897,-8.402092123301372,-12.245094219665274,1427.2265989394116,1474.3174316406248,1521.408264341838,0.001821634347233,0.0274226228110159,0.0327677633200302,0.0018199771835778,0.0088114084569809,0.0113530867615403,0.7760561145990001,0.2067124278369077,0.0274226228110159,0.0327677633200302,-0.0053451405090143,1476.728125,1464.2415161132812,1474.317431640625,1.0085276976163493,0.9931657082042832,0.0016149741742663,-0.0762989359719099,8692509.8,0.8938725614090312,0.005072514903698,0.0103176704092344,0.011184530964905,0.0020539625708344,0.0173726047315121,0.0060283569834118,-0.0051053044730314,2,8,0,0,0,xg_RELIANCE.NS,0.32678718126944184,4.012484584505514
2024-08-22,1492.1654052734375,1500.5070892244864,1484.720165407205,1497.0210123494212,10445782,52.469462668623194,1474.6901550292966,1481.0496781885415,-6.392242728176143,-11.07452392136745,1427.137208946221,1474.6901550292966,1522.243101112372,-0.0003670172821144,0.0282926841578836,0.0262042757689469,-0.000367084649441,0.0088206648039165,0.0113013334311259,0.780428648443956,-0.0416040838404408,0.0282926841578836,0.0262042757689469,0.0020884083889367,1484.9392822265625,1468.0517822265624,1474.6901550292969,1.011503340825204,0.9954984626566504,0.006868626736047,0.3443741798580075,8919631.2,1.1711002132015087,0.001821634347233,0.005072514903698,0.0103176704092344,-0.0012128290171548,-0.0092756264799312,0.0060265232562009,0.0065597197282694,3,8,0,0,1,xg_RELIANCE.NS,0.3484674090276567,4.278687130549325
2024-08-23,1494.008056640625,1505.3128818837536,1492.4642955105633,1497.768063961028,9249654,53.00567047648002,1475.318792724609,1482.2838094696926,-4.597736195830294,-9.77916637626002,1427.0631721985928,1475.318792724609,1523.5744132506252,0.001234884122548,0.0181747000069714,0.0386032330412398,0.0012341222802767,0.0075266121732001,0.0112871668346438,0.6667701039021373,0.1640472561730088,0.0181747000069714,0.0386032330412398,-0.0204285330342683,1490.2729736328124,1473.6047729492188,1475.3187927246097,1.0113111744679235,0.998838203794432,0.010009437928888,-0.1145082292546407,8605877.4,1.0748066199500963,-0.0003670172821144,0.001821634347233,0.005072514903698,0.011184530964905,0.0020539625708344,-0.0107179657751105,-0.0105425706596185,4,8,0,0,1,xg_RELIANCE.NS,0.31978319890384865,3.926485583066962
2024-08-26,1506.5828857421875,1516.941539085057,1497.021098650585,1500.9802618699923,8816114,56.603638727122565,1475.7510314941403,1484.5980072099303,-2.1362676601545445,-8.250586633038925,1426.497772539413,1475.7510314941403,1525.0042904488676,0.008416841559635,0.0162590888082467,0.0294605801514289,0.008381617461139,0.0061399464099005,0.0111676596506015,0.5497478302662602,1.370609837282625,0.0162590888082467,0.0294605801514289,-0.0132014913431821,1495.0937255859376,1477.9162353515626,1475.7510314941403,1.011622776598221,1.0014671877648833,0.0128387852237338,-0.046870942415792,8862511.2,0.994764779535512,0.001234884122548,-0.0003670172821144,0.001821634347233,0.0103176704092344,-0.0012128290171548,0.0173726047315121,-0.0346822525493695,0,8,0,0,0,xg_RELIANCE.NS,0.34785197200967405,4.271130434054081
2024-08-27,1494.481201171875,1507.4544123852302,1493.485179145279,1504.4912711730517,6251156,52.44239807594028,1475.028509521484,1485.5392637777345,-1.1487982869846292,-6.830228963828066,1427.4284821381789,1475.028509521484,1522.6285369047891,-0.0080325381927798,0.0030081749476817,0.0307522717898647,-0.0080649728327761,0.0058722431912152,0.0111900994986702,0.5247244197867237,-1.3676495134399136,0.0030081749476817,0.0307522717898647,-0.0277440968421829,1495.9901611328123,1482.3749877929688,1475.0285095214845,1.009184702556345,1.00498056696807,0.0140260389992803,-0.2909397496447982,8669168.4,0.7210790829717044,0.008416841559635,0.001234884122548,-0.0003670172821144,0.005072514903698,0.011184530964905,-0.0092756264799312,0.0060283569834118,1,8,0,0,0,xg_RELIANCE.NS,0.33794570023668363,4.149495421858567
2024-08-28,1492.33984375,1501.4782728482842,1487.0608784010917,1499.0131426615155,9610286,51.71788330919676,1474.543859863281,1486.1869380608075,-0.5328687628900752,-5.570756923640468,1427.9140224046075,1474.543859863281,1521.1736973219547,-0.001432843330646,-0.0002501572785177,0.0271656055638058,-0.0014338708322672,0.0060390392766911,0.0111507572006277,0.5415325287346803,-0.2372241743816986,-0.0002501572785177,0.0271656055638058,-0.0274157628423236,1495.915478515625,1486.3218017578124,1474.543859863281,1.0064546430971184,1.0079875154718172,0.0143208792165196,0.5373614096336741,9003690.6,1.06737186193392,-0.0080325381927798,0.008416841559635,0.001234884122548,0.001821634347233,0.0103176704092344,0.0020539625708344,0.0060265232562009,2,8,0,0,1,xg_RELIANCE.NS,0.39853581345011146,4.8934563517148355
2024-08-29,1514.874755859375,1530.885760314005,1488.0568158159556,1497.1205913811584,38335358,58.2541452117908,1475.5693725585934,1488.9191111844807,1.753426488506193,-4.105920241211137,1426.27794474618,1475.5693725585934,1524.8608003710067,0.0151003889655245,0.0152190571539059,0.0439423292890257,0.0149875129876884,0.0069925990428184,0.0115955083318275,0.6029917663773606,2.1591728197559132,0.0152190571539059,0.0439423292890257,-0.0287232721351198,1500.4573486328125,1492.6983154296877,1475.5693725585938,1.0051979915317928,1.0116083616193474,0.0164290651606375,2.9889924191642163,12210479.8,3.13954558935488,-0.001432843330646,-0.0080325381927798,0.008416841559635,-0.0003670172821144,0.005072514903698,-0.0012128290171548,-0.0107179657751105,3,8,0,0,0,xg_RELIANCE.NS,0.4567507762755338,5.608253792719635
2024-08-30,1503.6197509765625,1533.599989641746,1497.3447635789732,1527.89778785993,41620730,54.30029819511259,1475.542004394531,1490.31917211706,2.62686623625882,-2.759362945717146,1426.316869642898,1475.542004394531,1524.767139146164,-0.0074296603328291,0.0064334956516567,0.0247251225120932,-0.0074573977308567,0.0074295505311138,0.0116481888849017,0.6377740634580273,-0.9998801975330044,0.0064334956516567,0.0247251225120932,-0.0182916268604365,1502.3796875,1496.3263305664063,1475.5420043945312,1.0040454791243982,1.0140858925804717,0.0178487167969418,0.0857008300274644,15430862.6,2.6972393623670334,0.0151003889655245,-0.001432843330646,-0.0080325381927798,0.001234884122548,0.001821634347233,0.011184530964905,0.0173726047315121,4,8,0,0,1,xg_RELIANCE.NS,0.33587488947758104,4.124068793384189
2024-09-02,1510.2183837890625,1520.7264647058682,1500.6316718721823,1504.8647654458696,11240852,56.17821375927482,1476.6374572753905,1492.2143351334412,3.807635992489395,-1.4459631580758374,1425.286779678228,1476.6374572753905,1527.988134872553,0.0043884983608484,0.0024130753649733,0.0187113985798803,0.0043788969820912,0.0069551372738314,0.0114098148069757,0.60952152773346,0.630881506228704,0.0024130753649733,0.0187113985798803,-0.0162983232149069,1503.106787109375,1499.1002563476563,1476.6374572753907,1.0026726236252403,1.0152121287196063,0.0175268226887651,-0.7299217961818546,15175173.6,0.7407395985242146,-0.0074296603328291,0.0151003889655245,-0.001432843330646,0.008416841559635,-0.0003670172821144,0.0103176704092344,-0.0092756264799312,0,9,0,0,0,xg_RELIANCE.NS,0.4072353128816602,5.000273905654391
2024-09-03,1503.1217041015625,1516.941509382377,1501.5031683479538,1515.1984708784903,10923800,53.62596085549254,1479.9589721679688,1493.253132178024,4.123231741046311,-0.3321241782514077,1430.9470154316975,1479.9589721679688,1528.97092890424,-0.0046991082638623,0.0057816069703064,0.0088071740032338,-0.0047101837834313,0.0071403090169835,0.0079478260703083,0.8982847220239367,-0.658017774148529,0.0057816069703064,0.0088071740032338,-0.0030255670329273,1504.8348876953123,1500.4125244140623,1479.9589721679688,1.0029474315958389,1.0138203508548156,0.0165495019195484,-0.0282053353251159,15426372.8,0.7081249845070056,0.0043884983608484,-0.0074296603328291,0.0151003889655245,-0.0080325381927798,0.001234884122548,0.005072514903698,0.0020539625708344,1,9,0,0,1,xg_RELIANCE.NS,0.2997753146054504,3.680817050402887
2024-09-04,1508.525146484375,1511.463362707152,1493.534966971581,1494.7301447200666,11983304,55.29146687285238,1483.1176147460938,1494.7076097310098,4.754548808304662,0.6852104190598063,1435.37007628952,1483.1176147460938,1530.8651532026674,0.0035948136255821,0.0108455877541298,0.0105927173728954,0.0035883677263326,0.007187596777035,0.0079061412921853,0.909000675647292,0.500071674219681,0.0108455877541298,0.0105927173728954,0.0002528703812343,1508.0719482421875,1501.9937133789062,1483.1176147460938,1.0040467778321174,1.0127273106631156,0.0165422058453914,0.0969904245775279,15847703.6,0.7561539704717373,-0.0046991082638623,0.0043884983608484,-0.0074296603328291,-0.001432843330646,0.008416841559635,0.001821634347233,-0.0012128290171548,2,9,0,0,0,xg_RELIANCE.NS,0.30701801179470434,3.7697471323884506
2024-09-05,1487.035888671875,1519.7054581926027,1481.1345314015284,1513.0072347057646,16264168,47.920445015213986,1484.766271972656,1493.9769696301398,3.480744761332744,1.244317287514394,1439.0072090502774,1484.766271972656,1530.5253348950348,-0.0142452102058628,-0.0183770091090516,-0.0034376327070941,-0.0143476472008137,0.0086819753560679,0.0086502465919397,1.003551946393118,-1.6405908829290634,-0.0183770091090516,-0.0034376327070941,-0.0149393764019574,1502.5041748046874,1501.48076171875,1484.7662719726563,1.0006816025300025,1.0112573204696298,0.0119283622992269,0.3572357006047748,16429542.2,0.9899343391320428,0.0035948136255821,-0.0046991082638623,0.0043884983608484,0.0151003889655245,-0.0080325381927798,-0.0003670172821144,0.011184530964905,3,9,0,0,0,xg_RELIANCE.NS,0.35425384896219486,4.349736432257881
2024-09-06,1458.997802734375,1491.0448575756725,1455.8105811316243,1486.5627588054049,19394228,40.360219705400816,1485.792254638672,1490.6456204019717,0.2064271026072219,1.0367392505329596,1443.6237776469586,1485.792254638672,1527.9607316303852,-0.0188550163120418,-0.0296763514932593,-0.0234337785198915,-0.0190350386060522,0.0104325612726559,0.0093972797677003,1.1100500868797472,-1.8071505806417916,-0.0296763514932593,-0.0234337785198915,-0.0062425729733677,1493.57978515625,1497.979736328125,1485.792254638672,0.9970627431966068,1.0082026822063472,0.0053375889278126,0.1924512830905338,17443999.6,1.1117993834395,-0.0142452102058628,0.0035948136255821,-0.0046991082638623,-0.0074296603328291,-0.001432843330646,0.001234884122548,0.0103176704092344,4,9,0,0,0,xg_RELIANCE.NS,0.3096535739581658,3.8021081096805056
2024-09-09,1456.63232421875,1464.07768593117,1449.809597840599,1460.666261949736,9010298,39.7898693222186,1485.450457763672,1487.4062588607123,-2.549973076872675,0.3193967850518326,1442.418128359683,1485.450457763672,1528.4827871676612,-0.0016213036861273,-0.0354823250369047,-0.0331548711963699,-0.001622619421278,0.0097450236019392,0.008550648711858,1.1395491010320016,-0.1663554032236006,-0.0354823250369047,-0.0331548711963699,-0.0023274538405347,1482.8625732421874,1492.9846801757812,1485.450457763672,0.993220220496568,1.005072011909069,-0.0017766216487558,-0.5354134230039989,17463418.0,0.5159527189923235,-0.0188550163120418,-0.0142452102058628,0.0035948136255821,0.0043884983608484,0.0151003889655245,0.008416841559635,0.005072514903698,0,9,0,0,0,xg_RELIANCE.NS,0.45705026038599944,5.611931034194897
2024-09-10,1455.7110595703125,1466.1942153054945,1451.7766997689328,1454.6901127162012,10768260,39.555422513473395,1485.741326904297,1484.3876684521028,-4.753977541846098,-0.6952780803277534,1443.6526571989211,1485.741326904297,1527.829996609673,-0.0006324620380312,-0.0315414542960033,-0.025942207617708,-0.0006326621265166,0.0096279421266558,0.0082819730669857,1.1623775724963945,-0.0656834395421689,-0.0315414542960033,-0.025942207617708,-0.0055992466782952,1473.3804443359377,1489.107666015625,1485.7413269042968,0.9894384925693328,1.002265763932368,-0.0084913022313699,0.1951058666428125,17915128.4,0.6010707687698962,-0.0016213036861273,-0.0188550163120418,-0.0142452102058628,-0.0046991082638623,-0.0074296603328291,-0.0080325381927798,0.001821634347233,1,9,0,0,0,xg_RELIANCE.NS,0.37484853534907375,4.602610064966083
2024-09-11,1445.7259521484375,1462.9073318760024,1441.7917138302157,1457.2300550346945,9760202,37.010087547222,1485.3840393066407,1480.705600232706,-7.22311807037272,-2.000846078336747,1442.0185629007833,1485.3840393066407,1528.749515712498,-0.0068592646571101,-0.0416295309907768,-0.0312354399681707,-0.0068828975444139,0.0097084861792175,0.008417527164166,1.15322858617625,-0.706449809032317,-0.0416295309907768,-0.0312354399681707,-0.010394091022606,1460.82060546875,1484.4462768554688,1485.3840393066407,0.9840845224545508,0.9993686734027318,-0.0169903803700749,-0.093613824331879,17930120.0,0.5443467193749655,-0.0006324620380312,-0.0016213036861273,-0.0188550163120418,0.0035948136255821,0.0043884983608484,-0.001432843330646,-0.0003670172821144,2,9,0,0,1,xg_RELIANCE.NS,0.38885749265368186,4.774620255241536
2024-09-12,1473.913330078125,1480.088617533546,1440.1232367942907,1451.2039809867947,22349376,47.31635385651637,1486.5242248535158,1480.0587173608412,-6.826749383854576,-2.9660267394403133,1445.8366542325518,1486.5242248535158,1527.2117954744797,0.0194970408380643,-0.0088246414856,-0.0270394800776866,0.0193094084661833,0.0106768624657787,0.0094931339590125,1.1245746596658694,1.8259310700573257,-0.0088246414856,-0.0270394800776866,0.0182148385920866,1458.19609375,1480.3501342773438,1486.5242248535155,0.9850345941717642,0.9958466263294296,-0.0192196722327044,1.289847689627735,16331521.8,1.3684809213553284,-0.0068592646571101,-0.0006324620380312,-0.0016213036861273,-0.0142452102058628,-0.0046991082638623,0.0151003889655245,0.001234884122548,3,9,0,0,0,xg_RELIANCE.NS,0.4862367632006712,5.97030002579539
2024-09-13,1466.766845703125,1477.2500011980833,1463.6542770635715,1470.526852936648,8711328,45.2929462384989,1486.4955871582033,1478.7928248220112,-7.0084963245155905,-3.774520656455369,1445.7503964256491,1486.4955871582033,1527.2407778907575,-0.0048486462732657,0.0053249175250227,-0.0245094580923816,-0.0048604390935258,0.010580211900044,0.0092458137761446,1.1442008194584126,-0.4582316580623015,0.0053249175250227,-0.0245094580923816,0.0298343756174044,1459.74990234375,1476.66484375,1486.495587158203,0.9885451722658376,0.9933866312869472,-0.0182344487079213,-0.6102205269623635,13040581.6,0.6680168313964872,0.0194970408380643,-0.0068592646571101,-0.0006324620380312,-0.0188550163120418,0.0035948136255821,-0.0074296603328291,0.008416841559635,4,9,0,0,0,xg_RELIANCE.NS,0.4536242070471881,5.569863942841214
2024-09-16,1465.4969482421875,1475.0090069946318,1458.9232273463058,1471.6723576050656,5481774,44.9253051568293,1485.6464782714845,1477.526550862028,-7.17232410881752,-4.4540813469278,1443.8545088714734,1485.6464782714845,1527.4384476714956,-0.0008657800417685,0.0060856977262206,-0.0296125620154822,-0.000866155045772,0.0103316256636481,0.0089228542015422,1.1577537497040882,-0.0837909036823495,0.0060856977262206,-0.0296125620154822,0.0356982597417029,1461.5228271484375,1472.1927001953125,1485.6464782714845,0.9927523937284436,0.99094415914355,-0.0164610722335398,-0.3707303869168972,12464673.8,0.4397847940472826,-0.0048486462732657,0.0194970408380643,-0.0068592646571101,-0.0016213036861273,-0.0142452102058628,0.0043884983608484,-0.0080325381927798,0,9,0,0,0,xg_RELIANCE.NS,0.4404948138128693,5.408653555848774
2024-09-17,1466.4432373046875,1471.5975781970765,1460.790763828237,1468.1364260685732,5935328,45.28172812722632,1484.468688964844,1476.4709971899003,-7.143455876617509,-4.991956252865742,1441.8732174579134,1484.468688964844,1527.0641604717746,0.0006457120662277,0.0073724642426931,-0.02440152829727,0.0006455036838906,0.0103694680095256,0.0088307825654299,1.1741081636355732,0.0622645058674938,0.0073724642426931,-0.02440152829727,0.0317739925399631,1463.6692626953125,1468.524853515625,1484.4686889648438,0.9966935589760784,0.9892595677040944,-0.0141835877041926,0.0827385441282329,11965826.6,0.4960232333635441,-0.0008657800417685,-0.0048486462732657,0.0194970408380643,-0.0006324620380312,-0.0188550163120418,-0.0046991082638623,-0.001432843330646,1,9,0,0,0,xg_RELIANCE.NS,0.3606495435330115,4.428266519554812
2024-09-18,1457.6282958984375,1476.10455198121,1454.7399294679983,1464.1522884024148,8574714,42.521156938365536,1482.714440917969,1474.676454209761,-7.742617620245937,-5.542088526341781,1438.6829605702785,1482.714440917969,1526.7459212656595,-0.0060111030430688,0.0082327800315906,-0.0337394777306515,-0.0060292424513983,0.0101939113825495,0.0088838171602427,1.147340592236909,-0.5896179787651636,0.0082327800315906,-0.0337394777306515,0.0419722577622422,1466.0497314453123,1463.4351684570313,1482.714440917969,1.0017865929729144,0.9869973125445508,-0.011432756567328,0.444690841011651,11624967.6,0.7376118622471913,0.0006457120662277,-0.0008657800417685,-0.0048486462732657,-0.0068592646571101,-0.0016213036861273,0.0035948136255821,0.0151003889655245,2,9,0,0,1,xg_RELIANCE.NS,0.3899919036345712,4.788549218292138
2024-09-19,1463.82861328125,1470.6264144806405,1449.7598031867433,1460.4171894563085,16955902,45.05836851411281,1481.2976013183595,1473.6433265022838,-7.629199165254704,-5.959510654124366,1436.7262662725252,1481.2976013183595,1525.8689363641938,0.0042537026759561,-0.0068421369093258,-0.0156063989897058,0.0042446812566376,0.0096679736684946,0.0089649944627761,1.078293513188405,0.4399332154369609,-0.0068421369093258,-0.0156063989897058,0.0087642620803799,1464.0327880859377,1461.1144409179688,1481.2976013183593,1.0019973433197575,0.9863746755665928,-0.0117942859401564,0.9774306175109748,11694141.0,1.4499484827486302,-0.0060111030430688,0.0006457120662277,-0.0008657800417685,0.0194970408380643,-0.0006324620380312,-0.0142452102058628,-0.0074296603328291,3,9,0,0,1,xg_RELIANCE.NS,0.4612570846058397,5.663584888138193
2024-09-20,1480.0140380859375,1489.0528890965668,1465.5218693608433,1468.136427109257,30897320,51.12354236131502,1480.597900390625,1474.2500609388223,-6.162251113075399,-6.000058745914573,1436.429159850677,1480.597900390625,1524.766640930573,0.011056912440321,0.0090315597339958,0.0144045695697245,0.0109962316688871,0.0082328072277202,0.0093500118717745,0.8804188616817527,1.3428675380079809,0.0090315597339958,0.0144045695697245,-0.0053730098357287,1466.6822265625,1463.216064453125,1480.597900390625,1.0023688655377567,0.9882602589582802,-0.0094023931327851,0.8222162406930638,12844450.2,2.4054996141444493,0.0042537026759561,-0.0060111030430688,0.0006457120662277,-0.0048486462732657,-0.0068592646571101,-0.0188550163120418,0.0043884983608484,4,9,0,0,1,xg_RELIANCE.NS,0.5268500432338207,6.468973686818997
2024-09-23,1487.434326171875,1495.5270047691104,1483.026880271187,1485.0687739665293,8832314,53.649783574908966,1479.6404724121094,1475.505705246732,-4.350775941543134,-5.670202185040285,1437.0411082427363,1479.6404724121094,1522.2398365814822,0.0050136606106343,0.0149692416323354,0.0211460376383212,0.0050011340660569,0.0082241121058298,0.0092104820411096,0.8928109580116177,0.6095552919066852,0.0149692416323354,0.0211460376383212,-0.0061767960059857,1471.0697021484375,1466.2962646484375,1479.6404724121094,1.0032554386279804,0.9909814525808974,-0.005762116762311,-0.7141398024165202,12826651.8,0.6885907669216772,0.011056912440321,0.0042537026759561,-0.0060111030430688,-0.0008657800417685,0.0194970408380643,-0.0016213036861273,-0.0046991082638623,0,9,0,0,0,xg_RELIANCE.NS,0.4393173793263709,5.394196324974579
2024-09-24,1483.4501953125,1494.530939532627,1481.9561623839436,1482.5786761041754,17137444,52.09291739379526,1479.0889221191403,1476.2623233482338,-3.1997699248049685,-5.176115732993222,1437.016214913365,1479.0889221191403,1521.161629324916,-0.0026785255585897,0.0115974199172352,0.0190553857235757,-0.0026821192267627,0.0083251673964295,0.0090596312653087,0.9188286282330944,-0.3216997006015444,0.0115974199172352,0.0190553857235757,-0.0074579658063405,1474.47109375,1469.0701782226563,1479.0889221191403,1.0036764176466215,0.9932264086718128,-0.0031128974762565,0.9403119046718672,13463570.2,1.272875154615284,0.0050136606106343,0.011056912440321,0.0042537026759561,0.0006457120662277,-0.0048486462732657,-0.0006324620380312,0.0035948136255821,1,9,0,0,1,xg_RELIANCE.NS,0.45098140088587596,5.5374140194968895
2024-09-25,1488.0069580078125,1490.546862638843,1474.3116560624171,1477.9970102640052,7069002,53.74616741056982,1478.8722778320312,1477.3808599824797,-1.898017532295171,-4.5204960928536115,1437.0429478291917,1478.8722778320312,1520.7016078348706,0.0030717328493476,0.020841158335672,0.0292455190394436,0.0030670247169517,0.0077327361275765,0.0090867605179945,0.8508956758119957,0.3971861463432479,0.020841158335672,0.0292455190394436,-0.0084043607037715,1480.546826171875,1473.2982788085938,1478.8722778320312,1.0049199455857254,0.9962309124952908,0.0011253632456703,-0.5875112998181059,13194450.2,0.5357557073503119,-0.0026785255585897,0.0050136606106343,0.011056912440321,-0.0060111030430688,-0.0008657800417685,-0.0068592646571101,-0.0142452102058628,2,9,0,0,1,xg_RELIANCE.NS,0.4447671862985136,5.461112249826059
2024-09-26,1491.9910888671875,1498.017070530802,1482.1305684499498,1484.7202013028073,18818998,55.20183074549156,1477.7280944824215,1478.7723103524518,-0.5386738225179215,-3.724131638786474,1438.901129629773,1477.7280944824215,1516.5550593350702,0.0026774947777858,0.0192389159020534,0.0122651436961387,0.0026739166741229,0.005108903381416,0.0083904952044596,0.6088191981210831,0.5239814880891015,0.0192389159020534,0.0122651436961387,0.0069737722059146,1486.1793212890625,1475.1060546875,1477.728094482422,1.0075067596437384,0.9982256277019352,0.0056643949616731,1.6621859775962715,12841412.4,1.4654928456311032,0.0030717328493476,-0.0026785255585897,0.0050136606106343,0.0042537026759561,0.0006457120662277,0.0194970408380643,-0.0188550163120418,3,9,0,0,1,xg_RELIANCE.NS,0.45408890207897307,5.575569740860249
2024-09-27,1520.1038818359375,1527.3747692811155,1486.06478230705,1493.0369361114394,20597478,63.84762884125509,1478.5523010253908,1482.708650493736,2.7750937518521823,-2.424286560658743,1436.8200067079522,1478.5523010253908,1520.284595342829,0.0188424670753863,0.0270874753335765,0.0363636772190909,0.0186671466813947,0.0070864376005645,0.0092938917312875,0.7624013065919782,2.6585725529188995,0.0270874753335765,0.0363636772190909,-0.0092762018855143,1494.1972900390624,1480.4397583007812,1478.5523010253903,1.0092928683258762,1.0012765576666325,0.0102920525370781,0.0945045001864606,14030027.4,1.4680996275173726,0.0026774947777858,0.0030717328493476,-0.0026785255585897,0.011056912440321,-0.0060111030430688,-0.0048486462732657,-0.0016213036861273,4,9,0,0,0,xg_RELIANCE.NS,0.3477666453400598,4.270082743183391
2024-09-30,1470.701171875,1518.9086621673466,1468.5348969230115,1513.3558880158446,27008814,46.766656007066395,1476.5764404296876,1481.5650811014757,1.3987684784565315,-1.659675552835688,1437.4993377595092,1476.5764404296876,1515.653543099866,-0.0324995617413136,-0.0112496760377583,0.0035511664756824,-0.0330394010977483,0.0134790521674957,0.0118173193890791,1.1405219070277677,-2.4109373864056134,-0.0112496760377583,0.0035511664756824,-0.0148008425134408,1490.8506591796877,1480.9601806640626,1476.5764404296874,1.0066784229885168,1.002968854245771,0.0097057233807747,0.3112680105787708,16182731.4,1.6689898220765331,0.0188424670753863,0.0026774947777858,0.0030717328493476,0.0050136606106343,0.0042537026759561,-0.0008657800417685,-0.0006324620380312,0,9,0,1,0,xg_RELIANCE.NS,0.36927436899229754,4.534167182686706
2024-10-01,1458.997802734375,1482.0308103038055,1457.0057588364782,1474.7599230273088,16431642,43.77869159298737,1474.3702453613282,1479.415816495085,-0.6290915216436588,-1.4535587465972823,1436.6444861218547,1474.3702453613282,1512.0960046008015,-0.0079576798906771,-0.0164834604190901,-0.0050772061140239,-0.0079895112067092,0.0137363797940759,0.0118895010889804,1.1552397742771452,-0.5792720307630175,-0.0164834604190901,-0.0050772061140239,-0.0114062543050661,1485.9601806640626,1480.2156372070312,1474.3702453613282,1.003880882833984,1.0039646702475813,0.007943764741121,-0.3916192691763511,17232362.8,0.9535338937965632,-0.0324995617413136,0.0188424670753863,0.0026774947777858,-0.0026785255585897,0.011056912440321,0.0006457120662277,-0.0068592646571101,1,10,1,0,0,xg_RELIANCE.NS,0.37148077091531645,4.561258678959435
2024-10-03,1401.3780517578125,1443.634334423912,1396.4975195620746,1430.8602791168494,37757294,32.70107575542403,1469.012890625,1471.9836484248683,-6.807148961201165,-2.524276789518059,1422.339029159822,1469.012890625,1515.6867520901778,-0.0394926920853305,-0.0582180787420385,-0.0385902526034279,-0.0402936883540894,0.018503151103384,0.0145408839256604,1.27240398822972,-2.1342612187223287,-0.0582180787420385,-0.0385902526034279,-0.0196278261386105,1468.6343994140625,1474.5906127929688,1469.012890625,0.9959607681432172,1.0037969184637965,-0.0002700850141492,1.2978405931677433,20150620.8,1.8737533882826145,-0.0079576798906771,-0.0324995617413136,0.0188424670753863,0.0030717328493476,0.0050136606106343,-0.0060111030430688,0.0194970408380643,3,10,0,0,0,xg_RELIANCE.NS,0.5165297364408213,6.342254909927519
2024-10-04,1381.0093994140625,1411.711728297617,1376.2782950115372,1398.34020617394,37072876,29.827781663882373,1463.7115661621094,1463.3194342333632,-13.194782766496246,-4.658377984913697,1403.527043637261,1463.7115661621094,1523.896088686958,-0.0145347305234305,-0.074384954629581,-0.0565771246140242,-0.0146413945359098,0.0185515844606975,0.0145522048807303,1.2747422037094622,-0.7834342732260007,-0.074384954629581,-0.0565771246140242,-0.0178078300155568,1446.4380615234377,1466.30869140625,1463.7115661621094,0.9864485357010632,1.001774342229836,-0.0125078834698741,-0.0181267757165013,22162318.2,1.672788724782335,-0.0394926920853305,-0.0079576798906771,-0.0324995617413136,0.0026774947777858,-0.0026785255585897,0.0042537026759561,-0.0048486462732657,4,10,0,0,0,xg_RELIANCE.NS,0.4015897735175363,4.930954663749707
2024-10-07,1365.272216796875,1390.9447078848398,1355.9594355150189,1387.9566419173104,22181340,27.79568312173189,1459.0252868652344,1453.9816040013166,-19.30435905900731,-7.58757419973242,1384.4257225449808,1459.0252868652344,1533.624851185488,-0.0113954203525801,-0.1018559763508144,-0.0775275222642178,-0.0114608456625733,0.0176412573265701,0.0142324440257957,1.2394229600789792,-0.645916230652526,-0.1018559763508144,-0.0775275222642178,-0.0243284540865965,1415.471728515625,1454.8345092773438,1459.0252868652344,0.9729434650396964,0.9971276868018548,-0.0319010068569272,-0.4016827828518079,21290720.2,1.0418313608761325,-0.0145347305234305,-0.0394926920853305,-0.0079576798906771,0.0188424670753863,0.0030717328493476,0.011056912440321,-0.0008657800417685,0,10,0,0,1,xg_RELIANCE.NS,0.4595093383733619,5.642125035312257
2024-10-08,1391.791259765625,1395.4267642320656,1359.669551595401,1367.513224520688,17020808,35.74038286442557,1455.783233642578,1448.058714074108,-21.75559222447623,-10.421177804681182,1375.3388479073674,1455.783233642578,1536.2276193777884,0.0194239966524532,-0.0536546197272506,-0.0643006986751483,0.0192377586236442,0.0193214426137182,0.0151076954529937,1.2788293121554568,1.005255755742955,-0.0536546197272506,-0.0643006986751483,0.0106460789478977,1399.68974609375,1445.2702026367188,1455.783233642578,0.9684623287328468,0.9927784365399276,-0.0403030893858854,-0.2326519497920324,22109569.6,0.7698389569736007,-0.0113954203525801,-0.0145347305234305,-0.0394926920853305,-0.0324995617413136,0.0026774947777858,0.0050136606106343,0.0006457120662277,1,10,0,0,0,xg_RELIANCE.NS,0.4311001499093433,5.293300364995099
2024-10-09,1369.1318359375,1395.4019165531051,1367.040214025334,1391.9656892391697,14310610,32.45441158333002,1451.454272460937,1440.541868537288,-25.23573643756299,-13.384089531257544,1362.1619287101678,1451.454272460937,1540.7466162117069,-0.0162807631310608,-0.0615943126360115,-0.0770624856407248,-0.0164147510289964,0.0195040290462178,0.0154260206195196,1.264277110094716,-0.834695661948669,-0.0615943126360115,-0.0770624856407248,0.0154681730047132,1381.716552734375,1433.8383666992188,1451.4542724609375,0.963648752066224,0.9878632719638828,-0.0509357228398756,-0.1592285160610471,21826886.2,0.6556413896545329,0.0194239966524532,-0.0113954203525801,-0.0145347305234305,-0.0079576798906771,0.0188424670753863,-0.0026785255585897,-0.0060111030430688,2,10,0,0,0,xg_RELIANCE.NS,0.4211074985363208,5.170604733431965
2024-10-10,1365.595947265625,1380.4864268287754,1363.9774115920343,1374.5352199766685,22358646,31.96060826679222,1447.4477722167967,1433.4041617495106,-27.95682360468868,-16.298636345943773,1350.233813865543,1447.4477722167967,1544.6617305680504,-0.002582577206273,-0.0255335128499439,-0.0822650795303235,-0.0025859178116069,0.0192334488521601,0.0153985529674585,1.2489615051036385,-0.1342683237831917,-0.0255335128499439,-0.0822650795303235,0.0567315666803796,1374.5601318359377,1421.597265625,1447.447772216797,0.9669124758984516,0.982140629121142,-0.0533742360079528,0.5623824560937654,23355850.6,0.95730386287019,-0.0162807631310608,0.0194239966524532,-0.0113954203525801,-0.0394926920853305,-0.0324995617413136,0.0030717328493476,0.0042537026759561,3,10,0,0,0,xg_RELIANCE.NS,0.4900377885359177,6.016971243141629
2024-10-11,1366.6417236328125,1377.7723178051706,1363.3797273571677,1364.5501018082973,7980122,32.28875342165158,1442.084191894531,1427.045834309825,-29.6867094686761,-18.97625097049024,1339.3387610324708,1442.084191894531,1544.829622756591,0.0007658021900851,-0.0104037494511955,-0.0840148216498719,0.0007655091132043,0.0191205016404109,0.0145198743226587,1.3167596671899382,0.040049270422712,-0.0104037494511955,-0.0840148216498719,0.0736110721986763,1371.6865966796877,1409.0623291015625,1442.0841918945312,0.973474748667998,0.9771012934067418,-0.0515113756571931,-0.6430856322873935,22271963.0,0.3583034867649359,-0.002582577206273,-0.0162807631310608,0.0194239966524532,-0.0145347305234305,-0.0079576798906771,0.0026774947777858,0.011056912440321,4,10,0,0,0,xg_RELIANCE.NS,0.4947390588282289,6.074696195822497
2024-10-14,1367.0650634765625,1374.5849563155427,1362.8070452852592,1373.962442591221,12221432,32.43081912087283,1437.0991027832029,1421.3333799447523,-30.669952372085845,-21.31499125080936,1329.8212285892316,1437.0991027832029,1544.376976977174,0.0003097665148292,0.0013131789086675,-0.1006765525620124,0.0003097185470881,0.0169422604050486,0.014543627770457,1.1648466136384512,0.0182825800597963,0.0013131789086675,-0.1006765525620124,0.10198973147068,1372.045166015625,1393.758447265625,1437.099102783203,0.9844210585466954,0.9698415680354672,-0.0475865695829724,0.5314843557529572,21434358.4,0.5701795114146935,0.0007658021900851,-0.002582577206273,-0.0162807631310608,-0.0113954203525801,-0.0394926920853305,0.0188424670753863,0.0050136606106343,0,10,0,0,0,xg_RELIANCE.NS,0.4880021329892049,5.99197627097406
2024-10-15,1338.678466796875,1366.243302159234,1335.3666207605413,1353.1207855156183,33762794,28.163766279788547,1430.7581787109373,1413.4614834544782,-33.35524210422432,-23.72304142149235,1315.8288059050092,1430.7581787109373,1545.6875515168654,-0.0207646274036862,-0.0381614646564845,-0.0897685455093565,-0.0209832439015364,0.0155962888305613,0.0150327048820443,1.0374215107274631,-1.3312972292338403,-0.0381614646564845,-0.0897685455093565,0.051607080852872,1361.422607421875,1380.5561767578124,1430.7581787109375,0.9861406803590768,0.9649123082432034,-0.051794043908815,1.7625890321199678,22109756.4,1.5270540927352088,0.0003097665148292,0.0007658021900851,-0.002582577206273,0.0194239966524532,-0.0145347305234305,-0.0324995617413136,-0.0026785255585897,1,10,0,0,1,xg_RELIANCE.NS,0.477381284208594,5.861567263371563
2024-10-16,1348.6884765625,1358.574043806933,1332.3039628645522,1334.6695151768993,20034438,31.5823342048272,1424.870440673828,1407.292625655242,-34.28046556429172,-25.834526250052228,1305.65341883687,1424.870440673828,1544.0874625107858,0.0074775310232459,-0.0149316222429387,-0.0756062318703559,0.0074497128761139,0.0164773959964977,0.0152298843334486,1.081841056353611,0.4537778449331618,-0.0149316222429387,-0.0756062318703559,0.0606746096274172,1357.333935546875,1369.525244140625,1424.8704406738282,0.9910981497815324,0.9611577340975436,-0.0500756893089858,-0.4066119646377607,22470036.0,0.8916068492279723,-0.0207646274036862,0.0003097665148292,0.0007658021900851,-0.0162807631310608,-0.0113954203525801,-0.0079576798906771,0.0030717328493476,2,10,0,0,1,xg_RELIANCE.NS,0.45923102420872547,5.6387077308423725
2024-10-17,1351.0291748046875,1363.0062419523483,1346.6715786036464,1360.2671814831224,15543660,32.39253178656394,1419.540484619141,1401.9342017647132,-34.427972796428776,-27.55321555932754,1297.0044716615812,1419.540484619141,1542.0764975767,0.0017355366215876,-0.0106669710686422,-0.0359281186757349,0.0017340323181693,0.0122584502767387,0.0152762287308898,0.8024001271875122,0.1415672466881067,-0.0106669710686422,-0.0359281186757349,0.0252611476070927,1354.4205810546875,1364.4903564453125,1419.540484619141,0.9926201197809428,0.961219754723235,-0.0482002200832319,-0.224152931067994,20248672.6,0.7676384673234942,0.0074775310232459,-0.0207646274036862,0.0003097665148292,-0.002582577206273,0.0194239966524532,-0.0394926920853305,0.0026774947777858,3,10,0,0,1,xg_RELIANCE.NS,0.41278047473139123,5.068360653592917
2024-10-18,1353.8927001953125,1362.9814005892638,1335.98910817891,1346.796043723323,12082452,33.43109843706544,1414.0436889648438,1397.3588206628656,-33.92277019447579,-28.82712648635719,1290.018647563091,1414.0436889648438,1538.0687303665966,0.0021195141037859,-0.0093287239933012,-0.0196354197373711,0.0021172711025911,0.0117251860357888,0.0152252769004631,0.7700625775058787,0.1807505097835832,-0.0093287239933012,-0.0196354197373711,0.0103066957440699,1351.8707763671875,1361.7786865234375,1414.0436889648438,0.9927242875407718,0.9630386226046048,-0.0459215952554343,-0.2226765124816163,17749630.2,0.6807157030234534,0.0017355366215876,0.0074775310232459,-0.0207646274036862,0.0007658021900851,-0.0162807631310608,-0.0145347305234305,0.0188424670753863,4,10,0,0,1,xg_RELIANCE.NS,0.3962508062176423,4.865399693371782
2024-10-21,1363.7532958984375,1368.5342502099145,1352.3239675798943,1361.686598848784,14067408,37.018965065525606,1408.2306518554688,1394.1582944948248,-32.353771687346125,-29.53245552655498,1286.3448464448988,1408.2306518554688,1530.1164572660389,0.0072831441529321,-0.0024225383755348,-0.0011125406931674,0.0072567501353661,0.0115340681907124,0.0150540856815803,0.7661243804692653,0.63139151260469,-0.0024225383755348,-0.0011125406931674,-0.0013099976823673,1351.2084228515623,1361.6267944335937,1408.2306518554688,0.9923485850714586,0.9669060907313228,-0.0418127158155391,0.164284203239541,16938237.0,0.8305119358053126,0.0021195141037859,0.0017355366215876,0.0074775310232459,0.0003097665148292,-0.002582577206273,-0.0113954203525801,-0.0324995617413136,0,10,0,0,0,xg_RELIANCE.NS,0.43053556014456357,5.286368000882933
2024-10-22,1338.006103515625,1370.5262455038624,1334.8935348258,1363.7532474009167,15831960,32.14687731676483,1400.7592407226564,1388.81046678252,-32.80970248651647,-30.18790491854728,1281.0151839394484,1400.7592407226564,1520.5032975058643,-0.0188796554774596,-0.0005022589799765,-0.0386445566981483,-0.0190601515865083,0.0106761304541749,0.0152501493132899,0.7000213711678551,-1.768233099566313,-0.0005022589799765,-0.0386445566981483,0.0381422977181717,1351.0739501953126,1356.2482788085938,1400.7592407226562,0.9961848219871464,0.9682236885397244,-0.0371338295070515,0.1254354746801969,16819352.2,0.9412942788604582,0.0072831441529321,0.0021195141037859,0.0017355366215876,-0.0207646274036862,0.0007658021900851,0.0194239966524532,-0.0079576798906771,1,10,0,0,0,xg_RELIANCE.NS,0.427428544836525,5.248218245501162
2024-10-23,1333.2003173828125,1352.0748848775756,1329.689315659354,1332.1793705575924,17214742,31.318346068723557,1393.246746826172,1383.514262077786,-33.17638103792524,-30.785600142422872,1276.531890736875,1393.246746826172,1509.961602915469,-0.0035917520257832,-0.0114838670670363,-0.026244016545042,-0.0035982178541686,0.0097528477461592,0.0152436690426524,0.6397546394003099,-0.3682395008880004,-0.0114838670670363,-0.026244016545042,0.0147601494780057,1347.976318359375,1352.655126953125,1393.2467468261718,0.9965410188447004,0.9708654479434352,-0.0339562088881486,0.0873411756977657,17109765.4,1.0061354786313432,-0.0188796554774596,0.0072831441529321,0.0021195141037859,0.0074775310232459,0.0003097665148292,-0.0162807631310608,-0.0394926920853305,2,10,0,0,0,xg_RELIANCE.NS,0.4153691823818126,5.100146323706283
2024-10-24,1334.4703369140625,1338.3547254831988,1317.8616212723591,1329.9633130042932,22155934,31.818458395909445,1385.5699157714844,1378.8434120621932,-32.98427428752848,-31.225334971443996,1275.0661003671353,1385.5699157714844,1496.0737311758337,0.0009526096826493,-0.0122564621100937,-0.0227926938520037,0.000952156237993,0.0098179164345571,0.0151903193525427,0.6462846449813989,0.0970178012002079,-0.0122564621100937,-0.0227926938520037,0.0105362317419099,1344.66455078125,1349.542565917969,1385.5699157714844,0.996385430693399,0.9739981725617536,-0.0306528844131726,0.2870325910199525,17089494.2,1.2964651698116791,-0.0035917520257832,-0.0188796554774596,0.0072831441529321,0.0017355366215876,-0.0207646274036862,-0.002582577206273,-0.0145347305234305,3,10,0,0,0,xg_RELIANCE.NS,0.4370225863526963,5.366019511564297
2024-10-25,1322.5677490234375,1339.002111534351,1316.7410448137834,1338.1555171764887,18597496,29.64013352093327,1377.098748779297,1373.4838251061212,-33.407368325785455,-31.66174164231229,1275.3133333029346,1377.098748779297,1478.8841642556597,-0.0089193349311529,-0.0231369525571384,-0.032249838305988,-0.0089593503170819,0.0099629851950923,0.0150899948547997,0.6601940621511508,-0.8951573849734403,-0.0231369525571384,-0.032249838305988,0.0091128857488496,1338.399560546875,1345.135168457031,1377.0987487792968,0.9949926163049602,0.9767891878846025,-0.0292606471471852,-0.1606088012358224,18151231.6,1.0245859019284935,0.0009526096826493,-0.0035917520257832,-0.0188796554774596,0.0021195141037859,0.0074775310232459,0.0007658021900851,-0.0113954203525801,4,10,0,0,1,xg_RELIANCE.NS,0.4066495102028373,4.993081076947928
2024-10-28,1329.0418701171875,1347.6177038778262,1316.8406011796387,1331.6813526124563,10824350,32.35292638968248,1367.5456481933595,1369.251257964318,-32.84168740439668,-31.89773079472917,1289.0800376132086,1367.5456481933595,1446.011258773511,0.0048951148994298,-0.0254528629816305,-0.0278137408198252,0.0048831727806639,0.0102453990870703,0.0141813173768869,0.7224065584491395,0.4777400194773661,-0.0254528629816305,-0.0278137408198252,0.0023608778381947,1331.457275390625,1341.3328491210937,1367.5456481933593,0.9926374920759304,0.9808322310067712,-0.0271536763544945,-0.41796734356066,18011523.4,0.600968044712942,-0.0089193349311529,0.0009526096826493,-0.0035917520257832,0.0072831441529321,0.0017355366215876,0.0003097665148292,0.0194239966524532,0,10,0,0,1,xg_RELIANCE.NS,0.4334760433300315,5.322472977237435
2024-10-29,1334.66943359375,1337.856655249044,1315.0478495098762,1322.8167478889227,12008361,34.70942081714722,1360.744061279297,1365.9577508814068,-31.575303414814925,-31.833245318746325,1297.8998948841568,1360.744061279297,1423.5882276744371,0.0042343011180425,-0.0024937628558703,-0.0029947693210585,0.0042253616909961,0.0082153812153061,0.0129776640664798,0.6329912827102185,0.5153486683595682,-0.0024937628558703,-0.0029947693210585,0.0005010064651882,1330.78994140625,1340.9319458007812,1360.7440612792968,0.9924366002120452,0.9854402337351452,-0.022443100230738,0.1093840276783364,15836080.1,0.7582912516336188,0.0048951148994298,-0.0089193349311529,0.0009526096826493,-0.0188796554774596,0.0021195141037859,-0.0207646274036862,-0.0162807631310608,1,10,0,0,1,xg_RELIANCE.NS,0.44092406223120834,5.413924119568006
2024-10-30,1338.553955078125,1344.62966480214,1320.0776988278842,1329.6893351932274,11984423,36.35745697846314,1354.7218688964842,1363.3478655668089,-29.913413351120425,-31.449278925221147,1311.501829639796,1354.7218688964842,1397.9419081531723,0.002910474598879,0.0040156288785035,-0.007514353136764,0.0029062473678633,0.007855954430645,0.0130639777834977,0.6012987209643678,0.3704329234145872,0.0040156288785035,-0.007514353136764,0.0115299820152676,1331.8606689453125,1339.9184936523438,1354.7218688964845,0.9939863321946788,0.9890727568632232,-0.0170790276062033,-0.0019934444009469,15031078.6,0.7973095822943274,0.0042343011180425,0.0048951148994298,-0.0089193349311529,-0.0035917520257832,0.0072831441529321,0.0074775310232459,-0.002582577206273,2,10,0,0,0,xg_RELIANCE.NS,0.3834273128603614,4.707945324397702
2024-10-31,1326.7510986328125,1337.6574904459744,1320.8745447599274,1334.6694245700712,9331650,33.583637286937055,1350.9905212402343,1359.8624591921423,-29.21200753786775,-31.001824647750468,1312.0574572194305,1350.9905212402343,1389.9235852610384,-0.0088176172507171,-0.0057844959664675,-0.0179700606209224,-0.008856722484074,0.008190253570437,0.010188762836954,0.8037727375493386,-1.0764673776600795,-0.0057844959664675,-0.0179700606209224,0.0121855646544548,1330.3168212890623,1337.4906860351562,1350.9905212402343,0.994636325455574,0.9900074537956898,-0.015582199232754,-0.2213517496837352,14409877.6,0.647587041266704,0.002910474598879,0.0042343011180425,0.0048951148994298,0.0009526096826493,-0.0188796554774596,0.0017355366215876,0.0007658021900851,3,10,0,1,1,xg_RELIANCE.NS,0.41659063117826994,5.115143988080721
2024-11-01,1333.3248291015625,1336.6116286385318,1327.6972806767253,1327.7471304089104,2127335,36.48991347958982,1348.6062927246091,1357.3350658501822,-27.80517254664005,-30.362494227528387,1311.6220166308367,1348.6062927246091,1385.5905688183816,0.00495475788603,0.008133481317738,-0.0151916552107732,0.0049425234689168,0.0083870048979482,0.0099241442333978,0.8450259966727931,0.5906956357693642,0.008133481317738,-0.0151916552107732,0.0233251365285113,1332.4682373046876,1335.4338989257812,1348.6062927246094,0.9977792524036724,0.990232587620353,-0.0121036187639257,-0.7720301340063118,13414365.9,0.1585863257241135,-0.0088176172507171,0.002910474598879,0.0042343011180425,-0.0089193349311529,-0.0035917520257832,0.0021195141037859,0.0003097665148292,4,11,1,0,0,xg_RELIANCE.NS,0.4544647704791555,5.580184873423517
2024-11-04,1296.9700927734375,1334.6695017714562,1279.9878687625326,1332.5280301195803,19796890,28.94617300580344,1345.1911865234372,1351.5860207952542,-29.28617626291725,-30.14723063460616,1302.511203949905,1345.1911865234372,1387.8711690969694,-0.0272662261548237,-0.0241315025996299,-0.0489701497520512,-0.0276448479606061,0.0110585204081796,0.0112812191980505,0.980172447818643,-2.465407644137764,-0.0241315025996299,-0.0489701497520512,0.0248386471524213,1326.0538818359375,1328.7555786132812,1345.1911865234374,0.997966746615534,0.9877819539149428,-0.014755393971018,8.305957923881287,13987314.1,1.4153460670478963,0.00495475788603,-0.0088176172507171,0.002910474598879,0.0048951148994298,0.0009526096826493,0.0072831441529321,-0.0207646274036862,0,11,0,0,1,xg_RELIANCE.NS,0.5082454866111208,6.240536034031776
2024-11-05,1300.1075439453125,1304.340637375998,1281.0336986406933,1287.8564249120311,16267479,30.2856545052398,1340.6070007324215,1346.6833087143073,-29.86248020625635,-30.0902805489362,1299.3295514312035,1340.6070007324215,1381.88445003364,0.0024190620811972,-0.025895468030144,-0.0283246537297054,0.0024161408606477,0.0100865064353614,0.0101230881263804,0.9962878937293026,0.2398077361038701,-0.025895468030144,-0.0283246537297054,0.0024291856995614,1319.14150390625,1324.96572265625,1340.607000732422,0.9956042494908292,0.9883326895446416,-0.0165105547815165,-0.1782810835439303,14030866.0,1.1594066253643105,-0.0272662261548237,0.00495475788603,-0.0088176172507171,0.0042343011180425,-0.0089193349311529,-0.0188796554774596,0.0074775310232459,1,11,0,0,1,xg_RELIANCE.NS,0.427853342165304,5.253434156133409
2024-11-06,1320.0777587890625,1323.0160966964434,1295.0277806900112,1304.7888451117578,21625209,38.26343612921236,1338.1542968749998,1344.149446816665,-28.380621653459457,-29.748348769840852,1298.2052488633735,1338.1542968749998,1378.103344886626,0.0153604330170626,-0.0138031016373816,-0.0098429008924261,0.0152436558791393,0.0115938727357346,0.0104630199584644,1.107975021239921,1.3247608117097165,-0.0138031016373816,-0.0098429008924261,-0.0039602007449555,1315.4462646484376,1323.653466796875,1338.154296875,0.99379958398908,0.9891635590066192,-0.0172020413762542,0.3293522001780362,14471912.7,1.4942882429078297,0.0024190620811972,-0.0272662261548237,0.00495475788603,0.002910474598879,0.0048951148994298,-0.0035917520257832,0.0017355366215876,2,11,0,0,0,xg_RELIANCE.NS,0.43547244527168527,5.3469859706303975
2024-11-07,1300.4561767578125,1318.7331565363688,1297.4182609581876,1318.7331565363688,9611974,34.130670503930986,1334.8973083496091,1339.988183001536,-28.46144988206902,-29.490968992286486,1293.7644167214776,1334.8973083496091,1376.0301999777407,-0.0148639592634673,-0.0198190315441203,-0.0254888844025615,-0.0149755349238152,0.0123622640693424,0.0108658475586961,1.1376127255461057,-1.202268201997403,-0.0198190315441203,-0.0254888844025615,0.0056698528584412,1310.1872802734374,1320.25205078125,1334.8973083496094,0.9923766295217212,0.9890289256883243,-0.0190010463388139,-0.5555199489632678,13217516.7,0.7272148178938388,0.0153604330170626,0.0024190620811972,-0.0272662261548237,-0.0088176172507171,0.0042343011180425,0.0009526096826493,0.0021195141037859,3,11,0,0,0,xg_RELIANCE.NS,0.46234728023167404,5.676970949139005
2024-11-08,1278.6431884765625,1296.4720058402277,1269.9279963447846,1292.4879180085577,19814406,30.2226631809966,1330.4973815917967,1334.1458025705865,-29.940497275842063,-29.580874648997604,1285.060957143491,1330.4973815917967,1375.9338060401026,-0.0167733359040458,-0.0410114920471752,-0.0332115769338154,-0.0169156013910116,0.0130453729772157,0.0112974330986223,1.154617889343119,-1.2856704260516625,-0.0410114920471752,-0.0332115769338154,-0.0077999151133597,1299.2509521484376,1315.8595947265626,1330.497381591797,0.9873781042865928,0.9889982595473268,-0.0244371766298523,1.061429421261439,13339207.7,1.4854260047242922,-0.0148639592634673,0.0153604330170626,0.0024190620811972,0.00495475788603,0.002910474598879,-0.0089193349311529,0.0072831441529321,4,11,0,0,0,xg_RELIANCE.NS,0.47062712219836017,5.778635702708629
2024-11-11,1267.6370849609375,1280.884225507143,1261.9598084895413,1273.8622221377802,9056552,28.45242023056786,1325.5259826660156,1327.811638988715,-31.636072610946712,-29.991914241387427,1275.418410898488,1325.5259826660156,1375.6335544335432,-0.008607642550177,-0.0226165645421895,-0.0462022954557749,-0.0086449022716319,0.0127999898575895,0.0113250172541734,1.1301404165593114,-0.6724200742236918,-0.0226165645421895,-0.0462022954557749,0.0235857309135854,1293.3843505859377,1309.7191162109375,1325.5259826660156,0.9875280390865356,0.9880750233026092,-0.0253555473103475,-0.5429309362087362,13162427.9,0.6880609009831166,-0.0167733359040458,-0.0148639592634673,0.0153604330170626,-0.0272662261548237,-0.0088176172507171,0.0048951148994298,-0.0188796554774596,0,11,0,0,1,xg_RELIANCE.NS,0.49381646881225616,6.063368094755225
2024-11-12,1269.1810302734375,1284.1712099692156,1262.4578817905294,1270.4759075040322,10671091,29.07997556060524,1322.051110839844,1322.227771492022,-32.480826052428256,-30.489696603595593,1266.4464486115685,1322.051110839844,1377.6557730681195,0.0012179710824313,-0.0237876580409842,-0.049067133532816,0.0012172299573709,0.012601500922179,0.01062766729628,1.1856143927460645,0.0966451889154698,-0.0237876580409842,-0.049067133532816,0.0252794754918317,1287.1990478515625,1303.1702758789063,1322.0511108398437,0.9877443275656572,0.9857185287269694,-0.0274602772630256,0.1782730337108427,13028700.9,0.8190448980219648,-0.008607642550177,-0.0167733359040458,-0.0148639592634673,0.0024190620811972,0.00495475788603,0.0042343011180425,-0.0035917520257832,1,11,0,0,0,xg_RELIANCE.NS,0.3857894909495537,4.736949531759575
2024-11-13,1247.0693359375,1270.3761523895544,1244.5294313213271,1265.196886863478,14633633,25.614816910697098,1316.9701538085938,1315.069825248734,-34.53641389745371,-31.29904006236722,1253.586912590018,1316.9701538085938,1380.3533950271694,-0.0174220176700669,-0.0553061532667096,-0.0683458584493782,-0.0175755670602821,0.0128311318229223,0.0108403220134849,1.18353940662978,-1.35768693078305,-0.0553061532667096,-0.0683458584493782,0.0130397051826686,1272.59736328125,1294.0218139648437,1316.9701538085938,0.983443516598882,0.9825748975575604,-0.0355816547233005,0.3713342899990264,13293621.9,1.1008010540753306,0.0012179710824313,-0.008607642550177,-0.0167733359040458,0.0153604330170626,-0.0272662261548237,0.002910474598879,0.0009526096826493,2,11,0,0,1,xg_RELIANCE.NS,0.4390263668979201,5.39062310377746
2024-11-14,1262.5574951171875,1267.537605244334,1246.1231316976048,1248.613186761178,12612633,31.74956811584265,1312.5465698242188,1310.0686509504917,-34.517817158880916,-31.94279548166996,1246.8644387456816,1312.5465698242188,1378.228700902756,0.0124196455909519,-0.0291426057394035,-0.0483840590610967,0.0123431544698906,0.0141798084908217,0.0113800317204526,1.2459159098326296,0.8758065944540738,-0.0291426057394035,-0.0483840590610967,0.0192414533216932,1265.017626953125,1287.602453613281,1312.5465698242188,0.9824597828337632,0.980995633385962,-0.0376449730447184,-0.1381065112129025,13621720.2,0.9259207218188988,-0.0174220176700669,0.0012179710824313,-0.008607642550177,-0.0148639592634673,0.0024190620811972,-0.0088176172507171,-0.0089193349311529,3,11,0,0,0,xg_RELIANCE.NS,0.36969865504747207,4.539376815601911
2024-11-18,1255.7347412109375,1267.8364328732807,1238.951794764919,1262.55746761959,13620611,30.554135488276085,1307.6386718749998,1304.8939928800578,-34.654146895724125,-32.485065764480794,1240.316182854718,1307.6386718749998,1374.9611608952816,-0.0054039154118812,-0.0179162157762864,-0.058192937082637,-0.0054185693791461,0.0137554798430014,0.0113149662937387,1.215581549638636,-0.3928269058330678,-0.0179162157762864,-0.058192937082637,0.0402767213063506,1260.4359375,1279.8434448242188,1307.638671875,0.9848360302170518,0.9787439545429424,-0.0375897335845636,0.0799181265323425,14771047.8,0.9221154236599975,0.0124196455909519,-0.0174220176700669,0.0012179710824313,-0.0167733359040458,0.0153604330170626,0.00495475788603,0.0048951148994298,0,11,0,0,0,xg_RELIANCE.NS,0.47623274328939963,5.84746480465504
2024-11-19,1236.710693359375,1276.4021442257297,1230.236550606767,1255.734688515481,14183746,27.45053377425745,1301.2865417480468,1298.4003453066591,-35.88362675296844,-33.16477796217833,1232.3037914687054,1301.2865417480468,1370.2692920273882,-0.0151497344361255,-0.0243968813854286,-0.0464616722851364,-0.0152656640214123,0.012097227237447,0.0112812722959872,1.0722332274988255,-1.2522276312709155,-0.0243968813854286,-0.0464616722851364,0.0220647908997078,1254.2506591796875,1273.8175048828125,1301.2865417480468,0.9846392080277424,0.9788908622474995,-0.0380330523710375,0.0413443273580018,14209733.4,0.9981711549914792,-0.0054039154118812,0.0124196455909519,-0.0174220176700669,-0.008607642550177,-0.0148639592634673,-0.0272662261548237,0.0042343011180425,1,11,0,0,0,xg_RELIANCE.NS,0.42385807185917446,5.204377885162181
2024-11-21,1218.1348876953125,1239.0014996478671,1212.407761281373,1236.7107220331202,19433843,24.80141266058883,1295.2929809570312,1290.7560160103403,-37.919794879247775,-34.11578134559222,1219.2724018073873,1295.2929809570312,1371.3135601066751,-0.0150203323734539,-0.0402197490827036,-0.0630506734860143,-0.0151342800266034,0.0122165030457274,0.0110588769749289,1.1045785656947626,-1.2294109784328284,-0.0402197490827036,-0.0630506734860143,0.0228309244033106,1244.0414306640623,1265.6202392578125,1295.2929809570312,0.982950013025705,0.9770918686849558,-0.0420737890447712,0.370148830922381,14526369.8,1.3378320439011997,-0.0151497344361255,-0.0054039154118812,0.0124196455909519,0.0012179710824313,-0.0167733359040458,0.0024190620811972,0.002910474598879,3,11,0,0,1,xg_RELIANCE.NS,0.4226761751431211,5.1898658644176106
2024-11-22,1260.3662109375,1263.8024380613526,1217.586994857739,1224.509420421979,20471957,39.17338527308651,1291.6512756347654,1287.8617488605462,-35.714068396138146,-34.435438755701405,1216.3015186572786,1291.6512756347654,1367.0010326122522,0.0346688397719963,0.0106624985610794,-0.0452333564852552,0.0340814139457563,0.0167331214253818,0.0141296850397341,1.1841691594094632,2.071745440989305,0.0106624985610794,-0.0452333564852552,0.0558958550463347,1246.7008056640625,1259.6490844726563,1291.6512756347656,0.9897207254240854,0.975223814844001,-0.0356646104764007,0.0534178443244601,14411044.6,1.4205741199356623,-0.0150203323734539,-0.0151497344361255,-0.0054039154118812,-0.0174220176700669,-0.008607642550177,0.0153604330170626,-0.0088176172507171,4,11,0,0,1,xg_RELIANCE.NS,0.3806408992690234,4.673732104840347
2024-11-25,1281.8802490234375,1299.260783408558,1277.3483005192684,1284.868314871977,28923341,44.94593902198717,1289.0217712402343,1287.292082209393,-31.86271761879948,-33.92089452832102,1216.3404220092511,1289.0217712402343,1361.7031204712175,0.0170696722105352,0.0153044546335345,-0.0142841627933106,0.0169256223015326,0.0175607553260698,0.0147936015731207,1.1869704796900216,0.9719798444746492,0.0153044546335345,-0.0142841627933106,0.0295886174268452,1250.5653564453123,1257.7914916992188,1289.0217712402343,0.994254902102936,0.975772108557199,-0.0300000057136527,0.4128273618394176,16342181.3,1.7698580421450978,0.0346688397719963,-0.0150203323734539,-0.0151497344361255,0.0124196455909519,0.0012179710824313,-0.0148639592634673,0.00495475788603,0,11,0,0,1,xg_RELIANCE.NS,0.41978619077742646,5.154380942176274
2024-11-26,1290.545654296875,1292.687125909721,1279.0914013187908,1289.7986377983043,9247557,47.12262536438232,1287.4206665039062,1287.6019462177246,-27.790912257262335,-32.69489807410928,1216.4603857454322,1287.4206665039062,1358.3809472623802,0.0067599179252813,0.02772154973778,0.0093086686947385,0.0067371721290427,0.0168179199968215,0.0148177358337978,1.1349092247439962,0.4019234247239884,0.02772154973778,0.0093086686947385,0.0184128810430415,1257.5275390625,1258.98173828125,1287.4206665039062,0.9988449401809948,0.9779101509222432,-0.0231631692702052,-0.6802735548427825,15285496.4,0.6049889881233687,0.0170696722105352,0.0346688397719963,-0.0150203323734539,-0.0054039154118812,-0.0174220176700669,-0.0167733359040458,-0.0272662261548237,1,11,0,0,0,xg_RELIANCE.NS,0.4299125401858989,5.278718196596638
2024-11-27,1288.0555419921875,1298.6632001168684,1280.8842325588682,1288.3543972122054,9572746,46.55302645191986,1285.3713500976564,1287.6451458152926,-24.48268724609261,-31.05245590850595,1217.157983006192,1285.3713500976564,1353.584717189121,-0.0019295034595612,0.0415172674648267,0.0161074942296115,-0.0019313673493348,0.0165216566440417,0.0147503355353234,1.1200109037231971,-0.1167792505242807,0.0415172674648267,0.0161074942296115,0.0254097732352152,1267.7965087890625,1261.023583984375,1285.3713500976562,1.005370973937924,0.9810577961680634,-0.0136444747416802,0.0351648548908647,15337115.8,0.6241555534189405,0.0067599179252813,0.0170696722105352,0.0346688397719963,-0.0151497344361255,0.0124196455909519,-0.008607642550177,0.0024190620811972,2,11,0,0,0,xg_RELIANCE.NS,0.3239952387007631,3.97820347692311
2024-11-28,1265.7447509765625,1291.442044503892,1264.0017125526565,1284.818474176107,15027412,41.69054495033908,1281.9251159667972,1285.5593939258897,-23.391546281367255,-29.520273983078212,1217.3301460628052,1281.9251159667972,1346.5200858707892,-0.017321295773564,0.0390842293100455,-0.0027074776685991,-0.0174730645248324,0.017590002865486,0.0150956851668217,1.165156633467056,-0.9846678956291224,0.0390842293100455,-0.0027074776685991,0.0417917069786446,1277.3184814453125,1260.6799560546874,1281.925115966797,1.0131980565810657,0.9834271443413548,-0.0036394656331225,0.5698120476611412,15772747.9,0.9527453361502752,-0.0019295034595612,0.0067599179252813,0.0170696722105352,-0.0150203323734539,-0.0054039154118812,0.0012179710824313,0.0153604330170626,3,11,0,0,1,xg_RELIANCE.NS,0.4343206566287257,5.332843634457569
2024-11-29,1287.0595703125,1294.3305794929802,1270.177046170391,1274.9081506356404,13202307,47.34864903387055,1279.3503967285158,1285.7022678674716,-20.56976596276013,-27.730172379014597,1220.401039748896,1279.3503967285158,1338.2997537081355,0.016839745390603,0.0211790502977262,0.0320673704521303,0.0166995288295996,0.0171802282173452,0.0156707452825915,1.0962549420982064,0.980124655675232,0.0211790502977262,0.0320673704521303,-0.0108883201544041,1282.6571533203123,1264.6789794921874,1279.3503967285155,1.0142156026309097,0.9885321353134802,0.0025692335211758,-0.1214517177009587,15629615.3,0.8446981417385977,-0.017321295773564,-0.0019295034595612,0.0067599179252813,0.0346688397719963,-0.0151497344361255,-0.0174220176700669,-0.0148639592634673,4,11,0,0,1,xg_RELIANCE.NS,0.384083869185028,4.716006907845837
2024-12-02,1303.9422607421875,1306.133460567327,1271.9699779978705,1282.876370557777,11024152,51.37349864595428,1278.2099548339845,1287.439410046016,-16.777788801793577,-25.539695663570395,1222.31852276331,1278.2099548339845,1334.101386904659,0.0131172564340502,0.0172106651425181,0.0327785196199392,0.0130319702302781,0.0172227673572652,0.0159224966481857,1.081594560402506,0.7615788208215183,0.0172106651425181,0.0327785196199392,-0.0155678544774211,1287.0695556640626,1268.8174560546877,1278.2099548339845,1.0143851264989123,0.9926518341186626,0.0067944732652775,-0.1649829079114733,15470767.2,0.712579528699733,0.016839745390603,-0.017321295773564,-0.0019295034595612,0.0170696722105352,-0.0150203323734539,0.0124196455909519,-0.0167733359040458,0,12,0,0,1,xg_RELIANCE.NS,0.3980699614663745,4.887736347961492
2024-12-03,1318.035888671875,1321.5219654799555,1301.8006823317874,1311.760901783446,16869482,54.50039572166518,1277.4455078125,1290.353360391336,-12.49138864081283,-22.93003425901888,1224.381364094717,1277.4455078125,1330.509651530283,0.0108084754624531,0.0213012490363833,0.0496133024088023,0.0107504814022227,0.0170681752839318,0.0160857771338304,1.0610065112444145,0.6332160331511576,0.0213012490363833,0.0496133024088023,-0.028312053372419,1292.5676025390626,1275.0475708007812,1277.4455078125,1.013740688692327,0.9981228655179,0.0114732040732217,0.5302294453124377,15795654.3,1.067982476673912,0.0131172564340502,0.016839745390603,-0.017321295773564,0.0067599179252813,0.0346688397719963,-0.0054039154118812,-0.008607642550177,1,12,0,0,0,xg_RELIANCE.NS,0.46199306547994873,5.67262169276554
2024-12-04,1303.742919921875,1323.1156203515295,1298.8625094957515,1320.7251432865569,19608540,50.923985909614935,1277.784149169922,1291.6285565371015,-10.13092575239989,-20.370212557695083,1224.1124045467393,1277.784149169922,1331.4558937931045,-0.0108441423126971,0.0121791160538189,0.0542020271373373,-0.0109033685852146,0.0165502932612091,0.0150295544274434,1.101109965111527,-0.6551839872303078,0.0121791160538189,0.0542020271373373,-0.0420229110835184,1295.705078125,1281.7507934570312,1277.784149169922,1.0108868937231803,1.0031043148325844,0.0137457536154075,0.1623676411640855,16338133.7,1.2001701271424166,0.0108084754624531,0.0131172564340502,0.016839745390603,-0.0019295034595612,0.0170696722105352,-0.0151497344361255,0.0012179710824313,2,12,0,0,1,xg_RELIANCE.NS,0.33659377354721987,4.132895673423568
2024-12-05,1316.7908935546875,1324.6593698468237,1300.9541199209712,1309.1214514378748,16858723,53.89819091119405,1278.6183166503909,1294.0249695863954,-7.1252441027079385,-17.721218866697654,1223.0023548044228,1278.6183166503909,1334.234278496359,0.0100080878165722,0.0403289387838592,0.0809893935851637,0.0099583385602866,0.0149297174544779,0.015179138504032,0.9835033751841188,0.670301869088728,0.0403289387838592,0.0809893935851637,-0.0406604548013045,1305.914306640625,1291.6163940429688,1278.6183166503906,1.0110697825326462,1.0101657212502864,0.020729175850046,-0.1402356830238253,16080621.7,1.0483875135249872,-0.0108441423126971,0.0108084754624531,0.0131172564340502,-0.017321295773564,0.0067599179252813,-0.0150203323734539,-0.0174220176700669,3,12,0,0,0,xg_RELIANCE.NS,0.3177769440652032,3.9018516100286584
2024-12-06,1306.3326416015625,1318.6334884089777,1304.7887589399247,1318.6334884089777,9037514,51.21882550437957,1277.9310607910156,1295.1971288259351,-5.523442463423862,-15.281663586042896,1224.1632474686587,1277.9310607910156,1331.6988741133723,-0.0079422268215212,0.0149744982544848,0.0364706942039261,-0.0079739343018854,0.0122945883539607,0.0148899553097021,0.825641343906949,-0.6459411776714855,0.0149744982544848,0.0364706942039261,-0.0214961959494413,1309.7689208984375,1296.213037109375,1277.9310607910156,1.0104580677720176,1.0143059174937363,0.0243719394995662,-0.463926538208143,14937177.4,0.6050349244696923,0.0100080878165722,-0.0108441423126971,0.0108084754624531,0.016839745390603,-0.0019295034595612,0.0346688397719963,0.0124196455909519,4,12,0,0,0,xg_RELIANCE.NS,0.3981065338064863,4.888185404593235
2024-12-09,1289.9979248046875,1309.7689372979064,1287.9560310594236,1297.816673231309,14650002,47.2665361987079,1277.4081481933597,1294.7019665381972,-5.508578787229226,-13.327046626280165,1224.3641666088924,1277.4081481933597,1330.4521297778265,-0.0125042552537374,-0.0106939826688055,0.0063326319189598,-0.0125830913338536,0.0122665446793424,0.014778398237116,0.8299759220600101,-1.0192956765662795,-0.0106939826688055,0.0063326319189598,-0.0170266145877653,1306.9800537109377,1297.0248046875,1277.4081481933597,1.0076754499894365,1.0153566082398051,0.0229239946429024,0.6210212233142876,13509843.5,1.0843946489830851,-0.0079422268215212,0.0100080878165722,-0.0108441423126971,0.0131172564340502,-0.017321295773564,0.0170696722105352,-0.0054039154118812,0,12,0,0,0,xg_RELIANCE.NS,0.5204316338779142,6.390164694074615
2024-12-10,1279.73876953125,1289.7488386952923,1275.107243177966,1284.121290398709,16043729,44.92196957547127,1277.4629272460938,1293.2769001565832,-6.252551783109084,-11.912147657645948,1224.411313108221,1277.4629272460938,1330.5145413839666,-0.0079528463388736,-0.0290562036055143,-0.0083738879981839,-0.0079846388943787,0.0123409539564388,0.0143873720170274,0.8577032858084566,-0.6443749804077463,-0.0290562036055143,-0.0083738879981839,-0.0206823156073303,1299.3206298828125,1295.9441162109374,1277.4629272460938,1.0026054469707746,1.0144671039532118,0.0170798159414399,0.0951349358177562,14189460.7,1.130679265350717,-0.0125042552537374,-0.0079422268215212,0.0100080878165722,0.0108084754624531,0.016839745390603,0.0067599179252813,-0.0151497344361255,1,12,0,0,0,xg_RELIANCE.NS,0.357673190134335,4.391721107694293
2024-12-11,1273.115234375,1284.8683422637005,1270.9738844056644,1279.8882324099652,11724373,43.424338181950105,1277.736834716797,1291.3567415107182,-7.292555632423955,-10.988229252601547,1224.8424909277544,1277.736834716797,1330.6311785058394,-0.0051756931289,-0.023492120324389,-0.0115991175303511,-0.005189133423868,0.0124172405574434,0.0142977278501261,0.8684157561145487,-0.4167815162670377,-0.023492120324389,-0.0115991175303511,-0.0118930027940379,1293.1950927734374,1294.4500854492187,1277.736834716797,0.9990304819862206,1.0130803544817006,0.0121420729555791,-0.2692239441341847,14404623.4,0.8139312409930263,-0.0079528463388736,-0.0125042552537374,-0.0079422268215212,-0.0108441423126971,0.0131172564340502,-0.0019295034595612,-0.0150203323734539,2,12,0,0,0,xg_RELIANCE.NS,0.355014375320636,4.35907462073119
2024-12-12,1257.876220703125,1273.1152845047754,1255.5853214463157,1264.9479526569407,20906813,40.111031244436106,1277.171594238281,1288.1681204814236,-9.239915230271208,-10.638566448135482,1223.654341955529,1277.171594238281,1330.688846521033,-0.0119698620049552,-0.0447410998511098,-0.0062165221442685,-0.0120420776559404,0.0117370023349585,0.0145555336327157,0.8063047584748912,-1.019752907128512,-0.0447410998511098,-0.0062165221442685,-0.0385245777068412,1281.412158203125,1293.663232421875,1277.1715942382812,0.9905299355259448,1.0129126252556764,0.0033712092613321,0.7831924146391454,14992563.5,1.3944788694740966,-0.0051756931289,-0.0079528463388736,-0.0125042552537374,0.0100080878165722,0.0108084754624531,-0.017321295773564,0.0346688397719963,3,12,0,0,1,xg_RELIANCE.NS,0.5036367297495393,6.183947015487679
2024-12-13,1267.78662109375,1270.1272485556606,1234.6688884780408,1254.9877622795104,28630222,43.149015222229544,1278.2074584960935,1286.2270253016452,-9.869752887107095,-10.484803735929804,1226.3677686468566,1278.2074584960935,1330.0471483453305,0.0078786769536713,-0.0295070484195779,-0.0149744034101471,0.0078478022403025,0.0105420710575112,0.0140852993346731,0.7483918101585517,0.7472848196407021,-0.0295070484195779,-0.0149744034101471,-0.0145326450094308,1273.7029541015625,1291.7359375,1278.2074584960938,0.9860397292705672,1.0105839462240531,-0.0035530461669055,0.3694206764082119,16535355.0,1.73145493398831,-0.0119698620049552,-0.0051756931289,-0.0079528463388736,-0.0079422268215212,-0.0108441423126971,0.016839745390603,0.0170696722105352,4,12,0,0,0,xg_RELIANCE.NS,0.34402448875749947,4.224134350893338
2024-12-16,1263.2547607421875,1275.904191603511,1261.511722229068,1269.9280595585296,9486781,42.09738333188373,1278.2423217773437,1284.0391905816969,-10.61225554786256,-10.510294098316358,1226.446027732306,1278.2423217773437,1330.0386158223814,-0.0035746238966086,-0.0207311682819559,-0.0312034521964501,-0.0035810281309842,0.0092159828329466,0.0138499798467251,0.6653668502106437,-0.3878301567223256,-0.0207311682819559,-0.0312034521964501,0.0104722839144941,1268.3543212890625,1287.6671875,1278.2423217773437,0.9850016631638852,1.007373301260712,-0.0078274001377773,-0.668644518369435,16381617.9,0.5791113587138069,0.0078786769536713,-0.0119698620049552,-0.0051756931289,-0.0125042552537374,0.0100080878165722,0.0131172564340502,0.0067599179252813,0,12,0,0,0,xg_RELIANCE.NS,0.4823433746596597,5.922494718862563
2024-12-17,1240.34619140625,1258.8721754853295,1237.8561365143116,1256.033537225462,17462791,37.16624007572491,1277.4728942871095,1279.8779525649877,-12.900515237100764,-10.988338326073238,1223.8440499161238,1277.4728942871095,1331.1017386580952,-0.01813456006489,-0.0307817337904273,-0.0589435370715962,-0.0183010065593229,0.0088924294581568,0.0143987950508384,0.6175386126512357,-2.039096408220488,-0.0307817337904273,-0.0589435370715962,0.0281618032811689,1260.4758056640626,1279.8982177734374,1277.4728942871093,0.9848250338662377,1.0018985322484526,-0.0137035036998631,0.8407498813348806,16440948.8,1.0621522645942998,-0.0035746238966086,0.0078786769536713,-0.0119698620049552,-0.0079528463388736,-0.0079422268215212,0.0108084754624531,-0.0019295034595612,1,12,0,0,1,xg_RELIANCE.NS,0.5041744580153714,6.190549558368715
2024-12-18,1248.2645263671875,1254.9378248920182,1235.714673937889,1235.714673937889,12670179,39.79149189634504,1278.0505859375005,1276.867150069959,-13.914634823100414,-11.573597625478676,1226.0462365548024,1278.0505859375005,1330.0549353201982,0.0063839716812932,-0.0195196061886827,-0.0425531695758025,0.0063636804474001,0.0095021782507704,0.0140479691576625,0.6763612435997005,0.6717722758463084,-0.0195196061886827,-0.0425531695758025,0.0230335633871198,1255.5056640625,1274.3503784179688,1278.0505859375,0.9852122974382732,0.99710480354984,-0.0180610130295156,-0.2744470800801544,15747112.7,0.804603309913391,-0.01813456006489,-0.0035746238966086,0.0078786769536713,-0.0051756931289,-0.0125042552537374,-0.0108441423126971,-0.017321295773564,2,12,0,0,0,xg_RELIANCE.NS,0.38850058359529177,4.7702379165913555
2024-12-19,1225.55517578125,1239.947766097918,1224.1109925687356,1234.0712121990753,14244653,35.24356679855317,1278.4216003417969,1271.9802953757962,-16.36217374977764,-12.531312850338468,1228.1397152647755,1278.4216003417969,1328.7034854188182,-0.018192738883663,-0.0256949327683515,-0.0692864130668051,-0.0183602616671203,0.0089534269865986,0.0142495938163889,0.6282844842789465,-2.0317033028345115,-0.0256949327683515,-0.0692864130668051,0.0435914802984536,1249.041455078125,1265.226806640625,1278.4216003417969,0.987207549288752,0.9896788401434674,-0.0239729274081381,0.1242661212600073,15485705.7,0.9198581760467708,0.0063839716812932,-0.01813456006489,-0.0035746238966086,-0.0119698620049552,-0.0079528463388736,0.0100080878165722,0.016839745390603,3,12,0,0,0,xg_RELIANCE.NS,0.45252964920173366,5.556424319950638
2024-12-20,1200.50537109375,1234.5692750261348,1196.7204388413884,1219.1309339507775,20312896,31.03051860258194,1275.4285583496096,1265.173159729887,-20.091572727233824,-14.04336482571754,1214.6008490662791,1275.4285583496096,1336.25626763294,-0.0204395568494348,-0.0530698533022495,-0.0810109669908182,-0.0206513353334027,0.0099030326573939,0.012494241590566,0.7925443126182292,-2.0637610513305034,-0.0530698533022495,-0.0810109669908182,0.0279411136885686,1235.585205078125,1254.6440795898438,1275.4285583496094,0.984809337706396,0.9837039255364798,-0.0331888171688762,0.4260014617414689,16613243.9,1.2226929383730276,-0.018192738883663,0.0063839716812932,-0.01813456006489,0.0078786769536713,-0.0051756931289,-0.0079422268215212,0.0131172564340502,4,12,0,0,1,xg_RELIANCE.NS,0.428517486296463,5.261588907117867
2024-12-23,1217.437744140625,1222.3181546925216,1208.3738466363206,1210.166734877433,10052824,36.551731748859574,1272.206433105469,1260.6269296737669,-21.433772107800905,-15.521446282134216,1206.2100744700126,1272.206433105469,1338.2027917409252,0.0141043709212631,-0.0362690234981929,-0.0562482925505857,0.0140058297746987,0.0120172809298211,0.0122671236690152,0.9795532922587316,1.173576404447809,-0.0362690234981929,-0.0562482925505857,0.0199792690523927,1226.4218017578123,1247.3880615234375,1272.2064331054687,0.98319187074789,0.9804918675647244,-0.0376073697139848,-0.5051013897772134,16153526.1,0.6223300063259487,-0.0204395568494348,-0.018192738883663,0.0063839716812932,-0.0035746238966086,-0.0119698620049552,-0.0125042552537374,0.0108084754624531,0,12,0,0,0,xg_RELIANCE.NS,0.4810220183850864,5.906270331902924
2024-12-24,1217.8858642578125,1228.6429501715868,1216.1428258096823,1217.4377030050357,6734917,36.69616555834177,1268.573443603516,1256.5563520151045,-22.20534583413564,-16.858226192534502,1198.9290206371466,1268.573443603516,1338.2178665698852,0.0003680846263756,-0.0181081115127809,-0.0483324462351745,0.0003680168998476,0.0121320474089487,0.0120951263444611,1.0029696337045928,0.030337359936806,-0.0181081115127809,-0.0483324462351745,0.0302243347223936,1221.929736328125,1241.2027709960937,1268.5734436035157,0.9844722916204082,0.9784240536127946,-0.038298915066081,-0.3300472583624263,15222644.9,0.4424275179669702,0.0141043709212631,-0.0204395568494348,-0.018192738883663,-0.01813456006489,0.0078786769536713,-0.0079528463388736,-0.0108441423126971,1,12,0,0,0,xg_RELIANCE.NS,0.41711293419971884,5.121557130768458
2024-12-26,1211.7105712890625,1222.8161189414398,1209.419672133533,1219.3798917928575,10016178,35.496974877203066,1264.7561950683596,1252.2853252792909,-23.049418753025975,-18.0964647046328,1191.3409403769756,1264.7561950683596,1338.1714497597436,-0.0050705022120551,-0.0292838211020124,-0.048231818635084,-0.0050834008285116,0.0121318035109667,0.0121032949235859,1.002272630298128,-0.4179167829984224,-0.0292838211020124,-0.048231818635084,0.0189479975330716,1214.6189453125,1235.0623046875,1264.7561950683594,0.9834475076298498,0.9765220439349148,-0.0413772487785771,0.4872014012941807,15051825.4,0.6654460660963643,0.0003680846263756,0.0141043709212631,-0.0204395568494348,0.0063839716812932,-0.0035746238966086,-0.0051756931289,0.0100080878165722,3,12,0,0,1,xg_RELIANCE.NS,0.4185438401426449,5.139126632777578
2024-12-27,1216.1927490234375,1223.0154756156849,1212.1588111658666,1213.4536884394554,7000397,37.10358190677229,1262.2785949707034,1248.8479370644477,-23.090505365903937,-19.095272836887027,1185.7262953995505,1262.2785949707034,1338.8308945418562,0.0036990497900886,-0.007639335170564,-0.033137975735313,0.0036922251300746,0.0121240261734576,0.0116983536112564,1.0362988055846636,0.3050756128004101,-0.007639335170564,-0.033137975735313,0.025498640564749,1212.7464599609375,1230.893957519531,1262.2785949707031,0.9852566523316402,0.9751365209105044,-0.0407272079606939,-0.3010909949883079,13661183.8,0.5124297500484173,-0.0050705022120551,0.0003680846263756,0.0141043709212631,-0.018192738883663,-0.01813456006489,-0.0119698620049552,-0.0079422268215212,4,12,0,0,0,xg_RELIANCE.NS,0.3821569586813102,4.69234717106591
2024-12-30,1205.8837890625,1218.3340640862093,1203.294156174512,1211.5611874241415,8818766,34.947542549054745,1258.2198059082034,1244.7561134452146,-23.68192324620054,-20.01260291874973,1178.651217518318,1258.2198059082034,1337.7883942980889,-0.0084764195224936,0.0044801282012172,-0.0488274848474461,-0.0085125486752284,0.0115377843227846,0.0109031668836642,1.0581078266574968,-0.73460247504202,0.0044801282012172,-0.0488274848474461,0.0533076130486633,1213.8221435546875,1224.7036743164062,1258.2198059082032,0.991114968469583,0.9733622603662604,-0.0368175298119167,0.2597522683356386,11680038.2,0.7550288662582666,0.0036990497900886,-0.0050705022120551,0.0003680846263756,-0.0204395568494348,0.0063839716812932,0.0078786769536713,-0.0125042552537374,0,12,0,0,1,xg_RELIANCE.NS,0.4370412993560465,5.36624928078958
2024-12-31,1210.6148681640625,1214.2503727116298,1201.3519366916562,1203.1945530395503,6405475,36.763634313417406,1253.553436279297,1241.504566275581,-23.497997346636566,-20.7096818043271,1174.329306065658,1253.553436279297,1332.777566492936,0.0039233292166906,-0.0056042914797082,-0.0416700527985328,0.0039156530315365,0.0118746042769015,0.0103594546396184,1.1461470263566402,0.3303688069432978,-0.0056042914797082,-0.0416700527985328,0.0360657613188246,1212.457568359375,1219.4396850585938,1253.5534362792969,0.9942743238679466,0.9727863605703504,-0.0339462772188194,-0.273654046382453,11371907.6,0.5632718120220601,-0.0084764195224936,0.0036990497900886,-0.0050705022120551,0.0141043709212631,-0.018192738883663,-0.0035746238966086,-0.0079528463388736,1,12,0,1,1,xg_RELIANCE.NS,0.42743602863006347,5.248310135905462
2025-01-01,1216.391845703125,1221.4218053468785,1206.7802092584152,1210.0172807004092,5892590,39.00291391208216,1248.4712341308596,1239.1128786020138,-22.625270899740823,-21.09279962340985,1173.7512376351012,1248.4712341308596,1323.191230626618,0.004771936716607,-0.0012267311728738,-0.0193126289007802,0.0047605871186471,0.0110662295067779,0.0099974860453205,1.1067905137455458,0.4311771716385308,-0.0012267311728738,-0.0193126289007802,0.0180858977279063,1212.1587646484377,1217.0442504882812,1248.471234130859,0.9959857779716031,0.9748276269541312,-0.0298526084424972,-0.0800697840519243,10214887.5,0.5768629365716874,0.0039233292166906,-0.0084764195224936,0.0036990497900886,0.0003680846263756,-0.0204395568494348,-0.01813456006489,-0.0051756931289,2,1,1,0,1,xg_RELIANCE.NS,0.43782502699075576,5.375872348134222
2025-01-02,1236.860107421875,1239.4994683243335,1215.1467802555553,1216.3918076943417,15486276,46.26356015127193,1245.1270935058594,1238.8983289658102,-20.050877211363968,-20.884415141000673,1174.975658219609,1245.1270935058594,1315.27852879211,0.0168270297035069,0.0207553987963127,-0.0091362196909517,0.0166870236470861,0.0123521263987077,0.01087077944278,1.1361641821119617,1.362167694266215,0.0207553987963127,-0.0091362196909517,0.0298916184872645,1217.188671875,1215.90380859375,1245.1270935058594,1.001056714579039,0.9765298779020009,-0.0225881823362341,1.6280932493182116,10496497.2,1.4753756138760772,0.004771936716607,0.0039233292166906,-0.0084764195224936,-0.0050705022120551,0.0141043709212631,0.0063839716812932,-0.0119698620049552,3,1,0,0,1,xg_RELIANCE.NS,0.5164420370278091,6.341178085122412
2025-01-03,1246.1729736328125,1257.0296379589822,1230.5852047154665,1238.9518139936486,15521102,49.225001871285954,1241.5961975097655,1239.5911522674294,-17.06249536790142,-20.120031186380825,1180.0514128018692,1241.5961975097655,1303.1409822176622,0.0075294418140376,0.0246508825459188,0.0168232310213363,0.0075012370559344,0.0109360850721637,0.0107330509608282,1.0188217954314591,0.6884322252554333,0.0246508825459188,0.0168232310213363,0.0078276515245825,1223.184716796875,1217.9655883789062,1241.5961975097655,1.0042851197667375,0.9809675567803328,-0.0147744182408467,0.0022488298671674,10624142.1,1.460927560447308,0.0168270297035069,0.004771936716607,0.0039233292166906,0.0036990497900886,0.0003680846263756,-0.018192738883663,0.0078786769536713,4,1,0,0,0,xg_RELIANCE.NS,0.37049150432918665,4.54911188387588
2025-01-06,1213.15478515625,1256.9797527645217,1210.1667191829588,1248.961727102304,14816766,40.66767362122508,1236.9373046874998,1237.0734030187457,-17.160655735194723,-19.528156096143604,1182.307712573747,1236.9373046874998,1291.5668968012526,-0.0264956704848996,0.0060295993359382,0.0105367409151826,-0.0268530068093557,0.0123730737665981,0.0119437461215176,1.0358590832088832,-2.14122454614911,0.0060295993359382,0.0105367409151826,-0.0045071415792443,1224.638916015625,1219.2305297851562,1236.9373046875,1.0044359012494724,0.9856849859445244,-0.0101375264082983,-0.0453792520659938,10074529.1,1.4707154898186288,0.0075294418140376,0.0168270297035069,0.004771936716607,-0.0084764195224936,-0.0050705022120551,-0.0204395568494348,-0.0035746238966086,0,1,0,0,1,xg_RELIANCE.NS,0.40674396520442235,4.994240850829869
2025-01-07,1235.913818359375,1239.5493228115215,1216.3918123612464,1217.1388288273845,10070505,47.449055848423505,1234.2330993652342,1236.96296638452,-15.226463565329595,-18.667817589980803,1185.6419431902784,1234.2330993652342,1282.82425554019,0.0187602056073938,0.02089760406931,0.0151761963251697,0.0185864032968865,0.0129883276377981,0.012739895696882,1.0194202940517494,1.4442784207554231,0.02089760406931,0.0151761963251697,0.0057214077441403,1229.6987060546876,1221.0781372070312,1234.2330993652345,1.007059801158486,0.9893415902028808,-0.0036688588178147,-0.32033042838093,10076297.2,0.9994251658237115,-0.0264956704848996,0.0075294418140376,0.0168270297035069,0.0039233292166906,0.0036990497900886,0.0141043709212631,-0.01813456006489,1,1,0,0,1,xg_RELIANCE.NS,0.361376952189156,4.437198069464689
2025-01-08,1260.4658203125,1265.9937909556584,1240.395953024955,1244.0314575822304,19346579,53.60901991038627,1233.2694519042968,1239.20133342528,-11.578985628971395,-17.250051197778923,1187.81491827609,1233.2694519042968,1278.7239855325035,0.0198654643943676,0.036233369012679,0.034962189236539,0.0196707209443385,0.014193121602964,0.0135553495522515,1.046972236018122,1.3995557421615463,0.036233369012679,0.034962189236539,0.0012711797761399,1238.5135009765625,1225.3361328125,1233.2694519042968,1.0107540843783138,0.9935672459254165,0.0041604056117646,0.92111309214384,11337463.4,1.70642923530834,0.0187602056073938,-0.0264956704848996,0.0075294418140376,0.004771936716607,-0.0084764195224936,0.0003680846263756,0.0063839716812932,2,1,0,0,0,xg_RELIANCE.NS,0.4711770502933848,5.785388042244412
2025-01-09,1249.758544921875,1264.698874209644,1243.0852464738894,1261.9598138402198,12794704,50.811724478859546,1232.1016174316408,1240.206782139241,-9.44346236949309,-15.688733432121758,1189.8717414003693,1232.1016174316408,1274.3314934629122,-0.0084946971334537,0.0104283721518723,0.0314002159709936,-0.0085309827092601,0.0144625097383338,0.0136334927321666,1.0607295791953957,-0.5873192113902721,0.0104283721518723,0.0314002159709936,-0.0209718438191213,1241.0931884765623,1229.1409301757812,1232.1016174316403,1.009724074764211,0.9975970429597918,0.0071946465830998,-0.3386580645601478,11615316.0,1.1015373150415275,0.0198654643943676,0.0187602056073938,-0.0264956704848996,0.0168270297035069,0.0039233292166906,-0.0050705022120551,-0.018192738883663,3,1,0,0,0,xg_RELIANCE.NS,0.4149283640945233,5.09473369835346
2025-01-10,1236.959716796875,1251.750618829338,1231.0831628192257,1248.8621307808614,8120332,47.61351690575077,1231.0557922363282,1239.897537820921,-8.683702944038714,-14.28772733450515,1190.5111644799629,1231.0557922363282,1271.6004199926936,-0.010241040701026,-0.0073932407706446,0.0170753918654034,-0.010293840954044,0.0150672778715826,0.0135644965662179,1.1107059589034556,-0.679642410918086,-0.0073932407706446,0.0170753918654034,-0.024468632636048,1239.250537109375,1231.217626953125,1231.0557922363282,1.0065243625338025,1.0001314600993858,0.006624908444284,-0.3653364704646548,11727309.5,0.6924292396307361,-0.0084946971334537,0.0198654643943676,0.0187602056073938,0.0075294418140376,0.004771936716607,0.0036990497900886,-0.0204395568494348,4,1,0,0,0,xg_RELIANCE.NS,0.36944044312662344,4.536206338265817
2025-01-13,1234.9178466796875,1240.2963897717905,1221.5213994754447,1225.1070543419412,13764861,47.10413404668492,1229.4123535156248,1239.4232815217556,-8.152374481090419,-13.060656763822204,1192.6482080849369,1229.4123535156248,1266.176498946313,-0.0016507167448225,0.0179392290165467,0.0240769947158503,-0.0016520806788937,0.0147003058027612,0.0134119441506882,1.0959790511024334,-0.1122836819374572,0.0179392290165467,0.0240769947158503,-0.0061377656993035,1243.6031494140625,1234.1210327148438,1229.412353515625,1.0076832955989412,1.003830024308568,0.0114912874055486,0.6951106186298788,12221919.0,1.1262438410857472,-0.010241040701026,-0.0084946971334537,0.0198654643943676,-0.0264956704848996,0.0168270297035069,-0.0084764195224936,0.0141043709212631,0,1,0,0,0,xg_RELIANCE.NS,0.4678318633477211,5.744313875872208
2025-01-14,1233.822265625,1248.3641626627486,1222.3680125031533,1239.1509590647415,13095266,46.81473458781176,1227.9407287597655,1238.8898514363502,-7.730583724099233,-11.99464215587761,1194.6922652150058,1227.9407287597655,1261.1891923045252,-0.0008871691810375,-0.0016923127675289,0.0191699260196038,-0.0008875629485247,0.0147264950835868,0.0134006422957016,1.0988574951228274,-0.0602389731588711,-0.0016923127675289,0.0191699260196038,-0.0208622387871327,1243.1848388671874,1236.4417724609375,1227.9407287597655,1.0054536061110495,1.006923008173007,0.0123551912881875,-0.0486452424038281,12890898.1,1.0158536587919336,-0.0016507167448225,-0.010241040701026,-0.0084946971334537,0.0187602056073938,0.0075294418140376,0.0039233292166906,0.0003680846263756,1,1,0,0,1,xg_RELIANCE.NS,0.38384034711556136,4.7130168011166615
2025-01-15,1247.2186279296875,1251.999581888204,1236.90982514039,1239.9974688456068,9578856,50.79553377233613,1228.284350585937,1239.6830682452394,-6.243367377659979,-10.844387200234085,1194.3608548246675,1228.284350585937,1262.2078463472071,0.0108576110821776,-0.0105097593043246,0.0253428057212463,0.0107990904381667,0.0149774479899748,0.0130228819918125,1.1499987484062284,0.7248822501132762,-0.0105097593043246,0.0253428057212463,-0.0358525650255709,1240.535400390625,1239.5244506835938,1228.2843505859375,1.0008155948085362,1.0091510569944937,0.0098226963022702,-0.2685252823424893,13259524.7,0.7224132249626775,-0.0008871691810375,-0.0016507167448225,-0.010241040701026,0.0198654643943676,-0.0264956704848996,0.004771936716607,-0.0050705022120551,2,1,0,0,1,xg_RELIANCE.NS,0.3903095425460826,4.792449375057552
2025-01-16,1261.4119873046875,1269.9280238633037,1246.3223515830243,1253.8920943102864,14117603,54.66700757337788,1228.9417236328125,1241.7524891080438,-3.874786103353699,-9.450466980858009,1192.941995458333,1228.9417236328125,1264.941451807292,0.0113800091316469,0.0093245550751892,0.0198501671575361,0.0113157439272217,0.0144940810720602,0.0131913986810893,1.0986691216993634,0.785094548631553,0.0093245550751892,0.0198501671575361,-0.0105256120823469,1242.8660888671875,1241.979638671875,1228.9417236328125,1.000713739716587,1.0106090588254435,0.011038713263006,0.4738297558706383,13122657.4,1.0758189114956946,0.0108576110821776,-0.0008871691810375,-0.0016507167448225,-0.0084946971334537,0.0187602056073938,0.0168270297035069,0.0036990497900886,3,1,0,0,1,xg_RELIANCE.NS,0.3769203298635225,4.628048772565308
2025-01-17,1297.169189453125,1320.72513338128,1279.888232575373,1316.9900509904955,29366277,62.64182071106682,1232.5224243164062,1247.0302700932896,0.8775234550616915,-7.384868893674069,1185.410023279995,1232.5224243164062,1279.6348253528176,0.0283469655499639,0.0486753706193143,0.0409222611140807,0.0279526252139801,0.0166945124929747,0.0137917490496811,1.2103832552047136,1.6978793290647367,0.0486753706193143,0.0409222611140807,0.0077531095052336,1254.9079833984374,1247.0792602539063,1232.5224243164062,1.0062776468136734,1.0118106053490863,0.0172572392745997,1.0801177792009025,14507174.9,2.024258837604417,0.0113800091316469,0.0108576110821776,-0.0008871691810375,-0.010241040701026,0.0198654643943676,0.0075294418140376,-0.0084764195224936,4,1,0,0,1,xg_RELIANCE.NS,0.5083784312092439,6.2421684057438185
2025-01-20,1300.2568359375,1310.764916385877,1295.07757031211,1310.764916385877,14040244,63.243123817518835,1237.509997558593,1252.0994668403573,4.837150624026208,-4.940464990134014,1183.9851127254726,1237.509997558593,1291.034882391714,0.0023802958854401,0.0529095837698749,0.0717979699268396,0.0023774674686123,0.012863791884526,0.0126532413769236,1.016559705268817,0.1850240491106008,0.0529095837698749,0.0717979699268396,-0.0188883861569646,1267.97578125,1255.789465332031,1237.5099975585938,1.0097041074594033,1.014771167755816,0.0234305891339075,-0.5218922711925655,14429522.7,0.9730220667658692,0.0283469655499639,0.0113800091316469,0.0108576110821776,-0.0016507167448225,-0.0084946971334537,-0.0264956704848996,0.0039233292166906,0,1,0,0,0,xg_RELIANCE.NS,0.4030666501479733,4.949088620809543
2025-01-21,1268.6331787109375,1307.776892128252,1265.1471016946018,1305.2868371165837,14562976,53.70819399145424,1240.0697692871092,1253.6741060661268,5.361613491904791,-2.8800492937262536,1185.6966982053032,1240.0697692871092,1294.4428403689153,-0.0243210851521972,0.0282138797911088,0.026473820314588,-0.0246217273837894,0.0154529148102253,0.0139055083970048,1.1112001926776602,-1.5737814949067013,0.0282138797911088,0.026473820314588,0.0017400594765208,1274.9379638671876,1259.0614013671875,1240.0697692871097,1.012609839744718,1.0153149706173354,0.027484851543539,0.0372309768975525,14878769.8,0.9787755436608084,0.0023802958854401,0.0283469655499639,0.0113800091316469,-0.0008871691810375,-0.010241040701026,0.0187602056073938,0.004771936716607,1,1,0,0,1,xg_RELIANCE.NS,0.2978408018444425,3.6570639686512703
2025-01-22,1272.0196533203125,1277.7966294698952,1263.6530443254642,1273.2149526536994,10273590,54.49931431674334,1242.776458740234,1255.421301042716,5.9815625624503355,-1.107726922490936,1187.668540365482,1242.776458740234,1297.8843771149864,0.0026693883355755,0.0198850665274246,0.0091663199601461,0.0026658318462269,0.0142428182994956,0.0138994760525239,1.0246280951586242,0.1874067949652248,0.0198850665274246,0.0091663199601461,0.0107187465672784,1279.8981689453126,1260.2167846679688,1242.7764587402344,1.0156174592473226,1.0140333571698108,0.0291832835351093,-0.294540484032934,13971470.9,0.7353262998242558,-0.0243210851521972,0.0023802958854401,0.0283469655499639,0.0108576110821776,-0.0016507167448225,0.0198654643943676,0.0168270297035069,2,1,0,0,0,xg_RELIANCE.NS,0.277603270157102,3.408575690719271
2025-01-23,1258.6231689453125,1272.2686211078578,1256.581275301743,1264.947884048613,8720682,50.80072564372254,1245.122088623047,1255.726240842963,5.330446270855646,0.1799077161783803,1191.6112792057568,1245.122088623047,1298.632898040337,-0.0105316646169982,-0.0022108703480248,0.0070930693448403,-0.0105875150750929,0.014407374911118,0.0141033911062449,1.0214815232072585,-0.7309404899557169,-0.0022108703480248,0.0070930693448403,-0.0093039396928651,1279.3404052734377,1261.1032470703126,1245.122088623047,1.0144612728937872,1.012835013203355,0.0271871021404003,-0.1511553410248998,13564068.7,0.6429252308342671,0.0026693883355755,-0.0243210851521972,0.0023802958854401,0.0113800091316469,-0.0008871691810375,-0.0084946971334537,0.0075294418140376,3,1,0,0,0,xg_RELIANCE.NS,0.30251672489334674,3.714477693018239
2025-01-24,1241.34228515625,1267.9360243063209,1238.5533748820974,1260.9638702056577,14235970,46.424018214883056,1246.3795654296875,1254.3563403013711,3.381034557562998,0.820133084455304,1194.5764214333751,1246.3795654296875,1298.182709426,-0.0137299902110838,-0.0430374886720915,0.0035430162355842,-0.0138251182685094,0.0147428047804485,0.0145247728623191,1.0149411614918182,-0.9312379277627812,-0.0430374886720915,0.0035430162355842,-0.0465805049076758,1268.1750244140626,1261.54150390625,1246.3795654296875,1.0052582657703075,1.0121647842255304,0.0175579767522634,0.6324376923731423,14175632.5,1.0042564238314584,-0.0105316646169982,0.0026693883355755,-0.0243210851521972,0.0283469655499639,0.0108576110821776,-0.010241040701026,-0.0264956704848996,4,1,0,0,0,xg_RELIANCE.NS,0.39203718656782877,4.81366240115558
2025-01-27,1224.4595947265625,1235.515414368934,1215.1468135462453,1234.1708090151494,9536019,42.56570221795606,1247.3083557128907,1251.5090311990086,0.4684200521014645,0.7497904779845361,1197.9540802797287,1247.3083557128907,1296.6626311460527,-0.01360035071033,-0.0582940532331728,-0.008468783556124,-0.0136936826778182,0.0154016781645134,0.0147465230057543,1.0443569512320037,-0.8829860992398184,-0.0582940532331728,-0.008468783556124,-0.0498252696770488,1253.015576171875,1260.4956787109377,1247.3083557128907,0.9940657451942144,1.0105726245941082,0.0046610116687915,-0.3301461719854706,13752748.3,0.6933900622611777,-0.0137299902110838,-0.0105316646169982,0.0026693883355755,0.0023802958854401,0.0113800091316469,-0.0016507167448225,0.0187602056073938,0,1,0,0,1,xg_RELIANCE.NS,0.32855557614867026,4.034197973521137
2025-01-28,1229.4896240234375,1239.7984277662488,1213.652849353825,1233.0752790316255,10568025,44.05750173947119,1248.2520935058594,1249.4119448013353,-1.417625101453723,0.3163073620968843,1201.1831770850995,1248.2520935058594,1295.3210099266191,0.0041079585790646,-0.0308549038006982,-0.0035115605563883,0.0040995439539699,0.0154773206152612,0.0147485940062447,1.0493387552707178,0.2654007938699949,-0.0308549038006982,-0.0035115605563883,-0.0273433432443098,1245.186865234375,1260.062414550781,1248.2520935058594,0.9881945932640888,1.009461487071695,-0.0024930899875783,0.1082218900780294,13500024.2,0.7828152633977662,-0.01360035071033,-0.0137299902110838,-0.0105316646169982,-0.0243210851521972,0.0283469655499639,-0.0008871691810375,0.0198654643943676,1,1,0,0,0,xg_RELIANCE.NS,0.31812703961381245,3.906150288411457
2025-01-29,1230.585205078125,1237.8063647194172,1223.1648896668228,1231.0832160878692,5928156,44.396269257286455,1248.9617614746094,1247.6189219705534,-2.791743754703248,-0.3053028612631421,1203.5154027506549,1248.9617614746094,1294.408120198564,0.0008910860517084,-0.0325737484747444,-0.0133364131027877,0.0008906892702267,0.0149964249516466,0.0147201573510841,1.018698774423618,0.0594159367078921,-0.0325737484747444,-0.0133364131027877,-0.0192373353719567,1236.8999755859377,1258.399072265625,1248.9617614746094,0.982915517697434,1.0075561246806093,-0.0098016665883011,-0.4390478826460006,13134954.2,0.4513267354978328,0.0041079585790646,-0.01360035071033,-0.0137299902110838,0.0026693883355755,0.0023802958854401,0.0108576110821776,-0.0084946971334537,2,1,0,0,1,xg_RELIANCE.NS,0.3796419693332833,4.66146665748532
2025-01-30,1248.0654296875,1251.9996679975989,1227.497550840604,1230.635044492625,9269259,49.63663744924488,1249.5220275878903,1247.6614465150244,-2.4420838275302685,-0.7326590545165674,1204.4289305703178,1249.5220275878903,1294.6151246054628,0.0142048064101869,-0.0083883242564647,-0.0105806491071213,0.0141048634823093,0.0152844092388161,0.0145798061002316,1.0482554348331463,0.9293049461910998,-0.0083883242564647,-0.0105806491071213,0.0021923248506565,1234.788427734375,1257.0644165039062,1249.5220275878903,0.9822793577822496,1.0060362192498324,-0.0118051501972973,0.5635990348432127,12650119.8,0.7327408077194073,0.0008910860517084,0.0041079585790646,-0.01360035071033,-0.0105316646169982,-0.0243210851521972,0.0113800091316469,-0.010241040701026,3,1,0,0,1,xg_RELIANCE.NS,0.41851687355280004,5.138795521178804
2025-01-31,1260.0673828125,1261.9598488917904,1244.0314532484974,1250.8541794958078,6584612,52.91763383310632,1250.216748046875,1248.8429642576411,-1.182882964901637,-0.8227038365935814,1204.9132666711373,1250.216748046875,1295.5202294226126,0.0096164454519063,0.0150845563549726,-0.0286021337403694,0.0095705017489153,0.012112727202217,0.0146397183130103,0.8273314835552291,0.7938469548947986,0.0150845563549726,-0.0286021337403694,0.043686690095342,1238.533447265625,1253.3542358398438,1250.216748046875,0.9881750999434826,1.0025095550814451,-0.0092719650874325,-0.2896290846981404,10371953.3,0.6348478256259951,0.0142048064101869,0.0008910860517084,0.0041079585790646,-0.0137299902110838,0.0026693883355755,0.0283469655499639,-0.0016507167448225,4,1,0,1,0,xg_RELIANCE.NS,0.33243792215314516,4.081867693716887
2025-02-01,1259.5693359375,1265.495739501575,1236.06324219181,1260.0673469134033,7118453,52.76401944981996,1252.5374755859375,1249.8645234652467,-0.2225796697948681,-0.7026790032338388,1210.5974380678124,1252.5374755859375,1294.4775131040626,-0.00039525416005,0.028673662538271,-0.0312918947052978,-0.0003953322935643,0.0120114140220619,0.0131827549614874,0.911076856111923,-0.0329038076213588,0.028673662538271,-0.0312918947052978,0.0599655572435688,1245.5553955078126,1249.2854858398437,1252.5374755859375,0.9970142210292922,0.9974036786846856,-0.0055432280533632,0.0810740253184243,9679774.2,0.7353945301739854,0.0096164454519063,0.0142048064101869,0.0008910860517084,-0.01360035071033,-0.0105316646169982,0.0023802958854401,-0.0008871691810375,5,2,1,0,0,xg_RELIANCE.NS,0.3073236824438728,3.773500335812648
2025-02-03,1240.94384765625,1251.003645649064,1232.6270881824537,1246.0235355947286,9252345,47.24104434610475,1252.788977050781,1249.0149352929614,-0.9534627097989414,-0.7528357445468594,1211.2099002842338,1252.788977050781,1294.368053817329,-0.0147871877711178,0.0093162426172652,-0.0218261129531727,-0.0148976081218963,0.0104126100870716,0.0130665510693562,0.7968294925197955,-1.4199866950536169,0.0093162426172652,-0.0218261129531727,0.0311423555704379,1247.846240234375,1246.516552734375,1252.788977050781,1.001066722697812,0.9949932315567044,-0.0039830463124834,0.2997690649920705,9148711.1,1.011327704948404,-0.00039525416005,0.0096164454519063,0.0142048064101869,0.0041079585790646,-0.0137299902110838,-0.0243210851521972,0.0108576110821776,0,2,0,0,1,xg_RELIANCE.NS,0.2856670536708874,3.5075875519439492
2025-02-04,1280.08740234375,1283.6731787459128,1241.6409781641655,1243.085282988569,16691069,57.345959461651105,1253.7700561523438,1251.974217869227,1.6073365668053157,-0.2808012822764244,1210.5352918884273,1253.7700561523438,1297.0048204162604,0.0315433730232272,0.0402265499872334,0.0063424719911979,0.0310561011407717,0.0149248654009929,0.0141994353767892,1.051014634761677,2.1133362907807656,0.0402265499872334,0.0063424719911979,0.0338840779960354,1257.7466796875,1247.323327636719,1253.7700561523438,1.0083565758932211,0.99485812531254,0.0031065250137415,0.8039825579353126,9790459.0,1.7048300799787115,-0.0147871877711178,-0.00039525416005,0.0096164454519063,0.0008910860517084,-0.01360035071033,0.0026693883355755,0.0113800091316469,1,2,0,0,0,xg_RELIANCE.NS,0.41625736008447844,5.1110518902171975
2025-02-05,1273.115234375,1285.366353249074,1271.6212014188793,1277.5476050956522,10112028,55.31377989972876,1254.937890625,1253.987648012634,3.0391592211469742,0.3831908184082553,1210.904936588645,1254.937890625,1298.970844661355,-0.0054466343126137,0.0200709066140645,0.0115142210847996,-0.0054615213058939,0.0145811327267974,0.0141097310221424,1.033336451805144,-0.3735142461434673,0.0200709066140645,0.0115142210847996,0.0085566855292649,1262.756640625,1248.7725341796877,1254.937890625,1.0111982815625415,0.995087122246152,0.0061414314972348,-0.3941653467492106,9929593.6,1.018372796244046,0.0315433730232272,-0.0147871877711178,-0.00039525416005,0.0142048064101869,0.0041079585790646,-0.0105316646169982,0.0283469655499639,2,2,0,0,1,xg_RELIANCE.NS,0.34289856784603906,4.210309633892329
2025-02-06,1276.4520263671875,1282.8763195509282,1265.2965071593935,1268.6331564996678,9956001,56.11530715647754,1256.9125061035156,1256.1271126178297,4.3925061409208865,1.1850538829107815,1212.7323935918623,1256.9125061035156,1301.0926186151687,0.0026209661954328,0.0130029899814696,0.0282836906716008,0.0026175374533057,0.0135995999187055,0.0138603511947478,0.9811164674810736,0.1927096018630837,0.0130029899814696,0.0282836906716008,-0.0152807006901312,1266.0335693359375,1252.2835083007812,1256.9125061035156,1.01097999050855,0.9963171678376528,0.0071456373165708,-0.0154298425597714,9501596.7,1.047823993624035,-0.0054466343126137,0.0315433730232272,-0.0147871877711178,0.0096164454519063,0.0008910860517084,-0.0137299902110838,0.0023802958854401,3,2,0,0,0,xg_RELIANCE.NS,0.2859444327078051,3.5109933743675024
2025-02-07,1261.6610107421875,1278.5933846345008,1256.979756005846,1271.073491533156,8764283,51.689424298546854,1258.2496643066406,1256.654150534435,4.222853550818627,1.7926138164923506,1215.2699517503395,1258.2496643066406,1301.2293768629418,-0.0115876000973539,0.0016606269659071,0.0303819057614005,-0.0116552595167451,0.0133410996914646,0.0141602608664086,0.9420841701398562,-0.8684989893132711,0.0016606269659071,0.0303819057614005,-0.0287212787954933,1266.451904296875,1256.0036499023438,1258.2496643066406,1.008318649707223,0.9982149692004612,0.0065011440635779,-0.1196984612596965,9424423.1,0.9299543226151498,0.0026209661954328,-0.0054466343126137,0.0315433730232272,-0.00039525416005,0.0142048064101869,-0.01360035071033,-0.0243210851521972,4,2,0,0,0,xg_RELIANCE.NS,0.29211312663213956,3.5867362146520376
2025-02-10,1248.6629638671875,1261.461821832557,1240.5952102474196,1259.469777897567,6970972,48.09920286010694,1258.9916992187498,1255.8930851375544,3.004929935486871,2.0350770402912546,1217.2943959183303,1258.9916992187498,1300.6890025191692,-0.010302329044276,0.0062203589836207,0.0155945519743438,-0.0103557653653529,0.0139802897710033,0.0143868229976885,0.971675129256826,-0.7368654260812713,0.0062203589836207,0.0155945519743438,-0.0093741929907231,1267.9957275390625,1257.920983886719,1258.99169921875,1.0080090433194102,0.9991495453602308,0.007210935681496,-0.2046158253903941,9064717.8,0.7690225061390472,-0.0115876000973539,0.0026209661954328,-0.0054466343126137,-0.0147871877711178,0.0096164454519063,0.0041079585790646,0.0026693883355755,0,2,0,0,0,xg_RELIANCE.NS,0.2852715202707325,3.5027309609827815
2025-02-11,1229.937744140625,1259.519670533727,1225.2066396338644,1259.519670533727,8859714,43.42028211665866,1258.1276550292964,1253.4211478997515,0.5227223391852931,1.7326061000700623,1214.7219680677165,1258.1276550292964,1301.5333419908766,-0.0149962161675472,-0.0391767453623124,-0.0005261406807332,-0.0151097963631592,0.0149438363417177,0.0145858454896441,1.0244734786782386,-1.0034379651041103,-0.0391767453623124,-0.0005261406807332,-0.0386506046815792,1257.9657958984376,1257.8562377929688,1258.1276550292969,1.000087099067586,0.999784268921168,-0.0001315994501594,0.2709438511587767,9357873.6,0.9467657267778284,-0.010302329044276,-0.0115876000973539,0.0026209661954328,0.0315433730232272,-0.00039525416005,0.0008910860517084,-0.0105316646169982,1,2,0,0,0,xg_RELIANCE.NS,0.3234197210616147,3.9711369339631832
2025-02-12,1211.7105712890625,1222.0193743195214,1188.6027887286011,1214.5989377224969,21131654,39.40231295813851,1255.6425842285155,1249.4487120320669,-2.8820036385452568,0.8096841523469985,1207.5866909492222,1255.6425842285155,1303.6984775078088,-0.0148195898031392,-0.048231818635084,-0.0291289683486708,-0.0149304970210817,0.0147052401809252,0.0146300179187403,1.0050729390529805,-1.0077075867672176,-0.048231818635084,-0.0291289683486708,-0.0191028502864132,1245.68486328125,1254.220751953125,1255.6425842285155,0.993194269303404,0.998867645703284,-0.0082179038321604,1.3851395203050574,10544113.1,2.004118677368701,-0.0149962161675472,-0.010302329044276,-0.0115876000973539,-0.0054466343126137,-0.0147871877711178,0.0142048064101869,-0.0137299902110838,2,2,0,0,0,xg_RELIANCE.NS,0.4131403921288685,5.072779930393992
2025-02-13,1211.2623291015625,1223.1150152108587,1207.1786632211406,1212.2086229517822,8511216,39.30598535677296,1251.3472412109377,1245.8119136577332,-5.552437856698361,-0.4627402494620733,1203.5634059227832,1251.3472412109377,1299.1310764990917,-0.0003699251274362,-0.0510710123992331,-0.0387320982803344,-0.0003699935666148,0.0140904011548487,0.0127991528401457,1.1007994459766428,-0.026251834247795,-0.0510710123992331,-0.0387320982803344,-0.0123389141188987,1232.646923828125,1249.340246582031,1251.3472412109377,0.9866382894495104,0.998396132933522,-0.0154387013725451,-0.5972290668775857,10736773.5,0.7927163593419575,-0.0148195898031392,-0.0149962161675472,-0.010302329044276,0.0026209661954328,0.0315433730232272,0.0096164454519063,-0.01360035071033,3,2,0,0,0,xg_RELIANCE.NS,0.4477403994847856,5.497619104317786
2025-02-14,1212.40771484375,1219.1308629852126,1200.6546072366425,1214.1507532507958,10298145,39.711574850452685,1246.95478515625,1242.6305613897348,-7.490012950100208,-1.8681947895897004,1202.036342808385,1246.95478515625,1291.873227504115,0.0009456132785348,-0.0390384544493958,-0.0374426557936546,0.0009451664679493,0.0141332874258936,0.0127693754925787,1.1067244995346377,0.0669020835675437,-0.0390384544493958,-0.0374426557936546,-0.0015957986557411,1222.7962646484375,1244.6240844726562,1246.95478515625,0.9824623192684986,0.9981308859700944,-0.0199260695985639,0.209949906100374,11054742.7,0.9315589950364984,-0.0003699251274362,-0.0148195898031392,-0.0149962161675472,-0.0115876000973539,-0.0054466343126137,-0.00039525416005,0.0041079585790646,4,2,0,0,1,xg_RELIANCE.NS,0.34011681596277443,4.176153653519539
2025-02-17,1220.02734375,1222.6169765728448,1199.7084711054922,1206.2821918357026,8166683,42.46600700138003,1244.524493408203,1240.4778739954745,-8.314866196567664,-3.157529070985293,1199.2861219613758,1244.524493408203,1289.76286485503,0.0062847083641595,-0.022933025921183,-0.0168553185913726,0.0062650419400318,0.0138682507239982,0.0119389458433395,1.16150030376682,0.4531397181597528,-0.022933025921183,-0.0168553185913726,-0.0060777073298103,1217.069140625,1242.5324340820312,1244.5244934082032,0.979506938604912,0.9983993410039552,-0.0225038831497116,-0.2069753339072231,10946176.5,0.7460763125826861,0.0009456132785348,-0.0003699251274362,-0.0148195898031392,-0.010302329044276,0.0026209661954328,-0.0147871877711178,0.0008910860517084,0,2,0,0,0,xg_RELIANCE.NS,0.34827913300473123,4.276375367166545
2025-02-18,1220.525390625,1225.0074896525716,1211.2623373341316,1219.9775298877432,6673250,42.650444522984245,1241.9497802734372,1238.5776374840004,-8.826632195121192,-4.291349695812473,1197.4447507426555,1241.9497802734372,1286.4548098042187,0.0004082259939102,-0.0076527072695061,-0.0465296444677888,0.0004081426923487,0.0077371447703636,0.0119042117695242,0.649895602039583,0.0527550215232054,-0.0076527072695061,-0.0465296444677888,0.0388769371982826,1215.186669921875,1236.5762329101562,1241.9497802734377,0.9827025925138936,0.9956732973839746,-0.0219275326487536,-0.182868981200813,9944394.6,0.6710564361554326,0.0062847083641595,0.0009456132785348,-0.0003699251274362,-0.0149962161675472,-0.0115876000973539,0.0315433730232272,0.0142048064101869,1,2,0,0,1,xg_RELIANCE.NS,0.3828299638788126,4.700610723417566
2025-02-19,1222.567138671875,1227.8461038341088,1212.706618273488,1214.6488125132394,6217338,43.450772594617405,1240.1469787597655,1237.0528280733215,-8.964125572640569,-5.225904871178092,1195.564714422117,1240.1469787597655,1284.729243097414,0.0016728435660231,0.0089597034473858,-0.0397042579793965,0.0016714459217013,0.0079870160669047,0.0117555787273448,0.6793656770508906,0.2094191538940356,0.0089597034473858,-0.0397042579793965,0.0486639614267824,1217.3579833984377,1231.5214233398438,1240.1469787597655,0.988499233815198,0.9930447313361612,-0.0186402812904695,-0.0683193346570262,9554925.6,0.6506945485791484,0.0004082259939102,0.0062847083641595,0.0009456132785348,-0.0148195898031392,-0.010302329044276,-0.0054466343126137,0.0096164454519063,2,2,0,0,1,xg_RELIANCE.NS,0.36774137407103996,4.515344172353875
2025-02-20,1228.0950927734375,1234.4198079853766,1217.1388510698623,1219.0810452834291,7795582,45.66178082057482,1239.4846191406248,1236.1997104257136,-8.528716631567931,-5.88646722325606,1194.5846327682525,1239.4846191406248,1284.3846055129973,0.0045215955236355,0.0138968770574747,-0.0378838629222713,0.0045114038208859,0.0081826745268874,0.0114514612597689,0.7144904786215797,0.5525140948335395,0.0138968770574747,-0.0378838629222713,0.051780739979746,1220.7245361328123,1226.6857299804688,1239.484619140625,0.9951404066241554,0.9896740234106092,-0.015275757649553,0.253845616886198,9338883.7,0.8347445209109057,0.0016728435660231,0.0004082259939102,0.0062847083641595,-0.0003699251274362,-0.0149962161675472,0.0026209661954328,-0.00039525416005,3,2,0,0,0,xg_RELIANCE.NS,0.334610176728191,4.108539908832959
2025-02-21,1223.264404296875,1235.0672403005465,1217.2882724889691,1223.8121434284387,6904025,44.041266877347184,1239.4248596191403,1234.9677765086817,-8.475744984908488,-6.404322775586547,1194.437576564429,1239.4248596191403,1284.412142673852,-0.0039334808069734,0.0089546522347263,-0.030433377998045,-0.0039412372892666,0.0077207476592426,0.0110657961793494,0.6976497564534087,-0.5094029202398462,0.0089546522347263,-0.030433377998045,0.0393880302327713,1222.8958740234375,1222.8460693359375,1239.4248596191403,1.0000407285011164,0.986623803650108,-0.0135121937151468,-0.1143669581052447,9152857.9,0.7543026533820923,0.0045215955236355,0.0016728435660231,0.0004082259939102,0.0009456132785348,-0.0148195898031392,-0.0115876000973539,-0.0147871877711178,4,2,0,0,0,xg_RELIANCE.NS,0.3427989221497388,4.209086125617727
2025-02-24,1209.718505859375,1218.3838481751116,1205.68456833515,1211.7105497558396,7172498,39.77814347625723,1238.4363037109374,1232.5630840658905,-9.418237786842838,-7.007105777837805,1191.6950721307671,1238.4363037109374,1285.1775352911077,-0.0110735654449833,-0.0084496777415977,-0.0311889269841071,-0.0111353337913291,0.0078045406003041,0.0112882846007497,0.6913228673308326,-1.4186801417126649,-0.0084496777415977,-0.0311889269841071,0.0227392492425093,1220.8341064453125,1218.9516235351562,1238.4363037109374,1.0015443458737905,0.9842667078497328,-0.0145506555288417,0.0388864466742227,9173010.5,0.7819132006879549,-0.0039334808069734,0.0045215955236355,0.0016728435660231,0.0062847083641595,-0.0003699251274362,-0.010302329044276,0.0315433730232272,0,2,0,0,0,xg_RELIANCE.NS,0.42002631291136694,5.15732930250391
2025-02-25,1199.21044921875,1216.142822671174,1196.7203942992758,1206.1826029932777,11552182,36.80209553842353,1236.8675659179687,1229.3866426518769,-10.887577260694798,-7.783200074409204,1187.0144403518336,1236.8675659179687,1286.7206914841038,-0.0086863651252158,-0.0174637427209402,-0.024982805079573,-0.0087243114986019,0.0069470843210521,0.0114174066909821,0.6084110076880255,-1.250181305211978,-0.0174637427209402,-0.024982805079573,0.0075190623586328,1216.5711181640625,1215.8788940429688,1236.8675659179687,1.0005693199581678,0.983030784820182,-0.0169248423136479,0.6106218502953922,9442257.3,1.2234555395984363,-0.0110735654449833,-0.0039334808069734,0.0045215955236355,0.0004082259939102,0.0009456132785348,-0.0149962161675472,-0.0054466343126137,1,2,0,0,1,xg_RELIANCE.NS,0.49046924969603545,6.022268976201599
2025-02-27,1202.298095703125,1210.166693583284,1195.8738026303336,1207.975493883109,11509215,38.263686846624715,1234.57919921875,1226.80678103771,-11.668386219965669,-8.560237303520497,1182.7286837438362,1234.57919921875,1286.429714693664,0.0025747328055609,-0.0165790837391303,-0.0077679239654764,0.0025714238596021,0.0055603350452728,0.0108731681040885,0.5113342916946605,0.462970273252917,-0.0165790837391303,-0.0077679239654764,-0.0088111597736538,1212.5173095703126,1214.937646484375,1234.57919921875,0.998007850920526,0.9840904878789432,-0.0183497667735515,-0.0037193839224486,8480013.4,1.3572166053415249,-0.0086863651252158,-0.0110735654449833,-0.0039334808069734,0.0016728435660231,0.0062847083641595,-0.0148195898031392,0.0026209661954328,3,2,0,0,0,xg_RELIANCE.NS,0.40302435105383877,4.948569247734706
2025-02-28,1195.325927734375,1212.5073065135475,1188.5530513693543,1197.218393771922,23007298,36.226305733856826,1231.342126464844,1223.8086045326304,-12.703342408127128,-9.388858324441824,1178.125864990201,1231.342126464844,1284.5583879394867,-0.0057990343606695,-0.0266829215684423,-0.0131568537915384,-0.0058159140493243,0.005778193954595,0.0105624506979508,0.5469987147018098,-1.0034330749634524,-0.0266829215684423,-0.0131568537915384,-0.0135260677769039,1205.9634765625,1213.3440063476562,1231.3421264648437,0.9939171992884586,0.9853833311389584,-0.0212315731747292,0.9990327750415646,9929621.6,2.3170367338064204,0.0025747328055609,-0.0086863651252158,-0.0110735654449833,0.0045215955236355,0.0004082259939102,-0.0003699251274362,-0.0115876000973539,4,2,0,1,0,xg_RELIANCE.NS,0.5325241827865033,6.538644098605131
2025-03-03,1166.5906982421875,1201.6506219268736,1151.4013636439431,1199.2104168056296,17944938,29.301509889835128,1226.6931945800784,1218.3592801240168,-15.661707102979108,-10.64342808014928,1167.906191802021,1226.6931945800784,1285.4801973581357,-0.0240396605021798,-0.0463298906234938,-0.0377901064473737,-0.0243333291551293,0.0091268062873996,0.0115791862820885,0.7881398506962214,-2.6336733871494453,-0.0463298906234938,-0.0377901064473737,-0.00853978417612,1194.6287353515625,1208.7623046875,1226.6931945800782,0.9883074039609536,0.9853827428310498,-0.0274856119432721,-0.2200327913342975,10694300.9,1.6779907511297276,-0.0057990343606695,0.0025747328055609,-0.0086863651252158,-0.0039334808069734,0.0016728435660231,0.0009456132785348,-0.010302329044276,0,3,0,0,0,xg_RELIANCE.NS,0.43311968260070755,5.318097371292977
2025-03-04,1157.2779541015625,1169.3297956512124,1154.9373267832575,1157.576687742468,11377373,27.468892669361875,1222.509899902344,1212.5420109790211,-18.543930175941796,-12.223528499307784,1156.5258891364065,1222.509899902344,1288.4939106682814,-0.0079828719315672,-0.0433493837647454,-0.0514327731832342,-0.0080149056483067,0.0084651329387699,0.0113356440532562,0.7467053652741672,-0.9429183299272756,-0.0433493837647454,-0.0514327731832342,0.0080833894184888,1184.140625,1202.4873657226562,1222.5098999023437,0.9847426748541092,0.983621781564888,-0.0331547617980255,-0.365984268098335,11015369.9,1.0328634538181931,-0.0240396605021798,-0.0057990343606695,0.0025747328055609,-0.0110735654449833,0.0045215955236355,0.0062847083641595,-0.0149962161675472,1,3,0,0,1,xg_RELIANCE.NS,0.4350260404947244,5.341504751082412
2025-03-05,1170.9234619140625,1178.294049175979,1152.3974766666165,1156.38156474498,8664095,33.98408341838741,1217.0517028808597,1208.578339639501,-19.502224778821983,-13.679267755210624,1153.0926214434144,1217.0517028808597,1281.0107843183046,0.0117910375499146,-0.023588009363257,-0.040639817157378,0.0117220649099145,0.0099441837937748,0.0086776826747311,1.145817189828628,1.1856027796384434,-0.023588009363257,-0.040639817157378,0.017051807794121,1178.4832275390625,1197.5271728515625,1217.0517028808597,0.9840972749978172,0.9839575180059476,-0.032938511009721,-0.2384801834307445,11214454.4,0.7725828373780919,-0.0079828719315672,-0.0240396605021798,-0.0057990343606695,-0.0086863651252158,-0.0039334808069734,0.0004082259939102,-0.0148195898031392,2,3,0,0,1,xg_RELIANCE.NS,0.4062734197043709,4.98846321733173
2025-03-06,1204.7882080078125,1209.1208794668382,1180.4355183146993,1192.2383549047067,14468014,46.7645465023793,1213.6353515625,1208.2173747221975,-17.32931659093515,-14.40927752235553,1155.2266750561243,1213.6353515625,1272.0440280688758,0.0289214002411333,0.0020711272134479,-0.0145422939171884,0.0285110693291477,0.0144244136853495,0.0114286141602299,1.2620210519039434,2.004892259728111,0.0020711272134479,-0.0145422939171884,0.0166134211306363,1178.98125,1195.7492797851562,1213.6353515625,0.9859769685262374,0.985262400477774,-0.0287636460351837,0.6698817360612968,12039522.0,1.2017100014434792,0.0117910375499146,-0.0079828719315672,-0.0240396605021798,0.0025747328055609,-0.0110735654449833,0.0016728435660231,-0.0003699251274362,3,3,0,0,1,xg_RELIANCE.NS,0.502214162146762,6.166479896507101
2025-03-07,1244.828369140625,1249.8084792402678,1207.178688153437,1211.1627762331514,16474965,57.292321092864086,1212.054168701172,1211.7041360953813,-12.23532362868059,-13.974486743620544,1159.374319341563,1212.054168701172,1264.7340180607807,0.0332341907620603,0.041413341966134,0.0136253914421222,0.0326938737962176,0.0181135519317825,0.0139496942731265,1.2983978845178354,1.8346681103246012,0.041413341966134,0.0136253914421222,0.0277879505240117,1188.88173828125,1197.422607421875,1212.054168701172,0.9928672892196232,0.9879282942486176,-0.018614960097607,0.138716412632722,12907460.3,1.2763909101466475,0.0289214002411333,0.0117910375499146,-0.0079828719315672,-0.0057990343606695,-0.0086863651252158,0.0045215955236355,0.0009456132785348,4,3,0,0,0,xg_RELIANCE.NS,0.46653146972333975,5.728346880620587
2025-03-10,1233.4736328125,1252.9956391209716,1230.4855669004469,1240.0473535020744,11931051,54.029222058931666,1210.6447998046874,1213.7774214970116,-9.01066054620992,-12.98172150413842,1162.216297404542,1210.6447998046874,1259.0733022048328,-0.0091215276014023,0.0573319628478876,0.0083458886564211,-0.0091633834549282,0.0183591214007781,0.0138633203809219,1.3241991598839014,-0.4968119437933453,0.0573319628478876,0.0083458886564211,0.0489860741914665,1202.2583251953124,1198.4435302734375,1210.6447998046874,1.003183124465618,0.9899216768343462,-0.006799070840495,-0.2758072020183351,13410162.9,0.8897021676000005,0.0332341907620603,0.0289214002411333,0.0117910375499146,-0.0240396605021798,0.0025747328055609,-0.0039334808069734,0.0062847083641595,0,3,0,0,1,xg_RELIANCE.NS,0.3609491861591906,4.43194570737893
2025-03-11,1242.3382568359375,1244.5294565449085,1224.858022557904,1235.0672477916655,10089838,56.129950484924926,1210.328564453125,1216.4975010530998,-5.674380026208382,-11.520253208552411,1162.8725158976322,1210.328564453125,1257.7846130086175,0.0071867154575691,0.0735003224012942,0.0269647449539425,0.007161014083544,0.0179299258624952,0.0137996645183188,1.299207428649204,0.4008000207396424,0.0735003224012942,0.0269647449539425,0.0465355774473517,1219.2703857421875,1201.7055053710938,1210.328564453125,1.0146166263636027,0.9928754395002424,0.0071975738007425,-0.1543211071681782,13701896.9,0.7363825661247869,-0.0091215276014023,0.0332341907620603,0.0289214002411333,-0.0079828719315672,-0.0057990343606695,-0.0110735654449833,0.0004082259939102,1,3,0,0,1,xg_RELIANCE.NS,0.2947254458784604,3.6188118017817144
2025-03-12,1252.0494384765625,1257.9757204337957,1239.0513034201438,1252.995610693361,11977555,58.37408209220521,1211.4341491699215,1219.8833998553343,-2.2211385759442237,-9.660430282030775,1161.110923107483,1211.4341491699215,1261.7573752323606,0.0078168579186783,0.0692837569672457,0.0440614816959237,0.0077864645690688,0.0175089733427761,0.0134474892813768,1.3019286387075577,0.4464231764180993,0.0692837569672457,0.0440614816959237,0.025222275271322,1235.4955810546876,1206.989404296875,1211.434149169922,1.0236175865805706,0.9963310057949972,0.0192176372157017,0.1870909126588553,13744434.2,0.8714476584273748,0.0071867154575691,-0.0091215276014023,0.0332341907620603,0.0117910375499146,-0.0240396605021798,-0.0086863651252158,0.0016728435660231,2,3,0,0,0,xg_RELIANCE.NS,0.3406608362414008,4.182833453422237
2025-03-13,1242.9359130859375,1259.1212710412997,1238.901975238559,1255.0376050433522,9505270,55.50457065886051,1212.9954162597655,1222.078877305868,-0.2173002791096223,-7.771804281446546,1160.7358167720265,1212.9954162597655,1265.2550157475048,-0.0072788862089294,0.0316634117304355,0.033800117897589,-0.0073055065574711,0.0178996566579421,0.0130820383009282,1.368157475826704,-0.4066267706274331,0.0316634117304355,0.033800117897589,-0.0021367061671535,1243.1251220703125,1211.0531860351562,1212.9954162597655,1.0264826816897743,0.9983988148688984,0.024240755692497,-0.2064098223719281,13544039.7,0.7018046469547264,0.0078168579186783,0.0071867154575691,-0.0091215276014023,0.0289214002411333,-0.0079828719315672,0.0025747328055609,0.0045215955236355,3,3,0,0,0,xg_RELIANCE.NS,0.4101188471820833,5.035679630213093
2025-03-17,1233.9217529296875,1252.398008503818,1228.1946267891797,1237.208673957254,16640917,52.74287848921697,1214.128387451172,1223.2067702224222,0.6360565538561787,-6.090232114386001,1161.0508914578925,1214.128387451172,1267.2058834444513,-0.0072523128999224,-0.0087615421381077,0.03228895508731,-0.0072787387643966,0.0179889761707067,0.0132195589680277,1.3606819661869665,-0.4031307674398961,-0.0087615421381077,0.03228895508731,-0.0410504972254177,1240.943798828125,1214.9127685546875,1214.128387451172,1.0214262545815571,1.0006460446124337,0.0217318572375319,0.7507042935129671,12907401.6,1.2892538340171202,-0.0072788862089294,0.0078168579186783,0.0071867154575691,0.0332341907620603,0.0117910375499146,-0.0057990343606695,-0.0039334808069734,0,3,0,0,0,xg_RELIANCE.NS,0.49113508998599703,6.030444553618177
2025-03-18,1233.9217529296875,1233.9217529296875,1233.9217529296875,1233.9217529296875,0,52.74287848921697,1215.2040893554688,1224.2272447659714,1.2973924594120945,-4.612707199626382,1161.4062774837853,1215.2040893554688,1269.0019012271523,0.0,0.0003632993079598,0.0577160908182741,0.0,0.0153360501314471,0.0132214904145671,1.1598458119925372,0.0,0.0003632993079598,0.0577160908182741,-0.0573527915103142,1241.0334228515626,1221.6458740234375,1215.2040893554688,1.0158700235807887,1.005300989952548,0.0209327158993408,-1.0,11112907.8,0.0,-0.0072523128999224,-0.0072788862089294,0.0078168579186783,-0.0091215276014023,0.0289214002411333,-0.0240396605021798,-0.0110735654449833,1,3,0,0,1,xg_RELIANCE.NS,0.4635187756094625,5.691355256154767
2025-03-20,1264.101318359375,1267.9359786597456,1245.0773228865291,1246.8700894970418,15971477,60.74953597656711,1218.4909606933595,1229.5724869773242,5.091253726533523,-1.5402449060695276,1159.3765540466636,1218.4909606933595,1277.6053673400554,0.0176402128496127,0.009625722046149,0.0795763852002746,0.017486430167283,0.0148793249677321,0.0137423988487955,1.082652488764536,1.1854722855761095,0.009625722046149,0.0795763852002746,-0.0699506631541255,1243.413916015625,1239.4547485351563,1218.4909606933593,1.003194281586438,1.01720471346777,0.0197159475750031,-0.0118127265636741,12322148.6,1.296160070655105,0.0066998493414363,0.0,-0.0072523128999224,0.0078168579186783,-0.0091215276014023,0.0117910375499146,0.0025747328055609,3,3,0,0,1,xg_RELIANCE.NS,0.35363687715365155,4.342160890704392
2025-03-21,1271.2725830078125,1275.9041093610767,1265.0474458622175,1269.927977701306,21780769,62.41174424499169,1220.9262329101564,1233.5439246945136,7.6666430463646975,0.3011326844173175,1157.2665943552156,1220.9262329101564,1284.5858714650972,0.0056730141360383,0.0227981745667975,0.0551834542852438,0.0056569831919501,0.0128935679590221,0.0137688517468619,0.9363621479774128,0.4399537971389763,0.0227981745667975,0.0551834542852438,-0.0323852797184462,1249.08125,1246.1031860351563,1220.9262329101562,1.0023899015733353,1.0206211910649092,0.0221471126382899,0.3637291654366092,13053424.1,1.668586635440607,0.0176402128496127,0.0066998493414363,0.0,-0.0072788862089294,0.0071867154575691,0.0289214002411333,-0.0057990343606695,4,3,0,0,1,xg_RELIANCE.NS,0.3179071913647405,3.9034508627274236
2025-03-24,1296.920166015625,1300.8046759652354,1279.141198398433,1285.86434660882,20299319,67.68292664420085,1224.3674865722655,1239.5797572012862,11.6429900976093,2.569504167055714,1152.203271367962,1224.3674865722655,1296.5317017765692,0.0201747314860913,0.0510554360001846,0.041846569508182,0.0199739180036093,0.0101338521156682,0.0143496920406794,0.7061577300204133,1.9906290941238032,0.0510554360001846,0.041846569508182,0.0092088664920026,1261.6809326171874,1251.3123657226563,1224.3674865722655,1.0082861539440977,1.0220071828482031,0.0287708118222539,-0.068016423111599,13435859.5,1.510831443273018,0.0056730141360383,0.0176402128496127,0.0066998493414363,-0.0072523128999224,0.0078168579186783,0.0332341907620603,-0.0240396605021798,0,3,0,0,0,xg_RELIANCE.NS,0.34882250073147586,4.283047154654693
2025-03-25,1280.33642578125,1302.497915186312,1277.4977874103538,1302.497915186312,13713899,61.6616101154563,1227.2210876464844,1243.4613446850922,13.302758622222656,4.716155058089102,1150.8495637785024,1227.2210876464844,1303.5926115144664,-0.0127870170184208,0.0376155722527467,0.0379925372720744,-0.0128694745990358,0.0107169050527028,0.0147014825661943,0.7289180588688053,-1.1930519029179327,0.0376155722527467,0.0379925372720744,-0.0003769650193277,1270.9638671875,1255.9986450195313,1227.2210876464844,1.011914998656496,1.023449366754474,0.0341650668216551,-0.3244158092200039,13614144.3,1.0073272838748295,0.0201747314860913,0.0056730141360383,0.0176402128496127,0.0,-0.0072788862089294,-0.0091215276014023,-0.0079828719315672,1,3,0,0,0,xg_RELIANCE.NS,0.29706967524295386,3.64759562417963
2025-03-26,1267.98583984375,1288.65329608475,1263.7028966635362,1285.8643858858131,12074747,57.554985235529074,1230.134454345703,1245.7970108906786,13.466316751937256,6.466187396858733,1152.1458365295962,1230.134454345703,1308.12307216181,-0.0096463598854213,0.0207673714189184,0.0206446053373043,-0.0096931874016545,0.0114223999754493,0.014636037368563,0.7803764988659543,-0.8444386002549944,0.0207673714189184,0.0206446053373043,0.0001227660816141,1276.1232666015626,1258.5634033203123,1230.134454345703,1.0139523072376997,1.0231104403865596,0.0362691844110235,-0.1195248703523338,13812635.2,0.8741812713622615,-0.0127870170184208,0.0201747314860913,0.0056730141360383,0.0066998493414363,-0.0072523128999224,0.0071867154575691,0.0117910375499146,2,3,0,0,1,xg_RELIANCE.NS,0.3107274459693213,3.8152937397708753
2025-03-27,1273.115234375,1279.8882324099652,1266.242780044616,1273.0655062272906,15028056,58.78274243956627,1233.8296936035158,1248.398746460614,13.850180756321151,7.9429860687512175,1155.0114163850633,1233.8296936035158,1312.6479708219683,0.0040453090011494,0.0071306910962831,0.0168250511929219,0.0040371487384778,0.0112741126055498,0.0144008930271833,0.7828215765990012,0.3587821374979643,0.0071306910962831,0.0168250511929219,-0.0096943600966388,1277.9260498046874,1260.6699829101562,1233.8296936035156,1.013688012825289,1.02175364188898,0.0346365788504759,0.2445855801367928,14117685.3,1.0644844165777612,-0.0096463598854213,-0.0127870170184208,0.0201747314860913,0.0176402128496127,0.0,0.0078168579186783,0.0289214002411333,3,3,0,0,0,xg_RELIANCE.NS,0.3045712568834683,3.7397044412239433
2025-03-28,1270.027587890625,1290.5954658598978,1263.9518781988888,1274.9081198538831,18147129,57.70077645122287,1237.2161682128908,1250.458636120615,13.746784108508564,9.103745676702689,1158.2822110193863,1237.2161682128908,1316.150125406395,-0.002425268664616,-0.0009793297942773,0.0217965178409116,-0.002428214392415,0.0109429405970243,0.0144536583561159,0.7570528702530183,-0.221608354240833,-0.0009793297942773,0.0217965178409116,-0.022775847635189,1277.67705078125,1263.379150390625,1237.2161682128906,1.01131718881557,1.0211466539558125,0.0318582706030508,0.2075499984828377,14981871.2,1.2112725278267504,0.0040453090011494,-0.0096463598854213,-0.0127870170184208,0.0056730141360383,0.0066998493414363,-0.0072788862089294,0.0332341907620603,4,3,0,0,0,xg_RELIANCE.NS,0.2877098659962859,3.5326703992357493
2025-04-01,1247.6170654296875,1272.8164693011493,1244.330265958221,1259.5693287834792,12099648,50.443435651885665,1239.8307250976563,1250.1880103405267,11.721382845008064,9.627273110363763,1163.3118951439274,1239.8307250976563,1316.349555051385,-0.0176456973648572,-0.0380155246852284,0.0110990121273761,-0.0178032387184527,0.0123454386925199,0.0150566123808427,0.8198802293666813,-1.429213541192884,-0.0380155246852284,0.0110990121273761,-0.0491145368126045,1267.8164306640624,1264.748681640625,1239.8307250976563,1.0024255799337605,1.0200978698451,0.0224313263595569,-0.3332472591118959,14527744.3,0.8328648790988954,-0.002425268664616,0.0040453090011494,-0.0096463598854213,0.0201747314860913,0.0176402128496127,-0.0072523128999224,-0.0091215276014023,1,4,1,0,0,xg_RELIANCE.NS,0.3798204114141815,4.663657673962923
2025-04-02,1246.1729736328125,1250.5554948342144,1238.9518139936486,1242.5873186806543,10142590,50.006966182171254,1243.8098388671874,1249.8056258921729,9.885754784736946,9.6789694452384,1175.4896491904797,1243.8098388671874,1312.1300285438952,-0.001157479996779,-0.0266831837792878,0.0099286852460758,-0.0011581503941151,0.0123630707115827,0.0137680148173094,0.8978907260700147,-0.0936164167756439,-0.0266831837792878,0.0099286852460758,-0.0366118690253636,1260.983740234375,1265.9738037109375,1243.8098388671874,0.9960583201153648,1.0178194159196683,0.0137813142561764,-0.1617450358886473,15542003.3,0.652592191895838,-0.0176456973648572,-0.002425268664616,0.0040453090011494,-0.0127870170184208,0.0056730141360383,0.0,0.0071867154575691,2,4,0,0,0,xg_RELIANCE.NS,0.2575562346907963,3.1624264370639876
2025-04-03,1243.732666015625,1246.8204315907722,1228.145018441354,1228.145018441354,7434366,49.23173925496628,1248.1325744628905,1249.227248761073,8.14025806395398,9.371227168981516,1193.2454222477036,1248.1325744628905,1303.0197266780774,-0.0019582414871938,-0.0191273222981052,0.0012428249143991,-0.0019601613488324,0.0122264084675848,0.013570481356598,0.9008897515554344,-0.160151800962989,-0.0191273222981052,0.0012428249143991,-0.0203701472125044,1256.13310546875,1266.1281860351562,1248.1325744628907,0.992105790964416,1.0144180289341536,0.006432677394805,-0.2670150326494515,14669200.0,0.5068010525454348,-0.001157479996779,-0.0176456973648572,-0.002425268664616,-0.0096463598854213,0.0201747314860913,0.0066998493414363,0.0078168579186783,3,4,0,0,0,xg_RELIANCE.NS,0.3450794333235737,4.237087578717138
2025-04-04,1199.9075927734375,1240.4954871764826,1188.4036122186155,1236.162816017271,17908652,37.87580293595106,1249.5817810058593,1244.5301386670126,3.1839199407277192,8.133765723330757,1202.2703929738918,1249.5817810058593,1296.8931690378267,-0.0352367308825166,-0.0575027614350257,-0.050782104767719,-0.0358725247149838,0.0149683051006381,0.0159581758044146,0.937912163139254,-2.3539323065179856,-0.0575027614350257,-0.050782104767719,-0.0067206566673067,1241.4915771484375,1259.7088134765625,1249.5817810058593,0.9855385338792314,1.00810433748686,-0.0067423557498476,1.4089010414606975,14862917.5,1.2049217120392948,-0.0019582414871938,-0.001157479996779,-0.0176456973648572,0.0040453090011494,-0.0127870170184208,0.0176402128496127,-0.0072788862089294,4,4,0,0,0,xg_RELIANCE.NS,0.3863222720643063,4.743491330619481
2025-04-07,1161.062744140625,1166.590714623955,1110.415052053189,1127.6960086529814,22156106,31.041220002118347,1247.3955078125002,1236.5808629978328,-3.8342693053373296,5.74015871759714,1188.6976996865149,1247.3955078125002,1306.0933159384856,-0.0323732001253758,-0.0857972258153687,-0.0866925318301388,-0.0329088033637834,0.0166658182911113,0.0162660547669133,1.0245135662178426,-1.94237433683674,-0.0857972258153687,-0.0866925318301388,0.00089530601477,1219.6986083984375,1248.6878295898437,1247.3955078125,0.97678425263348,1.0010360160584593,-0.023854782658247,0.2371732947851128,14900451.2,1.486941952469098,-0.0352367308825166,-0.0019582414871938,-0.001157479996779,-0.002425268664616,-0.0096463598854213,0.0056730141360383,-0.0072523128999224,0,4,0,0,1,xg_RELIANCE.NS,0.34676802603021245,4.257821109875173
2025-04-08,1177.4971923828125,1191.8399338970503,1158.6724733291408,1167.3378163352843,19555040,36.28002400759386,1244.0289489746094,1230.9538467487832,-7.978145130594612,2.99649794795879,1177.5089636040952,1244.0289489746094,1310.5489343451236,0.0141546598796016,-0.0562030409729328,-0.0920819775666698,0.0140554180744034,0.0155716505686323,0.0145802526384702,1.0679226918782752,0.9089435235972644,-0.0562030409729328,-0.0920819775666698,0.0358789365937369,1205.6746337890625,1236.7455322265623,1244.0289489746094,0.9748768864508756,0.9941452996298435,-0.0325727444903135,-0.1173972538315171,14826023.3,1.3189673052785962,-0.0323732001253758,-0.0352367308825166,-0.0019582414871938,-0.0176456973648572,0.0040453090011494,0.0201747314860913,0.0,1,4,0,0,1,xg_RELIANCE.NS,0.31275249107681147,3.8401584307454977
2025-04-09,1180.6346435546875,1185.0670143686195,1163.3536863154889,1164.8477193030517,10223104,37.25995154515343,1241.3869995117188,1226.161541682679,-10.88357145142345,0.2204840680823419,1169.1503409713112,1241.3869995117188,1313.6236580521263,0.0026645084100167,-0.0525916798589117,-0.0778715501792627,0.0026609649005608,0.0159710687189842,0.0145441044373705,1.098037404114477,0.1668229993807714,-0.0525916798589117,-0.0778715501792627,0.0252798703203509,1192.5669677734377,1226.7753540039062,1241.3869995117188,0.9721151993159786,0.988229580691952,-0.0413506684771613,-0.4772138538197825,14476943.8,0.7061645151927227,0.0141546598796016,-0.0323732001253758,-0.0352367308825166,-0.001157479996779,-0.002425268664616,-0.0127870170184208,0.0066998493414363,2,4,0,0,1,xg_RELIANCE.NS,0.3683952727054152,4.5233731231225915
2025-04-11,1214.1009521484375,1217.786306450343,1190.3957018139645,1190.3957018139645,11224242,46.67946325571775,1239.9751342773438,1225.0129141079892,-10.366196271358376,-1.8968519998058015,1166.7201409895715,1239.9751342773438,1313.2301275651162,0.0283460330225349,-0.0238248256050993,-0.0424964427851596,0.0279517183917858,0.0196255332488401,0.0159551955270889,1.2299631961467072,1.4442710112449435,-0.0238248256050993,-0.0424964427851596,0.0186716171800602,1186.640625,1221.386865234375,1239.9751342773438,0.9715518143977196,0.9850091598378689,-0.0439292211928214,0.0979289656057496,14391893.3,0.7799003067927983,0.0026645084100167,0.0141546598796016,-0.0323732001253758,-0.0019582414871938,-0.0176456973648572,-0.0096463598854213,0.0176402128496127,4,4,0,0,1,xg_RELIANCE.NS,0.39714407680431385,4.876367793298127
2025-04-15,1235.1668701171875,1246.0235343416643,1232.1788040875913,1246.0235343416643,13378535,51.60487371993744,1239.131005859375,1225.9799575374366,-8.162239967289224,-3.1499295933024865,1166.0730242367329,1239.131005859375,1312.188987482017,0.0173510431166965,0.0293849939412855,-0.0298074857901156,0.0172022326465182,0.0206669641208233,0.016370378209192,1.262383890760001,0.839513897704857,0.0293849939412855,-0.0298074857901156,0.0591924797314011,1193.69248046875,1217.5920288085938,1239.131005859375,0.9803714645181856,0.9826176756542032,-0.0367873576355831,0.191932158982317,14226941.2,0.9403662257350904,0.0283460330225349,0.0026645084100167,0.0141546598796016,-0.0352367308825166,-0.001157479996779,0.0040453090011494,0.0056730141360383,1,4,0,0,0,xg_RELIANCE.NS,0.35191900638675905,4.321067866358845
2025-04-16,1234.3701171875,1235.9637280756608,1224.111041920754,1229.1907298200806,8248464,51.41143846273269,1238.7027160644532,1226.7790203612522,-6.406035233793773,-3.801150721400744,1165.638222098106,1238.7027160644532,1311.7672100308005,-0.0006450569141414,0.0631381666639681,-0.0280761386942374,-0.0006452650528654,0.020678482964815,0.0162939041930273,1.269015314227095,-0.0311930871404731,0.0631381666639681,-0.0280761386942374,0.0912143053582055,1208.353955078125,1214.026281738281,1238.7027160644532,0.9953276739182,0.9800788082514482,-0.0245864352707092,-0.3834553633862003,13237074.7,0.6231334480570225,0.0173510431166965,0.0283460330225349,0.0026645084100167,-0.0323732001253758,-0.0019582414871938,-0.002425268664616,0.0201747314860913,2,4,0,0,1,xg_RELIANCE.NS,0.32906165318319225,4.040411884029204
2025-04-17,1269.4300537109375,1275.1073305428426,1222.7165970526498,1235.266450081142,15398401,58.740394643390125,1240.4781311035158,1230.8410235374126,-2.160284050595237,-3.4729773872396428,1166.187427537933,1240.4781311035158,1314.7688346690986,0.0284030989046633,0.0780748029998164,0.0174837206749312,0.0280072097312569,0.0220498759457417,0.0173970951630886,1.2673729933678122,1.2880712301203716,0.0780748029998164,0.0174837206749312,0.0605910823248851,1226.74052734375,1216.2075805664062,1240.4781311035156,1.0086604843989202,0.9804345196190452,-0.0108218674353945,0.8668204165042122,13566950.0,1.134993568930295,-0.0006450569141414,0.0173510431166965,0.0283460330225349,0.0141546598796016,-0.0352367308825166,-0.0176456973648572,-0.0127870170184208,3,4,0,0,1,xg_RELIANCE.NS,0.46597744531417656,5.721544244138424
2025-04-21,1290.346435546875,1295.7249783909904,1261.9598099867933,1264.947875835223,10429964,62.38560261142086,1243.2993652343753,1236.5082056335518,2.859321086123373,-2.2065176925670396,1165.839099732562,1243.2993652343753,1320.759630736189,0.0164769864828648,0.0929261161284105,0.0354472957195413,0.0163427138721452,0.0224743834419726,0.0177065261072806,1.2691995090568895,0.7331125862838105,0.0929261161284105,0.0354472957195413,0.0574788204088692,1248.6828857421874,1220.6249267578123,1243.299365234375,1.0229865525185542,0.981762687965108,0.0041721512607044,-0.322659281311092,13595687.4,0.7671523839242753,0.0284030989046633,-0.0006450569141414,0.0173510431166965,0.0026645084100167,-0.0323732001253758,-0.001157479996779,-0.0096463598854213,0,4,0,0,0,xg_RELIANCE.NS,0.34593591452638617,4.247603957021372
2025-04-22,1286.0635986328125,1298.713151385602,1281.1831879455033,1294.8286411452225,13051707,61.19345004101109,1245.493103027344,1241.2277668715767,6.417824489711393,-0.481649256111353,1165.7148087057635,1245.493103027344,1325.2713973489242,-0.0033191372456865,0.0592723746382308,0.0340353950441756,-0.0033246578007526,0.0225166566079539,0.017719829835827,1.2706321778696252,-0.1474015393108947,0.0592723746382308,0.0340353950441756,0.0252369795940552,1263.0754150390626,1224.8580200195313,1245.4931030273438,1.0312014898011788,0.9834321980927424,0.0136714172070574,0.2513664476694262,14157421.5,0.9218985957293904,0.0164769864828648,0.0284030989046633,-0.0006450569141414,0.0283460330225349,0.0141546598796016,-0.0019582414871938,0.0040453090011494,1,4,0,0,1,xg_RELIANCE.NS,0.32495146681749365,3.9899446063111954
2025-04-23,1294.82861328125,1300.804745342548,1280.286716249035,1291.840547250601,10480888,62.76179639818687,1247.0294677734378,1246.3326093867836,9.83189157855486,1.5810589108218895,1164.6027785282954,1247.0294677734378,1329.45615701858,0.0068153819591467,0.0483025772529035,0.0791069421341141,0.006792262230598,0.0179186518382305,0.0173752946710035,1.031212475242611,0.3803300432772107,0.0483025772529035,0.0791069421341141,-0.0308043648812106,1275.007763671875,1234.3501220703124,1247.0294677734375,1.0329385000856723,0.9898323607975648,0.0216077213705812,-0.1969718596962067,13414645.1,0.7813019220314087,-0.0033191372456865,0.0164769864828648,0.0284030989046633,0.0173510431166965,0.0026645084100167,-0.0352367308825166,-0.002425268664616,2,4,0,0,1,xg_RELIANCE.NS,0.3576092230476076,4.390935682303945
2025-04-24,1296.4222412109375,1299.3107293954529,1285.167265298474,1287.2588872304611,10468940,63.054158768769696,1248.286950683594,1251.1030505128936,12.52181313168603,3.7692097549947183,1163.5675402552592,1248.286950683594,1333.0063611119283,0.0012307636032609,0.0502702740121598,0.1165824136149511,0.0012300068346098,0.0115801250237542,0.0173454313653758,0.6675796756022453,0.1062732334498134,0.0502702740121598,0.1165824136149511,-0.0663121396027912,1287.4181884765626,1247.8860717773437,1248.2869506835937,1.031679267517518,0.9996788567676442,0.0301840222645501,-0.0011399797421745,12245928.5,0.8548914849534802,0.0068153819591467,-0.0033191372456865,0.0164769864828648,-0.0006450569141414,0.0283460330225349,-0.0323732001253758,-0.0176456973648572,3,4,0,0,0,xg_RELIANCE.NS,0.3338099472810229,4.098714222561067
2025-04-25,1295.22705078125,1319.928323767296,1282.9759313802824,1298.3146947064158,14431012,62.65684271142275,1248.2022949218751,1255.305336252737,14.391259976566744,5.893619799309124,1163.6843579623742,1248.2022949218751,1332.720231881376,-0.0009219144748482,0.0203217160290949,0.0999831330045011,-0.0009223396993656,0.0121142753247654,0.0167573913628707,0.722878172639256,-0.0760952145234129,0.0203217160290949,0.0999831330045011,-0.0796614169754061,1292.577587890625,1259.6590576171875,1248.202294921875,1.0261328889546566,1.0091786105040206,0.0342606286225908,0.3784597103431675,11733525.7,1.2298956314553238,0.0012307636032609,0.0068153819591467,-0.0033191372456865,0.0284030989046633,0.0173510431166965,0.0141546598796016,-0.001157479996779,4,4,0,0,1,xg_RELIANCE.NS,0.3651966950166598,4.484099111153645
2025-04-28,1363.35498046875,1369.1318351951852,1314.9482133535364,1334.669497851195,31104496,73.0725778586901,1252.35322265625,1265.595778559024,21.126629987067645,8.940221836860829,1154.1445055772615,1252.35322265625,1350.5619397352384,0.0525992177559964,0.0565805762782865,0.1547645056085453,0.0512625507831678,0.0178520877738892,0.0201518265578687,0.8858354297163766,2.9462252368984903,0.0565805762782865,0.1547645056085453,-0.0981839293302588,1307.179296875,1277.9310913085938,1252.35322265625,1.0228871539047195,1.0204238454372263,0.0402140858427786,1.155392567063211,13821664.9,2.2504160117496226,-0.0009219144748482,0.0012307636032609,0.0068153819591467,0.0164769864828648,-0.0006450569141414,0.0026645084100167,-0.0019582414871938,0,4,0,0,1,xg_RELIANCE.NS,0.40452037867599455,4.966938351897776
2025-04-29,1394.1319580078125,1405.2874774645995,1364.5501529607263,1365.5461749701867,32538970,76.28992081840302,1258.660528564453,1277.8373194589087,28.61801347434198,12.87578016435706,1141.7937925422516,1258.660528564453,1375.5272645866544,0.0225744417117841,0.0840303383828646,0.148283390718702,0.022323409914871,0.0174482372318411,0.0203461763662456,0.8575262197454736,1.293720832139908,0.0840303383828646,0.148283390718702,-0.0642530523358373,1328.79296875,1295.9341918945313,1258.6605285644532,1.0253552819741814,1.0296137540537558,0.0503054533559109,0.0461178988400905,15953137.7,2.03965957117,0.0525992177559964,-0.0009219144748482,0.0012307636032609,-0.0033191372456865,0.0284030989046633,0.0283460330225349,-0.0352367308825166,1,4,0,0,1,xg_RELIANCE.NS,0.3697726546596487,4.540285426221105
2025-04-30,1399.410888671875,1406.781475676485,1363.5540972183608,1396.4228227174156,25480745,76.80190849745314,1264.9753112792964,1289.4157546220483,34.582311091711745,17.217086349827998,1132.247725457509,1264.9753112792964,1397.702897101084,0.0037865358682445,0.0807692032118452,0.1329731411425443,0.0037793849869975,0.0176892526401018,0.0203468635186075,0.8693420134219717,0.2140464551456355,0.0807692032118452,0.1329731411425443,-0.0522039379306991,1349.709423828125,1312.35859375,1264.9753112792969,1.0284608416144834,1.0374578713499027,0.0605498451060687,-0.2169160548105856,17163358.7,1.484601321068849,0.0225744417117841,0.0525992177559964,-0.0009219144748482,0.0068153819591467,0.0164769864828648,0.0173510431166965,-0.0323732001253758,2,4,0,1,1,xg_RELIANCE.NS,0.35475845475892853,4.3559322780458976
2025-05-02,1414.152099609375,1421.024554216323,1403.4945911426703,1408.3751233126775,13007841,78.21648472803027,1272.1815368652342,1301.2954065256033,40.037030483905255,21.78107517664345,1123.5962771907814,1272.1815368652342,1420.766796539687,0.0105338689707426,0.0908113534742127,0.1456467391089364,0.0104787743416592,0.0170954541120938,0.0203064071004349,0.8418334269630966,0.6161434939477324,0.0908113534742127,0.1456467391089364,-0.0548353856347236,1373.2553955078124,1330.3367919921875,1272.1815368652344,1.032261457229454,1.0457130161393888,0.0714731171212044,-0.4895031130369226,17639296.4,0.7374353661861062,0.0037865358682445,0.0225744417117841,0.0525992177559964,0.0012307636032609,-0.0033191372456865,-0.0006450569141414,0.0141546598796016,4,5,0,0,1,xg_RELIANCE.NS,0.35226737376993666,4.32534532531337
2025-05-05,1425.6063232421875,1433.773654928142,1421.2238021682567,1425.3074680112338,12685649,79.27404662845733,1281.0809997558592,1313.1345414509924,44.768135819051395,26.37848730512504,1118.069702028199,1281.0809997558592,1444.0922974835198,0.0080997112234082,0.1006613260449553,0.1230286529570481,0.0080670846214214,0.016360653516127,0.0195585816982218,0.8364521168473822,0.4950423388091361,0.1006613260449553,0.1230286529570481,-0.0223673269120927,1399.33125,1345.9544189453125,1281.0809997558597,1.0396572352699087,1.0506395920334597,0.0829473384876756,-0.0247690604459264,17368021.2,0.7304026667125021,0.0105338689707426,0.0037865358682445,0.0225744417117841,-0.0009219144748482,0.0068153819591467,0.0284030989046633,0.0026645084100167,0,5,0,0,0,xg_RELIANCE.NS,0.31982045647238666,3.926943053335025
2025-05-06,1415.2476806640625,1426.3035005201457,1404.9886054552055,1425.3074785225756,14084117,75.6950036010591,1289.5347351074215,1322.8596023284276,47.1383336301667,30.530456570133374,1116.8939091205448,1289.5347351074215,1462.1755610942987,-0.0072661311957195,0.0380625009177513,0.0967966754325568,-0.0072926581037684,0.0173003498036736,0.0197374386328683,0.8764801575979349,-0.4199748157323927,0.0380625009177513,0.0967966754325568,-0.0587341745148055,1409.7097900390625,1358.4445434570312,1289.534735107422,1.0377381961074166,1.0534377294954127,0.0849145040642299,0.1102401619341666,17733436.5,0.7942125035945068,0.0080997112234082,0.0105338689707426,0.0037865358682445,0.0525992177559964,0.0012307636032609,0.0164769864828648,0.0283460330225349,1,5,0,0,0,xg_RELIANCE.NS,0.3751886375120071,4.606786038701117
2025-05-07,1400.4068603515625,1418.733688530858,1397.1199392858432,1415.2476117092149,13440169,70.76556340099415,1297.3684448242188,1330.245055473488,47.274254128132725,33.87921608173325,1119.3438937365606,1297.3684448242188,1475.392995911877,-0.0104863767065397,0.0045009386003291,0.0889094923768201,-0.0105417461783456,0.018019938948334,0.0200213623372112,0.8999906526935759,-0.581899574522955,0.0045009386003291,0.0889094923768201,-0.0844085537764909,1410.9647705078123,1369.8788696289062,1297.3684448242188,1.0299923604851546,1.055890387263513,0.0811166589508681,-0.0457215741675534,17772282.7,0.7562432596235511,-0.0072661311957195,0.0080997112234082,0.0105338689707426,0.0225744417117841,-0.0009219144748482,-0.0033191372456865,0.0173510431166965,2,5,0,0,0,xg_RELIANCE.NS,0.35524082550353675,4.361855108829034
2025-05-08,1401.4029541015625,1415.1481063364454,1392.438756100913,1398.51446598441,16106175,70.9025293525072,1307.4432128906249,1337.0219981999712,46.921467078070464,36.48766628100069,1129.8362777731866,1307.4432128906249,1485.0501480080632,0.0007112888248419,0.0014235028795424,0.082307681284738,0.0007110359788367,0.0181932936462414,0.0175755696042247,1.0350878502406122,0.0390940609551437,0.0014235028795424,0.082307681284738,-0.0808841784051956,1411.36318359375,1380.5363037109375,1307.443212890625,1.0223296408793805,1.0559053656018536,0.0741542397916149,0.1983610473945678,18334811.4,0.8784478143036216,-0.0104863767065397,-0.0072661311957195,0.0080997112234082,0.0037865358682445,0.0525992177559964,0.0068153819591467,-0.0006450569141414,3,5,0,0,0,xg_RELIANCE.NS,0.29120952407889933,3.57564125278324
2025-05-09,1371.721435546875,1389.251519832932,1369.032224808638,1379.988466695066,13668904,61.63589212771188,1317.9761474609377,1340.326706518724,43.7425929281826,37.93865161043708,1152.3382067133537,1317.9761474609377,1483.6140882085213,-0.0211798601307475,-0.0300043142984551,0.058082306784249,-0.02140737154311,0.0203803892689845,0.0163606264282518,1.2456212319939952,-1.0391764688473957,-0.0300043142984551,0.058082306784249,-0.0880866210827042,1402.87705078125,1388.0662231445312,1317.9761474609377,1.0106701160144695,1.0531800790314918,0.0618936914742201,-0.1513252525816961,18654807.8,0.7327282139030812,0.0007112888248419,-0.0104863767065397,-0.0072661311957195,0.0105338689707426,0.0225744417117841,0.0012307636032609,0.0284030989046633,4,5,0,0,1,xg_RELIANCE.NS,0.40230989863793504,4.93979678213786
2025-05-12,1430.7855224609375,1433.275577320772,1394.430721507353,1394.430721507353,10674081,70.02991984568219,1330.6405639648438,1348.941831846554,45.465195978501015,39.44396048404987,1171.6274730889254,1330.6405639648438,1489.653654840762,0.0430583684000789,0.003632979970916,0.1046600065972385,0.0421571364854926,0.0232948555398931,0.0180736378379165,1.2888145117367562,1.8483274128457468,0.003632979970916,0.1046600065972385,-0.1010270266263224,1403.912890625,1401.6220703125,1330.6405639648438,1.001634406564381,1.0533438617985282,0.0512112580885838,-0.2190975223763368,18279114.7,0.5839495607519448,-0.0211798601307475,0.0007112888248419,-0.0104863767065397,0.0080997112234082,0.0037865358682445,-0.0009219144748482,0.0164769864828648,0,5,0,0,0,xg_RELIANCE.NS,0.36302473800790147,4.457430549730894
2025-05-13,1410.0682373046875,1441.9409399606418,1406.7814377941193,1427.7974767909468,11407896,64.68384362098088,1342.1122436523438,1354.763394271138,44.64403093732881,40.483974574705655,1196.0916863259188,1342.1122436523438,1488.1328009787687,-0.0144796580836353,-0.0036597434004941,0.0342634585307171,-0.0145855113884216,0.0190060517187689,0.018827776644584,1.0094151137660807,-0.7618045290704992,-0.0036597434004941,0.0342634585307171,-0.0379232019312112,1402.877001953125,1406.2933959960938,1342.1122436523438,0.9975706392046668,1.047821002041596,0.0430934877427859,0.0687473703825181,16309454.7,0.6994652003907464,0.0430583684000789,-0.0211798601307475,0.0007112888248419,-0.0072661311957195,0.0105338689707426,0.0525992177559964,-0.0033191372456865,1,5,0,0,1,xg_RELIANCE.NS,0.357833527659253,4.393689825820115
2025-05-14,1418.7337646484375,1424.2118856620737,1409.8691445094285,1414.3512435205853,5570160,65.8578990368378,1352.3438842773437,1360.8558104975475,44.18317126654074,41.223813913072675,1215.71549672938,1352.3438842773437,1488.9722718253074,0.0061454666621765,0.0130868426996095,0.0176466843754019,0.0061266602918799,0.0178524828121642,0.0182788390778754,0.976621442678428,0.3442166846005748,0.0130868426996095,0.0176466843754019,-0.0045598416757923,1406.5423828125,1408.7535766601563,1352.3438842773437,0.998430389896224,1.0417125355751924,0.0382020220323625,-0.511727666521504,13612573.7,0.4091922749332546,-0.0144796580836353,0.0430583684000789,-0.0211798601307475,-0.0104863767065397,0.0080997112234082,0.0225744417117841,0.0068153819591467,2,5,0,0,1,xg_RELIANCE.NS,0.46556219535438825,5.716445561699612
2025-05-15,1448.4151611328125,1455.5865925696291,1407.0802476372012,1419.3313670179805,20177211,69.58733886617645,1363.006298828125,1369.1947962723348,45.68633367973053,42.116317866404245,1231.7009109105393,1363.006298828125,1494.3116867457106,0.0209210475030388,0.0335465305632878,0.0350177870256858,0.020705207596082,0.0188489478143029,0.0183923041510344,1.024772257313152,1.109872966712635,0.0335465305632878,0.0350177870256858,-0.0014712564623979,1415.94482421875,1413.65400390625,1363.006298828125,1.0016204957550927,1.03715881953126,0.0365492759335807,2.622375479339911,13082220.3,1.5423384209481976,0.0061454666621765,-0.0144796580836353,0.0430583684000789,0.0007112888248419,-0.0072661311957195,0.0037865358682445,0.0012307636032609,3,5,0,0,1,xg_RELIANCE.NS,0.4473240484435416,5.492506902155373
2025-05-16,1450.6064453125,1455.1881221330052,1441.542669553187,1447.419102005185,9036695,69.84918817326654,1373.818115234375,1376.9482866571125,46.518186346224866,42.99669156236837,1251.831179597508,1373.818115234375,1495.805050871242,0.0015128840393894,0.0575080389657798,0.0257782353915074,0.0015117407832621,0.0186957789314654,0.0183442420466138,1.019107781950268,0.0809168277025163,0.0575080389657798,0.0257782353915074,0.0317298035742723,1431.721826171875,1417.2994384765625,1373.818115234375,1.0101759637404604,1.031649985365617,0.0399168989801543,-0.5521335926952442,12685105.7,0.7123862594222836,0.0209210475030388,0.0061454666621765,-0.0144796580836353,-0.0211798601307475,-0.0104863767065397,0.0105338689707426,-0.0009219144748482,4,5,0,0,0,xg_RELIANCE.NS,0.41390838321267115,5.082209775141345
2025-05-19,1435.0684814453125,1448.81351147394,1432.4787270944578,1446.3234565863577,6195791,65.54011105809916,1382.100036621094,1382.4835433036078,45.400305291010454,43.47741430809679,1267.6983484212892,1382.100036621094,1496.5017248208987,-0.0107113572515805,0.0029934318716116,0.0066372869205613,-0.0107691368073847,0.0190357837498897,0.0181679975409692,1.047706881294138,-0.5626663302115096,0.0029934318716116,0.0066372869205613,-0.0036438550489497,1432.57841796875,1418.245654296875,1382.1000366210938,1.0101059810255373,1.0261526783286603,0.0351748937422258,-0.3143742264179547,12036119.9,0.5147664738699956,0.0015128840393894,0.0209210475030388,0.0061454666621765,0.0430583684000789,0.0007112888248419,0.0080997112234082,0.0525992177559964,0,5,0,0,0,xg_RELIANCE.NS,0.39085959060587994,4.799203187591141
2025-05-20,1418.932861328125,1439.2517336495314,1416.1440727881434,1432.4787356808251,11270560,61.31019419142407,1388.5293579101565,1385.9549069249904,42.719918183804566,43.32591508323835,1281.632452366703,1388.5293579101565,1495.4262634536096,-0.0112437979969685,0.0062866631478644,0.0026039121734036,-0.0113074873505079,0.0192637757658524,0.0184069776548691,1.0464906100511755,-0.5836454124163012,0.0062866631478644,0.0026039121734036,0.0036827509744608,1434.3513427734374,1418.614172363281,1388.5293579101562,1.011093340752362,1.0216666750916992,0.0322932720159794,0.8190671699545709,11754764.2,0.9588078338482572,-0.0107113572515805,0.0015128840393894,0.0209210475030388,-0.0144796580836353,-0.0211798601307475,-0.0072661311957195,0.0225744417117841,1,5,0,0,1,xg_RELIANCE.NS,0.40049499378714887,4.917512316425848
2025-05-21,1423.5145263671875,1430.486680037078,1412.458707007589,1418.235682967954,6136364,62.05897731894168,1395.4019042968755,1389.532013538533,40.498552069493826,42.760442480489445,1299.0930838219151,1395.4019042968755,1491.710724771836,0.0032289512519809,0.0033697384511988,0.0165006803878582,0.0032237493835989,0.0188851380761768,0.0183107168805086,1.0313144419723212,0.1709693765319865,0.0033697384511988,0.0165006803878582,-0.0131309419366594,1435.3074951171875,1420.9249389648437,1395.401904296875,1.0101219675705189,1.018290812553269,0.0280331461893484,-0.4555404522934086,11024383.7,0.5566174188947581,-0.0112437979969685,-0.0107113572515805,0.0015128840393894,0.0061454666621765,0.0430583684000789,-0.0104863767065397,0.0037865358682445,2,5,0,0,0,xg_RELIANCE.NS,0.334590942750924,4.108303742784514
2025-05-22,1403.79345703125,1418.1361984129633,1391.3431818014155,1415.5464438973825,12134466,56.94988058189122,1400.8501464843755,1390.890246252125,36.72345283553477,41.55304455149851,1316.9707070439642,1400.8501464843755,1484.7295859247868,-0.0138537886130784,-0.0308072611354492,0.001705792700587,-0.0139506479623223,0.0195288129250289,0.0187944017287388,1.0390207778942335,-0.7093661709029345,-0.0308072611354492,0.001705792700587,-0.0325130538360363,1426.383154296875,1421.1639892578123,1400.850146484375,1.003672457984098,1.0145010819497131,0.0181885787290228,0.9774684161500198,10627212.8,1.141829586775458,0.0032289512519809,-0.0112437979969685,-0.0107113572515805,0.0209210475030388,-0.0144796580836353,0.0007112888248419,0.0105338689707426,3,5,0,0,1,xg_RELIANCE.NS,0.44581581986199115,5.473987987460271
2025-05-23,1421.124267578125,1428.0964217220903,1401.004549811851,1401.004549811851,6474883,60.06161888949916,1407.0852478027348,1393.7696768546011,34.72976791995529,40.18838922518987,1338.8007276623673,1407.0852478027348,1475.3697679431025,0.0123456983362255,-0.0203240360813533,0.036015207425518,0.0122701116800376,0.0182605178488507,0.018865774533842,0.9678664371642448,0.6760499558913989,-0.0203240360813533,0.036015207425518,-0.0563392435068713,1420.48671875,1426.1042724609374,1407.0852478027343,0.9960609095566038,1.0135166115115646,0.0094301893599384,-0.4664056086192832,9907810.7,0.6535129905135699,-0.0138537886130784,0.0032289512519809,-0.0112437979969685,0.0015128840393894,0.0061454666621765,-0.0211798601307475,0.0080997112234082,4,5,0,0,1,xg_RELIANCE.NS,0.3338964362492859,4.0997761848159415
2025-05-26,1429.0924072265625,1435.2676949623965,1419.430920923106,1426.3034970063509,4842944,61.44159175995677,1413.7785156250002,1397.1337464138355,33.40761830939141,38.832235042030185,1369.710991663413,1413.7785156250002,1457.8460395865873,0.0056069267341529,-0.0041643129202665,-0.0011833466356738,0.0055912664306312,0.0120864575909895,0.0188185510095372,0.64222879625898,0.4638631980254129,-0.0041643129202665,-0.0011833466356738,-0.0029809662845926,1419.29150390625,1425.9349609375,1413.778515625,0.9953409817325174,1.008598550040298,0.0038576849568105,-0.2520414654596847,9324697.0,0.5193674389633766,0.0123456983362255,-0.0138537886130784,0.0032289512519809,-0.0107113572515805,0.0209210475030388,0.0430583684000789,-0.0072661311957195,0,5,0,0,0,xg_RELIANCE.NS,0.3495752294886547,4.292289599608504
2025-05-27,1416.44287109375,1431.2836233071982,1408.275539274527,1420.426959119657,12640414,58.014550227981125,1416.43291015625,1398.9727106690657,30.981952702948774,37.262178574213905,1379.3046931682618,1416.43291015625,1453.5611271442383,-0.0088514473023906,-0.001754833017289,0.0045207980865149,-0.0088908540723684,0.0114545283574378,0.015351468262157,0.7461033732062903,-0.7726790966078446,-0.001754833017289,0.0045207980865149,-0.006275631103804,1418.793505859375,1426.5724243164063,1416.43291015625,0.9945471268584496,1.0071584852960227,0.0016665661222906,1.6100681734085711,9447948.8,1.3379003493328268,0.0056069267341529,0.0123456983362255,-0.0138537886130784,-0.0112437979969685,0.0015128840393894,-0.0144796580836353,-0.0104863767065397,1,5,0,0,0,xg_RELIANCE.NS,0.4227914309906458,5.191281043280106
2025-05-28,1407.279541015625,1416.9409060075968,1405.0882196135674,1414.4508509493858,5944611,55.5954195150312,1417.090289306641,1399.7638373687378,27.997453857447223,35.40923363086057,1381.1789801003863,1417.090289306641,1453.001598512895,-0.006469254966174,-0.0114048610329212,-0.0080735539804756,-0.0064902712850667,0.0114595707017741,0.0146633140656082,0.7814597157769522,-0.5644793033886628,-0.0114048610329212,-0.0080735539804756,-0.0033313070524456,1415.5465087890625,1425.427001953125,1417.090289306641,0.9930683976446888,1.0058829791646962,-0.0010969963483332,-0.5297139001934589,9485393.9,0.6267120862528833,-0.0088514473023906,0.0056069267341529,0.0123456983362255,0.0032289512519809,-0.0107113572515805,0.0061454666621765,0.0007112888248419,2,5,0,0,1,xg_RELIANCE.NS,0.3540518569060412,4.347256255378357
2025-05-29,1412.1600341796875,1414.3512339364067,1402.996558868143,1406.4826358531975,13771917,56.63266184800664,1417.7277465820312,1400.9444275412093,25.72943907297713,33.473274719283886,1382.6959586547555,1417.7277465820312,1452.7595345093066,0.0034680339064265,0.0059599773075813,-0.0250308944051439,0.0034620341444222,0.0088162932293278,0.0146598099412562,0.6013510348100483,0.3933218297528417,0.0059599773075813,-0.0250308944051439,0.0309908717127253,1417.21982421875,1421.8014892578126,1417.7277465820312,0.9967775634828924,1.0028734308724667,-0.0003596776222151,1.3167061730363856,8844864.5,1.557052343763824,-0.006469254966174,-0.0088514473023906,0.0056069267341529,-0.0138537886130784,-0.0112437979969685,0.0209210475030388,-0.0211798601307475,3,5,0,0,1,xg_RELIANCE.NS,0.42191425784785713,5.180510597206581
2025-05-30,1415.2476806640625,1424.9090454066045,1404.0921613404494,1412.3591925541664,13788484,57.31203204176348,1417.7825256347655,1402.3066421243382,23.905599413550817,31.559739658137275,1382.7708591690537,1417.7825256347655,1452.7941921004774,0.0021864706617111,-0.004135167520626,-0.0243751603080877,0.002184083813284,0.0088528288548029,0.0144784459980177,0.6114066005021829,0.2469519907791173,-0.004135167520626,-0.0243751603080877,0.0202399927874616,1416.0445068359377,1418.2656127929688,1417.7825256347655,0.9984339280759564,1.0003407343153612,-0.0012280668766138,0.0012029552603316,9320043.4,1.4794441837039642,0.0034680339064265,-0.006469254966174,-0.0088514473023906,0.0123456983362255,0.0032289512519809,0.0015128840393894,0.0430583684000789,4,5,0,0,0,xg_RELIANCE.NS,0.29034080089477055,3.5649745602557714
2025-06-02,1408.0762939453125,1411.8612262898896,1390.0483195350275,1406.4826830156508,8098668,55.15101837165347,1416.9060241699217,1402.8561327739549,21.632160290697584,29.574223784649337,1381.8413807850786,1416.9060241699217,1451.9706675547648,-0.0050672308577004,-0.0147059162689388,-0.0188089891520821,-0.0050801128076187,0.0084362606070151,0.0143964498243068,0.5859552010921009,-0.6005777341388857,-0.0147059162689388,-0.0188089891520821,0.0041030728831433,1411.8412841796876,1415.5663940429688,1416.906024169922,0.9973684668702526,0.999054538477428,-0.0035969215673984,-0.4126498605648018,9510331.1,0.8515653045979806,0.0021864706617111,0.0034680339064265,-0.006469254966174,0.0056069267341529,-0.0138537886130784,-0.0107113572515805,-0.0144796580836353,0,6,0,0,0,xg_RELIANCE.NS,0.3191724637992681,3.918986619420878
2025-06-03,1399.908935546875,1420.825397764224,1397.8173136420835,1416.6421539546416,11252626,52.71323810721217,1416.1390869140623,1402.5754473237569,18.952928281855293,27.44996468409053,1380.2601946058885,1416.1390869140623,1452.017979222236,-0.0058003663818195,-0.0116728573275305,-0.013407206429375,-0.0058172538408634,0.0079239158968328,0.0143640003713147,0.5516126482430205,-0.7319151972499327,-0.0116728573275305,-0.013407206429375,0.0017343491018445,1408.5344970703125,1413.6640014648438,1416.1390869140623,0.9963714826230164,0.9982522299736728,-0.0054322032316904,0.3894415723672091,9508537.7,1.183423398531492,-0.0050672308577004,0.0021864706617111,0.0034680339064265,-0.0088514473023906,0.0123456983362255,-0.0112437979969685,0.0061454666621765,1,6,0,0,1,xg_RELIANCE.NS,0.3061861594304861,3.7595331614026732
2025-06-04,1417.8372802734375,1420.0284799827916,1400.506473605418,1409.0722382665938,8126827,57.18687949737724,1417.0106079101563,1404.0289552237264,18.06800844363488,25.573573435999403,1381.902232034031,1417.0106079101563,1452.1189837862817,0.0128067935501523,0.0075022331740806,-0.0039881897856275,0.0127254800769769,0.0090357765928876,0.0144512846428704,0.6252144083907963,1.41718603071718,0.0075022331740806,-0.0039881897856275,0.0114904229597081,1410.646044921875,1413.096276855469,1417.0106079101563,0.9982660544976836,0.9972376134428091,-0.0044889234306589,-0.2777839590509806,9707584.0,0.837162676109644,-0.0058003663818195,-0.0050672308577004,0.0021864706617111,-0.006469254966174,0.0056069267341529,0.0032289512519809,0.0209210475030388,2,6,0,0,1,xg_RELIANCE.NS,0.2880848089132822,3.5372741681739095
2025-06-05,1436.662109375,1448.913106617055,1417.9368477633757,1422.3193687346825,13716817,61.324348576797696,1418.7735656738282,1407.136874666705,18.670487718730556,24.192956292545635,1383.4248873838912,1418.7735656738282,1454.1222439637652,0.0132771435505858,0.0173507779587782,0.0234141655092627,0.0131897747690867,0.0085974205497389,0.0147216652704385,0.5839581619098301,1.544137492901401,0.0173507779587782,0.0234141655092627,-0.0060633875504845,1415.5464599609377,1416.3831420898437,1418.7735656738282,0.9994092826269652,0.9983151479264776,-0.0022462524011959,0.687844099548323,9865819.1,1.3903373719875534,0.0128067935501523,-0.0058003663818195,-0.0050672308577004,0.0034680339064265,-0.0088514473023906,-0.0138537886130784,0.0015128840393894,3,6,0,0,0,xg_RELIANCE.NS,0.4071897711775634,4.999714717913517
2025-06-06,1437.7576904296875,1445.7258660607492,1431.28354772945,1435.2676355449807,8182161,61.5571958155653,1422.075378417969,1410.053142834608,19.01714332929396,23.1577936998953,1393.554960190685,1422.075378417969,1450.595796645253,0.0007625878399228,0.0159053500480303,0.0117044112404816,0.0007622972175571,0.0078488231168099,0.0137395227498719,0.5712172134705081,0.0971471367666681,0.0159053500480303,0.0117044112404816,0.0042009388075487,1420.0484619140625,1418.046484375,1422.0753784179688,1.001411785552252,0.9971668913588456,-0.0014097761517105,-0.4034941925666866,10036546.9,0.8152366627210385,0.0132771435505858,0.0128067935501523,-0.0058003663818195,0.0021864706617111,-0.006469254966174,0.0123456983362255,-0.0107113572515805,4,6,0,0,1,xg_RELIANCE.NS,0.29957116878512285,3.6783104283442323
2025-06-09,1443.0367431640625,1451.70208605586,1439.5506661134996,1451.204075048637,7885125,62.72181615553147,1422.6879394531252,1413.1944381040798,19.493141039123657,22.424863167740973,1392.882516782728,1422.6879394531252,1452.4933621235225,0.003671726306536,0.0248285191428041,0.0097574767502695,0.0036650019744124,0.0077511221440744,0.0098968000132234,0.7831156553697759,0.4736414414396959,0.0248285191428041,0.0097574767502695,0.0150710423925346,1427.0405517578124,1419.44091796875,1422.687939453125,1.0053539627418502,0.9977176853796744,0.0030162865396924,-0.0363028789093736,10340765.0,0.7625282075358291,0.0007625878399228,0.0132771435505858,0.0128067935501523,-0.0050672308577004,0.0034680339064265,0.0056069267341529,-0.0112437979969685,0,6,0,0,0,xg_RELIANCE.NS,0.34341890043601003,4.216698582467251
2025-06-10,1432.777587890625,1448.1163503747662,1430.2875329933524,1444.2318404180787,7913181,58.98217135632357,1423.823406982422,1415.0594999885127,18.825535507472523,21.704997635687285,1394.3134311821134,1423.823406982422,1453.3333827827307,-0.0071094206866436,0.0234791360417381,0.0115322101090187,-0.0071348130394124,0.0075213229494162,0.0094372827167901,0.7968952801166034,-0.9451097399634264,0.0234791360417381,0.0115322101090187,0.0119469259327193,1433.6142822265624,1421.0743896484375,1423.8234069824218,1.0088242337413649,0.9980692708656824,0.0068334927394802,0.0035580919769819,9868041.7,0.8018998338848932,0.003671726306536,0.0007625878399228,0.0132771435505858,-0.0058003663818195,0.0021864706617111,-0.0088514473023906,0.0032289512519809,1,6,0,0,1,xg_RELIANCE.NS,0.33024145673127187,4.054898203630312
2025-06-11,1443.13623046875,1462.7578142878924,1437.3592545136698,1440.048586734708,8195700,61.47952092262058,1425.0435302734377,1417.7334743199638,18.914277185402852,21.1468535456304,1394.422621126217,1425.0435302734377,1455.6644394206578,0.0072297631297926,0.017843338264059,0.0254794363224006,0.0072037536785458,0.0072161572972514,0.0094724063887471,0.7617278306378813,1.001746647886695,0.017843338264059,0.0254794363224006,-0.0076360980583416,1438.674072265625,1424.66005859375,1425.0435302734377,1.0098367421669054,0.9997309052870728,0.009445083356933,0.0357023300743404,10093150.6,0.8120061143246181,-0.0071094206866436,0.003671726306536,0.0007625878399228,0.0128067935501523,-0.0050672308577004,-0.006469254966174,-0.0138537886130784,2,6,0,0,0,xg_RELIANCE.NS,0.34804141077107964,4.273456474221553
2025-06-12,1435.865234375,1451.2039968882907,1428.6939248911117,1447.7179200254843,8828114,58.77449564314839,1424.416033935547,1419.4603086109196,18.188234342280793,20.55512970496048,1395.3361386077306,1424.416033935547,1453.4959292633632,-0.0050383296741072,-0.0005546711330381,0.0167864828500705,-0.0050510648510808,0.0075867847897762,0.008288546407178,0.915223151800775,-0.6640053472386076,-0.0005546711330381,0.0167864828500705,-0.0173411539831087,1438.514697265625,1427.0305786132812,1424.416033935547,1.008047563117746,1.001835520392529,0.0098189321619831,0.0771641226496822,9598770.3,0.9197130178226142,0.0072297631297926,-0.0071094206866436,0.003671726306536,0.0132771435505858,-0.0058003663818195,0.0034680339064265,0.0123456983362255,3,6,0,0,0,xg_RELIANCE.NS,0.3186138232011163,3.912127302664157
2025-06-13,1422.2198486328125,1429.7895915718395,1408.673973649598,1418.335338487147,9757276,53.97485292091884,1422.9967041015625,1419.723121946338,16.32360323114426,19.70882441019723,1396.657271499467,1422.9967041015625,1449.336136703658,-0.0095032496194721,-0.0108069961303641,0.004926464861245,-0.0095486936358613,0.0083629863829887,0.0085174415612934,0.9817507489854648,-1.1362105561052187,-0.0108069961303641,0.004926464861245,-0.0157334609916092,1435.40712890625,1427.7277954101562,1422.9967041015625,1.0053787098078366,1.0033247380650687,0.0087260945040372,0.1052503399933439,9195649.5,1.0610752399815735,-0.0050383296741072,0.0072297631297926,-0.0071094206866436,0.0007625878399228,0.0128067935501523,0.0021864706617111,0.0056069267341529,4,6,0,0,1,xg_RELIANCE.NS,0.3289381569148012,4.038895524448519
2025-06-16,1432.0804443359375,1436.6621211041454,1418.7337255535565,1421.223780491138,8458093,56.72501889723303,1422.8473022460937,1420.9000097929663,15.46328616903702,18.859716761965192,1396.7635213138676,1422.8473022460937,1448.9310831783198,0.0069332429248571,-0.0075925293517487,0.0170474785307033,0.0069093185149702,0.0083326444133169,0.0083659630547255,0.9958983156511956,0.8319580943216189,-0.0075925293517487,0.0170474785307033,-0.024640007882452,1433.215869140625,1430.1282104492188,1422.8473022460937,1.002159008310476,1.0051171395494314,0.0072402126120361,-0.1331501742904475,9231592.0,0.9162117433265122,-0.0095032496194721,-0.0050383296741072,0.0072297631297926,0.003671726306536,0.0132771435505858,-0.0050672308577004,-0.0088514473023906,0,6,0,0,0,xg_RELIANCE.NS,0.3334449673490872,4.0942327849940945
2025-06-17,1425.506591796875,1442.2398094911548,1420.12817043809,1442.2398094911548,10366599,54.39157768009158,1423.1759887695312,1421.3387318885766,14.08861891020706,17.905497191613566,1397.134259065993,1423.1759887695312,1449.217718473069,-0.0045904212749101,-0.0050747556042208,0.0182852295603073,-0.0046009896131362,0.0082192764105934,0.0080235754614341,1.0242630840840112,-0.5584266325879895,-0.0050747556042208,0.0182852295603073,-0.0233599851645281,1431.761669921875,1432.6879760742188,1423.1759887695312,0.9993534487845134,1.0066836339143914,0.0060228982466657,0.2256425887017321,9142989.3,1.1338303764611062,0.0069332429248571,-0.0095032496194721,-0.0050383296741072,-0.0071094206866436,0.0007625878399228,-0.0058003663818195,-0.006469254966174,1,6,0,0,0,xg_RELIANCE.NS,0.31748539579210255,3.8982718094168014
2025-06-18,1424.4110107421875,1437.0605628519918,1420.028489708749,1424.3114328610282,6681735,53.99294903509961,1423.2208129882813,1421.6313298746347,12.763649561630473,16.87712766561695,1397.1735442330728,1423.2208129882813,1449.2680817434898,-0.0007685555864785,-0.0129753652712885,0.0046364491611352,-0.0007688510767334,0.0072741680786652,0.0079955095148044,0.9096679076287107,-0.1056409388990497,-0.0129753652712885,0.0046364491611352,-0.0176118144324237,1428.0166259765624,1433.3453491210937,1423.2208129882813,0.9962823173439682,1.007113819612822,0.0033668744148377,-0.3554554391464356,8998480.1,0.7425403985723387,-0.0045904212749101,0.0069332429248571,-0.0095032496194721,0.0072297631297926,0.003671726306536,0.0128067935501523,0.0034680339064265,2,6,0,0,1,xg_RELIANCE.NS,0.3248642300838487,3.988873462554597
2025-06-19,1427.598388671875,1434.1721095891817,1420.0285241646616,1424.4110453044384,10007230,55.02565207040256,1424.4110595703123,1422.1996211886576,11.834377233784837,15.868577579250529,1399.9759973311857,1424.4110595703123,1448.8461218094396,0.0022376813333018,-0.0057573966589722,-0.0063088743302821,0.002235181453023,0.005807080537317,0.0073009690791247,0.7952759693160877,0.3852703692596315,-0.0057573966589722,-0.0063088743302821,0.0005514776713099,1426.3632568359376,1432.4389770507812,1424.4110595703123,0.9957584788516766,1.0056359555947918,0.0013674695076121,0.4976993251004418,8627521.4,1.1599194642390385,-0.0007685555864785,-0.0045904212749101,0.0069332429248571,-0.0050383296741072,-0.0071094206866436,0.0132771435505858,0.0021864706617111,3,6,0,0,1,xg_RELIANCE.NS,0.39189663418726706,4.811936616630836
2025-06-20,1460.367431640625,1465.148385952672,1422.4190171371763,1425.3075053013415,29010635,63.9779472807923,1426.3732177734375,1425.8346507555116,13.585504880600638,15.41196303952055,1397.2052841870673,1426.3732177734375,1455.5411513598078,0.0229539646645551,0.0268225640673513,0.0157256965909049,0.0226944856290414,0.0094748974380712,0.0084705015010893,1.1184436946452634,2.422352586081519,0.0268225640673513,0.0157256965909049,0.0110968674764464,1433.9927734375,1434.699951171875,1426.3732177734375,0.9995070901523364,1.005837696119558,0.0052175606624577,1.8989675464639064,10710368.8,2.7086494911358505,0.0022376813333018,-0.0007685555864785,-0.0045904212749101,-0.0095032496194721,0.0072297631297926,0.0007625878399228,-0.0050672308577004,4,6,0,0,0,xg_RELIANCE.NS,0.4650738650750128,5.710449556254939
2025-06-23,1451.0048828125,1457.9770367383994,1436.2637087352834,1447.2199506188397,5989078,60.285635353461245,1427.4688415527344,1428.23181571332,14.055780425228704,15.140726516662182,1396.293727445589,1427.4688415527344,1458.6439556598798,-0.0064110912262722,0.0132146476487484,0.0055217856968536,-0.0064317305325696,0.0097622596408919,0.0085816663466697,1.1374390249575523,-0.6566547917480687,0.0132146476487484,0.0055217856968536,0.0076928619518947,1437.7776611328125,1435.4967651367188,1427.4688415527344,1.001588924511353,1.0056238870862162,0.0071046070913947,-0.7935557770452112,10520764.1,0.5692626450962275,0.0229539646645551,0.0022376813333018,-0.0007685555864785,0.0069332429248571,-0.0050383296741072,0.003671726306536,-0.0058003663818195,0,6,0,0,0,xg_RELIANCE.NS,0.4499699567796954,5.5249949158209954
2025-06-24,1445.0286865234375,1469.1323689599471,1437.359244595668,1459.1721495093714,16402744,57.98524764197914,1428.898132324219,1429.831517695236,13.787316484995245,14.870044510328796,1397.2341549442597,1428.898132324219,1460.5621097041785,-0.004118660357282,0.0136948470381708,0.0085505934321941,-0.0041271653998053,0.0095434169867766,0.0083641357161188,1.1408562049253186,-0.4315256094728735,0.0136948470381708,0.0085505934321941,0.0051442536059767,1441.682080078125,1436.721875,1428.8981323242188,1.0034524462698289,1.0054753676968249,0.0088468470371081,1.7387761521890348,11369720.4,1.4426690739025172,-0.0064110912262722,0.0229539646645551,0.0022376813333018,-0.0045904212749101,-0.0095032496194721,-0.0071094206866436,0.0128067935501523,1,6,0,0,1,xg_RELIANCE.NS,0.4016592638841759,4.931807907208737
2025-06-25,1461.463134765625,1466.5428226679085,1454.690136506102,1458.1762135192969,7525851,62.25110560372603,1431.607312011719,1432.8440526543206,14.730871189488198,14.842209846160678,1398.492811279702,1431.607312011719,1464.721812743736,0.0113730948011328,0.0260122420733968,0.0126993584596806,0.0113089073731202,0.00993119136342,0.008472709081137,1.1720005098508166,1.1450740712688552,0.0260122420733968,0.0126993584596806,0.0133128836137161,1449.0925048828126,1438.5545654296875,1431.6073120117187,1.007325366521622,1.0048527646929983,0.0119641696428408,-0.5411834141897234,11302735.5,0.6658433261575779,-0.004118660357282,-0.0064110912262722,0.0229539646645551,-0.0007685555864785,0.0069332429248571,0.0072297631297926,0.0132771435505858,2,6,0,0,1,xg_RELIANCE.NS,0.3725474060305679,4.574355450199399
2025-06-26,1489.3516845703125,1492.8377614283193,1459.2717484446844,1463.2558362824063,14657893,68.1591611590408,1435.46689453125,1438.2257318844152,17.526977894641732,15.37916345585689,1394.7703366616,1435.46689453125,1476.1634524009005,0.0190826228464258,0.0432567705234578,0.0372503274783959,0.0189028332366447,0.011081495047635,0.0093013075957968,1.191263020870443,1.721870640537569,0.0432567705234578,0.0372503274783959,0.0060064430450619,1461.4431640625,1443.9032104492187,1435.46689453125,1.0121475965191769,1.005877053626321,0.0174413268540695,0.9476724957748964,11885713.4,1.2332362818035614,0.0113730948011328,-0.004118660357282,-0.0064110912262722,0.0022376813333018,-0.0045904212749101,-0.0050383296741072,0.0007625878399228,3,6,0,0,1,xg_RELIANCE.NS,0.4298238406855384,5.277629092132787
2025-06-27,1509.3717041015625,1515.9454247275912,1490.9452978220222,1493.4353527246628,11117052,71.59588647722585,1440.173095703125,1445.0015387622386,21.114960741404047,16.52632291296632,1388.9211189291425,1440.173095703125,1491.4250724771075,0.0134421035264251,0.0335561252594387,0.0612787506464134,0.0133525599959423,0.0103937161592275,0.0096038518908394,1.0821318514177691,1.2931669629566986,0.0335561252594387,0.0612787506464134,-0.0277226253869746,1471.2440185546875,1452.6183959960938,1440.173095703125,1.0128221029073652,1.008641530889655,0.0205853354525796,-0.2415654828425886,12021691.0,0.9247494383276924,0.0190826228464258,0.0113730948011328,-0.004118660357282,0.0229539646645551,-0.0007685555864785,-0.0095032496194721,0.003671726306536,4,6,0,0,0,xg_RELIANCE.NS,0.3342843599983864,4.104539340020447
2025-06-30,1494.630615234375,1518.734421010171,1490.0489382705405,1507.7781788170053,8409527,65.95128440944589,1444.5008117675782,1449.7281174738707,22.50950476309299,17.722959282991656,1390.1375723320918,1444.5008117675782,1498.8640512030645,-0.0097663741987014,0.030065875682868,0.0436778332850165,-0.009814378035859,0.0115110159830283,0.0098722412235017,1.1658801524699016,-0.8483635023700079,0.030065875682868,0.0436778332850165,-0.0136119576021485,1479.9691650390623,1458.8734130859375,1444.5008117675782,1.0144603032476285,1.0099498741719446,0.0237305143558313,-0.2435470302738531,12016834.4,0.699812173495484,0.0134421035264251,0.0190826228464258,0.0113730948011328,-0.0064110912262722,0.0022376813333018,0.0069332429248571,-0.0071094206866436,0,6,0,1,1,xg_RELIANCE.NS,0.337211185852192,4.140476623650445
2025-07-01,1522.320068359375,1525.3081343971446,1494.132596769193,1494.630607775488,10368523,70.6345744602439,1450.6213684082034,1456.6416366058236,25.554422923811217,19.28925201115557,1390.1736605871083,1450.6213684082034,1511.0690762292984,0.0185259507217159,0.0534877837075269,0.0679151377619833,0.0183564357138035,0.0118341531749484,0.0102190897523824,1.1579304547878158,1.5653325688196322,0.0534877837075269,0.0679151377619833,-0.0144273540544563,1495.42744140625,1468.5547607421877,1450.6213684082031,1.0182987256467586,1.0123625590554088,0.0294327546022138,0.232949605845846,12017026.8,0.8628193289873612,-0.0097663741987014,0.0134421035264251,0.0190826228464258,-0.004118660357282,0.0229539646645551,-0.0045904212749101,0.0072297631297926,1,7,1,0,0,xg_RELIANCE.NS,0.32228687561930996,3.9572271935130914
2025-07-02,1512.75830078125,1523.9136988316195,1502.6983810571346,1522.3200879079554,6361002,67.1973269392923,1455.3674194335938,1461.986080813007,26.886061984537037,20.808614005831863,1390.9806808805608,1455.3674194335938,1519.7541579866268,-0.0062810494171766,0.0350985014916924,0.0620237342823046,-0.0063008581982515,0.0123361207772844,0.0102690519102175,1.2011741406108596,-0.5091179320171323,0.0350985014916924,0.0620237342823046,-0.0269252327906122,1505.686474609375,1477.3894897460937,1455.3674194335938,1.0191533681941547,1.0151316224469766,0.0332631162227266,-0.3865083773262595,11984953.5,0.53074899289342,0.0185259507217159,-0.0097663741987014,0.0134421035264251,0.0113730948011328,-0.0064110912262722,-0.0007685555864785,-0.0050383296741072,2,7,0,0,0,xg_RELIANCE.NS,0.3376199510244989,4.145495682066973
2025-07-03,1511.76220703125,1525.806092605863,1506.9812529023668,1514.7502729656237,11283291,66.83246574583482,1459.1224243164063,1466.7266642623636,27.543514602091136,22.15559412508372,1390.6960063763536,1459.1224243164063,1527.548842256459,-0.0006584619297647,0.0150471662892723,0.0589548286319336,-0.0006586788110318,0.0124702382198704,0.0100260070652836,1.243665047673697,-0.0527984405522442,0.0150471662892723,0.0589548286319336,-0.0439076623426613,1510.1685791015625,1485.8058715820312,1459.1224243164063,1.0163969654350544,1.0182873258754324,0.0337659947759899,0.7738228977132848,12112559.6,0.931536468972179,-0.0062810494171766,0.0185259507217159,-0.0097663741987014,0.0190826228464258,-0.004118660357282,0.0022376813333018,-0.0095032496194721,3,7,0,0,1,xg_RELIANCE.NS,0.47541713693491355,5.837450311700673
2025-07-04,1521.2244873046875,1523.913698138102,1511.1645675851505,1517.9375659885409,6603501,68.57785303322831,1463.2957641601563,1471.916933123537,28.499552377234295,23.424385775513837,1390.3253898445926,1463.2957641601563,1536.26613847572,0.0062591062466228,0.0078527927686178,0.0416724273258364,0.0062395993957728,0.0109448947124159,0.0100483462777225,1.0891150936532683,0.5718222594926983,0.0078527927686178,0.0416724273258364,-0.0338196345572185,1512.5391357421877,1491.8915771484376,1463.2957641601563,1.0138398519771894,1.019542059567632,0.032370877535163,-0.4147539933163117,9871846.2,0.668922597274594,-0.0006584619297647,-0.0062810494171766,0.0185259507217159,0.0134421035264251,0.0113730948011328,0.0229539646645551,0.0069332429248571,4,7,0,0,1,xg_RELIANCE.NS,0.33745790472616644,4.143505982619432
2025-07-07,1535.367919921875,1538.65484117058,1518.933556847784,1520.5271677380254,7251074,71.03168884387941,1467.912322998047,1477.9598842471885,30.052054633464195,24.74991954710391,1388.9054290267957,1467.912322998047,1546.9192169692983,0.0092974000453061,0.0272557675938625,0.0581411117968486,0.0092544452614458,0.0103739290999849,0.010150101083845,1.02195111784421,0.8961410681177144,0.0272557675938625,0.0581411117968486,-0.0308853442029861,1520.6865966796877,1500.327880859375,1467.9123229980469,1.0135695110915697,1.0220827615883237,0.0343723956954408,0.0980651021329443,9998045.8,0.7252491281845572,0.0062591062466228,-0.0006584619297647,-0.0062810494171766,-0.0097663741987014,0.0190826228464258,-0.0064110912262722,-0.0045904212749101,0,7,0,0,0,xg_RELIANCE.NS,0.3476172769497568,4.268248710522823
2025-07-08,1531.4833984375,1538.7544076502809,1524.1128113419518,1529.8897875590692,7171261,69.42803040128274,1472.847613525391,1483.057361789123,30.616052640207272,25.923146165724585,1390.808323424981,1472.847613525391,1554.8869036258009,-0.002530026473767,0.0060193189780388,0.0598290627171298,-0.0025332323992719,0.0102175830650047,0.0099561777493114,1.0261525225570425,-0.2475907332428107,0.0060193189780388,0.0598290627171298,-0.0538097437390909,1522.5192626953126,1508.9733520507812,1472.847613525391,1.0089769051429052,1.0245278182166588,0.0324336843746393,-0.0110070590922116,9074897.5,0.7902305232647763,0.0092974000453061,0.0062591062466228,-0.0006584619297647,0.0185259507217159,0.0134421035264251,-0.004118660357282,-0.0007685555864785,1,7,0,0,0,xg_RELIANCE.NS,0.344426750338917,4.229073554408318
2025-07-09,1512.9573974609375,1544.8301010282516,1504.0927774643353,1530.586937987722,8870660,62.21401891386974,1476.338671875,1485.9049842340578,29.231172907870587,26.584751514153787,1393.6828948144296,1476.338671875,1558.9944489355703,-0.0120967690511458,0.000131611692089,0.0352347325569526,-0.0121705304148846,0.0114369604238019,0.0104869612965622,1.090484613778159,-1.057598435641809,0.000131611692089,0.0352347325569526,-0.0351031208648635,1522.55908203125,1514.1227783203126,1476.338671875,1.0055717434753186,1.0255931157024596,0.0305497102785693,0.2369735252977125,9209378.4,0.963220275539882,-0.002530026473767,0.0092974000453061,0.0062591062466228,-0.0062810494171766,-0.0097663741987014,0.0113730948011328,0.0022376813333018,2,7,0,0,0,xg_RELIANCE.NS,0.2788101784134607,3.423394817818258
2025-07-10,1511.16455078125,1518.6347158851345,1501.5031858807802,1513.654605815878,10047129,61.54752114066221,1480.1036376953125,1488.3106572385525,27.670015286630132,26.801804268649057,1398.3554538970084,1480.1036376953125,1561.8518214936166,-0.0011849948205391,-0.0003953374725339,0.0146458801080489,-0.0011856974820565,0.0100907145673812,0.0103776073826159,0.972260939775326,-0.1174225462508923,-0.0003953374725339,0.0146458801080489,-0.0150412175805828,1522.43955078125,1516.3040649414063,1480.1036376953125,1.0040463426707762,1.0244580354538293,0.0280154223205213,0.1326247426910738,8748302.0,1.1484661823515985,-0.0120967690511458,-0.002530026473767,0.0092974000453061,-0.0006584619297647,0.0185259507217159,0.0190826228464258,0.0229539646645551,3,7,0,0,0,xg_RELIANCE.NS,0.24562635975228617,3.015944438902676
2025-07-11,1489.2520751953125,1508.9733598189127,1484.371664566644,1505.9852937598653,7234991,53.9413631739444,1483.4552490234375,1488.400316091577,24.383554536220345,26.318154322163316,1406.3338392230596,1483.4552490234375,1560.5766588238157,-0.0145003901624142,-0.0210175502538904,-0.0133298039519205,-0.0146065482924484,0.0102835440958082,0.0107384792295676,0.9575458805763938,-1.4099205591742496,-0.0210175502538904,-0.0133298039519205,-0.0076877463019698,1516.045068359375,1514.2921020507813,1483.4552490234375,1.0011576143771863,1.020787181175599,0.0218833465997777,-0.2798946843421638,8360095.9,0.8654196179734175,-0.0011849948205391,-0.0120967690511458,-0.002530026473767,0.0062591062466228,-0.0062810494171766,0.0134421035264251,-0.0064110912262722,4,7,0,0,0,xg_RELIANCE.NS,0.33404879810620886,4.1016469730145335
2025-07-14,1477.7977294921875,1494.0329360309418,1473.2160528053016,1486.263916129696,10311846,50.43278429668752,1485.74111328125,1487.3905459392545,20.617079880393703,25.177939433809396,1412.4144975231377,1485.74111328125,1559.0677290393623,-0.0076913411059862,-0.0374960227335067,-0.0112622380209627,-0.0077210720151459,0.0101131046045674,0.0109072703696137,0.9271043219407812,-0.7604569466794794,-0.0374960227335067,-0.0112622380209627,-0.026233784712544,1504.5310302734374,1512.6088134765623,1485.74111328125,0.9946597010865228,1.018083702439906,0.0127148097586022,0.4252741986824861,8550327.8,1.20601762192074,-0.0145003901624142,-0.0011849948205391,-0.0120967690511458,0.0092974000453061,-0.0006584619297647,-0.0097663741987014,-0.004118660357282,0,7,0,0,1,xg_RELIANCE.NS,0.26149033636933566,3.210731643766698
2025-07-15,1479.4910888671875,1490.5469086437597,1476.503022895967,1480.2878335086834,8132454,50.94081873916828,1488.4403381347656,1486.6382166942956,17.566268520354242,23.655605251118367,1420.6870493373972,1488.4403381347656,1556.193626932134,0.0011458668133033,-0.0339489867297012,-0.0281340175317696,0.0011452108090077,0.0075322849372206,0.0108101144671864,0.6967167871621686,0.15210719133187,-0.0339489867297012,-0.0281340175317696,-0.0058149691979315,1494.132568359375,1508.3259155273438,1488.4403381347656,0.99058999979921,1.0133600097250104,0.00384742447416,-0.2113483851484981,8326720.9,0.976669459402563,-0.0076913411059862,-0.0145003901624142,-0.0011849948205391,-0.002530026473767,0.0062591062466228,0.0185259507217159,0.0113730948011328,1,7,0,0,0,xg_RELIANCE.NS,0.32084034152846885,3.9394657999421607
2025-07-16,1479.690185546875,1485.068728397248,1465.6463003598592,1467.1403332858122,10409983,51.004403822235886,1491.204296875,1485.9764994421605,14.99172865978153,21.922829932851,1430.283408185013,1491.204296875,1552.1251855649869,0.0001345710570246,-0.0219882013663385,-0.0218594835786373,0.0001345620031525,0.0074781505993249,0.0108001941643792,0.6923447986877992,0.0179928262223762,-0.0219882013663385,-0.0218594835786373,-0.0001287177877011,1487.4791259765625,1505.0191040039062,1491.204296875,0.9883456774862984,1.0092641948241814,-0.0025175343695752,0.2800543353826532,8731619.0,1.192216815690058,0.0011458668133033,-0.0076913411059862,-0.0145003901624142,-0.0120967690511458,0.0092974000453061,-0.0062810494171766,0.0190826228464258,2,7,0,0,0,xg_RELIANCE.NS,0.2896354070887171,3.5563133215811082
2025-07-17,1470.52685546875,1483.674296790977,1468.0368005528198,1481.4830970988437,11854613,47.92563673433835,1493.3507202148437,1484.505104778026,12.07281521680693,19.952826989642187,1439.2190346092614,1493.3507202148437,1547.482405820426,-0.0061927355926458,-0.0268916414770918,-0.0272763476760519,-0.006211990112968,0.0075571971792725,0.0109522581448665,0.6899497007485714,-0.8193403063932659,-0.0268916414770918,-0.0272763476760519,0.00038470619896,1479.3515869140624,1500.8955688476562,1493.3507202148437,0.9856459154249256,1.0050522951713092,-0.0095198079849544,0.1387735215321677,8788751.2,1.3488392981244766,0.0001345710570246,0.0011458668133033,-0.0076913411059862,-0.0011849948205391,-0.002530026473767,-0.0006584619297647,0.0134421035264251,3,7,0,0,0,xg_RELIANCE.NS,0.27608056478562226,3.3898790215106693
2025-07-18,1470.12841796875,1478.8934598804974,1463.2558421043927,1478.8934598804974,10296318,47.79055308790796,1493.83876953125,1483.135896510476,9.616551092347436,17.885571810183237,1440.7940987048871,1493.83876953125,1546.8834403576125,-0.0002709488089376,-0.0128411150436399,-0.0335887765167847,-0.0002709855221976,0.0069514374142098,0.0097246270531591,0.7147546760958539,-0.0389717724583682,-0.0128411150436399,-0.0335887765167847,0.0207476614731447,1475.52685546875,1495.7859619140625,1493.83876953125,0.9864558787412416,1.0013034822917493,-0.0124559962508589,-0.1314505163517357,9158032.9,1.1242936242344004,-0.0061927355926458,0.0001345710570246,0.0011458668133033,-0.0145003901624142,-0.0120967690511458,0.0062591062466228,-0.0097663741987014,4,7,0,0,0,xg_RELIANCE.NS,0.3349497464917631,4.112709345456526
2025-07-21,1422.9169921875,1470.128458883213,1417.4388712363768,1459.1722169809668,22442744,35.14859284924372,1492.434375,1477.4007627654307,3.816383683598815,15.071734184866353,1433.4589806486,1492.434375,1551.4097693514002,-0.0321138107421127,-0.0371368396428285,-0.0732403785928371,-0.032640771698511,0.0101521138512364,0.0120817132456312,0.8402180573893154,-3.162951899549709,-0.0371368396428285,-0.0732403785928371,0.0361035389500086,1464.5507080078123,1484.540869140625,1492.434375,0.9865344487657086,0.9947109862975548,-0.0195961304456143,1.1796863694380844,10677199.9,2.1019316122383263,-0.0002709488089376,-0.0061927355926458,0.0001345710570246,-0.0076913411059862,-0.0011849948205391,0.0092974000453061,0.0185259507217159,0,7,0,0,0,xg_RELIANCE.NS,0.48319561012588697,5.932958965524019
2025-07-22,1407.179931640625,1426.2039275426996,1405.0881881707603,1421.721828538219,20396320,32.10039006209256,1490.5419372558597,1470.7130645630682,-2.0267766225344985,11.652032023386184,1423.3104349122316,1490.5419372558597,1557.7734395994871,-0.0110597179127658,-0.0488756963598405,-0.0811654027224166,-0.0111213312985407,0.0100430814381872,0.0122769333234817,0.8179781705590207,-1.1011179051891415,-0.0488756963598405,-0.0811654027224166,0.0322897063625761,1450.0884765625,1472.1105224609375,1490.5419372558597,0.985040494200379,0.987634420518986,-0.0287478948382918,-0.0911842152635168,11999705.8,1.6997350051697349,-0.0321138107421127,-0.0002709488089376,-0.0061927355926458,0.0011458668133033,-0.0145003901624142,-0.002530026473767,-0.0062810494171766,1,7,0,0,1,xg_RELIANCE.NS,0.3538164382056671,4.34436564656535
2025-07-23,1418.932861328125,1420.327316390472,1408.773485959778,1420.327316390472,8354596,36.52758019630196,1488.4154235839846,1465.7816166359307,-5.644098407282399,8.192805937252468,1414.9132609189378,1488.4154235839846,1561.9175862490315,0.0083521157623369,-0.0410608415276437,-0.0621461888422011,0.0083174298435286,0.0112162025587121,0.012131113938365,0.9245052111852836,0.7445809878729585,-0.0410608415276437,-0.0621461888422011,0.0210853473145573,1437.93701171875,1462.7080688476562,1488.4154235839844,0.9830649343799536,0.9827283738605536,-0.0355749121336061,-0.5903870894357414,11948099.4,0.6992405838203272,-0.0110597179127658,-0.0321138107421127,-0.0002709488089376,0.0001345710570246,-0.0076913411059862,-0.0120967690511458,-0.0006584619297647,2,7,0,0,0,xg_RELIANCE.NS,0.4385210693999926,5.384418764876689
2025-07-24,1397.3192138671875,1417.3392306864348,1390.4466381154343,1413.554298653669,14740507,32.35019599748391,1483.8138000488282,1459.2613878008124,-10.138027826321604,4.526639184537653,1399.7883131133551,1483.8138000488282,1567.839286984301,-0.0152323256793891,-0.0497832741573608,-0.0753361616742571,-0.0153495292641476,0.0113775984698835,0.0114906539221229,0.990074931510096,-1.3386820634988972,-0.0497832741573608,-0.0753361616742571,0.0255528875168963,1423.2954833984377,1451.32353515625,1483.8138000488282,0.980687936852898,0.9781035431187464,-0.0433103016474679,0.7643590426155855,12417437.2,1.187081260213566,0.0083521157623369,-0.0110597179127658,-0.0321138107421127,-0.0061927355926458,0.0011458668133033,-0.0011849948205391,0.0062591062466228,3,7,0,0,0,xg_RELIANCE.NS,0.500186553355252,6.141583727117172
2025-07-25,1386.1636962890625,1395.4267490386208,1378.593953801798,1393.3351272649268,11854722,30.4167055316311,1477.6533996582032,1452.2997028949314,-14.433278456287326,0.7346556563726574,1384.002685433486,1477.6533996582032,1571.3041138829203,-0.0079835140513464,-0.0571138688657553,-0.0692215781487026,-0.0080155529355039,0.0111315098666638,0.010845853656112,1.026243205594591,-0.7171351426557447,-0.0571138688657553,-0.0692215781487026,0.0121077092829473,1406.5025390625,1441.014697265625,1477.6533996582032,0.976050099788286,0.9752048062143308,-0.0513293349019189,-0.1957724384921089,12879410.3,0.920439812372394,-0.0152323256793891,0.0083521157623369,-0.0110597179127658,-0.0002709488089376,0.0001345710570246,-0.0145003901624142,0.0092974000453061,4,7,0,0,0,xg_RELIANCE.NS,0.40968175627132014,5.030312771774363
2025-07-28,1382.080078125,1402.199795115413,1379.490445288333,1386.7614543919697,7748361,29.716535718069313,1472.0258728027345,1445.6121195835094,-17.959780216997387,-3.0042315183013515,1369.559118168251,1472.0258728027345,1574.492627437218,-0.0029459855102214,-0.0286994352353049,-0.0647704685539601,-0.0029503334669795,0.0112039935808955,0.0107683170485092,1.0403624974943455,-0.2629171974934733,-0.0286994352353049,-0.0647704685539601,0.0360710333186552,1398.33515625,1431.4429321289062,1472.0258728027345,0.9768710472937492,0.972430552055068,-0.0533187025260554,-0.3463903244631127,12623061.8,0.6138257993793064,-0.0079835140513464,-0.0152323256793891,0.0083521157623369,-0.0321138107421127,-0.0061927355926458,-0.0076913411059862,-0.002530026473767,0,7,0,0,1,xg_RELIANCE.NS,0.47199092181010494,5.795381233843671
2025-07-29,1411.4627685546875,1414.550412474214,1377.498442270458,1377.498442270458,10750072,40.35536231826386,1466.4830078125,1442.359800437907,-18.17412076200003,-6.0382093670410875,1363.4794447481636,1466.4830078125,1569.4865708768366,0.0212597597597596,0.0030435602567677,-0.0459808922300354,0.0210369238267142,0.0141662583181441,0.0110801552474421,1.2784098771122336,1.5006262526131924,0.0030435602567677,-0.0459808922300354,0.0490244524868032,1399.1917236328125,1424.6401000976562,1466.4830078125,0.9821369786916012,0.9714671718036068,-0.0476748559571236,0.3873994771281306,12884823.6,0.8343204636498994,-0.0029459855102214,-0.0079835140513464,-0.0152323256793891,-0.0110597179127658,-0.0002709488089376,0.0011458668133033,-0.0120967690511458,1,7,0,0,0,xg_RELIANCE.NS,0.4103821997595957,5.038913227545319
2025-07-30,1404.4906005859375,1417.6381639620697,1395.7256799199,1412.458776601272,7209849,38.85249563698421,1461.0696228027343,1438.753209975815,-18.691123240497973,-8.568792141732464,1356.932266556914,1461.0696228027343,1565.2069790485548,-0.004939675437482,-0.010178255177394,-0.0508211689821708,-0.0049519159603059,0.0140681552076515,0.011067856058098,1.2709674002273434,-0.3510996477454191,-0.010178255177394,-0.0508211689821708,0.0406429138047768,1396.303271484375,1417.1201416015624,1461.0696228027343,0.985310440868012,0.969919653030042,-0.0461137662945836,-0.329320864083515,12564810.2,0.5738128061814596,0.0212597597597596,-0.0029459855102214,-0.0079835140513464,0.0083521157623369,-0.0321138107421127,0.0001345710570246,-0.0011849948205391,2,7,0,0,0,xg_RELIANCE.NS,0.38890520535034206,4.7752060997018075
2025-07-31,1384.669677734375,1397.0203743336986,1376.7015020683227,1382.5780559389789,17065827,34.87611443063246,1454.7149963378904,1433.6023973813922,-20.46433414781609,-10.94790054294919,1348.1204516484029,1454.7149963378904,1561.309541027378,-0.0141125350666593,-0.009052717523152,-0.0583853177621885,-0.0142130638208062,0.014355701177807,0.0112833850761716,1.27217398918093,-0.9829928819912218,-0.009052717523152,-0.0583853177621885,0.0493326002390365,1393.7733642578123,1408.534423828125,1454.7149963378906,0.989520270629812,0.9682545566478512,-0.0440116751742495,1.367015869541789,13085931.6,1.3041354273927808,-0.004939675437482,0.0212597597597596,-0.0029459855102214,-0.0152323256793891,-0.0110597179127658,-0.0061927355926458,-0.0145003901624142,3,7,0,1,1,xg_RELIANCE.NS,0.46025741856963054,5.651310402510082
2025-08-01,1388.15576171875,1400.3073026227253,1378.7932525308158,1381.3828853186424,10321171,36.11453962541408,1448.0615600585936,1429.2741463659024,-21.342297997840888,-13.02678003392753,1342.3383458708654,1448.0615600585936,1553.7847742463218,0.0025176286015586,0.0014371069124234,-0.0557588406890739,0.0025144646839381,0.014503616617486,0.0111287071020015,1.3031445018780132,0.1735742948575118,0.0014371069124234,-0.0557588406890739,0.0571959476014974,1394.17177734375,1400.337158203125,1448.0615600585938,0.9955972168393458,0.9670425600873366,-0.038821135351641,-0.3952141317265198,13088416.9,0.7885729098374923,-0.0141125350666593,-0.004939675437482,0.0212597597597596,-0.0079835140513464,0.0083521157623369,-0.0002709488089376,-0.0076913411059862,4,8,1,0,1,xg_RELIANCE.NS,0.4205571698568634,5.1638474752856816
2025-08-04,1405.885009765625,1410.466686507784,1386.1637261382157,1389.550225151016,6312820,42.14068891530247,1441.5874145507812,1427.0466095468284,-20.372645352407744,-14.495953097623572,1342.7405789575405,1441.5874145507812,1540.434250144022,0.012771800208446,0.0172239886945768,-0.0119697652887615,0.0126909286240559,0.0121498960640551,0.0113798270211708,1.0675758485260918,1.051099453169352,0.0172239886945768,-0.0119697652887615,0.0291937539833384,1398.932763671875,1398.6339599609375,1441.5874145507812,1.0002136396794954,0.970204058278888,-0.0303400709038196,-0.3883620376021286,11475424.5,0.5501164684582649,0.0025176286015586,-0.0141125350666593,-0.004939675437482,-0.0029459855102214,-0.0152323256793891,-0.0321138107421127,0.0011458668133033,0,8,0,0,0,xg_RELIANCE.NS,0.4473754629241994,5.493138199289668
2025-08-05,1386.1636962890625,1405.38696851784,1382.5780415934858,1405.38696851784,9315972,37.862346085904,1434.3214294433594,1423.1529987603749,-20.953989279587404,-15.78756033401634,1342.1597635425562,1434.3214294433594,1526.4830953441626,-0.0140276860053086,-0.017924009636847,-0.0149350021834518,-0.0141270038866165,0.0124517151288632,0.011572699800274,1.075862977590656,-1.12647610261275,-0.017924009636847,-0.0149350021834518,-0.0029890074533951,1393.87294921875,1396.5323364257813,1434.3214294433594,0.998095720995736,0.973653678846419,-0.0291801612846269,0.4757227356395399,10367389.7,0.8985841440877931,0.012771800208446,0.0025176286015586,-0.0141125350666593,0.0212597597597596,-0.0079835140513464,-0.0110597179127658,0.0001345710570246,1,8,0,0,0,xg_RELIANCE.NS,0.39796813427635297,4.886486054028119
2025-08-06,1387.259521484375,1390.3471654369864,1377.797312271222,1386.3630773472378,5834312,38.23756823510575,1428.036535644531,1419.7345723531366,-21.08325001288449,-16.84669826978997,1341.480645509489,1428.036535644531,1514.5924257795737,0.0007905453001302,-0.0122685613519761,-0.0223219439812702,0.0007902329837836,0.0120132753461357,0.0115100068151651,1.0436337619319964,0.0658004979371895,-0.0122685613519761,-0.0223219439812702,0.0100533826292941,1390.4267333984376,1393.3650024414062,1428.036535644531,0.9978912423967732,0.9757208360306576,-0.0271108625773576,-0.3737301915463035,10115361.3,0.5767774206937544,-0.0140276860053086,0.012771800208446,0.0025176286015586,-0.004939675437482,-0.0029459855102214,0.0083521157623369,-0.0061927355926458,2,8,0,0,0,xg_RELIANCE.NS,0.42217087698673195,5.183661517431862
2025-08-07,1383.8729248046875,1388.1557462486337,1360.5659868045632,1382.1796145349972,9976705,37.48423156681328,1421.6719543457032,1416.3191773485223,-21.2144135702531,-17.720241329882597,1342.443264996806,1421.6719543457032,1500.9006436946004,-0.0024412135056487,-0.0005754101086341,-0.0096229186066126,-0.0024441981257243,0.0111179221697482,0.011495737952745,0.967050150698934,-0.2195548694720304,-0.0005754101086341,-0.0096229186066126,0.0090475084979785,1390.2673828125,1392.0203735351563,1421.6719543457032,0.99874068601582,0.9791431625840904,-0.0226932480362208,0.71000539566619,9638981.1,1.0350373028534068,0.0007905453001302,-0.0140276860053086,0.012771800208446,-0.0141125350666593,0.0212597597597596,-0.0152323256793891,-0.0002709488089376,3,8,0,0,0,xg_RELIANCE.NS,0.4772113494774,5.859480705120902
2025-08-08,1362.35888671875,1391.6418351007062,1359.569976594415,1379.4904158119157,8793606,33.03200807986788,1415.3272949218751,1411.180102050449,-22.791636904730694,-18.73452044485222,1338.60153177612,1415.3272949218751,1492.0530580676302,-0.0155462526221284,-0.0185835593608454,-0.0171731590100367,-0.015668362831505,0.0118833360385362,0.0115467173365116,1.0290636402194788,-1.308129673523039,-0.0185835593608454,-0.0171731590100367,-0.0014104003508086,1385.1080078125,1389.639892578125,1415.327294921875,0.9967388063700322,0.9818505568034228,-0.0221815906248889,-0.1185861464281042,9332869.5,0.9422188963425512,-0.0024412135056487,0.0007905453001302,-0.0140276860053086,0.0025176286015586,-0.004939675437482,-0.0079835140513464,-0.0321138107421127,4,8,0,0,1,xg_RELIANCE.NS,0.3750124891966128,4.604623186421047
2025-08-11,1380.6856689453125,1382.4785572067017,1355.7851185633474,1364.5501609316866,9997486,39.61203551881331,1410.4716918945312,1408.2758703261502,-22.305653904783867,-19.44874713683855,1338.2316644878936,1410.4716918945312,1482.7117193011688,0.0134522425810299,-0.0179241834469189,-0.0010089206853912,0.0133625645180073,0.0127845411686141,0.0121781675408549,1.0497056654922012,1.052144950583117,-0.0179241834469189,-0.0010089206853912,-0.0169152627615276,1380.0681396484374,1389.5004516601562,1410.4716918945312,0.9932117244003418,0.9851317538984375,-0.0220206183999278,0.136904018669929,9557782.0,1.046004815761539,-0.0155462526221284,-0.0024412135056487,0.0007905453001302,0.012771800208446,-0.0141125350666593,-0.0029459855102214,-0.0110597179127658,0,8,0,0,0,xg_RELIANCE.NS,0.4126090292374675,5.066255545311804
2025-08-12,1374.9088134765625,1396.3232867936674,1369.7294260490362,1376.402846498686,12244664,38.3334542155131,1405.242578125,1405.0980553880945,-22.131534282334997,-19.98530456593784,1339.1602993392023,1405.242578125,1471.3248569107975,-0.004184048258546,-0.0081194471061611,-0.0258979236948315,-0.0041928258810139,0.0103836901999497,0.0121334843888324,0.855717463323447,-0.4029054481149837,-0.0081194471061611,-0.0258979236948315,0.0177784765886703,1377.8171630859374,1385.8450561523437,1405.242578125,0.9942072217736267,0.9861963177926631,-0.0199470792319057,0.2247743082610969,9707241.2,1.2613948440880134,0.0134522425810299,-0.0155462526221284,-0.0024412135056487,-0.0140276860053086,0.0025176286015586,0.0212597597597596,0.0083521157623369,1,8,0,0,1,xg_RELIANCE.NS,0.4071485116245202,4.999208108933611
2025-08-13,1377.0999755859375,1386.2634508216695,1372.0202877666843,1382.4785186353236,7457021,39.13592623339891,1400.1130676269531,1402.4315715974126,-21.568110999243117,-20.301865852598898,1343.0518018947294,1400.1130676269531,1457.174333359177,0.0015936781318861,-0.0073234645292372,-0.0195021775073275,0.0015924095744948,0.0104236198822275,0.0121614034592493,0.8570361867333458,0.1528763782172187,-0.0073234645292372,-0.0195021775073275,0.0121787129780902,1375.78525390625,1383.1059936523438,1400.1130676269531,0.9947070291216352,0.9878530710355882,-0.0176659749851145,-0.3909983156744848,9731958.4,0.7662405338682123,-0.004184048258546,0.0134522425810299,-0.0155462526221284,0.0007905453001302,0.012771800208446,-0.004939675437482,-0.0152323256793891,2,8,0,0,0,xg_RELIANCE.NS,0.39043949223431157,4.7940449735102035
2025-08-14,1373.800048828125,1380.699951171875,1370.0999755859375,1377.300048828125,7126128,38.32701704262849,1395.2767272949218,1399.7047599050995,-21.144134082922847,-20.470319498663684,1347.742998755662,1395.2767272949218,1442.8104558341815,-0.0023962869917331,-0.0072787578946124,-0.0078499797323756,-0.0023991626823116,0.0095200103592844,0.0121470385412409,0.7836664599774955,-0.2516841071805316,-0.0072787578946124,-0.0078499797323756,0.0005712218377632,1373.7706787109375,1382.0190307617188,1395.2767272949218,0.9940316653626432,0.9904981597744368,-0.0156544240934692,-0.0443733496258089,8737988.5,0.8155341472467244,0.0015936781318861,-0.004184048258546,0.0134522425810299,-0.0024412135056487,-0.0140276860053086,-0.0141125350666593,-0.0079835140513464,3,8,0,0,1,xg_RELIANCE.NS,0.3427748161127864,4.2087901375643115
2025-08-18,1381.699951171875,1394.9000244140625,1377.0,1390.0,11785109,41.447158159721575,1390.8553039550782,1397.990016216221,-19.940808003307893,-20.364417199592527,1358.661854235016,1390.8553039550782,1423.0487536751402,0.0057504018510472,0.0141967470111403,-0.0046506384405174,0.005733931401294,0.0096964395547801,0.0123003915017245,0.7882392454073854,0.5929814585142422,0.0141967470111403,-0.0046506384405174,0.0188473854516578,1377.6388916015626,1381.373449707031,1390.8553039550782,0.9972964891526902,0.9931827169791968,-0.0095653273652548,0.6537885651226023,8884382.3,1.3264972850165029,-0.0023962869917331,0.0015936781318861,-0.004184048258546,-0.0155462526221284,0.0007905453001302,0.0025176286015586,-0.0029459855102214,0,8,0,0,1,xg_RELIANCE.NS,0.5040672570986767,6.189233282669003
2025-08-19,1420.0999755859375,1421.0,1389.0999755859375,1390.0,14384719,53.70709377504556,1390.714453125,1400.0957266323844,-15.707535674245037,-19.433040894523028,1359.0920471426712,1390.714453125,1422.336859107329,0.0277918692705272,0.0285469079075275,0.0101110444464318,0.0274126847357187,0.0126737909509201,0.0121368258943257,1.0441565945384803,2.1926885719965017,0.0285469079075275,0.0101110444464318,0.0184358634610957,1385.5217529296874,1382.7949462890624,1390.714453125,1.0019719529984852,0.9943054400433228,-0.0036565736811383,0.2205842983717842,9691572.2,1.4842503056416911,0.0057504018510472,-0.0023962869917331,0.0015936781318861,0.0134522425810299,-0.0024412135056487,0.012771800208446,0.0212597597597596,1,8,0,0,0,xg_RELIANCE.NS,0.4000977705177803,4.91263497625982
2025-08-20,1413.0,1424.9000244140625,1410.0,1413.0,8725641,51.557567926112554,1391.005456542969,1401.3247050483478,-12.778245882840563,-18.102081892186536,1358.646520194851,1391.005456542969,1423.3643928910867,-0.0049996308062804,0.0277045184015665,0.0193601259236422,-0.0050121707746484,0.0117673002392254,0.0119206766148725,0.9870507831545648,-0.424838821635083,0.0277045184015665,0.0193601259236422,0.0083443924779242,1393.139990234375,1385.4785766601562,1391.005456542969,1.0055297957711389,0.996026701508024,0.0015106395551354,-0.3934090057650761,9632539.1,0.9058505664408976,0.0277918692705272,0.0057504018510472,-0.0023962869917331,-0.004184048258546,-0.0155462526221284,-0.0140276860053086,-0.004939675437482,2,8,0,0,1,xg_RELIANCE.NS,0.4158237081237044,5.105727257222454
2025-08-21,1424.800048828125,1431.9000244140625,1420.300048828125,1425.0,11021323,54.795754564749814,1391.2988159179688,1403.5604520749932,-9.39628279635872,-16.360922073020973,1357.7879631504177,1391.2988159179688,1424.80966868552,0.0083510607417727,0.0346380612067702,0.0270609260649237,0.0083163835610839,0.0119241425181968,0.0119206389865612,1.000209998947156,0.7002902253813452,0.0346380612067702,0.0270609260649237,0.0075771351418465,1402.6800048828125,1389.2326293945312,1391.2988159179688,1.0096797146883472,0.9985149225315236,0.0079879201114602,0.2630960865797711,10151240.2,1.0857119704446472,-0.0049996308062804,0.0277918692705272,0.0057504018510472,0.0015936781318861,0.0134522425810299,0.0007905453001302,-0.0141125350666593,3,8,0,0,0,xg_RELIANCE.NS,0.333768071092836,4.098200042173375
2025-08-22,1409.199951171875,1423.4000244140625,1407.9000244140625,1420.0,5818868,50.03397646342749,1391.8928527832034,1404.0975472270773,-7.883968706350288,-14.665531399686836,1357.5224560695474,1391.8928527832034,1426.263249496859,-0.0109489732745874,0.0257678709313968,0.0183015549428153,-0.0110093544280651,0.0126179917506441,0.0116630930172689,1.0817807892960842,-0.8676583273008771,0.0257678709313968,0.0183015549428153,0.0074663159885814,1409.7599853515626,1391.76533203125,1391.8928527832031,1.01292937315377,0.9999083832123298,0.0126789193779785,-0.4720354353102617,9735456.5,0.5976985260012617,0.0083510607417727,-0.0049996308062804,0.0277918692705272,-0.0023962869917331,-0.004184048258546,-0.0024412135056487,0.0025176286015586,4,8,0,0,1,xg_RELIANCE.NS,0.3537729305297418,4.343831433814778
2025-08-25,1412.5999755859375,1419.5,1405.699951171875,1414.699951171875,5979407,51.03275074706898,1393.214666748047,1404.9073023088736,-6.338034423810541,-13.000032004511578,1357.7558465516051,1393.214666748047,1428.6734869444888,0.0024127338432242,0.0223637732547177,0.0368780130969699,0.0024098278742066,0.0110405834941056,0.0114961505514277,0.9602886771570248,0.2185133902680043,0.0223637732547177,0.0368780130969699,-0.0145142398422521,1415.939990234375,1396.7894409179687,1393.214666748047,1.0137104052732675,1.0025658459211213,0.0160875859260168,0.027589386801694,9454036.6,0.63247131918226,-0.0109489732745874,0.0083510607417727,-0.0049996308062804,0.0057504018510472,0.0015936781318861,-0.0155462526221284,0.012771800208446,0,8,0,0,0,xg_RELIANCE.NS,0.3579480044639353,4.395095439137892
2025-08-26,1384.9000244140625,1410.0,1381.5999755859375,1408.0,12145259,43.41817398094311,1393.3556640625002,1403.0018472712725,-7.264286752639009,-11.852882954137064,1358.0612205616317,1393.3556640625002,1428.6501075633687,-0.0196091969776406,-0.0247869528744631,0.0030523641720487,-0.0198040082143267,0.0126261934143456,0.0123684704053009,1.020754567546783,-1.5529339208000688,-0.0247869528744631,0.0030523641720487,-0.0278393170465119,1408.9,1397.2108764648438,1393.3556640625,1.0083660410407995,1.0027668545094248,0.0112241574579196,1.0311811856928288,9668813.9,1.2561270829712363,0.0024127338432242,-0.0109489732745874,0.0083510607417727,0.0277918692705272,-0.0023962869917331,0.0134522425810299,-0.0140276860053086,1,8,0,0,0,xg_RELIANCE.NS,0.452256093627109,5.553065444238552
2025-08-28,1385.9000244140625,1392.199951171875,1366.5,1389.9000244140625,13161813,43.744511771809655,1392.077526855469,1401.3731022372524,-7.827427047275023,-11.047791772764658,1357.7046155206544,1392.077526855469,1426.4504381902834,0.0007220737832127,-0.0191790343849522,0.0079941381055721,0.0007218132133646,0.0125242164868046,0.0113351252246952,1.1048057637473174,0.0576496050166853,-0.0191790343849522,0.0079941381055721,-0.0271731724905244,1403.4800048828124,1398.3099975585938,1392.0775268554687,1.0036973255810553,1.0044771002928288,0.008227489592667,0.0836996559727545,9760528.8,1.3484733532058888,-0.0196091969776406,0.0024127338432242,-0.0109489732745874,-0.0049996308062804,0.0057504018510472,-0.004184048258546,0.0007905453001302,3,8,0,0,0,xg_RELIANCE.NS,0.32256520039923564,3.960644628323721
2025-08-29,1357.199951171875,1403.5,1350.0,1381.0999755859375,18758842,37.12631152841483,1389.7129943847658,1397.1661354691212,-10.468896915130015,-10.93201280123773,1352.5429682041436,1389.7129943847658,1426.883020565388,-0.0207086173148178,-0.0474453223888151,-0.0144506751629236,-0.0209260477578201,0.0142475488087143,0.0121532783515739,1.172224989142968,-1.4533843125239925,-0.0474453223888151,-0.0144506751629236,-0.0329946472258915,1389.9599853515624,1396.3199951171875,1389.7129943847656,0.9954451631518092,1.0047542195828334,0.0001819856879478,0.4252475703765126,10890710.9,1.722462580472894,0.0007220737832127,-0.0196091969776406,0.0024127338432242,0.0083510607417727,0.0277918692705272,0.0015936781318861,-0.0024412135056487,4,8,0,0,0,xg_RELIANCE.NS,0.4442659439836577,5.454957702840317
2025-09-01,1353.9000244140625,1363.199951171875,1340.5999755859375,1356.0,11232238,36.44359021162819,1388.17451171875,1393.0455534638777,-12.682362941393194,-11.282082829268823,1347.7232500331704,1388.17451171875,1428.6257734043295,-0.0024314226912277,-0.0392420725758794,-0.0144853863056982,-0.0024343833995086,0.0142478361437539,0.0117978699142793,1.2075593889301854,-0.1706400906500415,-0.0392420725758794,-0.0144853863056982,-0.0247566862701811,1378.9,1394.329992675781,1388.17451171875,0.9889337583234724,1.0044342270406694,-0.006850219035016,-0.4012296707867149,11301321.9,0.9938870956325034,-0.0207086173148178,0.0007220737832127,-0.0196091969776406,-0.0109489732745874,-0.0049996308062804,-0.0023962869917331,-0.0155462526221284,0,9,1,0,1,xg_RELIANCE.NS,0.45411715005294495,5.5759165860445234
2025-09-02,1366.5,1384.5,1354.5,1354.800048828125,11517006,40.91159865356768,1387.0917236328123,1390.5174055149369,-13.266905360340616,-11.679047335483183,1345.4952100575265,1387.0917236328123,1428.6882372080986,0.0093064298387841,-0.0326348409901504,-0.0110009059195401,0.0092633918346605,0.0144875711586052,0.0120020235001077,1.2069934844729076,0.6423290286466077,-0.0326348409901504,-0.0110009059195401,-0.0216339350706102,1369.6800048828125,1392.8099975585938,1387.0917236328123,0.9833932893098664,1.0041224915615563,-0.0127418358946213,0.0253527391424577,11274511.6,1.021508195530082,-0.0024314226912277,-0.0207086173148178,0.0007220737832127,0.0024127338432242,0.0083510607417727,0.0057504018510472,0.0134522425810299,1,9,0,0,1,xg_RELIANCE.NS,0.3964961545674006,4.868412224241001
2025-09-03,1372.5999755859375,1376.5,1360.5,1369.699951171875,7847563,43.00073581507694,1385.427471923828,1388.810983616937,-13.087082646274894,-11.960654397641528,1344.3365311743737,1385.427471923828,1426.5184126732822,0.0044639411532656,-0.0088815427910249,-0.0334483492828745,0.0044540073196834,0.0107234986135756,0.0116491641230744,0.9204590167392226,0.416237748179196,-0.0088815427910249,-0.0334483492828745,0.0245668064918496,1367.2199951171874,1388.0599975585938,1385.427471923828,0.984986238002636,1.0019001540593897,-0.0132649549253184,-0.3186108438252094,10620796.0,0.7388865203699667,0.0093064298387841,-0.0024314226912277,-0.0207086173148178,-0.0196091969776406,-0.0109489732745874,0.0277918692705272,-0.004184048258546,2,9,0,0,0,xg_RELIANCE.NS,0.35885690046362356,4.406255397045362
2025-09-04,1359.300048828125,1374.0,1357.0999755859375,1371.800048828125,13223177,39.70455601159089,1384.084289550781,1386.000418398955,-13.858018179794954,-12.340127154072214,1341.370485202556,1384.084289550781,1426.798093899006,-0.0096895869112448,-0.0191932860360425,-0.0380042117281492,-0.0097368364250822,0.0109049687518451,0.0114348452980761,0.953577848213782,-0.888466410616252,-0.0191932860360425,-0.0380042117281492,0.0188109256921067,1361.9,1382.6900024414062,1384.0842895507812,0.984964089995084,0.9989926284693056,-0.0163203772190743,0.6850042490898129,11070549.6,1.1944462992152445,0.0044639411532656,0.0093064298387841,-0.0024314226912277,0.0007220737832127,0.0024127338432242,-0.0049996308062804,0.0015936781318861,3,9,0,0,1,xg_RELIANCE.NS,0.49080850871956616,6.026434597376773
2025-09-05,1375.0,1381.0,1359.300048828125,1363.0,5777575,45.05844868095978,1383.4713134765625,1384.9527595038164,-13.051683610525288,-12.48243844536283,1340.5978016822853,1383.4713134765625,1426.3448252708397,0.011550026195769,0.0131152737021214,-0.0349523070757084,0.0114838338379472,0.0113397087467439,0.0117676172870742,0.9635548909555156,1.018457175270034,0.0131152737021214,-0.0349523070757084,0.0480675807778298,1365.460009765625,1377.7099975585938,1383.4713134765625,0.9911084424046596,0.9958356086881984,-0.0130991299715908,-0.5630720968190928,10546174.8,0.5478360741753922,-0.0096895869112448,0.0044639411532656,0.0093064298387841,-0.0207086173148178,-0.0196091969776406,0.0083510607417727,-0.0023962869917331,4,9,0,0,1,xg_RELIANCE.NS,0.4565254316304483,5.6054868790631875
2025-09-08,1378.5,1386.0,1372.4000244140625,1380.0,6986720,46.20522750349001,1383.202667236328,1384.3382109796437,-11.992000587758184,-12.3843508738419,1340.2724550445391,1383.202667236328,1426.1328794281171,0.0025454545454546,0.0181697135256229,-0.0217853762671118,0.0025422203631801,0.011155314549209,0.0117744287921241,0.9473382877292876,0.2281626727381119,0.0181697135256229,-0.0217853762671118,0.0399550897927347,1370.3800048828125,1374.6400024414063,1383.202667236328,0.9969010085905924,0.9938095370998452,-0.0093018950696522,0.2092824411625984,10662960.0,0.6552326933608814,0.011550026195769,-0.0096895869112448,0.0044639411532656,-0.0024314226912277,0.0007220737832127,-0.0109489732745874,0.0057504018510472,0,9,0,0,0,xg_RELIANCE.NS,0.39297947487346774,4.825232369371128
2025-09-09,1376.199951171875,1381.199951171875,1368.699951171875,1376.5999755859375,9754452,45.53263011228041,1383.8947204589842,1383.563138616999,-11.208583304497552,-12.149197359973032,1341.944221039821,1383.8947204589842,1425.8452198781474,-0.0016685156533369,0.0070983909051409,-0.0257681049434848,-0.0016699091758711,0.0110441914583827,0.011213588942987,0.9848057306896776,-0.151062628440959,0.0070983909051409,-0.0257681049434848,0.0328664958486257,1372.3199951171875,1371.0,1383.8947204589845,1.0009627973137765,0.9906822966600324,-0.008410642168633,0.3961418233448599,11040464.5,0.8835182613919113,0.0025454545454546,0.011550026195769,-0.0096895869112448,0.0093064298387841,-0.0207086173148178,0.0024127338432242,0.0277918692705272,1,9,0,0,0,xg_RELIANCE.NS,0.4023482003577951,4.940267073107969
2025-09-10,1377.0,1388.5,1374.0999755859375,1383.9000244140625,7790815,45.82802491949327,1383.7104370117188,1382.9380777963324,-10.40324013269651,-11.800005914517728,1341.66830060945,1383.7104370117188,1425.7525734139876,0.0005813463570054,0.0032056130644939,-0.0057044005161346,0.000581177440674,0.0092848096083243,0.0107966561249142,0.8598912116584976,0.0626058880729486,0.0032056130644939,-0.0057044005161346,0.0089100135806285,1373.2,1370.2099975585938,1383.7104370117188,1.0021821490477618,0.9902433059027288,-0.0076328518603622,-0.2013067469090012,10605020.1,0.7346346283680562,-0.0016685156533369,0.0025454545454546,0.011550026195769,0.0044639411532656,-0.0024314226912277,-0.0196091969776406,-0.0049996308062804,2,9,0,0,1,xg_RELIANCE.NS,0.38922020509890676,4.779073851277402
2025-09-11,1383.300048828125,1385.5,1375.0,1376.0,9766072,48.20993316986941,1384.1299987792968,1382.9725512279315,-9.151149819409966,-11.270234695496177,1342.2907071024692,1384.1299987792968,1425.9692904561243,0.0045751988584785,0.0176561459117807,-0.0018760195830408,0.0045647644504045,0.0094216191282976,0.0107990025243888,0.8723719376010798,0.4855548968055504,0.0176561459117807,-0.0018760195830408,0.0195321654948216,1378.0,1369.95,1384.1299987792968,1.005876126865944,0.9897552984244236,-0.0044314310438215,0.2535366325602648,10265446.0,0.9513538914918112,0.0005813463570054,-0.0016685156533369,0.0025454545454546,-0.0096895869112448,0.0093064298387841,0.0007220737832127,0.0083510607417727,3,9,0,0,1,xg_RELIANCE.NS,0.36295787269729857,4.456609538248773
2025-09-12,1395.0,1396.300048828125,1380.5,1383.300048828125,7403368,52.39611043666937,1385.025,1384.1180225395574,-7.132551334384516,-10.442698023273843,1343.053292198757,1385.025,1426.9967078012428,0.0084579995365334,0.0145454545454546,0.0278514958650613,0.0084224310764069,0.0063694796196482,0.0109483376453407,0.5817228243352859,1.32768646028577,0.0145454545454546,0.0278514958650613,-0.0133060413196066,1382.0,1373.7300048828124,1385.025,1.006020102267398,0.9918449160721377,-0.002168458781362,-0.2419298157949275,9129898.6,0.8108926861465021,0.0045751988584785,0.0005813463570054,-0.0016685156533369,0.011550026195769,0.0044639411532656,-0.0207086173148178,-0.0109489732745874,4,9,0,0,1,xg_RELIANCE.NS,0.35452158258771793,4.3530238226658895
2025-09-15,1399.300048828125,1400.800048828125,1388.5999755859375,1393.0,5396697,53.871854878066785,1386.3,1385.563929805135,-5.126721830376027,-9.379502784694282,1344.214922747116,1386.3,1428.385077252884,0.0030824722782258,0.0150889001292164,0.0335327746476041,0.0030777312008805,0.0061023223246093,0.0109352480280094,0.5579904834802827,0.5050482531124078,0.0150889001292164,0.0335327746476041,-0.0184438745183876,1386.160009765625,1378.2700073242188,1386.3,1.0057245694961643,0.9942076082552253,-0.0001000430425855,-0.2710483931097306,8546344.5,0.6314626095401804,0.0084579995365334,0.0045751988584785,0.0005813463570054,0.0025454545454546,-0.0096895869112448,-0.0024314226912277,0.0024127338432242,0,9,0,0,1,xg_RELIANCE.NS,0.4074665856057527,5.003113607740112
2025-09-16,1405.300048828125,1408.0,1398.199951171875,1404.699951171875,8686961,55.92501778433655,1387.4800048828126,1387.4435601882772,-3.018146329168303,-8.107231493589087,1344.621674289685,1387.4800048828126,1430.3383354759403,0.0042878580651981,0.0211452540973209,0.0283937422818332,0.0042786913960473,0.005751624161324,0.0109064975361317,0.52730923314641,0.7453742752787924,0.0211452540973209,0.0283937422818332,-0.0072484881845122,1391.980029296875,1382.1500122070313,1387.4800048828124,1.0071121202496298,0.9961585084779429,0.0032021805007515,0.6096810697358033,8263340.0,1.0512651058771572,0.0030824722782258,0.0084579995365334,0.0045751988584785,-0.0016685156533369,0.011550026195769,0.0093064298387841,-0.0196091969776406,1,9,0,0,1,xg_RELIANCE.NS,0.4309877348654314,5.29192006718473
2025-09-17,1413.800048828125,1416.199951171875,1406.9000244140625,1407.0,7519417,58.72766731156663,1387.165008544922,1389.9537019635009,-0.6536709783169954,-6.616519390534669,1345.2335578398677,1387.165008544922,1429.096459249976,0.0060485303527086,0.0267247994394517,0.0300160818701749,0.0060303114212576,0.0058233702832341,0.0090027360130387,0.6467726591273991,1.0384865759856952,0.0267247994394517,0.0300160818701749,-0.0032912824307231,1399.3400390625,1386.27001953125,1387.165008544922,1.0094281917282388,0.9993548071006992,0.0086115646464079,-0.134401892675701,8230525.4,0.9136010928292726,0.0042878580651981,0.0030824722782258,0.0084579995365334,0.0005813463570054,0.0025454545454546,0.0044639411532656,0.0007220737832127,2,9,0,0,0,xg_RELIANCE.NS,0.30961192717440117,3.801596746054795
2025-09-18,1415.0,1422.0,1410.699951171875,1420.4000244140625,9332642,59.122839794439216,1387.265008544922,1392.3390636812626,1.3020100422238556,-5.032813503982965,1345.0654547497886,1387.265008544922,1429.4645623400554,0.0008487417813216,0.0229161787413583,0.0409769360487368,0.0008483818036868,0.0039183973960984,0.0089327798796517,0.4386046498664342,0.2165490496489417,0.0229161787413583,0.0409769360487368,-0.0180607573073785,1405.680029296875,1391.8400146484375,1387.2650085449218,1.0099436821062608,1.0032978602324256,0.0130141489413097,0.2411390404335869,7841471.9,1.1901645659150817,0.0060485303527086,0.0042878580651981,0.0030824722782258,0.0045751988584785,-0.0016685156533369,-0.0096895869112448,-0.0207086173148178,3,9,0,0,0,xg_RELIANCE.NS,0.33336865852382697,4.093295820502926
2025-09-19,1407.4000244140625,1417.0,1403.5999755859375,1414.9000244140625,13461373,55.49839562084467,1386.395007324219,1393.7734408939102,2.2131351820348755,-3.583623766779397,1346.817733968168,1386.395007324219,1425.97228068027,-0.0053710074812278,0.008888906390009,0.0235636541193182,-0.0053854831979647,0.0039638840514041,0.0087922734452193,0.4507859417881776,-1.354644274988505,0.008888906390009,0.0235636541193182,-0.0146747477293092,1408.1600341796875,1395.0800170898438,1386.3950073242188,1.0093758185405943,1.0062644554544289,0.0154647054695981,0.4423968046776036,8609851.7,1.5634848855757222,0.0008487417813216,0.0060485303527086,0.0042878580651981,0.0084579995365334,0.0005813463570054,0.011550026195769,-0.0024314226912277,4,9,0,0,0,xg_RELIANCE.NS,0.33754122107451007,4.144528989587048
2025-09-22,1390.5999755859375,1410.699951171875,1388.0,1403.9000244140625,7757970,48.43052862241121,1385.465008544922,1393.4712061026746,1.561583915745132,-2.5545822302744914,1347.294943036049,1385.465008544922,1423.635074053795,-0.0119369394178597,-0.0062174465365548,0.0087776391628129,-0.0120087567709514,0.0060017745067747,0.0088561561061355,0.6776186887591609,-1.988570352657378,-0.0062174465365548,0.0087776391628129,-0.0149950856993678,1406.42001953125,1396.2900146484376,1385.4650085449218,1.0072549432972655,1.0078132656088403,0.0150690431139255,-0.4236865734275397,8686976.7,0.893057535195082,-0.0053710074812278,0.0008487417813216,0.0060485303527086,0.0030824722782258,0.0045751988584785,0.0025454545454546,0.0093064298387841,0,9,0,0,0,xg_RELIANCE.NS,0.378713159986334,4.6500621918263505
2025-09-23,1389.800048828125,1395.0,1376.800048828125,1391.0,14014702,48.116315249004735,1384.3250122070312,1393.121572076527,0.9695016276784828,-1.8497654586838967,1348.2635870244285,1384.3250122070312,1420.3864373896342,-0.0005752385818038,-0.0110296729961159,0.0098823558630918,-0.0005754040949934,0.0059597895969931,0.0088273410909763,0.6750746868043819,-0.0965037554913922,-0.0110296729961159,0.0098823558630918,-0.0209120288592077,1403.32001953125,1397.6500244140625,1384.3250122070312,1.0040568060803092,1.0096256385527465,0.0136674389529884,0.8064908732567926,9113001.7,1.5378798842974497,-0.0119369394178597,-0.0053710074812278,0.0008487417813216,0.0042878580651981,0.0084579995365334,-0.0016685156533369,0.0044639411532656,1,9,0,0,0,xg_RELIANCE.NS,0.4198397219496757,5.1550382292908
2025-09-24,1383.0,1396.0,1380.4000244140625,1385.300048828125,5922759,45.41866108143309,1384.2300109863284,1392.1576128311435,-0.0478829960154598,-1.4893889661502095,1348.1649532561823,1384.2300109863284,1420.2950687164744,-0.0048928252908457,-0.0217852933685033,0.0043572984749455,-0.0049048343486699,0.0062469917663817,0.0077185630374021,0.8092416288479526,-0.7831036713544212,-0.0217852933685033,0.0043572984749455,-0.0261425918434489,1397.160009765625,1398.2500244140624,1384.230010986328,0.999220443676449,1.010128384239946,0.0093492398982624,-0.57738958702083,8926196.1,0.6635255302087008,-0.0005752385818038,-0.0119369394178597,-0.0053710074812278,0.0060485303527086,0.0030824722782258,0.0005813463570054,-0.0096895869112448,2,9,0,0,0,xg_RELIANCE.NS,0.42000583831251104,5.1570779033763054
2025-09-25,1372.4000244140625,1384.5,1369.0,1381.300048828125,11411143,41.511676459639496,1383.5550109863286,1390.2759377438024,-1.6900156340154808,-1.5295142997232638,1347.1181384370311,1383.5550109863286,1419.991883535626,-0.0076644798162961,-0.0301059898133834,-0.007879725315774,-0.007694002891144,0.0065415881812492,0.0079006325250603,0.8278780569081505,-1.1714752027740627,-0.0301059898133834,-0.007879725315774,-0.0222262644976093,1388.6400146484375,1397.1600219726563,1383.5550109863282,0.993901910167606,1.0098333719138708,0.0037051905943242,0.926660024491964,9090703.2,1.2552541589960549,-0.0048928252908457,-0.0005752385818038,-0.0119369394178597,0.0008487417813216,0.0042878580651981,0.0045751988584785,0.011550026195769,3,9,0,0,1,xg_RELIANCE.NS,0.4372170898394981,5.368407739399284
2025-09-26,1377.5999755859375,1382.699951171875,1366.0,1372.0,9879109,44.05413820220894,1384.5750122070317,1389.068703252577,-2.542516432025195,-1.7321147261836505,1350.158424393145,1384.5750122070317,1418.991600020918,0.0037889471578049,-0.0211738299781055,-0.0124731357806899,0.0037817871776812,0.0059494677541682,0.0063411665173697,0.9380812909711488,0.6367477842646656,-0.0211738299781055,-0.0124731357806899,-0.0087006941974155,1382.6800048828125,1395.42001953125,1384.5750122070312,0.9908701219201964,1.007832733675391,-0.0013755860611225,-0.1342577163391958,9338277.3,1.057915575070676,-0.0076644798162961,-0.0048928252908457,-0.0005752385818038,-0.0053710074812278,0.0060485303527086,0.0084579995365334,0.0025454545454546,4,9,0,0,0,xg_RELIANCE.NS,0.32001925853691265,3.929384061627271
2025-09-29,1372.800048828125,1389.0,1368.0,1381.5999755859375,14231999,42.22932094412983,1385.5200134277345,1387.5193075931054,-3.564355756650002,-2.098562932276921,1353.710658481677,1385.5200134277345,1417.329368373792,-0.0034842674527276,-0.0128001776717365,-0.018938039787959,-0.0034903516493258,0.0057795362450595,0.006373390094468,0.9066806642529311,-0.6027585166870209,-0.0128001776717365,-0.018938039787959,0.0061378621162224,1379.12001953125,1392.77001953125,1385.5200134277345,0.9901993869708696,1.005232696773235,-0.0046620000501512,0.4406156466134749,10221807.5,1.3923172589582231,0.0037889471578049,-0.0076644798162961,-0.0048928252908457,-0.0119369394178597,0.0008487417813216,0.0030824722782258,-0.0016685156533369,0,9,0,0,0,xg_RELIANCE.NS,0.36360145487859075,4.464511817558708
2025-09-30,1364.0,1377.0999755859375,1362.800048828125,1377.0999755859375,14604684,39.03674374110555,1385.3950134277345,1385.2793735366192,-5.026320880389903,-2.6841145218995175,1353.2530450864783,1385.3950134277345,1417.5369817689907,-0.0064102917505263,-0.0185638566136758,-0.0293887763417961,-0.0064309258985622,0.0054908103151268,0.0062252292753851,0.8818837328773502,-1.1672456590260447,-0.0185638566136758,-0.0293887763417961,0.0108249197281202,1373.960009765625,1388.6400146484375,1385.3950134277345,0.9894285021834626,1.002342293128856,-0.0083834337698748,0.02618641274497,10813579.8,1.3505873420380776,-0.0034842674527276,0.0037889471578049,-0.0076644798162961,-0.0005752385818038,-0.0053710074812278,0.0042878580651981,0.0005813463570054,1,9,0,1,1,xg_RELIANCE.NS,0.38782768590945926,4.761975684331008
2025-10-01,1368.699951171875,1378.5999755859375,1362.699951171875,1367.0,12045916,41.57714900635923,1385.2000122070317,1383.700380930453,-5.739530261285836,-3.295197669776781,1352.6860291005798,1385.2000122070317,1417.713995313483,0.0034457120028408,-0.0103398762314714,-0.0318999123628781,0.0034397891389934,0.0050609356038599,0.0061902363796333,0.8174353705034437,0.680710359138765,-0.0103398762314714,-0.0318999123628781,0.0215600361314066,1371.1,1384.1300048828125,1385.2000122070312,0.9905861408705494,0.9992275430877928,-0.010301755468727,-0.1752018735906918,11266229.7,1.0692056101074283,-0.0064102917505263,-0.0034842674527276,0.0037889471578049,-0.0048928252908457,-0.0119369394178597,0.0060485303527086,0.0045751988584785,2,10,1,0,0,xg_RELIANCE.NS,0.4092743181022389,5.025310007081369
2025-10-03,1363.4000244140625,1371.5999755859375,1356.9000244140625,1363.199951171875,12842347,39.57447081034005,1385.4050109863283,1381.7670136431775,-6.655690967610326,-3.9672963293434904,1353.533239653042,1385.4050109863283,1417.2767823196143,-0.0038722341980612,-0.0065578547361527,-0.0364664138416519,-0.0038797507069672,0.0048546752314835,0.0058441096419164,0.8305533221600647,-0.7974656486402235,-0.0065578547361527,-0.0364664138416519,0.0299085591054991,1369.3,1378.9700073242188,1385.405010986328,0.9929875143963554,0.9953551462488736,-0.01181238865919,0.0661162671232307,11617200.2,1.105459730305663,0.0034457120028408,-0.0064102917505263,-0.0034842674527276,-0.0076644798162961,-0.0005752385818038,0.0008487417813216,0.0084579995365334,4,10,0,0,1,xg_RELIANCE.NS,0.4253291581959581,5.22244074560209
2025-10-06,1375.0,1377.4000244140625,1359.0,1360.0,12396580,45.73538398584135,1385.4050109863283,1381.1225361533511,-6.372278186877111,-4.448292700850215,1353.533239653042,1385.4050109863283,1417.2767823196143,0.0085081233520754,-0.001887322613251,-0.0230211907432298,0.0084721332652373,0.0061374790175716,0.0055651928557479,1.102634992467734,1.38603118585575,-0.001887322613251,-0.0230211907432298,0.0211338681299787,1368.7800048828126,1375.7300048828124,1385.405010986328,0.9949481366435764,0.9930164781946128,-0.0120909135298294,-0.0347107113676339,11510720.9,1.0769594804439158,-0.0038722341980612,0.0034457120028408,-0.0064102917505263,0.0037889471578049,-0.0048928252908457,-0.0053710074812278,0.0030824722782258,0,10,0,0,1,xg_RELIANCE.NS,0.4009244614929507,4.922785572685101
2025-10-07,1384.800048828125,1395.9000244140625,1375.9000244140625,1376.0,11244040,50.341880461386694,1385.7200134277343,1381.4727754557107,-5.295842304721418,-4.617802621624456,1354.0114761102902,1385.7200134277343,1417.4285507451784,0.0071273082386362,0.0087412584303472,-0.0041708089023723,0.0071020290213832,0.0057641931320163,0.0057655537884359,0.999590629601974,1.2362653037685023,0.0087412584303472,-0.0041708089023723,0.0129120673327195,1371.1800048828125,1375.1500122070313,1385.7200134277343,0.9971130369130804,0.9923721955963116,-0.0104997169499136,-0.0929724165858648,11859327.9,0.9481178102849362,0.0085081233520754,-0.0038722341980612,0.0034457120028408,-0.0034842674527276,-0.0076644798162961,-0.0119369394178597,0.0042878580651981,1,10,0,0,0,xg_RELIANCE.NS,0.4158433590200824,5.105968542448154
2025-10-08,1367.4000244140625,1389.0,1364.5,1384.800048828125,8525081,43.311712987458776,1385.2800170898438,1380.1325134517442,-5.7801655149266935,-4.850275200284904,1352.7808921270023,1385.2800170898438,1417.779142052685,-0.0125650085214736,0.0024926865205736,-0.0161174439682529,-0.0126446157879929,0.0069325675557874,0.0064320866043649,1.0776425038462183,-1.8121996245620633,0.0024926865205736,-0.0161174439682529,0.0186101304888266,1371.860009765625,1372.910009765625,1385.2800170898438,0.9992352011475396,0.991070392143384,-0.0098142511954169,-0.2418133517845898,11310365.8,0.7537405200457129,0.0071273082386362,0.0085081233520754,-0.0038722341980612,-0.0064102917505263,0.0037889471578049,-0.0005752385818038,0.0060485303527086,2,10,0,0,1,xg_RELIANCE.NS,0.3897944228169437,4.7861244330438675
2025-10-09,1377.800048828125,1380.0,1369.0999755859375,1374.0,8826633,47.98708937223333,1385.3200195312502,1379.9103739637806,-5.264118612228685,-4.933043882673661,1352.8618632318378,1385.3200195312502,1417.7781758306626,0.0076056927222294,0.0066487162861799,-0.0037599068487889,0.0075769152642299,0.0073852161342616,0.0066701741654679,1.1070339270243947,1.0297143468290555,0.0066487162861799,-0.0037599068487889,0.0104086231349688,1373.680029296875,1372.3900146484375,1385.32001953125,1.0009399767082745,0.990666413030552,-0.0084482434474255,0.0353723325326762,11600753.2,0.7608672340343591,-0.0125650085214736,0.0071273082386362,0.0085081233520754,0.0034457120028408,-0.0034842674527276,-0.0048928252908457,0.0008487417813216,3,10,0,0,1,xg_RELIANCE.NS,0.3658480746047946,4.4920971315958775
2025-10-10,1381.699951171875,1388.0,1375.0999755859375,1377.800048828125,6373084,49.6636117419087,1385.2400146484376,1380.080809888361,-4.488715084263049,-4.844178122991539,1352.7530191227595,1385.2400146484376,1417.7270101741155,0.0028305285277547,0.0134222725760013,0.006776396526066,0.0028265301251657,0.0069643170580067,0.0066190940459613,1.0519966951610724,0.406374685342001,0.0134222725760013,0.006776396526066,0.0066458760499352,1377.3400146484375,1373.3200073242188,1385.2400146484374,1.0029272182031712,0.9913949877290804,-0.0057175944699857,-0.2779711131073422,11096947.3,0.5743096572153159,0.0076056927222294,-0.0125650085214736,0.0071273082386362,-0.0038722341980612,-0.0064102917505263,-0.0076644798162961,-0.0053710074812278,4,10,0,0,0,xg_RELIANCE.NS,0.4120275133865042,5.059115352790873
2025-10-13,1375.0,1377.699951171875,1367.800048828125,1376.9000244140625,7600682,46.86860529432758,1384.240014648438,1379.5969232323266,-4.364520788778691,-4.74824665614897,1351.786732411406,1384.240014648438,1416.69329688547,-0.0048490637682895,0.0,-0.001887322613251,-0.004860858622786,0.007073113122561,0.0063849009967366,1.1076139649167165,-0.6854659636166556,0.0,-0.001887322613251,0.001887322613251,1377.3400146484375,1373.060009765625,1384.2400146484374,1.0031171287870682,0.9919233624483454,-0.0050181818181817,0.1926222845956526,10869104.6,0.6992923777731701,0.0028305285277547,0.0076056927222294,-0.0125650085214736,0.0085081233520754,0.0034457120028408,0.0037889471578049,-0.0119369394178597,0,10,0,0,0,xg_RELIANCE.NS,0.3935263701156665,4.831947469761962
2025-10-14,1375.9000244140625,1388.0,1370.0999755859375,1380.0,9768174,47.29768849709773,1383.070013427735,1379.2448376305872,-4.145682617818238,-4.627733848482824,1351.2212044496555,1383.070013427735,1414.918822405814,0.0006545632102272,-0.0064269382584106,0.0022581406437038,0.0006543490771671,0.0069778434606531,0.0063320144936976,1.1018202259914651,0.0937925050071283,-0.0064269382584106,0.0022581406437038,-0.0086850789021145,1375.560009765625,1373.3700073242187,1383.0700134277345,1.0015946193886038,0.99298661238452,-0.0054582480767871,0.2851707254691091,10422722.1,0.9371998894606488,-0.0048490637682895,0.0028305285277547,0.0076056927222294,0.0071273082386362,-0.0038722341980612,-0.0034842674527276,-0.0005752385818038,1,10,0,0,0,xg_RELIANCE.NS,0.35012606897355153,4.299053129723424
2025-10-15,1374.300048828125,1384.0,1372.699951171875,1383.0,10882743,46.57755872163381,1381.5200134277347,1378.773905363686,-4.054617344088456,-4.51311054760395,1351.2481424704597,1381.5200134277347,1411.7918843850098,-0.0011628574442528,0.0050460906032374,0.0075513554458395,-0.0011635340875812,0.0066090990188005,0.0062166774593554,1.062953017747189,-0.1759213350579768,0.0050460906032374,0.0075513554458395,-0.002505264842602,1376.9400146484377,1374.4000122070313,1381.5200134277345,1.0018480809217452,0.9948462554639094,-0.0033326046835276,0.1141020829481538,10050528.0,1.0828031124333883,0.0006545632102272,-0.0048490637682895,0.0028305285277547,-0.0125650085214736,0.0085081233520754,-0.0064102917505263,-0.0048928252908457,2,10,0,0,1,xg_RELIANCE.NS,0.363622881521013,4.464774906435337
2025-10-16,1398.300048828125,1400.5,1375.0,1375.0999755859375,12315932,57.12325441344164,1380.7450134277346,1380.633538074585,-2.0225335274160443,-4.014995143566369,1353.2902057151396,1380.7450134277346,1408.1998211403295,0.0174634353105531,0.0148787917502515,0.0216264329014599,0.0173127018761816,0.0084650889566979,0.0073312407978246,1.1545023124730742,2.0627512184049284,0.0148787917502515,0.0216264329014599,-0.0067476411512084,1381.0400146484376,1377.3600219726563,1380.7450134277344,1.0026717725337424,0.9975484311569776,0.0002109713297588,0.1316937283183108,10077529.6,1.2221181667378855,-0.0011628574442528,0.0006545632102272,-0.0048490637682895,0.0076056927222294,0.0071273082386362,0.0034457120028408,-0.0076644798162961,3,10,0,0,1,xg_RELIANCE.NS,0.35249860137195665,4.328184473363832
2025-10-17,1416.800048828125,1423.300048828125,1399.0999755859375,1401.0,19335561,63.160160314488145,1380.8350158691408,1384.0779676701602,1.06838722385055,-2.998318670082986,1352.8997893624253,1380.8350158691408,1408.7702423758562,0.0132303506786717,0.0254035600323212,0.0391668061154772,0.0131435939658528,0.0088276963998298,0.0079500607564008,1.110253923380386,1.4985621975772885,0.0254035600323212,0.0391668061154772,-0.013763246083156,1388.0600341796876,1382.7000244140625,1380.8350158691403,1.0038764805604865,1.001350638217809,0.0050995327932992,0.5699632800830663,10726851.0,1.8025384150482,0.0174634353105531,-0.0011628574442528,0.0006545632102272,0.0028305285277547,-0.0125650085214736,-0.0038722341980612,0.0037889471578049,4,10,0,0,1,xg_RELIANCE.NS,0.4472827020443547,5.491999226827603
2025-10-20,1466.800048828125,1473.800048828125,1433.300048828125,1440.0,24721978,73.86881048155388,1383.805017089844,1391.9562611137758,7.466477416736552,-0.9053594527190784,1337.4320230261706,1383.805017089844,1430.1780111535172,0.035290794944111,0.0667636718749999,0.0667636718749999,0.0346823485537557,0.0133108588034165,0.0110672196280191,1.2026196850774615,2.651079422135504,0.0667636718749999,0.0667636718749999,0.0,1406.4200439453125,1391.880029296875,1383.8050170898437,1.0104463131465309,1.005835368500118,0.0154179343486774,0.2785756772198127,11959390.8,2.0671603105400593,0.0132303506786717,0.0174634353105531,-0.0011628574442528,-0.0048490637682895,0.0076056927222294,0.0085081233520754,-0.0034842674527276,0,10,0,0,0,xg_RELIANCE.NS,0.4052300589086188,4.975652221830713
2025-10-21,1465.199951171875,1474.0,1460.0,1468.0,2066169,73.13613748074053,1387.5350158691408,1398.9318506431189,12.266494963749665,1.7290114305746704,1328.569610734259,1387.5350158691408,1446.5004210040229,-0.0010908764678105,0.0649029182159086,0.0580588529093335,-0.0010914719066175,0.0135241068240038,0.0105975929350979,1.276028516881512,-0.0806556637227098,0.0649029182159086,0.0580588529093335,0.0068440653065751,1424.280029296875,1399.92001953125,1387.5350158691406,1.0174010010756054,1.0089259035054703,0.0250784975786721,-0.9164237990989232,11041603.7,0.1871258067340175,0.035290794944111,0.0132303506786717,0.0174634353105531,0.0006545632102272,0.0028305285277547,0.0071273082386362,-0.0064102917505263,1,10,0,0,0,xg_RELIANCE.NS,0.4257451094765423,5.227548039268769
2025-10-23,1448.4000244140625,1482.9000244140625,1444.5999755859375,1475.0,18707090,65.76110759835693,1390.4650146484378,1403.6431052879705,14.547238258207926,4.292656796101322,1325.5065885966314,1390.4650146484378,1455.423440700244,-0.0114659618602742,0.0539183387566077,0.0592365061823871,-0.0115322028320594,0.0133623123544142,0.0110434795647804,1.209863468535454,-0.858017949156655,0.0539183387566077,0.0592365061823871,-0.0053181674257793,1439.1000244140623,1408.02001953125,1390.4650146484375,1.0220735532532836,1.0126252762190144,0.0335784375489084,8.053998003067512,12059804.6,1.551193457976794,-0.0010908764678105,0.035290794944111,0.0132303506786717,-0.0011628574442528,-0.0048490637682895,-0.0125650085214736,0.0034457120028408,3,10,0,0,1,xg_RELIANCE.NS,0.4293974898022653,5.27239410604772
2025-10-24,1451.5999755859375,1459.800048828125,1441.0,1450.0,9700837,66.45498133304423,1393.8950134277345,1408.2104262687292,16.423631664919412,6.718851769864941,1323.5731287313176,1393.8950134277345,1464.2168981241514,0.0022093006889927,0.0381176606569395,0.0535635971421124,0.0022068637728187,0.0133924928494678,0.010919452502708,1.2263679409023394,0.1649532884232286,0.0381176606569395,0.0535635971421124,-0.0154459364851728,1449.760009765625,1415.4000122070313,1393.8950134277345,1.0242758211546263,1.015427990323614,0.0384851179921939,-0.4814352740057379,12147225.0,0.7986051958368435,-0.0114659618602742,-0.0010908764678105,0.035290794944111,0.0174634353105531,0.0006545632102272,0.0076056927222294,-0.0038722341980612,4,10,0,0,1,xg_RELIANCE.NS,0.3722872749005685,4.571161407688252
2025-10-27,1484.0999755859375,1485.0,1458.0,1463.0,14113867,72.54142296389215,1399.4800109863284,1415.4380023941776,20.299169158326777,9.434915247557308,1319.2952215636035,1399.4800109863284,1479.664800409053,0.0223890882795594,0.0475013582992731,0.0741116219387667,0.0221421319311669,0.0143816379097704,0.0115023700126807,1.2502108420329725,1.5566746809602965,0.0475013582992731,0.0741116219387667,-0.0266102636394935,1463.2199951171874,1425.6400146484375,1399.480010986328,1.0263600769357033,1.0186926597427228,0.0429485783838074,0.4549122926196987,12921303.3,1.0922943817903343,0.0022093006889927,-0.0114659618602742,-0.0010908764678105,0.0132303506786717,-0.0011628574442528,0.0028305285277547,0.0085081233520754,0,10,0,0,1,xg_RELIANCE.NS,0.3532626622798608,4.337566061107511
2025-10-28,1486.9000244140625,1492.0,1477.5999755859375,1484.0999755859375,17631577,72.99602363236275,1404.9450134277345,1422.2439092532145,23.32759508778895,12.213451215603635,1316.5597325323597,1404.9450134277345,1493.3302943231097,0.0018866982509178,0.0137032825994218,0.0813818359375,0.0018849206712596,0.0139008266323818,0.0115119126385861,1.207411805227502,0.1357158523702977,0.0137032825994218,0.0813818359375,-0.0676785533380781,1467.239990234375,1436.8300170898438,1404.9450134277345,1.0211646282321716,1.0226948409776675,0.0418958744931011,0.2492378594753657,13924392.8,1.2662366864570735,0.0223890882795594,0.0022093006889927,-0.0114659618602742,0.035290794944111,0.0174634353105531,-0.0048490637682895,0.0071273082386362,1,10,0,0,1,xg_RELIANCE.NS,0.3385557521225691,4.1569859965449885
2025-10-29,1504.199951171875,1508.300048828125,1488.0999755859375,1490.0,11884745,75.67555211118128,1411.515008544922,1430.049246578801,26.814503063485972,15.133661585180104,1314.1154007150417,1411.515008544922,1508.9146163748023,0.0116348957386223,0.0266175275045617,0.0932480009312086,0.011567730808494,0.01369348898066,0.0114987912514908,1.1907597869556803,0.8496042280258606,0.0266175275045617,0.0932480009312086,-0.0666304734266469,1475.039990234375,1449.660009765625,1411.5150085449218,1.017507539904376,1.0270241555986186,0.0422317402948742,-0.3259397613724513,14136049.9,0.8407401702790508,0.0018866982509178,0.0223890882795594,0.0022093006889927,-0.0010908764678105,0.0132303506786717,0.0006545632102272,-0.0125650085214736,2,10,0,0,0,xg_RELIANCE.NS,0.3074664091724505,3.775252818257003
2025-10-30,1488.5,1503.0999755859375,1484.0,1500.0,9318663,68.98553237800675,1417.740008544922,1435.6159849998676,27.98841488186281,17.704612244516646,1317.2614195734836,1417.740008544922,1518.2185975163602,-0.0104374097071626,0.0276857048536434,0.0830968108232652,-0.0104922614752789,0.0147356188000829,0.0117353592971575,1.2555528019367903,-0.7082635337696247,0.0276857048536434,0.0830968108232652,-0.0554111059696218,1483.0599853515623,1461.0800048828123,1417.740008544922,1.0150436529110622,1.0305697773052,0.0438830882140682,-0.2159139300001809,13979641.9,0.6665881048068429,0.0116348957386223,0.0018866982509178,0.0223890882795594,-0.0114659618602742,0.035290794944111,-0.0011628574442528,0.0076056927222294,3,10,0,0,0,xg_RELIANCE.NS,0.29438123788076676,3.6145854142005245
2025-10-31,1486.4000244140625,1497.5,1482.300048828125,1490.4000244140625,8758053,68.11810133107791,1423.6250122070312,1440.4525601821715,28.42167064858631,19.84802392533058,1321.4668760826137,1423.6250122070312,1525.7831483314487,-0.001410799856189,0.0239735804721807,0.0630050579342906,-0.001411795971296,0.0146128569571505,0.0118070775588399,1.2375305704365829,-0.0965385018017968,0.0239735804721807,0.0630050579342906,-0.0390314774621098,1490.0199951171876,1469.8900024414063,1423.6250122070312,1.0136948973340498,1.032498017271171,0.04466831392601,-0.0601599177907817,13623854.0,0.6428469506498937,-0.0104374097071626,0.0116348957386223,0.0018866982509178,0.0022093006889927,-0.0010908764678105,0.0174634353105531,0.0028305285277547,4,10,0,1,0,xg_RELIANCE.NS,0.3065453865900272,3.7639439630577294
2025-11-03,1484.699951171875,1495.0,1479.300048828125,1486.0,8452085,67.37944497213819,1429.690008544922,1444.6665974192863,28.301603988966235,21.538739938057713,1328.185776752097,1429.690008544922,1531.194240337747,-0.0011437521624487,0.0004042689817447,0.047924830606769,-0.0011444067461212,0.0145538935896996,0.0117243862233915,1.2412293558966407,-0.0785819666354821,0.0004042689817447,0.047924830606769,-0.0475205616250242,1490.139990234375,1476.6799926757812,1429.690008544922,1.0091150402425404,1.032867253635411,0.0407152850255971,-0.0349356186814581,12535506.4,0.6742515802950988,-0.001410799856189,-0.0104374097071626,0.0116348957386223,0.0223890882795594,-0.0114659618602742,0.0132303506786717,-0.0048490637682895,0,11,0,0,0,xg_RELIANCE.NS,0.3361365171494536,4.1272812113137745
2025-11-04,1473.0999755859375,1492.800048828125,1470.0999755859375,1483.9000244140625,10007806,62.40681597171063,1434.5950073242186,1447.3745381970623,26.959655089371836,22.622922968320538,1334.750901434186,1434.5950073242186,1534.4391132142512,-0.0078130100137617,-0.0092810872294949,0.0042950140087911,-0.007843691490776,0.0102673060228427,0.0119837870200134,0.856694908778712,-0.7608859724652811,-0.0092810872294949,0.0042950140087911,-0.0135761012382861,1487.37998046875,1477.3099853515623,1434.5950073242188,1.0068164401628892,1.0297749384385595,0.0358325802860295,0.1840635772120133,11064089.2,0.9045304876969988,-0.0011437521624487,-0.001410799856189,-0.0104374097071626,0.0018866982509178,0.0022093006889927,0.035290794944111,0.0006545632102272,1,11,0,0,1,xg_RELIANCE.NS,0.27583950658541095,3.386919167612609
2025-11-06,1496.0999755859375,1501.5999755859375,1476.199951171875,1484.0,16772678,67.52446387417135,1440.1600036621094,1452.015056043622,27.435795922004218,23.585497559057274,1339.5974223831258,1440.1600036621094,1540.722584941093,0.0156133326869762,-0.0053849061619946,0.0210892884546907,0.0154926986540795,0.0112918108942645,0.0122651858954195,0.9205641419865596,1.38259046690546,-0.0053849061619946,0.0210892884546907,-0.0264741946166853,1485.7599853515626,1480.399987792969,1440.1600036621094,1.0036206414501427,1.0279413287610648,0.0304792342982254,0.6759595459784093,12534740.1,1.3380953945745282,-0.0078130100137617,-0.0011437521624487,-0.001410799856189,0.0116348957386223,0.0223890882795594,-0.0010908764678105,-0.0011628574442528,3,11,0,0,0,xg_RELIANCE.NS,0.38371545730767814,4.711483330841156
2025-11-07,1478.0,1498.4000244140625,1475.9000244140625,1494.5999755859375,7821765,60.53992113144765,1445.6900024414062,1454.4898126108965,26.052309394596023,24.078859926165023,1349.9247317429206,1445.6900024414062,1541.455273139892,-0.0120981056622561,-0.0070540812898891,0.0204363263511486,-0.0121718833935702,0.011377923655819,0.0122325112053348,0.9300619801498488,-1.0632029907388687,-0.0070540812898891,0.0204363263511486,-0.0274904076410378,1483.6599853515625,1483.3599853515625,1445.6900024414062,1.0002022435571691,1.026056749957834,0.0256901102233803,-0.533660337365327,11446207.6,0.6833499158270829,0.0156133326869762,-0.0078130100137617,-0.0011437521624487,-0.0104374097071626,0.0018866982509178,-0.0114659618602742,0.0174634353105531,4,11,0,0,1,xg_RELIANCE.NS,0.37100689601502795,4.555440165133386
2025-11-10,1489.300048828125,1501.0,1475.5,1477.9000244140625,7068438,63.10572154245283,1451.2650024414063,1457.8050732030133,25.572917185399092,24.37767137801184,1359.23140853362,1451.2650024414063,1543.2985963491926,0.0076454998837109,0.0019510389978671,0.0259713928604674,0.0076164211696312,0.0115136840728039,0.0122331376690832,0.9411112073636442,0.6639782590100394,0.0019510389978671,0.0259713928604674,-0.0240203538626002,1484.239990234375,1487.1299926757813,1451.2650024414063,0.9980566578203388,1.0247129160932296,0.0221412655018144,-0.0963116381021419,11182967.7,0.6320717531893942,-0.0120981056622561,0.0156133326869762,-0.0078130100137617,-0.001410799856189,0.0116348957386223,0.0022093006889927,0.0132303506786717,0,11,0,0,1,xg_RELIANCE.NS,0.2977232311444508,3.655620366673146
2025-11-11,1493.4000244140625,1498.800048828125,1480.199951171875,1497.0,7127506,64.01986292357914,1456.850006103516,1461.1950685564466,25.232959322537223,24.54872896691692,1369.135655316539,1456.850006103516,1544.5643568904927,0.0027529547112843,0.0058598191744536,0.0062664570993293,0.0027491722717956,0.009213445818388,0.0122335298718272,0.753069052502307,0.2987650875097253,0.0058598191744536,0.0062664570993293,-0.0004066379248757,1485.9800048828124,1488.0599975585938,1456.8500061035156,0.9986022118199576,1.0214229270853712,0.0195058244965048,0.0083565845806385,10484331.6,0.679824548853388,0.0076454998837109,-0.0120981056622561,0.0156133326869762,-0.0011437521624487,-0.0104374097071626,0.0223890882795594,0.035290794944111,1,11,0,0,1,xg_RELIANCE.NS,0.28708120538312604,3.524951335686834
2025-11-12,1511.5,1524.699951171875,1500.0,1505.0,12384459,67.81157597319974,1463.675006103516,1465.9860144082136,26.12292817390221,24.86356880831398,1381.7235818904023,1463.675006103516,1545.6264303166297,0.0121199780969865,0.02606749375499,0.0165444718421008,0.0120471192699387,0.0099066786719496,0.0121783801174704,0.8133976094349238,1.2232913983474456,0.02606749375499,0.0165444718421008,0.0095230219128892,1493.660009765625,1490.5199951171876,1463.6750061035157,1.0021066571791883,1.0183408126132705,0.0198379117843926,0.7375585513361897,9959619.8,1.2434670447961031,0.0027529547112843,0.0076454998837109,-0.0120981056622561,-0.0078130100137617,-0.001410799856189,0.0018866982509178,-0.0010908764678105,2,11,0,0,0,xg_RELIANCE.NS,0.4393529047525531,5.3946325269833615
2025-11-13,1510.9000244140625,1522.0999755859375,1506.800048828125,1515.0,7196443,67.55742836207678,1470.425006103516,1470.2635391706754,26.474638729524713,25.185782792556125,1397.1329793755422,1470.425006103516,1543.7170328314896,-0.0003969405133559,0.0098924196709038,0.0044542437572663,-0.0003970193150948,0.0092746414780924,0.0121995305297691,0.7601834572244559,-0.0427938611354734,0.0098924196709038,0.0044542437572663,0.0054381759136374,1496.62001953125,1491.1900024414062,1470.4250061035157,1.003641398534696,1.0141217649670662,0.0173373572072664,-0.418913413981184,9490789.6,0.7582554564268543,0.0121199780969865,0.0027529547112843,0.0076454998837109,0.0156133326869762,-0.0011437521624487,0.0116348957386223,-0.0114659618602742,3,11,0,0,1,xg_RELIANCE.NS,0.31427837664938096,3.8588941483274133
2025-11-14,1518.9000244140625,1520.9000244140625,1505.5,1505.5,7682823,69.21424010451139,1477.6550048828128,1474.8955853843313,27.08666678615737,25.565959591276375,1416.8186619427302,1477.6550048828128,1538.4913478228957,0.0052948572842219,0.0276725469648595,0.0204232612791821,0.005280888813071,0.0085199991685811,0.012119693317192,0.7029300177487663,0.6213892501885552,0.0276725469648595,0.0204232612791821,0.0072492856856773,1504.8000244140626,1494.2300048828124,1477.6550048828126,1.0070738905635075,1.0112170973232784,0.0178714985153295,0.0675861672217787,9327205.6,0.8237004017579688,-0.0003969405133559,0.0121199780969865,0.0027529547112843,-0.0120981056622561,-0.0078130100137617,-0.0104374097071626,0.0022093006889927,4,11,0,0,0,xg_RELIANCE.NS,0.29132785861848226,3.5770942336316525
2025-11-17,1518.300048828125,1523.699951171875,1511.5,1520.9000244140625,5871416,68.92992888580466,1483.6550048828126,1479.0293438075498,27.209634683659033,25.894694609752907,1432.9445813660998,1483.6550048828126,1534.3654283995254,-0.0003950066339415,0.0194722346399027,0.0214612647269281,-0.0003950846696127,0.0084800301729813,0.0118136075162786,0.7177580940625591,-0.0465753128906373,0.0194722346399027,0.0214612647269281,-0.0019890300870253,1510.6000244140623,1497.420007324219,1483.6550048828126,1.0088018171424031,1.0092777649764295,0.0177468343968288,-0.2357736212327161,9038541.9,0.6495976967257684,0.0052948572842219,-0.0003969405133559,0.0121199780969865,0.0076454998837109,0.0156133326869762,-0.001410799856189,0.0223890882795594,0,11,0,0,0,xg_RELIANCE.NS,0.29171850238210123,3.5818907867689735
2025-11-18,1519.4000244140625,1527.800048828125,1510.5,1521.699951171875,11045042,69.17988681724037,1488.7850036621094,1482.8741705319796,27.083643086749134,26.13248430515215,1446.4912140828883,1488.7850036621094,1531.0787932413302,0.0007244783972617,0.0174099367717641,0.0233717750275392,0.0007242160894707,0.0084195715500223,0.0116396487913266,0.7232905743445888,0.0860367248182615,0.0174099367717641,0.0233717750275392,-0.0059618382557751,1515.8000244140626,1500.8900146484375,1488.7850036621094,1.0099341121735144,1.0081307985750476,0.0177800581268064,0.881154733372665,9297837.6,1.1879151341596688,-0.0003950066339415,0.0052948572842219,-0.0003969405133559,0.0027529547112843,-0.0120981056622561,-0.0011437521624487,0.0018866982509178,1,11,0,0,0,xg_RELIANCE.NS,0.38945704609011966,4.78198192381112
2025-11-19,1518.9000244140625,1522.300048828125,1512.0,1517.4000244140625,5692366,68.90851222142292,1491.3900024414058,1486.3052042350353,26.6364001765005,26.233267479421823,1448.3857483344614,1491.3900024414058,1534.3942565483503,-0.0003290772620546,0.0048958150274975,0.0310909304101425,-0.0003291314198579,0.007719889168277,0.0089424526865704,0.8631889091188836,-0.0426216793017507,0.0048958150274975,0.0310909304101425,-0.0261951153826449,1517.280029296875,1505.47001953125,1491.3900024414063,1.0078447326166629,1.0094408686304688,0.0170452475076206,-0.4846225120737432,8866293.6,0.6420231786593846,0.0007244783972617,-0.0003950066339415,0.0052948572842219,0.0121199780969865,0.0076454998837109,-0.0078130100137617,0.0116348957386223,2,11,0,0,1,xg_RELIANCE.NS,0.355235555320738,4.361790398435084
2025-11-20,1549.0999755859375,1550.9000244140625,1526.699951171875,1530.0,18171724,75.2290371700696,1495.585003662109,1492.285658649407,28.3915603810251,26.664926059742484,1447.2941101135598,1495.585003662109,1543.8758972106584,0.0198827774616205,0.0252829112149159,0.0354254400540599,0.0196876966346692,0.0085614354759425,0.0097782427344445,0.8754701880736979,2.322093698397417,0.0252829112149159,0.0354254400540599,-0.0101425288391439,1524.92001953125,1510.77001953125,1495.585003662109,1.0093660847230674,1.010153228223042,0.0189368125566233,2.1922971924152455,9006198.2,2.0176908831517815,-0.0003290772620546,0.0007244783972617,-0.0003950066339415,-0.0003969405133559,0.0027529547112843,0.0156133326869762,-0.0104374097071626,3,11,0,0,0,xg_RELIANCE.NS,0.4327147020980211,5.31312478326874
2025-11-21,1546.5999755859375,1557.800048828125,1540.0999755859375,1541.0,9615271,73.88992994953051,1500.4950012207028,1497.4584507386005,29.24370515230771,27.18068187825553,1452.435842562584,1500.4950012207028,1548.5541598788216,-0.0016138403197988,0.0182368495138847,0.0464140565534083,-0.0016151439628577,0.0069211410267161,0.00925408504522,0.7478203596076848,-0.2331417856946548,0.0182368495138847,0.0464140565534083,-0.0281772070395236,1530.460009765625,1517.6300170898437,1500.4950012207032,1.0084539660729588,1.0114195754435706,0.0193747633634672,-0.4708663305694055,9185548.8,1.0467824197938995,0.0198827774616205,-0.0003290772620546,0.0007244783972617,0.0052948572842219,0.0121199780969865,-0.0120981056622561,-0.001410799856189,4,11,0,0,0,xg_RELIANCE.NS,0.36541379535867397,4.4867647964239135
2025-11-24,1535.9000244140625,1550.0,1531.800048828125,1550.0,18433951,68.28724847261984,1504.710003662109,1501.1195529934062,28.72452098900544,27.489449700405515,1460.0393723214406,1504.710003662109,1549.380635002778,-0.0069183701931854,0.0115918955541902,0.0312898503042453,-0.0069424130721111,0.0076912024005928,0.0095329190600187,0.8067199178191615,-0.8994004360379505,0.0115918955541902,0.0312898503042453,-0.019697954750055,1533.9800048828124,1522.2900146484376,1504.710003662109,1.0076792136333328,1.0116833216656649,0.0190572307802843,0.9171535570864304,10322100.1,1.7858721404957325,-0.0016138403197988,0.0198827774616205,-0.0003290772620546,-0.0003950066339415,-0.0003969405133559,0.0076454998837109,-0.0011437521624487,0,11,0,0,1,xg_RELIANCE.NS,0.4817817512622242,5.915598777547626
2025-11-25,1539.699951171875,1559.5999755859375,1525.0999755859375,1535.9000244140625,15033482,69.18098107491144,1507.4900024414062,1504.7938766294508,28.293535861810597,27.650266932686534,1461.3245893205226,1507.4900024414062,1553.6554155622898,0.0024740716826683,0.0133604886347431,0.0310030306688782,0.0024710162059307,0.0076931550510781,0.0083538913868409,0.9207965364091968,0.3215520958759008,0.0133604886347431,0.0310030306688782,-0.017642542034135,1538.039990234375,1526.920007324219,1507.4900024414062,1.0072826230953926,1.0128889776060506,0.019841520271347,-0.184467724797576,11112697.7,1.3528202067440966,-0.0069183701931854,-0.0016138403197988,0.0198827774616205,0.0007244783972617,0.0052948572842219,0.0027529547112843,-0.0078130100137617,1,11,0,0,1,xg_RELIANCE.NS,0.2969517219335449,3.6461473242987834
2025-11-26,1569.9000244140625,1571.5999755859375,1540.5,1542.300048828125,14054299,75.17013514596117,1511.6400024414063,1510.9944621327472,30.042558646299085,28.12872527540905,1458.8244761189424,1511.6400024414063,1564.4555287638702,0.0196142587516496,0.0335769301338144,0.0386371316004383,0.0194243780745004,0.0089358295833382,0.0092479807817915,0.9661420857236738,2.1947670109116073,0.0335769301338144,0.0386371316004383,-0.0050602014666238,1548.239990234375,1532.760009765625,1511.6400024414063,1.0100994156750718,1.0139715853576965,0.0233135787144337,-0.0651334800547205,11279681.7,1.2459836521804295,0.0024740716826683,-0.0069183701931854,-0.0016138403197988,-0.0003290772620546,-0.0003950066339415,0.0121199780969865,0.0156133326869762,2,11,0,0,0,xg_RELIANCE.NS,0.29589028465008776,3.633114375084721
2025-11-27,1563.4000244140625,1575.5,1556.0,1575.0,9794643,71.930116686385,1514.600006103516,1515.9854680643011,30.551991783476296,28.613378577022495,1457.1112571327967,1514.600006103516,1572.088755074235,-0.0041403910433251,0.009231198149568,0.0347475009277069,-0.0041489861953847,0.0092070508966837,0.0091230988236679,1.0090915360101789,-0.4496490179931952,0.009231198149568,0.0347475009277069,-0.0255163027781388,1551.1,1538.010009765625,1514.6000061035156,1.008510991574346,1.015456228421875,0.0233465481172445,-0.3030856252595736,11539501.7,0.8487925436155663,0.0196142587516496,0.0024740716826683,-0.0069183701931854,0.0198827774616205,0.0007244783972617,-0.0003969405133559,-0.0120981056622561,3,11,0,0,1,xg_RELIANCE.NS,0.3441063742969744,4.225139789550878
2025-11-28,1567.5,1581.300048828125,1563.0,1568.0,8959508,72.72859346117421,1518.550006103516,1520.8916139629391,30.93001304272434,29.076705470162867,1457.84590711388,1518.550006103516,1579.2541050931518,0.0026224737891213,0.0135135295124677,0.0319968232304728,0.0026190411048405,0.0091866166262328,0.0086429413832667,1.0627809952548464,0.2854357006618679,0.0135135295124677,0.0319968232304728,-0.018483293718005,1555.2800048828126,1542.8700073242187,1518.5500061035157,1.008043449869193,1.0160152784715375,0.0234322161271431,-0.0852644654838363,11667170.2,0.7679246849419606,-0.0041403910433251,0.0196142587516496,0.0024740716826683,-0.0016138403197988,-0.0003290772620546,0.0052948572842219,0.0076454998837109,4,11,0,0,0,xg_RELIANCE.NS,0.3232235305006306,3.9687279912423694
2025-12-01,1566.0999755859375,1577.5,1563.5999755859375,1575.0,8920233,71.97567756764907,1522.5350036621096,1525.1971722127485,30.76202190462891,29.413768757056076,1460.273305667632,1522.5350036621096,1584.7967016565872,-0.0008931575209329,0.0196627063557708,0.0314825299483498,-0.0008935566237706,0.009209551456319,0.0086309888127894,1.066909568125698,-0.0969711233001393,0.0196627063557708,0.0314825299483498,-0.011819823592579,1561.3199951171875,1547.65,1522.5350036621094,1.0088327432670097,1.016495513257483,0.0247653355850205,-0.0043836112429387,11972051.9,0.7450880663154538,0.0026224737891213,-0.0041403910433251,0.0196142587516496,-0.0069183701931854,0.0198827774616205,-0.0003950066339415,0.0027529547112843,0,12,1,0,0,xg_RELIANCE.NS,0.33377840306965106,4.098326904241639
2025-12-02,1546.300048828125,1567.5,1542.0,1561.0999755859375,11389150,62.17278474619084,1525.615008544922,1527.2069699856415,28.70035922709758,29.27108685106438,1465.1657727746806,1525.615008544922,1586.0642443151637,-0.0126428242554595,0.0042866128892364,0.0177043727667676,-0.0127234248245269,0.0104817245657177,0.0092573025540976,1.1321432308429622,-1.2060628108846974,0.0042866128892364,0.0177043727667676,-0.0134177598775311,1562.6400146484375,1550.3400024414063,1525.615008544922,1.0079337514272106,1.0162065748947149,0.0239442572168158,0.276777187322349,12006462.7,0.9485849649954812,-0.0008931575209329,0.0026224737891213,-0.0041403910433251,0.0024740716826683,-0.0016138403197988,0.0007244783972617,0.0121199780969865,1,12,0,0,0,xg_RELIANCE.NS,0.29109247748658346,3.574204086106408
2025-12-03,1538.800048828125,1552.4000244140625,1533.0,1545.199951171875,6090883,58.90036616417725,1528.9000122070315,1528.3110727325447,26.159736226443783,28.64881672614026,1473.540489431642,1528.9000122070315,1584.259534982421,-0.0048502876305823,-0.0198101631328689,0.0131016025374937,-0.0048620884493386,0.0106796729886932,0.0091133279162796,1.1717455293239645,-0.4541181661227673,-0.0198101631328689,0.0131016025374937,-0.0329117656703626,1556.42001953125,1552.3300048828123,1528.9000122070313,1.002634758482779,1.015324738366611,0.017884069697799,-0.4652030221746135,12046314.4,0.5056221179151271,-0.0126428242554595,-0.0008931575209329,0.0026224737891213,0.0196142587516496,-0.0069183701931854,-0.0003290772620546,-0.0003969405133559,2,12,0,0,0,xg_RELIANCE.NS,0.3579786926675803,4.3954722468926315
2025-12-04,1535.5999755859375,1560.5,1517.5999755859375,1536.0,11867930,57.50948086880637,1530.8750122070314,1529.0052539566775,23.615826480384385,27.64221867698909,1477.6658930320389,1530.8750122070314,1584.084131382024,-0.0020795900316122,-0.0177817886618902,-0.0087147377269137,-0.0020817553815097,0.0084768632234816,0.0085887726167365,0.986855368786495,-0.2452964829454094,-0.0177817886618902,-0.0087147377269137,-0.0090670509349765,1550.860009765625,1550.9800048828124,1530.8750122070312,0.9999226327116986,1.0131330072771887,0.0130144555068568,0.9484744658533087,11415935.0,1.03959334036143,-0.0048502876305823,-0.0126428242554595,-0.0008931575209329,-0.0041403910433251,0.0024740716826683,0.0198827774616205,0.0052948572842219,3,12,0,0,1,xg_RELIANCE.NS,0.45754753630786127,5.618036879482235
2025-12-05,1540.5999755859375,1545.800048828125,1520.5999755859375,1530.4000244140625,10183266,59.133300022549214,1534.0050109863282,1530.109513159464,21.752468970162457,26.46426873562376,1486.8744657993411,1534.0050109863282,1581.1355561733153,0.0032560563164194,-0.017161100104665,-0.0038794776249281,0.0032507668438217,0.0085670498441684,0.0079898443781733,1.072108207684404,0.3800230362380065,-0.017161100104665,-0.0038794776249281,-0.0132816224797369,1545.4800048828124,1550.3800048828125,1534.0050109863282,0.996839484523428,1.0106746678004366,0.0074483928848044,-0.1419509552213401,11472734.5,0.8876058275382483,-0.0020795900316122,-0.0048502876305823,-0.0126428242554595,0.0026224737891213,0.0196142587516496,-0.0016138403197988,-0.0003950066339415,4,12,0,0,1,xg_RELIANCE.NS,0.32473468545427653,3.9872828376495915
2025-12-08,1543.0,1551.0,1535.0,1539.199951171875,11301491,59.92498008542561,1536.690008544922,1531.3371785728484,20.23613703968408,25.218642396435826,1494.4144430659214,1536.690008544922,1578.9655740239225,0.0015578504816928,-0.0147500006040769,0.0046226808210685,0.0015566382914089,0.0082593972042323,0.00788296266688,1.047620029827068,0.1885926842470338,-0.0147500006040769,0.0046226808210685,-0.0193726814251454,1540.860009765625,1551.0900024414063,1536.690008544922,0.993404642761104,1.0093707864412549,0.002702528334869,0.1098100550452085,10759488.5,1.050374374209234,0.0032560563164194,-0.0020795900316122,-0.0048502876305823,-0.0008931575209329,-0.0041403910433251,-0.0069183701931854,0.0007244783972617,0,12,0,0,0,xg_RELIANCE.NS,0.36111565312323357,4.433989686351598
2025-12-09,1529.4000244140625,1542.5,1520.0999755859375,1540.300048828125,11503971,53.589663511559294,1538.490008544922,1531.152687700583,17.732618106788095,23.72143753850628,1501.2041075372472,1538.490008544922,1575.7759095525969,-0.0088139828813593,-0.0109293305829423,-0.0066895675030534,-0.0088530557898725,0.0087170713465137,0.0082263578219284,1.0595225751917656,-1.0110014624833257,-0.0109293305829423,-0.0066895675030534,-0.0042397630798888,1537.4800048828124,1550.060009765625,1538.490008544922,0.9918841820293688,1.0075203616249973,-0.000660392079238,0.0179162200810494,10406537.4,1.1054561721941143,0.0015578504816928,0.0032560563164194,-0.0020795900316122,-0.0126428242554595,0.0026224737891213,0.0024740716826683,-0.0003290772620546,1,12,0,0,1,xg_RELIANCE.NS,0.3566123210829231,4.378695135566398
2025-12-10,1536.9000244140625,1547.5,1531.4000244140625,1534.0,7991629,56.33147008179385,1539.7600097656252,1531.7000531018668,16.16738112965527,22.210626256736077,1504.6798252478611,1539.7600097656252,1574.840194283389,0.0049038837977484,-0.001234744186231,-0.0210204468353433,0.0048918989252424,0.0056059055097483,0.0078739981559429,0.71186118380457,0.8746150241380711,-0.001234744186231,-0.0210204468353433,0.0197857026491122,1537.1,1546.760009765625,1539.760009765625,0.9937546809429804,1.0045461630095625,-0.0017307630446809,-0.305315616668366,9800270.4,0.8154498471796435,-0.0088139828813593,0.0015578504816928,0.0032560563164194,-0.0048502876305823,-0.0008931575209329,0.0196142587516496,0.0198827774616205,2,12,0,0,1,xg_RELIANCE.NS,0.3184963613182335,3.9106850368062878
2025-12-11,1545.0,1550.0,1524.0,1536.9000244140625,4706197,59.1390836188822,1541.465008544922,1532.966714711213,15.402964101667068,20.84909382572228,1509.0796310162077,1541.465008544922,1573.8503860736366,0.0052703334356609,0.0061214017735808,-0.0117692363609617,0.0052564938333148,0.0060026711487798,0.0079280643911097,0.7570465886883457,0.8778517851918055,0.0061214017735808,-0.0117692363609617,0.0178906381345426,1538.9800048828124,1544.920007324219,1541.4650085449218,0.9961551391572084,1.0022413734727318,-0.0016084166097795,-0.4111091743623234,9291425.8,0.5065096683007998,0.0049038837977484,-0.0088139828813593,0.0015578504816928,-0.0020795900316122,-0.0126428242554595,-0.0041403910433251,-0.0016138403197988,3,12,0,0,1,xg_RELIANCE.NS,0.34679378120971516,4.2581373470676
2025-12-12,1556.5,1559.800048828125,1546.0999755859375,1550.800048828125,5106655,62.796323362957054,1543.345007324219,1535.2079799768117,15.545908434705552,19.788456747518936,1512.1308244142774,1543.345007324219,1574.5591902341607,0.0074433656957928,0.0103206703012022,-0.0070175438596491,0.0074158005498174,0.0065127397015847,0.0080014535474491,0.8138428624381938,1.142717707000477,0.0103206703012022,-0.0070175438596491,0.0173382141608513,1542.160009765625,1543.8200073242188,1543.3450073242188,0.9989247466992796,1.000307773049931,-0.0007613219136484,0.0850916355605173,8906140.5,0.5733858566456959,0.0052703334356609,0.0049038837977484,-0.0088139828813593,0.0032560563164194,-0.0048502876305823,0.0026224737891213,-0.0069183701931854,4,12,0,0,0,xg_RELIANCE.NS,0.32692752113375256,4.0142077596311445
2025-12-15,1556.199951171875,1558.5999755859375,1546.5,1551.199951171875,5774543,62.638791837348016,1545.2400024414064,1537.2072153287224,15.456804989290504,18.92212639587325,1515.881154495543,1545.2400024414064,1574.5988503872702,-0.0001927714925312,0.0085547318029002,-0.0063214511004372,-0.000192790075344,0.0065140163435158,0.0079993879358192,0.8142125601624123,-0.0295887964614443,0.0085547318029002,-0.0063214511004372,0.0148761829033374,1544.8,1542.8300048828123,1545.2400024414062,1.0012768711464988,0.998440373304609,-0.000282741585408,0.1307877661600403,8591571.5,0.6721172023068571,0.0074433656957928,0.0052703334356609,0.0049038837977484,0.0015578504816928,-0.0020795900316122,-0.0008931575209329,0.0024740716826683,0,12,0,0,0,xg_RELIANCE.NS,0.3509924564431864,4.309691142979068
2025-12-16,1542.300048828125,1551.699951171875,1538.800048828125,1545.0,11731856,55.67140475106304,1546.3850036621095,1537.6922470905704,14.102024553189947,17.95810602733659,1519.5956004851223,1546.3850036621095,1573.1744068390967,-0.0089319514071972,0.0084346960952905,-0.0025868200696439,-0.0089720804174593,0.0058215713591575,0.0083186960309279,0.6997336606429116,-1.5340218017507747,0.0084346960952905,-0.0025868200696439,0.0110215161649345,1547.3800048828125,1542.4300048828125,1546.3850036621093,1.0032092218021758,0.9974424229606916,0.0006451411458225,1.0316509895241928,8625842.1,1.3600823970564728,-0.0001927714925312,0.0074433656957928,0.0052703334356609,-0.0088139828813593,0.0032560563164194,-0.0126428242554595,0.0196142587516496,1,12,0,0,1,xg_RELIANCE.NS,0.44186936458359954,5.425531096016507
2025-12-17,1544.4000244140625,1550.0,1539.300048828125,1550.0,7116649,56.45937247864349,1547.6600036621094,1538.331083026141,13.047399477024328,16.975964717274138,1524.1521275324706,1547.6600036621094,1571.1678797917482,0.001361586928259,0.0048799530749303,0.0036391833950111,0.0013606608093423,0.0056027167240402,0.0083154120070077,0.6736939823711416,0.2429792573949664,0.0048799530749303,0.0036391833950111,0.0012407696799192,1548.8800048828125,1542.9900024414062,1547.6600036621094,1.003817265459975,0.9969825406034576,0.0007899515678692,-0.3933910371896825,8728418.7,0.8153423024950882,-0.0089319514071972,-0.0001927714925312,0.0074433656957928,0.0049038837977484,0.0015578504816928,-0.0048502876305823,-0.0041403910433251,2,12,0,0,0,xg_RELIANCE.NS,0.3195199089529919,3.9232527547015286
2025-12-18,1544.4000244140625,1551.5,1535.199951171875,1535.199951171875,6580829,56.459372478643495,1547.4250061035157,1538.9090774440383,12.0724379560736,15.995259365034032,1523.883796506609,1547.4250061035157,1570.966215700422,0.0,-0.0003883337125809,0.0057306909143231,0.0,0.0055396224171021,0.0070078919999906,0.7903706344896759,0.0,-0.0003883337125809,0.0057306909143231,-0.006119024626904,1548.760009765625,1543.8700073242187,1547.4250061035157,1.0031673666942216,0.9977026358206214,0.0008644157219667,-0.0752910534157298,8199708.6,0.8025686425001978,0.001361586928259,-0.0089319514071972,-0.0001927714925312,0.0052703334356609,-0.0088139828813593,-0.0020795900316122,0.0026224737891213,3,12,0,0,1,xg_RELIANCE.NS,0.3273770887030894,4.01972781379805
2025-12-19,1565.0999755859375,1574.199951171875,1551.0,1554.4000244140625,13937275,63.81299797557911,1548.3500061035156,1541.4034486956475,12.822279730223954,15.360663438072018,1523.526388402219,1548.3500061035156,1573.1736238048122,0.0134032315751408,0.005525201147406,0.0159028952279982,0.0133142028992114,0.0068560912139497,0.0076182996133733,0.8998322105506888,1.9546526591149775,0.005525201147406,0.0159028952279982,-0.0103776940805921,1550.4800048828124,1546.3200073242188,1548.3500061035156,1.0026902565697202,0.9986889277157652,0.0013609346447656,1.1178600750756478,8575109.5,1.6253174376371955,0.0,0.001361586928259,-0.0089319514071972,0.0074433656957928,0.0049038837977484,0.0032560563164194,-0.0008931575209329,4,12,0,0,1,xg_RELIANCE.NS,0.42145320521659785,5.174849522716489
2025-12-22,1575.4000244140625,1577.5,1565.300048828125,1573.5,10184852,66.81621927479868,1550.3250061035155,1544.6412178116873,14.085296072554229,15.10558996496846,1523.4698549697257,1550.3250061035155,1577.1801572373054,0.0065810804349855,0.0123377932429113,0.0209980715580444,0.0065595196688663,0.007034347707981,0.0075123332933998,0.9362485907766752,0.93543072896309,0.0123377932429113,0.0209980715580444,-0.008660278315133,1554.32001953125,1549.560009765625,1550.3250061035155,1.0030718460308905,0.9995065574412598,0.0025358723916614,-0.2692364899164291,8463445.6,1.2033930955967622,0.0134032315751408,0.0,0.001361586928259,-0.0001927714925312,0.0052703334356609,0.0015578504816928,-0.0126428242554595,0,12,0,0,0,xg_RELIANCE.NS,0.3049045479434485,3.743796784244037
2025-12-23,1570.699951171875,1580.9000244140625,1568.0999755859375,1580.9000244140625,7506564,64.19799861617359,1551.8750061035153,1547.123001941229,14.539387978734794,14.992349567721728,1524.041317614745,1551.8750061035153,1579.7086945922856,-0.0029834157479688,0.0184139930264082,0.0270040055567772,-0.00298787500415,0.0062239330132987,0.0075662578453793,0.8224819532347694,-0.4792687313414017,0.0184139930264082,0.0270040055567772,-0.008590012530369,1560.0,1553.6900024414062,1551.8750061035155,1.0040612976518344,1.0011695505957323,0.0051728491430984,-0.2629677878480708,8063704.9,0.9309075782273566,0.0065810804349855,0.0134032315751408,0.0,-0.0089319514071972,0.0074433656957928,-0.0088139828813593,-0.0048502876305823,1,12,0,0,0,xg_RELIANCE.NS,0.31517792805526995,3.8699393678341227
2025-12-24,1558.199951171875,1575.699951171875,1553.5999755859375,1572.699951171875,8815745,57.7200014809008,1551.290002441406,1548.1779494870048,13.732315962452049,14.740342846667794,1524.582417947757,1551.290002441406,1577.9975869350549,-0.0079582354291626,0.0089354613698922,0.0138590190770104,-0.0079900712016094,0.0069957243164384,0.006426931251516,1.088332162044907,-1.1374230381587525,0.0089354613698922,0.0138590190770104,-0.0049235577071182,1562.7599853515626,1555.8199951171875,1551.2900024414062,1.0044606639946496,1.002920145600534,0.0073610468935839,0.1744048275615848,8146116.5,1.0822021757237228,-0.0029834157479688,0.0065810804349855,0.0134032315751408,0.001361586928259,-0.0001927714925312,0.0049038837977484,-0.0020795900316122,2,12,0,0,0,xg_RELIANCE.NS,0.31005927642796177,3.8070895624401535
2025-12-26,1559.199951171875,1561.0,1554.300048828125,1554.699951171875,2311495,58.084394191229734,1551.0799987792966,1549.2276639331828,13.023273032743871,14.39692888388301,1524.7094242449728,1551.0799987792966,1577.4505733136205,0.0006417661605289,0.009582962007157,0.0091909069073623,0.0006415603166907,0.0068630105955661,0.00636734278304,1.0776760657173607,0.0934972566830623,0.009582962007157,0.0091909069073623,0.0003920550997946,1565.719970703125,1557.239990234375,1551.0799987792968,1.005445519330308,1.0039714208550985,0.0093894127644276,-0.737799244420069,7906646.3,0.2923483500203755,-0.0079582354291626,-0.0029834157479688,0.0065810804349855,0.0,-0.0089319514071972,0.0052703334356609,0.0032560563164194,4,12,0,0,0,xg_RELIANCE.NS,0.4292729119751973,5.2708644664555555
2025-12-29,1545.5999755859375,1558.0999755859375,1543.5999755859375,1554.9000244140625,5972105,51.57425209749988,1549.9849975585937,1548.8821698048737,11.234443362638558,13.76443177963412,1524.6883663425635,1549.9849975585937,1575.2816287746234,-0.0087224063698282,-0.0124592679727694,-0.0070029067870622,-0.0087606692148058,0.0070610754017259,0.0066112789980577,1.0678731801546928,-1.2351052450808515,-0.0124592679727694,-0.0070029067870622,-0.0054563611857071,1561.819970703125,1556.149987792969,1549.9849975585937,1.0036435966678237,1.0039774515521669,0.0076572032424137,1.583654734273706,7993191.3,0.747149014186518,0.0006417661605289,-0.0079582354291626,-0.0029834157479688,0.0134032315751408,0.001361586928259,0.0074433656957928,0.0015578504816928,0,12,0,0,0,xg_RELIANCE.NS,0.4614939221716165,5.666492918612399
2025-12-30,1539.800048828125,1553.5999755859375,1537.800048828125,1547.0,8815884,49.04941203120182,1548.670001220703,1548.0172059023262,9.242238570762993,12.859993137859895,1524.1790825036448,1548.670001220703,1573.160919937761,-0.0037525406634493,-0.0225974197246684,-0.0105384287741432,-0.0037595991077639,0.007123234262598,0.0066468960363211,1.071502054737296,-0.5267289823904344,-0.0225974197246684,-0.0105384287741432,-0.0120589909505252,1554.6999755859374,1554.5099975585938,1548.6700012207032,1.0001222108752224,1.0037709753099675,0.0039160762267954,0.4761769928693484,8297325.4,1.0624970788778438,-0.0087224063698282,0.0006417661605289,-0.0079582354291626,0.0065810804349855,0.0,-0.0001927714925312,-0.0088139828813593,1,12,0,0,1,xg_RELIANCE.NS,0.32310659753309834,3.9672922197172413
2025-12-31,1570.4000244140625,1577.0,1541.0,1541.0,5771830,60.13734136046198,1549.875,1550.148902903444,10.017093397992312,12.29141318988638,1523.5706636930634,1549.875,1576.1793363069366,0.0198726942561313,-0.0001909510200142,0.018219525835643,0.0196778099540075,0.0091197342711087,0.0075230967915799,1.2120703020878878,2.1788480691824335,-0.0001909510200142,0.018219525835643,-0.0184104768556572,1554.639990234375,1557.3199951171875,1549.875,0.998279091714474,1.0048036100441569,0.0030342525218394,-0.3452919752573876,7701322.8,0.7494595603756864,-0.0037525406634493,-0.0087224063698282,0.0006417661605289,-0.0029834157479688,0.0134032315751408,-0.0089319514071972,0.0049038837977484,2,12,0,1,0,xg_RELIANCE.NS,0.3356827854572962,4.121710027605738
